Brand Group,Product Name,Maximize ID,URL,Status,Redemption Type,Denominations,Custom Amount,Custom Range,Qty Cap/Order,Discount (UPI),Discount (Debit Card),Discount (Credit Card),Discount (CC on UPI),Discount (Diners Club),Discount (Amex),Best Method,Best Discount %,Multi-Use,Can Club w/ Offers,Cards Stackable,Validity,How To Redeem,Terms & Conditions,Last Scraped
BGMI,BGMI,1061,https://www.maximize.money/gift-cards/BGMI/1061,active,Online,380 / 750 / 1900 / 3800 / 7500 / 16300 / 380,No,,,8.5% off / 8.75% earn,7.25% off / 7.5% earn,6.6% off / 6.85% earn,6.15% off / 6.4% earn,6.25% off / 6.5% earn,6.25% off / 6.5% earn,UPI,8.5,No,No,No,Valid upto 12 Months from purchase,"Visit swag.gg/bgmi and log in to your Swag account. | Enter your BGMI User ID. | Go to the section “Have a BGMI Gift Voucher Code?” | Enter the Voucher Code and PIN. | The corresponding UC pack will be automatically selected. | Confirm the redemption request. | UC will be credited directly to your BGMI account, usually instantly.","300 UC + 60 Bonus UC — ₹380 | 600 UC + 120 Bonus UC — ₹750 | 1500 UC + 450 Bonus UC — ₹1,900 | 3000 UC + 1050 Bonus UC — ₹3,800 | 6000 UC + 2400 Bonus UC — ₹7,500 | 13040 UC + 5140 Bonus UC — ₹16,300 | Voucher can only be redeemed online on Swag. | A Swag account is mandatory for redemption. | Voucher is valid for 12 months from the date of issue. | Expired vouchers cannot be redeemed or refunded. | Each voucher can only be redeemed once. | Partial redemption is not allowed. | Full voucher value must be redeemed in a single transaction. | Multiple vouchers cannot be clubbed in one order. | Voucher cannot be combined with cashback, discounts, or promotional offers. | UC is credited directly to the BGMI account linked to the entered User ID. | Incorrect BGMI User ID entries are the user's responsibility. | UC delivery is usually instant but may take up to 24 hours. | Voucher codes and PINs should be kept confidential. | Lost, stolen, or shared vouchers will not be replaced or reissued. | Voucher is for personal use only and cannot be resold or transferred. | UC has no real-world cash value and cannot be withdrawn or exchanged. | Swag and associated entities reserve the right to cancel vouchers in cases of suspected fraud or misuse. | For redemption issues, users should contact Swag support within 7 days.",2026-07-26
BAGLINE,BAGLINE,588,https://www.maximize.money/gift-cards/BAGLINE/588,active,Online,1000 / 2500 / 5000 / 10000,No,,4,13.25% off / 13.5% earn,12.0% off / 12.25% earn,11.35% off / 11.6% earn,10.9% off / 11.15% earn,11.0% off / 11.25% earn,11.0% off / 11.25% earn,UPI,13.25,No,No,No,Valid for upto 12 months,Purchase the e-gift card and receive it via Email/SMS. Use the unique card number during online checkout.,"This Gift card is redeemable online only at Bagline.com across all products and brands. | The E-Gift card is emailed to the recipient within 24 hours of purchase. | Partial redemption and clubbing with other gift cards is not allowed. | The E-Gift card is digital only (no physical format). | If the purchase exceeds the value of the gift card, the difference must be paid by the customer. | No refunds or credit notes will be issued for unused portions of the card. | Customers must protect the E-Gift card number to avoid misuse. | No replacement or refund will be provided if the card is lost or compromised. | Bagline reserves the right to alter any or all terms & conditions without prior notice. | E-Gift cards are normally delivered instantly but may take up to 24 hours in case of system delays.",2026-07-26
Bigbasket,Bigbasket,1079,https://www.maximize.money/gift-cards/Bigbasket/1079,active,Online,500 / 750 / 1000 / 1500 / 2000,No,,4,3.75% off / 3.9% earn,2.5% off / 2.65% earn,1.85% off / 2.0% earn,1.4% off / 1.55% earn,1.5% off / 1.65% earn,1.5% off / 1.65% earn,UPI,3.75,Yes,Yes,Yes,Valid for upto 12 months,"Gift Card can be used on BigBasket website, App, and M-site where BigBasket is present. | Click on the link https://www.bigbasket.com/member/gift_cards/. | Enter your Gift Card Code and Gift Card PIN. | The value of the Gift Card gets added to BigBasket Wallet. | Add products to the shopping cart and complete the payment by choosing BigBasket Wallet payment option.","Valid only in cities and PIN codes where BigBasket and BB Now are serviceable. Please check if your location is serviceable before purchasing gift cards. | No returns and no refunds on E-Gift Cards, E-Gift Cards, and eGift vouchers once purchased | Gift Card can be used on BB Now, BigBasket website, App, and M-site. | Gift Card will be valid for a period of up to 12 months from the date of issue. | Entire Gift Card amount will be redeemed and credited to the BigBasket Wallet. After credit, it can be used across multiple orders. | Gift Card is not redeemable for cash or credit. | If the customer misplaces the gift card, BigBasket shall not be responsible to reimburse or refund. | No duplicate will be issued if the Gift Card is lost or misplaced. | Gift Card cannot be re-validated once expired. | The holder of the Gift Card is deemed to be the beneficiary. | Validity period of the Gift Card will not be extended under any circumstances. | Any dispute should be referred to BigBasket and the decision of BigBasket shall be final. | If the Gift Card is purchased in a non-serviceable city, the amount will not be reimbursed or refunded. | E-Gift Cards are normally delivered instantly. But sometimes, due to system issues, delivery can be delayed up to 24 hours. | No returns and no refunds on E-Gift Cards, E-Gift Cards, and eGift vouchers shipped by woohoo.in. Please check the refund policy at http://www.woohoo.in/faq for further details. | Gift Cards cannot be redeemed against Gold and Silver coins on bigbasket",2026-07-26
Bigbasket,Bigbasket (Custom),342,https://www.maximize.money/gift-cards/Bigbasket (Custom)/342,active,Online,100 / 500 / 1000 / 1500 / 2500 / 5000 / 10000,Yes,100-10000,4,3.25% off / 3.5% earn,2.0% off / 2.25% earn,1.35% off / 1.6% earn,0.9% off / 1.15% earn,1.0% off / 1.25% earn,1.0% off / 1.25% earn,UPI,3.25,Yes,No,Yes,Valid for upto 12 months,Gift Card can be used on Bigbasket website App and M site where Bigbasket is present | Click on the link https://www.bigbasket.com/membergiftcards | Enter your Gift Card Code and Gift Card PIN | The value of the Gift Card gets added to bigbasket wallet | Add products to the shopping cart and complete the payment by choosing bigbasket wallet payment option,"Visit https://www.bigbasket.com/sh/1058e or open the bigbasket app, tap the top-right icon, select My Gift Cards, enter the Gift Card Code and PIN, and click Redeem. | The full Gift Card value will be credited to the bigbasket wallet (bbWallet). | Add products to your basket and complete the payment using the bbWallet payment option. | A maximum of 3 Gift Cards per day can be added to one bigbasket account. | Gift Cards are redeemable only on the bigbasket mobile app. | Gift Cards are valid only in select cities and geographical locations where bigbasket operates, subject to availability; if used in a non-serviceable city, the amount will not be reimbursed or refunded. | Gift Cards are valid for up to 12 months from the date of issue and cannot be revalidated after expiry. | The redeemed Gift Card balance can be used across multiple orders but cannot be used for the purchase of gold or silver coins, electronics, products sold by third-party sellers such as café and pharmacy categories, tobacco and tobacco-related products, infant food, infant milk substitutes, feeding bottles, or any other products or categories as determined by bigbasket at its sole discretion. | Gift Cards cannot be redeemed for cash or credited back to the source account. | bigbasket is not responsible for reimbursement, refund, or replacement if a Gift Card is lost or misplaced. | For more details, please refer to the Terms and Conditions available at https://www.bigbasket.com/fp/mobile/terms-and-conditions/ . | bigbasket reserves the right to modify, update, or amend these terms and conditions at any time without prior notice.",2026-07-26
Amazon,Amazon,547,https://www.maximize.money/gift-cards/Amazon/547,active,Online,799 / 799,No,,,15.0% off / 18.75% earn,13.75% off / 17.5% earn,13.1% off / 16.85% earn,12.65% off / 16.4% earn,12.75% off / 16.5% earn,12.75% off / 16.5% earn,UPI,15.0,No,No,No,Valid for upto 12 months,Visit https://www.amazon.in/vouchers | Enter the voucher code in 'Add new' section. | Click on 'Add button' to add voucher.,"Amazon Prime Voucher is issued by Pine Labs Private Limited (Qwikcilver) with Amazon Pay and can be used for Amazon Prime memberships (3/12 months, Prime Lite, Prime Shopping edition) or Amazon Pay Anytime Gift Cards (zero value) on Amazon.in. | The voucher has a validity of 12 months from the date of activation and cannot be transferred or cancelled once issued. | Amazon Prime Voucher cannot be used on Amazon Business accounts. | Credit and Debit Cards issued outside India cannot be used to purchase Amazon Prime Voucher. | The voucher is valid only for new users subscribing to Amazon Prime for the first time. | Amazon Prime Voucher cannot be used for physical or digital products, Global Store items, recharges, bill payments, ticket bookings, financial products, Amazon Pay gift cards, or mixed orders with ineligible items. | Customers with Prime activated via telecom providers (Airtel, Jio, VI, etc.) or Google Play subscriptions are not eligible to redeem this voucher. | Beneficiary can redeem the voucher on https://www.amazon.in/vouchers by applying the 13-digit numeric code, with a maximum balance addition of ₹1799 per voucher. | Amazon Prime Voucher can be redeemed only once per customer, is non-refundable, non-cancellable, and cannot be redeemed for cash or transferred for value. | Pine Labs or Amazon are not responsible if the voucher is lost, stolen, or misused, and terms may be changed anytime; e-gift card delivery may take up to 24 hours, and no returns/refunds are allowed",2026-07-26
Amazon,Amazon,548,https://www.maximize.money/gift-cards/Amazon/548,active,Online,399 / 399,No,,,15.0% off / 17.75% earn,13.75% off / 16.5% earn,13.1% off / 15.85% earn,12.65% off / 15.4% earn,12.75% off / 15.5% earn,12.75% off / 15.5% earn,UPI,15.0,No,No,No,Valid for upto 12 months,Visit https://www.amazon.in/vouchers | Enter the voucher code in 'Add new' section. | Click on 'Add button' to add voucher.,"These terms apply to Amazon Prime Vouchers issued by Pine Labs (Qwikcilver) and co-branded with Amazon Pay (India) Pvt. Ltd. They are prepaid instruments used only for Amazon Prime memberships (3-months, 12-months, Prime Lite, Prime Shopping Edition) or Amazon Pay Anytime Gift Cards (zero value, inactive). | Each voucher is valid for 12 months from activation and cannot be cancelled or transferred once issued. For assistance, reach out to Pine Labs. | Business accounts restriction – Amazon Prime Vouchers cannot be claimed on Amazon Business accounts. | Prime Shopping Edition (PSE) offers unlimited FREE Same-day/One-day delivery, early shopping access, 5% cashback with Amazon Pay ICICI Credit Card, and 5% cashback on Uber rides with Amazon Pay balance. PSE does not include Prime Video, Music, eBooks, or Gaming. Existing Prime members are not eligible for PSE. | Payment restriction – Credit/Debit cards issued outside India cannot be used to purchase these vouchers. | Offer valid for new users only, i.e., customers subscribing to Prime for the first time. | Voucher cannot be used to buy (i) non-eligible products including Global Store items, bill payments, recharges, ticket bookings, financial products, etc., (ii) Amazon Pay preloaded gift cards, or (iii) mixed orders containing ineligible items. | Voucher also cannot be used if Prime is already activated via telecom providers (Airtel, Jio, VI, etc.) or via Google Play subscription. Existing members cannot redeem it for extension/upgrade. | To redeem, beneficiary must apply the 13-digit code at https://www.amazon.in/vouchers and add balance to their account (max ₹1799). Each voucher is single-use only. Prime membership once activated is non-refundable and non-cancellable. Vouchers cannot be encashed, transferred, or redeemed for value. | Lost, stolen, or misused vouchers will not be replaced. Pine Labs/Amazon are not liable. Logos and trademarks belong to Amazon/Pine Labs. Pine Labs may change T&Cs anytime. Delivery of e-vouchers is usually instant but may take up to 24–48 hours due to system delays. No returns or refunds are allowed.",2026-07-26
Amazon,Amazon,549,https://www.maximize.money/gift-cards/Amazon/549,active,Online,1499 / 1499,No,,,15.0% off / 17.75% earn,13.75% off / 16.5% earn,13.1% off / 15.85% earn,12.65% off / 15.4% earn,12.75% off / 15.5% earn,12.75% off / 15.5% earn,UPI,15.0,No,No,No,Valid for upto 6 months,Visit: https://www.amazon.in/vouchers | Enter your 13-digit voucher code in the ‘Add new’ section | Click Add to apply the voucher,"This voucher is issued by Pine Labs Pvt Ltd under the Qwikcilver brand and co-branded with Amazon Pay (India) Pvt Ltd. | Valid for purchasing: Amazon Prime Memberships : 12-month | Amazon Pay Anytime Gift Cards (inactive, zero-value) | Cannot be used to buy: Products on Amazon Global Store | Cannot be used to buy: Recharges, bill payments, ticket bookings, financial products | Cannot be used to buy: Amazon Pay gift cards (pre-loaded) | Cannot be used to buy: Mixed orders (with ineligible items) | Cannot be redeemed: On Amazon Business accounts | Cannot be redeemed: If you have Prime via telecom providers (Airtel, VI, Jio) | Cannot be redeemed: if your current Prime subscription was purchased via Google Play | Redeemable only once per customer | Prime membership once activated cannot be cancelled or refunded | Voucher is non-transferable, non-refundable, and cannot be converted to cash | Cards issued outside India cannot be used to purchase this voucher | Not valid if lost, stolen, or misused - Pine Labs, Amazon, and affiliates are not liable | Valid for 12 months from activation | Pine Labs reserves the right to change terms without notice | Voucher is for individual use and cannot be combined with other Prime subscription methods. | Cannot be reused or extended beyond expiry. | Amazon Prime via this voucher is non-cancellable.",2026-07-26
Amazon,Amazon,1084,https://www.maximize.money/gift-cards/Amazon/1084,active,Online,100 / 500 / 1000 / 2000 / 3000 / 5000 / 8000,Yes,100-10000,3,1.25% off / 1.8% earn,,,,,,UPI,1.25,Yes,Yes,Yes,Valid for upto 12 months,Log in to your Amazon account. | Go to the 'Add Gift Card' section. | Enter the Gift Card code and click 'Add to Account.' | The balance will be added to your account for future purchases.,Redeemable only on Amazon.in. | Cannot be redeemed for cash or combined with other gift cards. | Valid for a specified period from the date of issuance. | Non-transferable and can only be used by the registered account holder. | Any unused balance remains valid until the card expires.,2026-07-26
Amazon,Amazon,448,https://www.maximize.money/gift-cards/Amazon/448,active,Online,200 / 500 / 1000 / 2000 / 5000 / 10000,Yes,100-10000,4,1.5% off / 1.65% earn,0.25% off / 0.4% earn,,,,,UPI,1.5,Yes,No,No,Valid for upto 12 months,"Visit https://www.amazon.in/vouchers. | Enter the voucher code in the ''Add new'' section. | Click on the ‘Add’ button to apply the voucher. | To track your voucher balance, revisit https://www.amazon.in/vouchers. | During checkout on Amazon.in, select Voucher Balance as the payment option. | For full Terms & Conditions, visit T&C Link. | Explore eligible products on the Amazon Fresh Page.","These vouchers are issued by Pine Labs (Qwikcilver) and co-branded with Amazon Pay. | Can only be used to purchase products listed on the Amazon Fresh page on Amazon.in. | Non-transferable and non-cancellable once issued. | International credit/debit cards cannot be used to purchase these vouchers. | To redeem, apply the 13-digit alphanumeric code at amazon.in/vouchers to add the balance to your Amazon.in account. | Valid for 12 months from the date of activation. | Cannot be transferred for value or redeemed for cash. | Lost, stolen, or misused vouchers are the responsibility of the customer; no replacements will be issued. | Delivery is usually instant but may be delayed up to 24–48 hours due to system issues. | Amazon and Pine Labs logos/trademarks used are intellectual properties of their respective owners. | Pine Labs may update these terms anytime without prior notice. | Not valid on Amazon Business marketplace.",2026-07-26
Amazon,Amazon,1083,https://www.maximize.money/gift-cards/Amazon/1083,active,Online,100 / 200 / 500 / 1000 / 2000 / 3000 / 5000 / 8000,Yes,100-10000,3,,,,,,,,,No,No,Yes,Valid for upto 12 months,Visit https://www.amazon.in/addgiftcard. | Enter the 14-digit code to add the balance to your account. | Use the balance during your next purchase.,"Issued by Pine Labs under the brand Qwikcilver. | Can be added to your Amazon Pay balance and used across Amazon.in. | Cannot be used to purchase other gift cards or for certain global store products. | No cap on the number of gift cards that can be added to an account. | The balance remains until fully utilized or expired. | Gift cards, once purchased, cannot be cancelled or refunded | A customer can add a maximum of INR 15,000 worth of Amazon Pay Gift Cards in a calendar month. | Customers may be required to complete additional verification when adding an Amazon Pay Gift Card.",2026-07-26
HP Pay,HP Pay,788,https://www.maximize.money/gift-cards/HP Pay/788,active,Online,100 / 150 / 200 / 250 / 300,No,,10,0.5% off / 0.75% earn,,,,,,UPI,0.5,No,No,Yes,Valid for upto 3 months,Download & Install the HP Pay app on your mobile phone. | Open the app and select the 'Add Voucher' option. | Enter your voucher details (PIN Only) and click on the 'Add' button to add the voucher balance to your HP Pay Wallet. | Confirm by selecting 'Yes' to top-up the voucher balance into your wallet. | Your HP Pay Wallet will be recharged successfully and is ready for use.,"This is an HP Pay Insta Gift Voucher (GV) / Gift Card (GC) and is valid only on the HP Pay mobile application | The holder of the gift voucher is considered the beneficiary | The beneficiary must inform the intent to use the voucher before making a purchase | Only valid vouchers, at the sole discretion of HPCL, will be accepted for redemption towards HP Pay Wallet recharge | The voucher must be linked to the registered mobile number | Multiple vouchers can be redeemed together by adding them to the wallet | KYC-verified users have a daily transaction limit of ₹7,500 and a monthly limit of ₹30,000 | Non-KYC users are limited to ₹5,000 daily and ₹15,000 monthly | Once the voucher is added to the HP Pay wallet, it remains valid until the balance is exhausted | No refunds or credit notes will be issued for any unused balance | Expired vouchers cannot be revalidated | HPCL and its affiliates are not liable if the voucher is redeemed due to the beneficiary sharing the voucher number | The HP Pay Wallet can be used for payments at HPCL petrol pumps and HP Gas distributors, subject to availability | HPCL reserves the right to add or remove participating outlets without prior notice | If a voucher is blocked due to a technical issue, it will be re-activated within 72 hours | For any disputes, please contact the issuing company. The company’s decision will be final | For any queries or issues related to the gift voucher, submit a request at https://www.gvhelpdesk.com",2026-07-26
Air India,Air India,486,https://www.maximize.money/gift-cards/Air India/486,active,Online,1000 / 2000 / 5000 / 7500 / 10000,No,,4,4.25% off / 4.5% earn,3.0% off / 3.25% earn,2.35% off / 2.6% earn,1.9% off / 2.15% earn,2.0% off / 2.25% earn,2.0% off / 2.25% earn,UPI,4.25,No,Yes,Yes,Valid for upto 12 months,"Valid only on Air India website and mobile app. | Select your preferred location. | Choose your flight preference. | Select ""Gift Voucher"" as the payment method. | The GV/GC includes a 16-digit code and a 6-digit PIN.","Valid only on Air India website and mobile app. | Up to 3 GVs/GCs can be used in one transaction. If 3 are used, the third must cover the full remaining payment, else only 2 can be used with another payment method. | Can be combined with offers, discounts, or promotions on Air India’s website. | The GV/GC includes a 16-digit code and a 6-digit PIN. | Can only be purchased and redeemed in INR. | Validity cannot be extended, and no compensation is provided for expired/unused value. | Redeemable for tickets and ancillary products only (not upgrades, travel insurance, or 3rd party services). | Fully transferable but cannot be resold. | Offline redemption is not allowed (e.g., airport counters). | Not valid for group bookings. | Travel agents are prohibited from using GV/GCs; such bookings will be canceled without refund. | If a transaction fails, the amount is automatically refunded to the same GV/GC within 24 hours. | Credit cards and other payment methods can be used alongside GV/GC only on the Air India website or app. | GV/GC cannot be canceled, refunded, or exchanged for cash. | Air India is not liable for misuse; users must protect their GV/GC credentials. | If the GV/GC is non-functional, a replacement GV/GC of the remaining value will be issued. | On cancellation of bookings, refund will be made to the same GV/GC if still valid. | If cancellation happens after expiry, no refund will be processed. | Retain the GV/GC details (number and PIN) to use refunded amount - no reissue possible. | Air India may modify terms at any time without notice. | Air India may block or cancel GVs/GCs in case of duplicity, fraud, or violation of terms. | For support, contact: 0116 932 9333 / 0116 932 9999 / 1860 233 1407 Or raise a request at: https://www.gvhelpdesk.com",2026-07-26
Air India,Air India,409,https://www.maximize.money/gift-cards/Air India/409,active,Online,5000 / 10000 / 20000 / 50000 / 100000 / 200000,Yes,2000-200000,4,5.0% off / 5.25% earn,3.75% off / 4.0% earn,3.1% off / 3.35% earn,2.65% off / 2.9% earn,2.75% off / 3.0% earn,2.75% off / 3.0% earn,UPI,5.0,Yes,No,Yes,Valid for upto 12 months,"Select the flights you are interested in on the Air India website or Air India mobile app. | Enter the Gift Card number and PIN after completing the purchase of a Gift Card. | If the booking amount equals or exceeds the available credit on the Gift Card, the Gift Card will be fully used until it has no remaining value. | If your Gift Card amount is lower than the booking amount, you can make up the difference by paying the additional amount using any credit card accepted by Air India on the Air India website or mobile app. Gift Card cannot be clubbed with any other form of payment if redemption is being done through the Air India Contact Centre.","Gift Cards can only be purchased through the Platform. | Gift Cards can only be purchased and redeemed in Indian currency (INR). | Gift Cards can be purchased using credit card or debit card. | Gift Cards are valid until the date mentioned on them; validity cannot be extended. | No compensation will be provided for any lapsed or unused amount on a Gift Card. | Gift Cards can be used only on Air India website and mobile app for tickets and ancillary products. | Gift Cards cannot be used for travel insurance, upgrades, or third-party goods/services. | Gift Cards are fully transferable but cannot be resold. | Unlawful resale is grounds for seizure and cancellation without compensation. | Denomination range is between INR 1,000 and INR 2,00,000. | Gift Cards cannot be redeemed offline, such as at airport ticketing centres. | Gift Cards cannot be redeemed for group travel. | Gift Cards are for individual use only; travel agent usage will result in cancellation without refund. | In case of transaction failure, refund will be made to the same Gift Card within 24 hours. | Gift Cards can be combined with ongoing offers on Air India’s website. | Other payment methods like credit cards can be used alongside Gift Card redemption on website/app. | Some Gift Cards support multiple redemptions; others are one-time use only. | If purchase exceeds Gift Card value, the balance must be paid via other means. | Unused balance remains until the expiry date; no refund or credit note for unused portion. | Up to 3 Gift Cards can be used in a single transaction. | Gift Cards cannot be refunded, cancelled, or exchanged for cash. | Users are solely responsible for keeping Gift Card details confidential. | Air India may amend, withdraw, or cancel Gift Cards at any time without notice. | Issuance of a Gift Card does not guarantee provision of services or products. | Air India disclaims warranties regarding Gift Card performance or platform compatibility. | In case a Gift Card is non-functional, it will be replaced with a new one of same value. | Air India is not liable for losses due to user negligence or third-party misuse. | No refund for cancellations where the Gift Card has expired. | Refunded amounts go back to the original Gift Card; retain card number and PIN. | Air India may suspend or cancel Gift Cards in case of fraud or violation. | You shall indemnify Air India against any losses from misuse or breach of terms. | Air India’s maximum liability is limited to the value of the Gift Card. | Gift Card terms governed by Indian laws; courts of Delhi have exclusive jurisdiction. | Disputes resolved through arbitration in Delhi under Arbitration and Conciliation Act, 1996. | Arbitration proceedings will be confidential and conducted in English. | Arbitrator's decision will be final and binding. | Arbitration costs will be decided by arbitrator; each party bears their own interim costs. | Nothing in the terms limits your statutory rights under applicable law. | For queries, contact Air India's customer support at 0116 932 9333, 0116 932 9999, or 1860 233 1407.",2026-07-26
Air India,Air India,1089,https://www.maximize.money/gift-cards/Air India/1089,active,Online,1000 / 2000 / 5000,Yes,500-5000,4,18.0% off / 18.25% earn,16.75% off / 17.0% earn,16.1% off / 16.35% earn,15.65% off / 15.9% earn,15.75% off / 16.0% earn,15.75% off / 16.0% earn,UPI,18.0,Yes,Yes,Yes,Valid upto 6 Months from purchase,"Visit the Air India website or mobile app and book your flight. | Select eligible ancillary services such as Seat Selection, Extra Baggage, ZipAhead, or Sports Equipment. | At the payment page, enter your Gift Card Number and PIN to redeem. | If the gift card balance is insufficient, pay the remaining amount using a Credit Card. | For multiple gift cards, first add them to your Air India Wallet, then select Use Air India Wallet/Gift Cards/Vouchers during checkout and apply the desired wallet balance.","The Air India Ancillary Gift Card is redeemable only on the Air India website and mobile app. | Valid only for purchasing Seat Selection, Extra Baggage, ZipAhead, and Sports Equipment. | Applicable only for bookings made in Indian Rupees (INR) from Point of Sale India. | Gift Cards are available in denominations from ₹500 to ₹5,000. | Valid for 180 days from the date of activation. | Gift Cards can be combined with Air India promotional offers, except offers tied to a specific payment method. | Multiple Gift Cards can be added to the Air India Wallet for easier redemption. | Partial redemption is supported where applicable. The remaining balance stays available until expiry. | If the ancillary purchase exceeds the Gift Card balance, the remaining amount must be paid using a Credit Card. | Gift Cards cannot be used for: Flight fare, Travel insurance, Upgrades, Third-party services, Group bookings | Gift Cards cannot be redeemed through airport counters, customer service centres, or call centres. | Gift Cards cannot be cancelled, refunded, exchanged for cash, or revalidated after expiry. | In case of transaction failure, the amount will be re-credited within 24 hours. | On cancellation, the refunded amount is credited back to the same Gift Card or Wallet, provided it is still valid. | Air India is not responsible for lost, stolen, or unauthorized use of Gift Cards. | Air India reserves the right to suspend, cancel, or reject Gift Cards in cases of fraud or misuse. | Air India may modify these terms without prior notice. | Any disputes are subject to the exclusive jurisdiction of the courts in Delhi.",2026-07-26
Absolute Barbecues,Absolute Barbecues,791,https://www.maximize.money/gift-cards/Absolute Barbecues/791,active,In-store,500 / 1000 / 2000 / 5000,No,,4,10.0% off / 10.1% earn,8.75% off / 8.85% earn,8.1% off / 8.2% earn,7.65% off / 7.75% earn,7.75% off / 7.85% earn,7.75% off / 7.85% earn,UPI,10.0,Yes,Yes,Yes,Valid for upto 12 months,"Share your registered mobile number with the cashier once the items are scanned. The cashier will check and inform you about your available Gift Voucher(s) and balance. | Confirm the amount you want to redeem and pay any remaining balance, if applicable. | The cashier will proceed with the final invoicing.","This is an Absolute Barbeque Gift Voucher (GV)/Gift Card (GC) accepted at Absolute Barbeque offline restaurants. It cannot be returned or refunded once issued. | The user holding the GV/GC is considered the beneficiary. | This GV can be used over and above any discounts offered at Absolute Barbeque offline restaurants. | The GV/GC can be converted into e-Pay as per the holder’s convenience. | After conversion to e-Pay, the GV/GC becomes valid for partial redemption. Any remaining balance stays in the e-Pay account and can be used across multiple transactions until expiry. | Only valid Absolute Barbeque GV/GC, at the sole discretion of Absolute Barbeque, will be accepted for redemption. | The Absolute Barbeque e-Pay balance must be linked to the registered mobile number. | The GV/GC can be used for all purchases of food, beverages, and services at Absolute Barbeque offline restaurants. | Absolute Barbeque / GyFTR is not responsible if the GV/GC is lost, stolen, or used without permission. | Absolute Barbeque, GyFTR, or affiliates shall not be responsible if the beneficiary shares the GV/GC number, PIN, or account credentials, resulting in unauthorized usage of the GV/e-Pay balance.",2026-07-26
Absolute Barbecues,Absolute Barbecues,388,https://www.maximize.money/gift-cards/Absolute Barbecues/388,active,In-store,200 / 500 / 1000 / 2000 / 5000 / 10000,Yes,100-10000,4,8.5% off / 8.75% earn,7.25% off / 7.5% earn,6.6% off / 6.85% earn,6.15% off / 6.4% earn,6.25% off / 6.5% earn,6.25% off / 6.5% earn,UPI,8.5,No,No,Yes,Valid for upto 12 months,"Visit nearest Absolute Barbecues (AB’s) restaurant, check store locator - https://ems-urlprotect.trendmicro.com:443/wis/clicktime/v1/query?url=https%3a%2f%2fwww.absolutebarbecues.com&umid=539bf63d-9c47-48a1-b696-4987cb3e6d47&rct=1755513604&auth=79933211e7a7e528900b9643b3e255c9cd8c0549-dbc3b4682aef1ec79ebef1a7ce2315c4494819fd | Inform the service team that you would like to pay using Gift Card, share the Card no and pin details | Cashier in puts card details and submit it for validation | Once card gets validated, total invoice value will get reduced with redeemed value of the gift card | Balance amount (if any) must be paid using other mode of payment accepted at the outlet | Post clearance of the payment invoice gets closed","This is an Absolute Barbecues (AB's) Insta Gift Voucher (GV) / Gift Card (GC) and would be accepted at AB's outlets in India. | The person who has the AB's GV / GC Code is deemed to be the beneficiary. | Do inform the outlet reception that you plan to use the GV / GC for making payments before billing. | The validity period is 365 days from the date of its issuance or depends on the condition of the purchase. | A maximum of 5 GV / GC can be used in one bill. | This is a ONE time use GV / GC. Electronic Gift Vouchers can't be replaced or duplicated, if lost or stolen. | No Credit note / Refund for the unused amount of the GV / GC will be given. | AB's GV / GC CANNOT be revalidated once expired. | This E-Voucher cannot be exchanged for cash. | AB's GV / GC cannot be redeemed on specific block out dates. AB's may add or delete any date on its sole discretion. | Any dispute related to the GV / GC should be referred to the issuing company and the decision of the issuing company shall be final. | AB's makes full efforts to accept Insta Gift Vouchers (GV) / Gift Card (GC), but on account of any technical / administrative reasons an outlet may refuse to accept the same. | If an Insta Gift Voucher (GV) / Gift Card (GC) gets blocked on account of technical issue, it would get enabled in 72 hours. | Please contact outlet manager for any acceptance issue and if issue is still not resolved, you can write to wecare@absolute-barbecue.com | All disputes shall be subject to the exclusive jurisdiction of competent courts of Hyderabad, India. | Absolute Barbecues reserves the right to change the 'Terms & Conditions' at any time without prior information.",2026-07-26
PhonePe,PhonePe,801,https://www.maximize.money/gift-cards/PhonePe/801,active,Online,5000 / 10000,No,,4,,,,,,,,,Yes,No,Yes,Valid for upto 12 months,"Steps to link your PhonePe Gift Card to your PhonePe account Once you buy or receive a PhonePe Gift Card, link it with your PhonePe account via My Profile> All payment methods> PhonePe Gift Card> Claim now. | Enter the gift card number and PIN to add the Gift Card to your balance. | Steps to pay using your PhonePe Gift Card | If you have linked Gift Card balance in your account, the Gift Card balance will be automatically made available for payments towards eligible merchant transactions. | Gift Card balance is selected as a default mode for making the payment, you may choose to deselect this option if you do not wish to pay via Gift Card for a particular transaction. | In cases where you may have multiple Gift Cards linked to your account, PhonePe automatically picks the Gift Card balance which will expire the soonest.","Validity -1 year from the date of issue. Validity of gift cards cannot be extended. | PhonePe Gift Card once bought cannot be cancelled. | PhonePe wallet balance or existing Gift Card balance cannot be used to purchase e-gift cards. | Any balance amount left on the used gift card can be reused within the validity period. | You are solely responsible for the safety and security of the e-gift cards. PhonePe is not responsible if the gift card details are lost, stolen or used without permission. | The gift cards cannot be replaced, refunded, revalidated or exchanged for cash. | PhonePe reserves the right to deny accepting any gift card if it suspects that there is duplicity of gift cards. | Any misuse of this gift card will result in cancellation of the gift card. | PhonePe is the final authority on the interpretation of these rules. | This is for individual use only. | PhonePe shall not be responsible for any fraudulent purchases or services that might be availed by customers using the e-gift cards purchased through PhonePe.10. PhonePe Giftcards can be used as payment option across all Eligible PhonePe merchants and services. | This is for individual use only. An individual user can not utilize more than 50,000 worth of Gift cards in a month. | Disputes are subject to Bangalore jurisdiction. | In case of any cancellation of transactions paid using the gift cards within the validity period, the amount will be reversed to the Gift Card used at the time of the transaction. | In case the Gift Card validity has expired, then there will be no refund processed for the amount paid by the Gift Card. | For complete T&Cs, visit https://www.phonepe.com/en/terms.html#gift-vouchers",2026-07-26
Headout,Headout,1030,https://www.maximize.money/gift-cards/Headout/1030,active,Online,500 / 1000 / 2000 / 5000 / 7500 / 10000 / 500,No,,,10.75% off / 10.75% earn,9.5% off / 9.5% earn,8.85% off / 8.85% earn,8.4% off / 8.4% earn,8.5% off / 8.5% earn,8.5% off / 8.5% earn,UPI,10.75,No,Yes,No,Valid until 30-10-26,"Visit the Headout website or mobile app and select your preferred experience, activity, or ticket. | Proceed to the checkout/payment page. | In the “Have a promo code” field, enter the Coupon Code received with your gift card. | Apply the code and complete the payment process. | Once the booking is successful, the ticket/voucher details will be sent to your registered email ID. | Redeem your ticket/voucher and enjoy world-class experiences with Headout.","This Headout GC/GC can be used on the app or website at https://www.headout.com/ | The user with the GV/GC is deemed the beneficiary. | Applicable only for Indian users. | The GV/GC can only be used once, any balance that is not used will lapse and the amount cannot be revalidated or added back. | The GV/GC is non-refundable, non-transferable, and cannot be redeemed for cash. | The GV/GC has an expiry date on 30-10-2026 and cannot be revalidated once expired. | The GV/GC can be combined with other offers or promo codes. | Maximize/Headout is not responsible if the GV/GC is lost, stolen, or used without permission. | Maximize/Headout reserves the right to modify or cancel the offer at any time without prior notice. | For any queries/issues related to GV/GC, visit https://www.headout.com/help/ or reach out to Maximize Support at support@maximize.money",2026-07-26
Muscle%20Blaze,Muscle%20Blaze,1126,https://www.maximize.money/gift-cards/Muscle%20Blaze/1126,active,Online,1000 / 2000 / 5000,No,,4,12.0% off / 12.0% earn,10.75% off / 10.75% earn,10.1% off / 10.1% earn,9.65% off / 9.65% earn,9.75% off / 9.75% earn,9.75% off / 9.75% earn,UPI,12.0,Yes,No,Yes,Valid upto 12 Months from purchase,Visit https://www.muscleblaze.com or open the MuscleBlaze App. | Log in or create a MuscleBlaze account. | Go to My Account → MB Cash. | Enter your Gift Voucher Number to add the value to your MB Wallet (MB Cash). | Shop for your preferred products and pay using your available MB Cash balance.,"Redeemable only on the official MuscleBlaze website against eligible products sold by listed sellers. | Gift Voucher must first be converted into MB Cash before it can be used for purchases. | Gift Voucher cannot be used directly during checkout. | Cannot be used to purchase other Gift Cards. | Cannot be reloaded or resold. | If the order value exceeds the available MB Cash balance, the remaining amount must be paid using Credit Card, Debit Card, or Net Banking. | Cash on Delivery (COD) is not available for balance payments. | If the order value is lower than the available MB Cash balance, the remaining balance stays in the MB Wallet until expiry. | Gift Voucher and unused MB Cash are valid for 365 days (12 months) from the date of issue. | Gift Voucher cannot be redeemed for cash or credit. | Lost, stolen, expired, or unauthorized Gift Vouchers will not be replaced or extended. | MuscleBlaze reserves the right to cancel the Gift Voucher if KYC details are found to be incorrect or insufficient.",2026-07-26
AJIO Luxe,AJIO Luxe,733,https://www.maximize.money/gift-cards/AJIO Luxe/733,active,Online,5000 / 10000,No,,4,3.75% off / 4.5% earn,2.5% off / 3.25% earn,1.85% off / 2.6% earn,1.4% off / 2.15% earn,1.5% off / 2.25% earn,1.5% off / 2.25% earn,UPI,3.75,Yes,No,No,Valid for upto 12 months,"Visit https://luxe.ajio.com/ or open the AJIO App → Log in with your mobile number. Go to My Account → AJIO Wallet. | Click on Have a Gift Card → Add. | Enter your Voucher Code & PIN → Voucher Value gets added as AJIO Cash. | During checkout, select AJIO Wallet as the payment option.","This is an Ajio Luxe Gift Voucher/Gift Card (GV/GC) issued by Pine Labs Limited, authorized by RBI. | GV/GC is redeemable only on luxe.ajio.com or AJIO App. | The holder of the GV/GC is deemed the beneficiary. | GV/GC is non-transferable, non-negotiable, and non-refundable. | GV/GC cannot be exchanged for cash or credit. | Expired GV/GCs cannot be revalidated. | GV/GC cannot be used to purchase other gift cards. | This is a one-time use GV/GC; once added to AJIO Wallet, balance remains as AJIO Cash. | If order value is less than GV/GC, balance stays as AJIO Cash (valid until card expiry). | If order value exceeds GV/GC, the difference must be paid via other payment modes. | Orders placed using GV/GC are subject to product availability and AJIO Luxe platform policies. | Ajio/Maximize are not responsible for lost, stolen, or misused GV/GCs. | GV/GC may be blocked/canceled if found fraudulent, with refunds sent to the source. | Ajio/Maximize may request KYC/AML details and share them with RBI/statutory authorities if required. | Ajio Luxe/Maximize reserves the right to withdraw, modify, or cancel the GV/GC at any time without prior notice.",2026-07-26
AJIO Luxe,AJIO Luxe,700,https://www.maximize.money/gift-cards/AJIO Luxe/700,active,Online,5000 / 10000 / 20000 / 50000,Yes,2000-50000,4,7.0% off / 7.1% earn,5.75% off / 5.85% earn,5.1% off / 5.2% earn,4.65% off / 4.75% earn,4.75% off / 4.85% earn,4.75% off / 4.85% earn,UPI,7.0,Yes,Yes,Yes,Valid for upto 12 months,"Visit the AJIO website or mobile app and sign in to your account. | Add your preferred AJIO Luxe products to the cart. | Proceed to checkout. | Select Add Gift Card under the payment options. | Enter the 16-digit Gift Card number and 6-digit PIN. | Click Add to AJIO Wallet. The gift card value will be added as AJIO Cash. | Complete your purchase using the wallet balance. If the order value exceeds the available balance, pay the remaining amount using another payment method.","Gift Cards can be redeemed only on the AJIO website and mobile application. | The Gift Card is valid only for eligible AJIO Luxe products. | The Gift Card cannot be used to purchase other Gift Cards. | The Gift Card value must first be added to your AJIO Wallet as AJIO Cash before redemption. | Once added to the AJIO Wallet, the balance can be used across multiple purchases until exhausted or expired. | Any unused balance will remain in the AJIO Wallet and can be used for future eligible purchases within the validity period. | If your purchase exceeds the available Gift Card balance, the remaining amount must be paid using another payment method. | Gift Cards cannot be redeemed for cash, transferred, reloaded, exchanged, or resold. | Gift Cards cannot be used to purchase excluded products such as H&M products, gold or silver coins, fine jewellery, or other products excluded by AJIO. | Gift Cards are non-refundable and cannot be cancelled after purchase. | Lost, stolen, damaged, or unauthorized use of Gift Cards will not be replaced or reimbursed. | AJIO reserves the right to cancel or block Gift Cards in case of fraud, misuse, or violation of its terms. | AJIO reserves the right to modify or withdraw these terms at any time without prior notice. | For support or disputes, contact AJIO Customer Care or Woohoo support.",2026-07-26
Yatra,Yatra,1077,https://www.maximize.money/gift-cards/Yatra/1077,active,Online,1000 / 1000,No,,,64.75% off / 65.75% earn,63.5% off / 64.5% earn,62.85% off / 63.85% earn,62.4% off / 63.4% earn,62.5% off / 63.5% earn,62.5% off / 63.5% earn,UPI,64.75,No,No,No,Valid for upto 6 months,"Visit https://www.yatra.com or open the Yatra mobile app. | Search and select your preferred flight. | Review your booking and enter passenger details. | Proceed to the payment page. | Select Gift Voucher as the payment method. | Enter the Gift Card number and redeem the voucher. | Pay the remaining amount, if any, using another payment method. | Complete the booking and receive your confirmation.","The Gift Card is valid only for flight bookings on the Yatra website and mobile app. | This is a one-time use Gift Card. | Only one Gift Card can be used per booking. | Unused balance, if any, will be forfeited after redemption. | The Gift Card cannot be clubbed with any other offer, discount, cashback, or promotion. | If the booking amount exceeds the Gift Card value, the balance must be paid separately. | The Gift Card cannot be revalidated once expired or cancelled. | In case of customer-initiated cancellation, the Gift Card value will be forfeited. | Gift Cards are non-refundable, non-transferable, and cannot be exchanged for cash. | Yatra is not responsible for lost, stolen, damaged, or unauthorized use of Gift Cards. | If a Gift Card is blocked due to technical issues, it may be reactivated within 72 hours. | Travel agents are not permitted to use these Gift Cards. | All disputes are subject to the jurisdiction of courts in Gurgaon, Haryana. | For support, raise a request at https://www.gvhelpdesk.com.",2026-07-26
Yatra,Yatra,470,https://www.maximize.money/gift-cards/Yatra/470,active,Online,1000 / 2000 / 5000 / 10000 / 20000 / 50000,Yes,500-50000,4,5.25% off / 5.5% earn,4.0% off / 4.25% earn,3.35% off / 3.6% earn,2.9% off / 3.15% earn,3.0% off / 3.25% earn,3.0% off / 3.25% earn,UPI,5.25,Yes,No,Yes,Valid for upto 12 months,"Select your flight/hotel/bus on https://www.yatra.com and proceed to the payment page. | Choose ""Gift Voucher"" as the payment mode. | Enter the 16-digit card number and 6-digit PIN. | Click ""Pay Now"" and complete any remaining balance payment using other listed methods. | If the transaction fails after applying the EGC, the amount will be automatically refunded to the same EGC.","The E-Gift Voucher (EGV) can be redeemed only on https://www.yatra.com | and is valid for bookings of Domestic & International Flights, Domestic Hotels, Domestic Buses, and Domestic/International Holiday Packages. | For online redemption (Flights / Hotels / Buses), select your preferred service and proceed to the payment page. Choose “Gift Voucher” as the payment mode, enter the 16-digit EGV/Card number and 6-digit PIN, click on “Redeem Gift Card,” and pay the balance amount, if any, using other available payment methods. In case of a transaction failure, the deducted amount will be automatically refunded back to the same EGV. | Holiday packages (Domestic & International) can be redeemed offline only by sending a redemption request via email to coepromoteam@yatra.com. | The EGV supports partial and multiple redemptions until the balance is fully utilized within the validity period. However, only one voucher can be used per booking, and multiple vouchers cannot be clubbed in a single transaction. | Any applicable convenience fee, processing fee, excess tour cost, or government taxes must be paid separately if the booking value exceeds the voucher amount. | Lost or stolen vouchers will not be replaced or compensated. The EGV cannot be combined with any other discount, cashback, or promotional offer, and no additional discount beyond the voucher value will be applicable. Booking confirmation is subject to availability and governed by Yatra’s standard booking terms. Expired vouchers cannot be revalidated, and no cash or balance amount will be provided in exchange for the EGV. | If a booking made using the EGV is cancelled within the validity period, the refundable amount will be credited back to the same voucher. If the voucher has expired at the time of cancellation, no refund will be processed. | Customers can check their voucher balance online at https://yatra.woohoo.in/en-in/CheckBalance. | All disputes related to the EGV shall be subject to the jurisdiction of courts in Gurgaon, Haryana. This voucher is meant for individual use only, and usage by travel agents may result in cancellation without refund.",2026-07-26
Marriott India -Dining,Marriott India -Dining,552,https://www.maximize.money/gift-cards/Marriott India -Dining/552,active,In-store,1000 / 2500 / 4000 / 5000 / 7500 / 8000 / 10000,No,,4,7.75% off / 8.0% earn,6.5% off / 6.75% earn,5.85% off / 6.1% earn,5.4% off / 5.65% earn,5.5% off / 5.75% earn,5.5% off / 5.75% earn,UPI,7.75,No,No,No,Valid for upto 12 months,"SMS Registration Send the following SMS to 7045379388 - ACT <CardNumber> <CardPIN> <FirstName> <LastName> | Website - Visit - https://marriotthotelsindiagcbal.qwikcilver.com/QwikCilver/sclp.ssa/welcome.aspx?orgname=Marriott%20Hotels%20India | Present the original gift card (email format) at the hotel front desk or billing point. | If the bill exceeds the card value, pay the balance via other payment methods. | Gift card must be used in full in one transaction.","Issuer: Pine Labs Pvt. Ltd. under the Qwikcilver brand | Usage: Valid only at participating Marriott Hotels in India | Validity: 1 year from activation | Single-use only, no partial redemption | Not valid for international Marriott locations or third-party services | Eligible Expenses: Hotel stays (excluding corporate/group bookings) | Eligible Expenses: Restaurants, spas, and salons operated by Marriott | Ineligible Uses: Advance purchases, deposits, Meetings, catering, group bookings, OTA or third-party bookings | List of Participating Hotels - https://www.qwikcilver.com/terms-and-conditions/marriott-hotels/ | E-Gift cards are usually delivered instantly but may take up to 48 hours due to technical delays. | Marriott reserves the right to amend terms at any time.",2026-07-26
Marriott India -Spa,Marriott India -Spa,1097,https://www.maximize.money/gift-cards/Marriott India -Spa/1097,active,In-store,1000 / 2500 / 4000 / 5000 / 7500 / 8000 / 10000,No,,4,7.75% off / 8.0% earn,6.5% off / 6.75% earn,5.85% off / 6.1% earn,5.4% off / 5.65% earn,5.5% off / 5.75% earn,5.5% off / 5.75% earn,UPI,7.75,No,No,No,Valid for upto 12 months,"Register and activate your Gift Card by sending the following SMS: | ACT <Card Number> <Card PIN> <First Name> <Last Name> to 7045379388. | Receive the activation confirmation. | Visit any participating Marriott Hotel in India. | Present the Gift Card email along with the 16-digit Card Number and 6-digit PIN. | Redeem the Gift Card while availing eligible spa services. | If your bill exceeds the Gift Card value, pay the remaining amount using another payment method.","Valid only at participating Marriott Hotels in India. | Applicable on eligible Spa services and other hotel-operated services at participating hotels. | Gift Card must be registered and activated before redemption. | Valid for 1 year from the date of activation/issuance. | This is a single-use Gift Card. | Partial redemption is not allowed. | If the bill exceeds the Gift Card value, the balance must be paid separately. | Gift Card cannot be redeemed for cash or transferred. | Cannot be used outside India. | Not valid for advance bookings, deposits, negotiated/group rates, meetings, catering, third-party bookings, or travel agents. | Original Gift Card email must be presented at the time of redemption. | Lost, stolen, or damaged Gift Cards will not be replaced. | Marriott reserves the right to verify the card before redemption and amend the terms without prior notice. | Expired Gift Cards may be revalidated upon request, subject to verification and Marriott's policy. | Any disputes shall be subject to the jurisdiction of courts in Bengaluru.",2026-07-26
Simon Carter,Simon Carter,556,https://www.maximize.money/gift-cards/Simon Carter/556,active,In-store,100 / 500 / 1000 / 1500 / 2000 / 2500 / 3000 / 5000 / 7500 / 10000,No,,4,2.9% off / 3.0% earn,1.65% off / 1.75% earn,1.0% off / 1.1% earn,0.55% off / 0.65% earn,0.65% off / 0.75% earn,0.65% off / 0.75% earn,UPI,2.9,No,No,No,Valid for upto 12 months,"Customer visits the store. | Customer completes shopping and proceeds to billing | Customer presents e-gift card code (card no and Pin) to Cashier | Any additional amount value of the invoice is greater than the gift card value, the customer can pay the balance amount through cash, credit card or debit card.","This E gift card is valid for 1 year from the date issue | This E-gift card can be redeemed across all exclusive Simon Carter stores. This E-card cannot be redeemed online. | It cannot be redeemed partially. Can be redeemed only once. | If the value of the invoice is greater than the gift card value, the customer can pay the balance amount through cash, credit card or debit card. | Please present the print out of this E-gift card at the time of billing | This E-gift card cannot be exchanged for Cash/Gift Cards/Credit Notes | This E-gift card, once purchased, cannot be returned or refunded",2026-07-26
HealthKart,HealthKart,524,https://www.maximize.money/gift-cards/HealthKart/524,active,Online + In-store,1000 / 2000 / 5000,No,,4,12.0% off / 12.5% earn,10.75% off / 11.25% earn,10.1% off / 10.6% earn,9.65% off / 10.15% earn,9.75% off / 10.25% earn,9.75% off / 10.25% earn,UPI,12.0,No,Yes,Yes,Valid for upto 12 months,Visit https://www.healthkart.com and log in | Go to your Account > HK Cash | Enter the PIN and click on 'Redeem Coupon' | The voucher balance should reflect in HK Cash Coins Balance | Add desired products to your cart and pay via HK Cash,"Valid on HealthKart.com, the HealthKart App, and select listed stores | The GV/GC holder is deemed to be the beneficiary | Multiple vouchers can be used in one transaction | GV/GC must be added to the HK Cash section to redeem | Once added, HK Cash can be used both online and in-store (linked to mobile number used) | This is a One-Time Use GV/GC | No refund/credit will be issued for unused HK Cash balance | Cannot be revalidated after expiry | If the order value exceeds the voucher amount, pay the balance via other payment modes | HealthKart is not liable for technical issues that prevent redemption | For disputes or support, raise a request at https://www.gvhelpdesk.com",2026-07-26
V Mart,V Mart,296,https://www.maximize.money/gift-cards/V Mart/296,active,In-store,250 / 500 / 1000 / 2000 / 5000,No,,4,9.25% off / 9.5% earn,8.0% off / 8.25% earn,7.35% off / 7.6% earn,6.9% off / 7.15% earn,7.0% off / 7.25% earn,7.0% off / 7.25% earn,UPI,9.25,No,No,No,Valid for a range of 6 - 12 months,Visit V mart listed outlet | Select the choice of your product. | Please share the Gift Card with the cashier before billing,"This is V Mart/ Unlimited Insta Gift Voucher (GV) / Gift Card (GC) and would be accepted on listed V Mart/ Unlimited outlets only. | The person who has V Mart GV / GC Code is deemed to be the beneficiary. | For list of stores please visit https://stores.vmartretail.com/ | This Gift Card is NOT VALID for online purchase i.e. can not be redeemed on VMART app or the website | Gift card Redemption is not allowed for FMCG / Kirana sales | This Gift Card CANNOT be exchanged for cash or cheque or credit note or gift cards | This Gift Card CANNOT be revalidated once it is expired | No other offers, discounts, promotions and loyalty points are valid with this deal | This Gift Card is non-refundable and non-returnable | In case the value of the merchandise exceeds the value of the card, the difference shall be paid by the bearer in cash or by card | VMRL will NOT be liable to issue another card in case this card is lost be the customer | VMRL shall NOT be liable and responsible for any unauthorized and/or fraudulent purchase/s made using this card | The holder of this card shall be solely responsible for the safe custody of the card and the credentials mentioned on it. | In case of return of any or all items purchased using a card, the standard return policy of VMRL will be applicable | Any liability raised by the customer or gift-card bearer is limited to the liability of the gift-card value | For any queries / issues related to GV / GC, raise a request at https://www.gvhelpdesk.com",2026-07-26
V Mart,V Mart (Custom),930,https://www.maximize.money/gift-cards/V Mart (Custom)/930,active,In-store,250 / 500 / 1000 / 2000 / 5000,Yes,100-5000,4,6.75% off / 7.0% earn,5.5% off / 5.75% earn,4.85% off / 5.1% earn,4.4% off / 4.65% earn,4.5% off / 4.75% earn,4.5% off / 4.75% earn,UPI,6.75,No,No,No,Valid for upto 12 months,Visit any V-Mart or Unlimited store in India | Select eligible products (excluding FMCG / grocery items) | Proceed to the billing counter | Present the E-Gift Card at the time of payment | Pay any excess amount using cash or card if the bill value exceeds the card value,"V-Mart E-Gift Cards are valid at all V-Mart and Unlimited stores across India | List of stores is available at http://stores.vmart.co.in/ | E-Gift Card redemption is not allowed for FMCG, grocery, or Kirana sales | E-Gift Cards are valid for 1 year from the date of issue | E-Gift Cards are not valid for online purchases and cannot be redeemed on the V-Mart app or https://www.vmartretail.com | E-Gift Cards cannot be exchanged for cash, cheque, credit note, or other gift cards | E-Gift Cards cannot be revalidated once expired | E-Gift Cards are non-refundable and non-returnable | Reloading of E-Gift Cards is not permitted | E-Gift Cards are one-time redeemable and cannot be used multiple times | Multiple E-Gift Cards cannot be redeemed in a single invoice | If the purchase value exceeds the E-Gift Card value, the balance amount must be paid by cash or card | The cardholder is responsible for safe custody of the card and its credentials | VMRL is not liable to issue a replacement card if the E-Gift Card is lost or stolen | VMRL is not responsible for unauthorized or fraudulent transactions made using the card | VMRL reserves the right to amend the terms and conditions without prior notice | All disputes are subject to the jurisdiction of courts in Delhi | In case of return of items purchased using the E-Gift Card, V-Mart’s standard return policy will apply",2026-07-26
Cleartax,Cleartax,302,https://www.maximize.money/gift-cards/Cleartax/302,active,Online,7492 / 13923 / 19941 / 73750,No,,4,50.0% off / 54.75% earn,48.75% off / 53.5% earn,48.1% off / 52.85% earn,47.65% off / 52.4% earn,47.75% off / 52.5% earn,47.75% off / 52.5% earn,UPI,50.0,No,No,No,Valid for upto 6 months,"Visit https://cleartax.in/services/, Log in, and search the required plan in the navigation/search bar | View details of the selected plan and proceed by clicking on 'Buy Now' | Fill in the required details, click on 'Apply Coupon', and enter the Voucher code in the 'Enter coupon code here' section. Click on 'Apply' and check the box to accept Cleartax's Terms of Use, Privacy Policy and Refund Policy. Click on 'Confirm & Pay' to proceed. Your service will be activated.","This is a ClearTax Gift Voucher/Gift Card (GV/GC) and can be redeemed only at Cleartax.in. The person holding the GV/GC is deemed the beneficiary. | Only one GV/GC can be used in a single transaction. This is a one-time use voucher with an expiration date and cannot be revalidated once expired. | To apply a GV/GC code, visit ClearTax’s eligible plan pages and paste the voucher code in the coupon field: | Basic Plan: https://cleartax.in/checkout/prod_itr_af_basic?coupon=PASTE_VOUCHER_HERE&utm_ref=plan-card_Buy+Now | Salary Assistance Premium Plan: https://cleartax.in/checkout/prod_itr_af_premium?coupon=PASTE_VOUCHER_HERE&utm_ref=plan-card_Buy+Now | Capital Gains Elite Plan: https://cleartax.in/checkout/prod_itr_af_black?coupon=PASTE_VOUCHER_HERE&utm_ref=plan-card_Buy+Now | NRI & Foreign Income Luxury Plan: https://cleartax.in/checkout/prod_itr_af_luxury?coupon=PASTE_VOUCHER_HERE&utm_ref=plan-card_Buy+Now | The GV/GC is non-refundable, non-transferable, and cannot be exchanged, resold, or redeemed for cash. | No credit note or refund will be issued for any unused balance amount of the GV/GC. | The GV/GC cannot be combined with other discounts, promotions, or offers available on the ClearTax website. | ClearTax will attempt to accept GV/GC on a best effort basis, but due to technical reasons or reasons beyond ClearTax’s control, a GV/GC may not be accepted. ClearTax shall have no liability in such cases. | ClearTax reserves the right to edit, change, or withdraw the GV/GC scheme at any time without notice. It also reserves the right to deny acceptance of a GV/GC if duplicity or misuse is suspected. | In no event shall ClearTax’s liability for any claims exceed the value of the GV/GC in dispute. | For any concerns or issues related to GV/GC, raise a request at enquiries@Cleartax.in",2026-07-26
Lenskart,Lenskart,66,https://www.maximize.money/gift-cards/Lenskart/66,active,Online + In-store,1000 / 2000 / 3000 / 5000 / 10000,No,,4,10.0% off / 13.0% earn,10.0% off / 11.75% earn,10.0% off / 11.1% earn,10.0% off / 10.65% earn,10.0% off / 10.75% earn,10.0% off / 10.75% earn,UPI,10.0,Yes,No,Yes,Valid for upto 12 months,"On the App - Step 1: The user navigates to the profile tab and selects ""Claim Gift Card"" | Step 2: The user enters the gift card code and PIN. | Step 3: A success page confirms that the gift card has been successfully added to the balance. Clicking ""View Gift Card Balance"" redirects the user to the gift card balance page. | On the Website - Step 1: On the payment page, the gift card balance will be visible. The user needs to select the balance to apply it. The user clicks ""Pay Now"" | Step 2: The order is successfully placed.","Redemption: This voucher will be applicable on all items listed for sale on lenskart.com / mobile apps or available for sale at all company-authorized Lenskart stores including eyeglasses, sunglasses, computer glasses, contact lenses (excluding Branded contact lenses including but not limited to Bausch + Lomb, Johnson & Johnson, Alcon, Freshlook, and Acuvue) and accessories. The list of excluded brands may be updated by Lenskart from time to time and should not be construed as promoting any particular brand. | Lenskart reserves the right to update the list of products for which gift cards may be used without prior notice | Redemption Platforms: This voucher can be redeemed on https://www.lenskart.com / mobile apps or at all company-authorized Lenskart stores or at Lenskart Home Try on services. Gift Cards can’t be redeemed on contactskart.com. | Validity: The voucher is valid for 12 months from the date of issuance. | Partial Usage: No refund or credit note will be issued against unused or partially used vouchers. | Technical Issues: If a voucher gets blocked due to a technical issue, it will be usable only after 72 hours. | Gift Card Container: Users can add multiple gift cards into a single balance container and use the cumulative balance for their orders. This balance can be applied across one or more transactions. | Order Cancellation: In case the order is canceled, the E-Gift Card amount will be refunded to the original gift card container. Validity of the gift card will be based on the date of issuance not on date of usage or refund. | Exceeding Value: If the order value exceeds the cumulative balance in the gift card container, the balance must be paid via Credit Card/Debit Card/Internet Banking/UPI/Cash on Delivery. | Remaining Balance: If the order value is less than the cumulative balance in the gift card container, the remaining balance will reflect in the container and can be used for future transactions until expiry. | Responsibility: Once the E-Gift Card has been issued, customers are responsible for protecting the E-Gift Card PIN or number. Lenskart or its payment solution partners are not liable for any misuse due to loss of confidential details, and no refunds will be issued in such cases. | Changes to Terms: Lenskart reserves the right to modify the terms and conditions of the E-Gift Card, including expiry and extensions",2026-07-26
Parx,Parx,324,https://www.maximize.money/gift-cards/Parx/324,active,In-store,500 / 1000 / 1500 / 2000 / 2500 / 3000 / 5000 / 7500 / 10000,No,,4,10.75% off / 11.0% earn,9.5% off / 9.75% earn,8.85% off / 9.1% earn,8.4% off / 8.65% earn,8.5% off / 8.75% earn,8.5% off / 8.75% earn,UPI,10.75,No,No,No,Valid for a range of 6 - 12 months,"Share the registered mobile number with the cashier, once products are scanned for invoicing by the cashier. Cashier to inform the available Gift Voucher and its balance. | Customer to confirm the amount to be used for redemption and proceed further for balance payment, if any. | Cashier to proceed with invoicing.","This is Parx Insta Gift Voucher (GV) / Gift Card (GC) and would be accepted at listed outlets. For listed outlets visit https://www.gyftr.com/the-raymond-shop | The person who has the GV / GC Code is deemed to be the beneficiary. | Beneficiary should announce the intent of using the Instant Gift Voucher before making a purchase. | Only the listed outlets at their sole discretion accept the GV / GC. The Raymond Shop may add or remove an outlet without giving any prior notice. | More than one GV / GC can be used in one bill. | Partial redemption is allowed but no refund or credit note would be issued against an unused or partially used Instant Gift Voucher. Any unused amount shall remain as EPay balance which can be utilized till the balance gets exhausted or expires. | The Parx GV / GC cannot be revalidated once expired. | GV/e-Pay can be used during the End of Season Sale (EOSS), but they cannot be applied to discounted products during the sale. | The Parx GV / GC can only be used to purchase ready-made products. | The Parx GV / GC will not be applicable for Custom Tailoring bills. | The Parx GV / GC cannot be redeemed on specific block out dates. Parx may add or delete any date at its sole discretion. | Any dispute related to the GV / GC should be referred to the issuing company and the decision of the issuing company shall be final. | Parx makes full efforts to accept Insta Gift Vouchers (GV) / Gift Card (GC), but on account of any technical or administrative reasons an outlet may refuse to accept the same. | Instant Gift Voucher cannot be revalidated once expired and cannot be cancelled under any circumstances. | For any queries or issues related to GV / GC, raise a request at https://www.gvhelpdesk.com",2026-07-26
Estuary World,Estuary World,794,https://www.maximize.money/gift-cards/Estuary World/794,active,Online,600 / 600,No,,,40.0% off / 43.75% earn,38.75% off / 42.5% earn,38.1% off / 41.85% earn,37.65% off / 41.4% earn,37.75% off / 41.5% earn,37.75% off / 41.5% earn,UPI,40.0,No,No,No,Valid till 31st December.,Add your desired Estuary World product(s) to the cart. | Enter the provided coupon code at checkout. | Apply the code to receive the discount and cashback. | Complete your payment to finish the purchase.,Flat ₹600 off + 20% instant cashback. | Valid on all Estuary World products. | No minimum AOV required. | One-time use per customer. | Offer valid till 31st December. | Cashback is credited instantly to the user’s wallet/account. | Cannot be combined with any other coupon or offer. | Coupon must be applied at checkout.,2026-07-26
Fashion Factory,Fashion Factory,272,https://www.maximize.money/gift-cards/Fashion Factory/272,active,In-store,500 / 1000 / 2000 / 3000 / 5000,No,,4,3.5% off / 3.65% earn,2.25% off / 2.4% earn,1.6% off / 1.75% earn,1.15% off / 1.3% earn,1.25% off / 1.4% earn,1.25% off / 1.4% earn,UPI,3.5,No,No,No,Valid for a minimum period of 6 months from the date of receipt.,Visit listed outlet. You can locate the outlet on [storelocator.ril.com](https://storelocator.ril.com/Retails). | Select your choice of product. | Share the voucher code with the cashier before billing. You can make the balance payment by any other payment tender mode.,"This Gift Voucher is issued by Reliance Retail Limited (Reliance). | This Gift Voucher is redeemable, and it is valid only for a minimum period of 6 months from the date of receipt. | Gift Voucher can be redeemed at Fashion Factory outlets in India. | Gift Voucher can’t be exchanged for cash. | This Gift Voucher can be redeemed only once. Any unused amount will lapse. | No extension of the Validity period nor refund of the value of Gift Voucher in case of failure to use the Gift Voucher on or before the validity period. | Reliance shall not be responsible for loss or misuse of Gift Voucher and no duplicate or compensation in lieu of the Gift Voucher shall be given by Reliance. | Reliance overall liability will not exceed the value of the Gift Voucher. | Bearer of the Gift Voucher shall be deemed to have read, understood, and accepted these terms and conditions. | Bearer of the code of Gift Voucher is deemed to be the beneficiary of this Gift Voucher. Any redemption by the bearer of Gift Voucher shall be considered as a valid discharge of liabilities by Reliance. | Reliance shall not be liable under any circumstances towards any loss or damage or expenses or cost or any third-party liability, whether directly or indirectly arising out of or in relation to use of Gift Voucher and redemption thereunder by the bearer. | Reliance reserves its right to modify/amend the terms and conditions of the Gift Voucher at any time without prior notice and such modifications shall be binding on the user/bearer of the Gift Voucher. | Any dispute with regard to Product liability, guarantee, warranty, and quality of the Products to be purchased under redemption of the Gift Voucher shall be addressed to the respective Manufacturer/ Brand Owner and Reliance shall not be held responsible/liable for the same. The guarantee and warranty of the Products shall be transferred, as received from the respective Manufacturer/Distributor. | In case of any issue faced by the Gift Voucher bearer, the Gift Voucher bearer can reach out to Customer service desk at the Stores or Customer Care at Toll free number 18008910001/18001027382 or Email at customerservice@ril.com. | For any Reliance Retail GV queries / issues related to receiving of the voucher, please reach out to customer care via gvhelpdesk.com or customer care toll free number 18001033314. | The Gift Voucher is binding for all applicable laws of India. | All disputes are subject to the jurisdiction of courts at Mumbai only.",2026-07-26
Milkbasket,Milkbasket,1004,https://www.maximize.money/gift-cards/Milkbasket/1004,active,Online,100 / 500 / 1000 / 2000,No,,4,1.5% off / 1.75% earn,0.25% off / 0.5% earn,,,,,UPI,1.5,Yes,Yes,Yes,Valid upto 12 Months from purchase,"Log in to the Milkbasket App, go to your wallet, select the amount of Gift Card you want to top-up, and click on “Recharge Once”. | Choose the GV/e-Pay option. And add pin only","This Milkbasket GV (Gift Voucher)/e-Pay can only be redeemed on the Milkbasket App. | This GV/e-Pay is to be used only by the individual to whom it is issued and is non-transferable. | This GV/e-Pay is not refundable and cannot be returned or redeemed for cash or credit. | If the order value exceeds the GV/e-Pay value, the difference must be paid by another payment option. | The e-Pay balance must be linked to the registered mobile number. | After conversion into e-Pay balance, this GV is valid for partial redemption. The balance would remain in the e-Pay balance and can be used for multiple transactions within the validity period. | Expired GV/e-Pay cannot be revalidated. | Milkbasket reserves the right to modify the terms and conditions for the GV/e-Pay without any prior notice or liability. | Milkbasket/GyFTR is not liable for lost, stolen, or destroyed GV/e-Pay and/or unauthorized usage of this GV/e-Pay. | If GV/e-Pay gets blocked on account of a technical issue, it will be enabled in 72 hours. | Any dispute should be referred to the company from which the Milkbasket GV/e-Pay has been received, and the company's decision shall be final. | Milkbasket/GyFTR reserves the right to withdraw, modify, cancel, or change the offer at any point without prior notice and at their sole discretion. | For any queries or issues related to GV/e-Pay, raise a request at https://www.gvhelpdesk.com.",2026-07-26
Assembly,Assembly,258,https://www.maximize.money/gift-cards/Assembly/258,active,Online,100 / 500 / 1000 / 2000 / 2500 / 5000 / 10000,No,,4,15.5% off / 16.25% earn,14.25% off / 15.0% earn,13.6% off / 14.35% earn,13.15% off / 13.9% earn,13.25% off / 14.0% earn,13.25% off / 14.0% earn,UPI,15.5,No,No,No,Valid for upto 6 months,"Select the product of your choice and add to cart. | On the checkout page enter your Gift Voucher code in the 'Discount Code' section. | Pending payment if any, can be settled using other available payment tender modes.",This is Assembly Insta Gift Voucher and would be accepted only at website https://assemblytravel.com | The person who has the Assembly GV Code is deemed to be the beneficiary. | The voucher CANNOT be reused in case of any cancellation on an order for which it was applied. | Get additional 5% off over and above the offer on UPI payments. | There is No minimum order value required for the use of the voucher. | Valid for all users and on all products. | This offer is valid for one time use. | This offer is only applicable sitewide. | The offer cannot be clubbed with any offers or promotions on the website.,2026-07-26
Bata,Bata,819,https://www.maximize.money/gift-cards/Bata/819,active,In-store,2000 / 2500 / 3000 / 4000 / 5000,No,,4,7.0% off / 10.0% earn,5.75% off / 8.75% earn,5.1% off / 8.1% earn,4.65% off / 7.65% earn,4.75% off / 7.75% earn,4.75% off / 7.75% earn,UPI,7.0,Yes,No,Yes,Valid for upto 6 months,Share your registered mobile number with the cashier after items are scanned. The cashier will check and inform the GV balance. | Confirm how much you want to redeem. Pay the remaining balance (if any) using other payment modes. | Cashier completes the billing process using the voucher.,"Valid at listed offline Bata stores (Not for online use). | Multiple GVs can be clubbed (up to ₹20,000) and added to your e-Pay wallet within 30 days. | GVs must be linked to a registered mobile number to convert into e-Pay. | GV/e-Pay cannot be transferred, exchanged for cash, or used across accounts. | Expired GVs/e-Pays cannot be revalidated. | Bata is not responsible for unauthorized use. | Block-out dates may apply; redemption is at Bata’s discretion. | If GVs are blocked for technical reasons, reactivation will occur within 72 hours. | For disputes, the issuing company’s decision is final.",2026-07-26
Resonate Router UPS,Resonate Router UPS,474,https://www.maximize.money/gift-cards/Resonate Router UPS/474,active,Online,250 / 500 / 1000 / 2500 / 5000,No,,4,10.0% off / 10.5% earn,8.75% off / 9.25% earn,8.1% off / 8.6% earn,7.65% off / 8.15% earn,7.75% off / 8.25% earn,7.75% off / 8.25% earn,UPI,10.0,No,No,No,Valid for upto 12 months,"Customer visits the webstore: https://www.resonate.store | Selects the desired merchandise | Proceeds to the checkout page | Chooses “Gift Card” as the payment method | Enters and submits the gift card details | Clicks the “Redeem” button | System validates the gift card and checks available balance | Customer is prompted with redemption confirmation | Upon confirmation, the invoice amount is adjusted with the redeemed value | If the bill exceeds the gift card value, the customer must pay the remaining balance using another payment method (credit/debit card, UPI, etc.)","This Gift Card is valid only on the Resonate website: https://www.resonate.store. | It cannot be redeemed at offline retail outlets, multi-brand stores, or marketplaces like Amazon, Flipkart, Paytm, etc. | The card is valid for 12 months from the date of activation. | Only one gift card can be redeemed per invoice. | No replacement or compensation will be given for lost, mutilated, or defaced gift cards. | The card is not legal tender and is not a replacement for a credit/debit card. | It cannot be exchanged for cash or cheque. | The holder of the card is deemed to be the beneficiary. | For any dispute or redemption issues, contact: care@resonate.store. The company's decision will be final. | All disputes are subject to the jurisdiction of courts in Bangalore only.",2026-07-26
LIONSGATE PLAY,LIONSGATE PLAY,881,https://www.maximize.money/gift-cards/LIONSGATE PLAY/881,active,Online,799 / 799,No,,,21.0% off / 21.25% earn,19.75% off / 20.0% earn,19.1% off / 19.35% earn,18.65% off / 18.9% earn,18.75% off / 19.0% earn,18.75% off / 19.0% earn,UPI,21.0,No,No,No,Valid upto 6 Months from purchase,Login through mobile at https://lionsgateplay.com/ | Choose payment method as Voucher to activate your account or subscription | Enter the voucher code and click on Continue | Lionsgate subscription will be activated successfully,"This is a Lionsgate Play GV (Gift Voucher)/GC (Gift Card) that will only be accepted on the website:lionsgateplay.com/paymentlanding & app. | To redeem, iOS users should visit https://lionsgateplay.com/paymentlanding, as Voucher redemption is not supported via iOS iPhone. | The person who has the GV/GC is deemed to be the beneficiary. | GV/GC is applicable for Indian users only. | GV/GC can be redeemed on the Lionsgate Play app by creating an account and applying the GV/GC code. | The GV/GC is one-time use only. | Multiple GV/GCs cannot be clubbed with ongoing offers. | Existing Lionsgate Play subscribers can redeem this GV/GC only after their current subscription expires. | Only a valid GV/GC at the sole discretion of Lionsgate Play shall be accepted for redemption. | The GV/GC CANNOT be revalidated once expired or canceled under any circumstances. | Lionsgate Play/Maximize is not responsible if the GV/GC is lost, stolen, or used without permission. | If GV/GC gets blocked on account of a technical issue, it will be enabled in 72 hours. | Lionsgate Play/Maximize reserves the right to withdraw, modify, cancel, or change the offer at any point without prior notice and at its sole discretion. | Lionsgate Play/Maximize is not responsible if the GV/GC is lost, stolen, or used without permission. | GV/GC is subject to more detailed Terms of Use available at: https://lionsgateplay.com/termsandconditions.",2026-07-26
Decathlon - Fixed,Decathlon - Fixed,268,https://www.maximize.money/gift-cards/Decathlon - Fixed/268,active,Online + In-store,500 / 1000 / 1500 / 2000 / 5000 / 10000,No,,4,4.0% off / 4.5% earn,2.75% off / 3.25% earn,2.1% off / 2.6% earn,1.65% off / 2.15% earn,1.75% off / 2.25% earn,1.75% off / 2.25% earn,UPI,4.0,Yes,No,No,Valid for upto 6 months,"Visit Decathlon website at [https://www.decathlon.in](https://www.decathlon.in) or visit Decathlon listed outlet. | Please share the voucher code with the cashier before billing. | Make your order and click on 'Proceed to Checkout'. On the payment page, select 'Have a Gift Card' option and enter the voucher code & PIN. You can make the balance payment by any other payment mode.","This is a Decathlon GV/GC (Gift Voucher/Gift Card) and it can be redeemed at all the listed stores, Decathlon mobile app, and at https://www.decathlon.in. | The holder of the GV/GC is deemed to be the beneficiary. | You can use up to 10 GV/GC or a max of Rs 10,000 on all platforms. | GV/GCs are non-refundable, may not be exchanged, transferred, or resold, and may not be redeemed for cash. | GyFTR/Decathlon is not responsible for lost, damaged, or stolen GV/GCs. | The E-Gift Card shall not be used for payment or settlement for third party products & services. | The GV/GC is valid for partial redemption. The balance would remain in the GV/GC till the validity period and can be reused for multiple transactions. | GyFTR/Decathlon India reserves the right to add, alter, amend, and revise the terms and conditions without prior notice, and without assigning any reasons. | Shipping charges will be applied as per the standard charges or promotions on the website at the time of redemption. | Any dispute related to the GV/GC should be referred to the issuing company and the decision of the issuing company shall be final. In case of any legal disputes, the courts in New Delhi shall have exclusive jurisdiction. | Decathlon reserves the right to deny accepting any GV/GC if it suspects that there is a duplicity of cards. | For any queries/issues related to GV/GC, please raise a request at https://www.gvhelpdesk.com.",2026-07-26
Yatra - 2000,Yatra - 2000,606,https://www.maximize.money/gift-cards/Yatra - 2000/606,active,Online,2000 / 2000,No,,,25.0% off / 25.25% earn,23.75% off / 24.0% earn,23.1% off / 23.35% earn,22.65% off / 22.9% earn,22.75% off / 23.0% earn,22.75% off / 23.0% earn,UPI,25.0,No,No,No,Valid for upto 6 months,"Visit https://www.yatra.com or open the Yatra mobile app. | Search and select your preferred flight. | Review your booking and enter passenger details. | Proceed to the payment page. | Select Gift Voucher as the payment method. | Enter the Gift Card number and redeem the voucher. | Pay the remaining amount, if any, using another payment method. | Complete the booking and receive your confirmation.","The Gift Card is valid only for flight bookings on the Yatra website and mobile app. | This is a one-time use Gift Card. | Only one Gift Card can be used per booking. | Unused balance, if any, will be forfeited after redemption. | The Gift Card cannot be clubbed with any other offer, discount, cashback, or promotion. | If the booking amount exceeds the Gift Card value, the balance must be paid separately. | The Gift Card cannot be revalidated once expired or cancelled. | In case of customer-initiated cancellation, the Gift Card value will be forfeited. | Gift Cards are non-refundable, non-transferable, and cannot be exchanged for cash. | Yatra is not responsible for lost, stolen, damaged, or unauthorized use of Gift Cards. | If a Gift Card is blocked due to technical issues, it may be reactivated within 72 hours. | Travel agents are not permitted to use these Gift Cards. | All disputes are subject to the jurisdiction of courts in Gurgaon, Haryana. | For support, raise a request at https://www.gvhelpdesk.com.",2026-07-26
Yatra - 500,Yatra - 500,1078,https://www.maximize.money/gift-cards/Yatra - 500/1078,active,Online,500 / 500,No,,,85.0% off / 85.25% earn,83.75% off / 84.0% earn,83.1% off / 83.35% earn,82.65% off / 82.9% earn,82.75% off / 83.0% earn,82.75% off / 83.0% earn,UPI,85.0,No,No,No,Valid for upto 6 months,"Visit https://www.yatra.com or open the Yatra mobile app. | Search and select your preferred flight. | Review your booking and enter passenger details. | Proceed to the payment page. | Select Gift Voucher as the payment method. | Enter the Gift Card number and redeem the voucher. | Pay the remaining amount, if any, using another payment method. | Complete the booking and receive your confirmation.","The Gift Card is valid only for flight bookings on the Yatra website and mobile app. | This is a one-time use Gift Card. | Only one Gift Card can be used per booking. | Unused balance, if any, will be forfeited after redemption. | The Gift Card cannot be clubbed with any other offer, discount, cashback, or promotion. | If the booking amount exceeds the Gift Card value, the balance must be paid separately. | The Gift Card cannot be revalidated once expired or cancelled. | In case of customer-initiated cancellation, the Gift Card value will be forfeited. | Gift Cards are non-refundable, non-transferable, and cannot be exchanged for cash. | Yatra is not responsible for lost, stolen, damaged, or unauthorized use of Gift Cards. | If a Gift Card is blocked due to technical issues, it may be reactivated within 72 hours. | Travel agents are not permitted to use these Gift Cards. | All disputes are subject to the jurisdiction of courts in Gurgaon, Haryana. | For support, raise a request at https://www.gvhelpdesk.com.",2026-07-26
Natural Salon 4K,Natural Salon 4K,1113,https://www.maximize.money/gift-cards/Natural Salon 4K/1113,active,In-store,4000,No,,4,16.75% off / 17.0% earn,15.5% off / 15.75% earn,14.85% off / 15.1% earn,14.4% off / 14.65% earn,14.5% off / 14.75% earn,14.5% off / 14.75% earn,UPI,16.75,Yes,No,No,Valid upto 12 Months from purchase,"Before Visiting the Salon | Log in to the Naturals Wallet Portal using your registered mobile number. | Verify your account using the OTP. | Complete your profile details. | Click Add Card and enter your Gift Card Number and PIN. | Add the Gift Card to your Naturals Wallet. | At the Salon | Visit any participating Naturals Salon. | Inform the cashier before availing the service that you will be using an E-Gift Card. | Share your registered mobile number and OTP at the billing counter. | If your bill exceeds the available Gift Card balance, pay the remaining amount using another payment method.","Pay ₹4,000 and enjoy services worth ₹5,000. | Valid for 365 days from the date of activation. | Redeemable against salon services at 700+ Naturals Salon outlets across India. | The Gift Card balance can be used until exhausted or until expiry. | Cannot be redeemed for cash or cheque. | If the bill exceeds the available balance, the difference must be paid using another accepted payment method. | Gift Card cannot be redeemed after expiry. | Lost, stolen, or misused Gift Cards will not be replaced. | Gift Cards are non-transferable and non-refundable once activated. | No returns or refunds are allowed on Gift Cards. | Gift Cards are generally delivered instantly but may take up to 24–48 hours due to technical issues. | Multiple discounts, vouchers, or promotional offers cannot be combined. | Naturals Salon reserves the right to amend the Terms & Conditions without prior notice. | All disputes are subject to the jurisdiction of Chennai courts.",2026-07-26
Natural Salon 10K,Natural Salon 10K,1075,https://www.maximize.money/gift-cards/Natural Salon 10K/1075,active,In-store,10000,No,,4,16.75% off / 17.0% earn,15.5% off / 15.75% earn,14.85% off / 15.1% earn,14.4% off / 14.65% earn,14.5% off / 14.75% earn,14.5% off / 14.75% earn,UPI,16.75,Yes,No,No,Valid upto 12 Months from purchase,"Log in to the Naturals Wallet portal using your registered mobile number. | Verify your account using the OTP received on your mobile. | Complete your profile details and add the Gift Card using the Card Number and PIN. | Visit any participating Naturals Salon outlet. | Inform the cashier about the Gift Card before availing services. | At billing, share your registered mobile number and OTP with the cashier. | If the bill amount exceeds the available voucher balance, pay the remaining amount using another payment method.","The E-Gift Card is activated after successful purchase and payment. | Valid for redemption at participating Naturals Salon outlets across India. | The Gift Card can be redeemed multiple times until the available balance is exhausted or the validity period expires. | Valid for 365 days from the date of activation. | Applicable on salon services at more than 700 Naturals Salon outlets. | No cash or cheque will be provided against the Gift Card balance. | If the bill value exceeds the Gift Card balance, the difference can be paid through any accepted payment method. | Expired Gift Cards cannot be redeemed. | Gift Cards are non-transferable and non-refundable once activated. | No returns or refunds are allowed on Gift Cards. | Multiple discounts, vouchers, or promotional offers cannot be combined. | Naturals Salon and Pine Labs are not responsible for lost, stolen, damaged, or misused Gift Cards. | Gift Card delivery is generally instant but may take up to 24–48 hours in case of technical delays. | Naturals Salon reserves the right to modify the terms and conditions without prior notice. | All disputes are subject to the jurisdiction of Chennai courts.",2026-07-26
Natural Salon 20K,Natural Salon 20K,1074,https://www.maximize.money/gift-cards/Natural Salon 20K/1074,active,In-store,20000,No,,4,16.75% off / 17.0% earn,15.5% off / 15.75% earn,14.85% off / 15.1% earn,14.4% off / 14.65% earn,14.5% off / 14.75% earn,14.5% off / 14.75% earn,UPI,16.75,Yes,No,No,Valid upto 12 Months from purchase,"Log in to the Naturals Wallet portal using your registered mobile number. | Verify your account using the OTP received on your mobile. | Complete your profile details and add the Gift Card using the Card Number and PIN. | Visit any participating Naturals Salon outlet. | Inform the cashier about the Gift Card before availing services. | At billing, share your registered mobile number and OTP with the cashier. | If the bill amount exceeds the available voucher balance, pay the remaining amount using another payment method.","The E-Gift Card is activated after successful purchase and payment. | Valid for redemption at participating Naturals Salon outlets across India. | The Gift Card can be redeemed multiple times until the available balance is exhausted or the validity period expires. | Valid for 365 days from the date of activation. | Applicable on salon services at more than 700 Naturals Salon outlets. | No cash or cheque will be provided against the Gift Card balance. | If the bill value exceeds the Gift Card balance, the difference can be paid through any accepted payment method. | Expired Gift Cards cannot be redeemed. | Gift Cards are non-transferable and non-refundable once activated. | No returns or refunds are allowed on Gift Cards. | Multiple discounts, vouchers, or promotional offers cannot be combined. | Naturals Salon and Pine Labs are not responsible for lost, stolen, damaged, or misused Gift Cards. | Gift Card delivery is generally instant but may take up to 24–48 hours in case of technical delays. | Naturals Salon reserves the right to modify the terms and conditions without prior notice. | All disputes are subject to the jurisdiction of Chennai courts.",2026-07-26
Victoria's Secret Beauty,Victoria's Secret Beauty,315,https://www.maximize.money/gift-cards/Victoria's Secret Beauty/315,active,In-store,500 / 1000 / 1500 / 2000 / 2500 / 3000 / 5000 / 7500 / 10000,No,,4,11.75% off / 12.25% earn,10.5% off / 11.0% earn,9.85% off / 10.35% earn,9.4% off / 9.9% earn,9.5% off / 10.0% earn,9.5% off / 10.0% earn,UPI,11.75,No,No,Yes,Valid for upto 6 months,Check the outlet locator for a store nearby you that accepts the Gift Voucher. | Choose your product. | Share your Gift Voucher at the time of billing & pay rest by cash or card if required.,"This Gift Voucher (GV)/e-Pay and would be accepted at Aldo, Charles & Keith, Call it Spring, Beverly Hills Polo Club, Inglot, Victoria's Secret, Victoria's Secret beauty , Bath & Body works & R&B stores only. | The holder of the GV/e-Pay is deemed to be the beneficiary. | The GV can be converted into e-Pay, as per convenience of the holder. | Multiple GVs can be clubbed and added to a e-Pay balance. | Only valid GVs/e-Pay, at the sole discretion of Apparel group, shall be accepted for redemption. | The e-Pay balance must be linked to the registered mobile number. | The e-Pay cannot be transferred to another e-Pay account, exchanged for cash, or any other form of currency. | GV/e-Pay cannot be revalidated once it expires. | Apparel group, GyFTR, or its affiliates shall not be responsible if the beneficiary shares the GV number or account credentials resulting in unauthorized use of the GV/e-Pay balance. | In case of a technical issue leading to the blockage of GV/e-Pay, it shall be reactivated within 72 hours. | Any dispute should be referred to the company from where the GV/e-Pay has been received, and the company's decision shall be final. | Apparel group or GyFTR may terminate or suspend Apparel group GV/e-Pay if any fraudulent or unauthorized activities are detected. | Apparel group or GyFTR reserves the right to modify or update the terms and conditions of the Apparel group GV/e-Pay at any time. | For any queries/issues related to GV/e-Pay, please raise a request at https://www.gvhelpdesk.com",2026-07-26
BPCL SmartDrive Fuel,BPCL SmartDrive Fuel,631,https://www.maximize.money/gift-cards/BPCL SmartDrive Fuel/631,active,In-store,100 / 250 / 500 / 750 / 1000 / 2000,No,,4,,,,,,,,,No,No,Yes,Valid for upto 12 months,"Step 1: Download the Hello BPCL app and sign up or sign in with your mobile number. Set up your MPIN or enter the MPIN to log in. On the Personal tab, select SmartDrive and register by providing all the required details. | Step 2: Click on the SmartDrive tab, go to the Rewards section, and click on ""Add a corporate gift voucher"". Enter the 16-digit fuel voucher code and proceed to recharge. The wallet balance will be updated. | Step 3: Visit any BPCL petrol pump and inform the fuel attendant that you will pay using SmartDrive. | Step 4: Provide the registered mobile number to the fuel attendant and authenticate the fuel purchase amount with the OTP. Fuel will be dispensed after verification.","This BPCL Fuel Voucher can be redeemed by adding it to SmartDrive in the HelloBPCL mobile application. Hello BPCL should be mapped to the registered mobile number. | The HelloBPCL mobile application is available in PlayStore/AppStore. | Only valid Fuel Vouchers at the sole discretion of BPCL shall be accepted for redemption towards SmartDrive wallet recharge of the customer. | Once the BPCL Fuel Voucher is added to SmartDrive, the payment against fuel can be done at any BPCL Retail Outlet by sharing the registered mobile number. No credit note or refund for the unused balance amount will be given. | This BPCL Fuel Voucher is valid against the purchase of Fuel only. 6.The holder of the Fuel Voucher is deemed to be the beneficiary. | Multiple Fuel Vouchers can be added to SmartDrive and partially balance can be used from smart drive wallet. | There are no restrictions or limits on the number of GV/GCs that can be added to a Smart Drive wallet within a day or month. The maximum amount a customer can use from their Smart Drive wallet in a day is Rs. 6,000 and the monthly limit is Rs. 20,000. | This Fuel Voucher cannot be converted into cash for either full value or the unutilized portion. | BPCL/Maximize shall neither replace the Fuel Voucher nor refund cash in case the voucher code is deleted/lost. Disputes if any should be referred to BPCL and the decision of BPCL regarding the quantity and quality of fuel sold against Fuel Voucher will be final. | The sale of Fuel to the end consumer is subject to BPCL terms and conditions. | Fuel Vouchers cannot be revalidated once expired. | BPCL is not responsible for the beneficiary sharing the Fuel Voucher number and the voucher getting redeemed on that account. | It is the absolute and sole discretion of Bharat Petroleum Corporation Ltd. to accept or reject the request for a Fuel Voucher. | Once issued, the Fuel Voucher cannot be cancelled. No returns and no refunds on fuel vouchers will be entertained. | Any Government levies/taxes like Sales Tax, TDS, Gift Tax, Income tax, any Local Tax, etc. arising out of the same will have to be borne by the one requesting for issuance of the Fuel Voucher and the one receiving the Fuel Voucher. | These Terms and Conditions shall be governed by and construed in accordance with the laws of the Republic of India and the Mumbai High Court in the City of Mumbai alone shall have jurisdiction to entertain any dispute or other proceedings arising out of these terms and conditions.",2026-07-26
BrainGymJr Gift Voucher,BrainGymJr Gift Voucher,502,https://www.maximize.money/gift-cards/BrainGymJr Gift Voucher/502,active,Online,199 / 499 / 799 / 1499,No,,4,13.75% off / 14.0% earn,12.5% off / 12.75% earn,11.85% off / 12.1% earn,11.4% off / 11.65% earn,11.5% off / 11.75% earn,11.5% off / 11.75% earn,UPI,13.75,No,No,No,Valid for upto 6 months,Visit BrainGymJr.com or the Android App | Sign up and enter your voucher code | Choose the matching plan for your voucher,Valid only for BrainGymJr Plan subscriptions on https://www.BrainGymJr.com or their Android app | Single-use only - cannot be reloaded or used in parts | Cannot be clubbed with any other offer or exchanged for cash/credit | Valid for 6 months from the date of issue | No duplicate voucher will be issued if lost or stolen | User is solely responsible for voucher safety and use | The voucher will be tagged to the subscriber's account post-redemption | BrainGymJr reserves the right to modify T&Cs without notice,2026-07-26
ALDO,ALDO,308,https://www.maximize.money/gift-cards/ALDO/308,active,In-store,500 / 1000 / 1500 / 2000 / 2500 / 3000 / 5000 / 7500 / 10000,Yes,100-10000,4,11.75% off / 12.25% earn,10.5% off / 11.0% earn,9.85% off / 10.35% earn,9.4% off / 9.9% earn,9.5% off / 10.0% earn,9.5% off / 10.0% earn,UPI,11.75,Yes,Yes,Yes,Valid for upto 6 months,Check the outlet locator for a store nearby you that accepts the Gift Voucher. | Choose your product. | Share your Gift Voucher at the time of billing & pay rest by cash or card if required.,"This Gift Voucher (GV)/e-Pay and would be accepted at Aldo, Charles & Keith, Call it Spring, Beverly Hills Polo Club, Inglot, Victoria's Secret, Victoria's Secret beauty , Bath & Body works & R&B stores only. | The holder of the GV/e-Pay is deemed to be the beneficiary. | The GV can be converted into e-Pay, as per convenience of the holder. | Multiple GVs can be clubbed and added to a e-Pay balance. | Only valid GVs/e-Pay, at the sole discretion of Apparel group, shall be accepted for redemption. | The e-Pay balance must be linked to the registered mobile number. | The e-Pay cannot be transferred to another e-Pay account, exchanged for cash, or any other form of currency. | GV/e-Pay cannot be revalidated once it expires. | Apparel group, GyFTR, or its affiliates shall not be responsible if the beneficiary shares the GV number or account credentials resulting in unauthorized use of the GV/e-Pay balance. | In case of a technical issue leading to the blockage of GV/e-Pay, it shall be reactivated within 72 hours. | Any dispute should be referred to the company from where the GV/e-Pay has been received, and the company's decision shall be final. | Apparel group or GyFTR may terminate or suspend Apparel group GV/e-Pay if any fraudulent or unauthorized activities are detected. | Apparel group or GyFTR reserves the right to modify or update the terms and conditions of the Apparel group GV/e-Pay at any time. | For any queries/issues related to GV/e-Pay, please raise a request at https://www.gvhelpdesk.com",2026-07-26
Allen Solly,Allen Solly,589,https://www.maximize.money/gift-cards/Allen Solly/589,active,In-store,1000 / 2000 / 5000 / 10000 / 1000,Yes,500-10000,,3.0% off / 3.1% earn,1.75% off / 1.85% earn,1.1% off / 1.2% earn,0.65% off / 0.75% earn,0.75% off / 0.85% earn,0.75% off / 0.85% earn,UPI,3.0,No,No,Yes,Valid for upto 12 months,"Visit the outlet near you. | Before making the purchase, confirm the acceptance of the Gift Card at the store. | Choose the products you would like to buy. | Show your Gift Card details to the cashier at the time of billing and pay any balance amount by cash or card.","This EGC shall have a validity period of 1 year from the date of issuance. | This E-Gift Card can be used across all Allen Solly stores only. | This E-Gift Card can be redeemed just once. | This E-Gift Card is not valid until activated at a participating Allen Solly store. | This Gift Card / E-Gift Card can be redeemed only at selected outlets. | This E-Gift Card is solely for the purchase of merchandise at participating Allen Solly exclusive stores only. | Please present this card to the customer representative before billing. | Protect the card number and PIN to avoid misuse. If the card is lost or stolen, it cannot be replaced or refunded. | E-Gift Cards are normally delivered instantly, but due to system issues, delivery may be delayed up to 24 hours.",2026-07-26
Aliste,Aliste,487,https://www.maximize.money/gift-cards/Aliste/487,active,Online,500 / 1000 / 1500 / 2000 / 3000 / 5000,Yes,100-10000,4,,,,,,,,,No,No,No,Valid for upto 6 months,"Visit subscription.alistetechnologies.com and select your house type. | Choose the degree of automation required (Basic, Advanced, etc.). | Select your billing cycle. | Fill in all necessary details. Review the plan and click “Enter details & pay ₹300”. | Enter your voucher code, redeem the value, pay any balance, and Aliste’s team will contact you within 48 hours to schedule installation.","This Gift Voucher/Gift Card (GV/GC) is valid only on subscription.alistetechnologies.com. | The holder of the GV/GC is considered the beneficiary. | Once activated, the membership is non-transferable. | GV/GCs are not for resale and cannot be redeemed for cash. | Aliste is not liable for lost, stolen, or unauthorized use of the GV/GC. | Only one GV/GC can be used per subscription. | This GV/GC is valid for one-time use only and has an expiration date. | Expired or cancelled GV/GCs cannot be revalidated under any circumstances. | This GV/GC cannot be combined with any ongoing offers on the website. | Aliste may modify, withdraw, or cancel the offer at any time without prior notice. | For any queries or issues, visit https://www.gvhelpdesk.com.",2026-07-26
Decathlon,Decathlon,387,https://www.maximize.money/gift-cards/Decathlon/387,active,Online + In-store,500 / 1000 / 2000 / 5000 / 10000,Yes,250-10000,4,4.0% off / 5.1% earn,2.75% off / 3.85% earn,2.1% off / 3.2% earn,1.65% off / 2.75% earn,1.75% off / 2.85% earn,1.75% off / 2.85% earn,UPI,4.0,Yes,No,Yes,Valid for up to 12 months from date of issue.,Make your selection and add products to the cart (online or offline). | Enter the gift card and PIN on the payments page. | Proceed to checkout.,"The E-Gift Cards can be redeemed at Decathlon Sports India's website, app, or in any Decathlon store within India. | The E-Gift Card shall not be used for payment or settlement for third-party products and services. | Validity of E-Gift Cards is 1 year from the date of issue, and any balance will be forfeited after expiry. | E-Gift Cards can be redeemed on one or more occasions up to the value of the card or until it expires. | If the invoice value exceeds the E-Gift Card value, the balance amount can be paid through other available payment methods. | E-Gift Cards are non-refundable and cannot be exchanged for cash. | Decathlon Sports India Pvt. Ltd. reserves the right to amend these terms and conditions at any time without prior notice.",2026-07-26
PVR,PVR,553,https://www.maximize.money/gift-cards/PVR/553,active,Online,200 / 500 / 1000 / 2000 / 5000,Yes,100-5000,4,24.0% off / 24.25% earn,22.75% off / 23.0% earn,22.1% off / 22.35% earn,21.65% off / 21.9% earn,21.75% off / 22.0% earn,21.75% off / 22.0% earn,UPI,24.0,Yes,Yes,Yes,Valid for upto 12 months,"Visit the PVR INOX website or mobile app. | Select your preferred movie, showtime, and seats. | Proceed to the payment page. | Choose Gift Card as the payment method. | Enter the Gift Card Number and PIN. | Apply the Gift Card balance. | Pay any remaining amount using another payment method, if required. | Complete the booking and enjoy your movie.","Gift Card is valid for 12 months from the date of purchase/activation. | Redeemable on PVR INOX websites and mobile applications. | Can be used for movie tickets and food & beverage purchases, subject to availability. | Partial redemption is allowed. | Multiple Gift Cards can be used in a single transaction. | Remaining balance can be used until expiry. | This gift card is not valid for any bundle offers available on PVR or INOX. | Gift Cards cannot be exchanged for cash or refunded. | Lost, stolen, misused, or expired Gift Cards will not be replaced. | Gift Cards cannot be used to purchase another Gift Card. | Once purchased, Gift Cards cannot be cancelled or refunded. | PVR INOX reserves the right to modify terms and conditions without prior notice. | Certain PVR/INOX properties may be excluded from redemption.",2026-07-26
Cinepolis,Cinepolis,570,https://www.maximize.money/gift-cards/Cinepolis/570,active,Online,200 / 500 / 1000 / 2000 / 5000,Yes,100-5000,4,25.0% off / 25.25% earn,23.75% off / 24.0% earn,23.1% off / 23.35% earn,22.65% off / 22.9% earn,22.75% off / 23.0% earn,22.75% off / 23.0% earn,UPI,25.0,Yes,No,No,Valid for upto 12 months,"Visit https://cinepolisindia.com or open the Cinepolis Mobile App. | Select your city, movie, cinema, show date, show time, and seats. | Enter your email ID and mobile number to receive booking confirmation. | On the payment page, select Gift Card as the payment option. | Enter your Gift Card Number and PIN. | If the ticket value exceeds the Gift Card balance, pay the remaining amount using another available payment method. | Complete the booking and present the confirmation email/SMS at the cinema for entry.","Redeemable only on the Cinepolis website and Cinepolis Mobile App. | Valid only for movie ticket bookings. | Applicable only at participating Cinepolis cinemas listed on Cinepolis digital channels. | Movie tickets are subject to seat and show availability. | Only one Gift Card can be used per transaction. | If the booking amount exceeds the Gift Card balance, the remaining amount can be paid using another payment method. | Tickets purchased using the Gift Card are non-cancellable, non-refundable, and non-exchangeable. | Booking confirmation received via Email/SMS must be presented at the cinema for entry. | Cinepolis India reserves the right to modify the terms and conditions without prior notice. | Participation in the Gift Card program is voluntary. | All bookings are also subject to the general Cinepolis Terms & Conditions.",2026-07-26
Zomato,Zomato,36,https://www.maximize.money/gift-cards/Zomato/36,active,Online,1000 / 2000 / 5000 / 10000,Yes,500-10000,4,1.75% off / 1.9% earn,0.5% off / 0.65% earn,,,,,UPI,1.75,Yes,Yes,Yes,Valid for upto 12 months,Add items to your cart on the Zomato app or website. | Proceed to checkout and select 'Gift Card' as the payment option. | Enter the Gift Card details to redeem. | Complete the transaction.,"Redeemable only on the Zomato app or website. | Valid for ordering food and beverages only. | Cannot be redeemed for cash or credit. | Non-transferable and valid for a specified period. | Balance remains until fully utilized or expired. | Effective 1st July 2025, Zomato Money can be used only to pay for food delivery orders and not dining bills on Zomato.",2026-07-26
Marriott Hotels India,Marriott Hotels India,551,https://www.maximize.money/gift-cards/Marriott Hotels India/551,active,In-store,2000 / 5000 / 10000,Yes,1000-10000,4,7.75% off / 8.0% earn,6.5% off / 6.75% earn,5.85% off / 6.1% earn,5.4% off / 5.65% earn,5.5% off / 5.75% earn,5.5% off / 5.75% earn,UPI,7.75,No,No,No,Valid for upto 12 months,Register & Activate your card via: SMS: Send ACT <CardNumber> <CardPin> <FirstName> <LastName> to 7045379388 | Web Activation Link can be found here - https://marriotthotelsindiagcbal.qwikcilver.com/QwikCilver/sclp.ssa/welcome.aspx?orgname=Marriott%20Hotels%20India | Visit any participating Marriott hotel in India. | Present the original email/SMS gift card at billing. | One-time use only; ensure the entire value is redeemed in a single transaction.,"Accepted only at listed Marriott hotels in India. | One-time use. Partial redemption not allowed. | Cannot be used for: Advance purchases, F&F rates, group bookings, or third-party payments. | Card must be registered to be eligible for support/blocking in case of issues. | Valid for 12 months from date of activation. | Not reloadable and non-refundable. Multiple cards cannot be combined. | If purchase exceeds card value, pay balance via card/cash. | Participating Hotel List can be viewed here - https://www.qwikcilver.com/terms-and-conditions/marriott-hotels/ | Expired cards may be revalidated only upon request.",2026-07-26
Donatekart,Donatekart,381,https://www.maximize.money/gift-cards/Donatekart/381,active,Online,200 / 500 / 1000 / 2000 / 5000 / 10000,Yes,100-10000,4,3.75% off / 4.0% earn,2.5% off / 2.75% earn,1.85% off / 2.1% earn,1.4% off / 1.65% earn,1.5% off / 1.75% earn,1.5% off / 1.75% earn,UPI,3.75,No,No,No,Valid for upto 12 months,"Copy the coupon code of the Donatekart Gift Card received via email. | Visit any campaign page on Donatekart.com. | Add products and proceed to checkout. | Use the ‘Redeem Gift Card' option on the checkout page and paste the coupon code, then click ‘Apply'. | Proceed to payment and complete the transaction.","The Gift Card can be redeemed online to donate on crowdfunding site donatekart.com operated by Pratyarpana Services Pvt Ltd. | The Gift Cards cannot be used to purchase other Gift Cards. | The Gift Card once purchased cannot be cancelled, refunded, or returned. | Recipient email can be modified only by sending an email to info@donatekart.com; changes may take 48-72 hours. | If the donation value exceeds the Gift Card amount, the balance must be paid by other payment methods. | The donation value must be equal to or greater than the card value to complete the transaction successfully. | Only one Gift Card can be redeemed per transaction. | Gift Cards expire 365 days from the time of issue; unused balance will be forfeited. | Unused balance cannot be transferred to another Gift Card. | Donatekart.com and Qwikcilver are not responsible for unauthorized use of the card. | Donatekart reserves the right to cancel fraudulently obtained Gift Cards and credit funds back to the source. | Donatekart does not guarantee services/products will be free from interruptions, errors, bugs, viruses, or security problems. | You are solely responsible for maintaining the secrecy of the Gift Card activation code. | Validity of Gift Cards will not be extended; new cards cannot be issued against expired or unused cards. | Gift Cards cannot be reloaded or resold. | E-Gift Cards are normally delivered instantly via email but may be delayed up to 48-72 hours due to system issues.",2026-07-26
Cleartrip,Cleartrip,377,https://www.maximize.money/gift-cards/Cleartrip/377,active,Online,500 / 1000 / 1500 / 2000 / 2500 / 3000 / 5000 / 7500,Yes,500-10000,4,6.75% off / 6.9% earn,5.5% off / 5.65% earn,4.85% off / 5.0% earn,4.4% off / 4.55% earn,4.5% off / 4.65% earn,4.5% off / 4.65% earn,UPI,6.75,Yes,No,No,Valid for upto 12 months,To redeem this gift card on https://www.cleartrip.com enter the 16 digit Gift card number and 6 digit pin before making payment | Up to 15 gift cards can be used in a single transaction. | Validity is available for a period of 12 months from the date of purchase,"Cleartrip Gift Cards (Gift Cards) are issued by Pine Labs Pvt. Ltd. ('Pine Labs'), a private limited company incorporated under the laws of India, and is authorized by the Reserve Bank of India ('RBI') to issue such Gift Cards. The Gift cards are issued under the brand name of Qwikcilver and by purchasing the e-Gift Card(s), you accept these Terms and Conditions. | The Gift Cards can be redeemed online against bookings of Flights on [https://www.cleartrip.com] (http://www.cleartrip.com) or Cleartrip Mobile App only. Gift Cards can be used for booking Flights only on desktop/laptop on [https://www.cleartrip.com](http://www.cleartrip.com). | Gift Cards can be purchased on the Platform using Credit Card, Debit Card, UPI, and Net Banking only. | Gift Cards once purchased cannot be cancelled, unless expressly allowed by Cleartrip. | Gift Cards cannot be combined with any other offers including cashback, discounts, etc. on a particular credit/debit card. | Any balance amount left on used Gift Cards can be reused within the validity period. | Gift Cards are valid for 12 months from the date of issuance. | The cardholder may request revalidation of expired Gift Cards, subject to verification and additional terms. | Maximum amount per Gift Card cannot exceed Rs. 10,000. | Cleartrip is not responsible if the Gift Card is lost, stolen, or used without permission. Gift Cards cannot be re-issued or PIN reset. | Gift Cards cannot be replaced, refunded, or exchanged for cash. | If order value exceeds Gift Card amount, the balance must be paid by Credit Card, Debit Card, UPI, Net Banking, or other applicable mode. | If order value is less than Gift Card amount, the remaining balance stays in the same Gift Card for future transactions. | Convenience fee applies for all Gift Card bookings as applicable for any payment method. | In case of transaction failures after Gift Card use, amount is refunded automatically to the same card as per Cleartrip terms. | Cleartrip may deny accepting any Gift Card suspected of fraud or duplicity. | Products and services are subject to availability and Cleartrip platform terms of use. | Cleartrip's liability for claims arising from Gift Card purchase or usage shall not exceed the Gift Card value. | Users are responsible for confidentiality of Gift Card pin and number. Misuse or unauthorized disclosure may result in booking cancellations without liability to Cleartrip. | Gift Cards are for individual use only. Use by travel agents will lead to cancellation and no refund. | A maximum of 15 Gift Cards can be combined in a single booking for Hotels/Flights. | Gift Card balance and transactions can be viewed at [https://cleartripgcbal.qwikcilver.com/QwikCilver/sclp.ssa/welcome.aspx?orgname=Cleartrip] (https://cleartripgcbal.qwikcilver.com/QwikCilver/sclp.ssa/welcome.aspx?orgname=Cleartrip) | Credit and Debit Cards issued outside India cannot be used to purchase Gift Cards. | Gift Cards cannot be used to purchase other Gift Cards, redeemed for cash or credit, reloaded, or resold. | Offers on Gift Cards including bank offers and instant cashbacks may be withdrawn at Cleartrip/Pine Labs' discretion. | Gift Cards are subject to RBI and statutory guidelines. Cleartrip may request ID proof as required by law and may suspend or terminate Gift Cards if documents are not provided, without liability for forfeited balance. | Pine Labs/Cleartrip may cancel Gift Cards purchased fraudulently or with incorrect KYC details. Funds may be credited back to the original source. | Cleartrip reserves the right to change or revise terms and conditions. Users must update themselves on these at the time of use. | Gift Cards are prepaid payment instruments regulated by RBI. Cleartrip/Pine Labs may share purchaser/redeemer KYC and transaction info with RBI or authorities as required. | No fees or charges are associated with Gift Card purchase. | Dispute resolution follows Cleartrip's Customer Grievance policy at [https://www.qwikcilver.com/grievance-policy/] (https://www.qwikcilver.com/grievance-policy/) and phone +91 95 95 333 333. | Any disputes related to Gift Cards are subject to Bangalore jurisdiction. | By purchasing this gift voucher, you consent to sharing your PII (Name, Email ID, Telephone Number if available) with the issuer (PineLabs) as per PPI guidelines.",2026-07-26
CGH Earth,CGH Earth,894,https://www.maximize.money/gift-cards/CGH Earth/894,active,Online,20000 / 50000 / 100000,Yes,10000-100000,4,12.75% off / 13.0% earn,11.5% off / 11.75% earn,10.85% off / 11.1% earn,10.4% off / 10.65% earn,10.5% off / 10.75% earn,10.5% off / 10.75% earn,UPI,12.75,Yes,No,No,Valid upto 12 Months from purchase,"To redeem the gift card, we request you to kindly contact our Holiday Consultants via call at: +91 75940 12555 or e-mail at: bookings@cghearth.com","To redeem the gift card, we request you to kindly contact our Holiday Consultants via call at: +91 75940 12555 or e-mail at: bookings@cghearth.com | CGH Earth Experience Gift Cards are issued by Hotel & Allied Trades Private Limited, hereinafter referred to as CGH Earth/the company. | CGH Earth Experiences Gift Cards can be purchased for a minimum value of ₹10,000 and maximum value of ₹1,00,000 per transaction. | Gift Card may be used only at the participating CGH Earth properties. To view the list, please click: https://www.cghearth.com/gift-card/ | To check balance and validity, please click: https://cghearth.woohoo.in/en-gb/CheckBalance | For prepaid room reservations at CGH Earth properties, the gift card number and PIN must be quoted when making the reservation. Standard cancellation policies would apply for such bookings. | CGH Earth Experience Gift Cards are valid for 365 days from the date of issuance. | Multiple transactions can be performed on the CGH Earth Experience Gift Cards until the value of the gift card is exhausted. | CGH Earth Experience Gift Card balance may be redeemed for spends only towards room bookings on prior reservation basis. CGH Earth Experiences Gift Cards cannot be used for settling the bills of Food & Beverages, Ayurveda or any other spends at the property. | Should your booking value exceed the balance on CGH Earth Experience Gift Cards, the differential amount of such purchase may be paid through a secured payment gateway, at the time of making such a booking. | A valid CGH Earth Experience Gift Card in its original form or e-mail must be presented at the time of check-in at the hotel. | CGH Earth Experience Gift Cards shall not be valid for use at any other service establishment or for withdrawal of cash. | No refund, replacement or cash back would be considered against the CGH Earth Experience Gift Cards. Once a CGH Earth Experience Gift Card is issued, the company would not be able to consider any request for cancellation. Any defaced, torn, altered, spoiled or cancelled card is deemed invalid and shall not be accepted. | CGH Earth Experience Gift Card are cash equivalent bearer cards. The company is not responsible for lost or stolen cards and will not replace the same. | Persons purchasing CGH Earth Experience Gift Card or similar products from an unauthorized seller or platform do so at their own risk and consequences; CGH Earth shall not be responsible or liable in respect of any claims or loss/damage caused to any person in any manner whatsoever in relation to CGH Earth Experiences Gift Card or similar products purchased from such unauthorized sellers or platforms. In case of query, please reach out to CGH Earth’s Holiday Consultants at: +91 75940 12555 or e-mail us at: bookings@cghearth.com | Redemption of the CGH Earth Experiences Gift Card by its bearer shall be valid discharge of the company's liabilities in respect of the gift card. | Any dispute needs to be referred to Hotel & Allied Trades Private Limited and the decision of the company shall be final. | The CGH Earth Experiences Gift Card is subject to applicable laws. The company, purchaser and the card bearer shall comply with all applicable laws promulgated by any statutory/judicial/competent authority from time to time in this regard. | Any further dispute related to the card shall be subject to the exclusive jurisdiction of the courts at Kochi. | Sale or trade of CGH Earth Experiences Gift Card is strictly prohibited by any third party or platform. | The company reserves the right to amend these terms and conditions from time to time. Any change in these terms and conditions can be viewed on our website.",2026-07-26
EaseMyTrip Hotel,EaseMyTrip Hotel,484,https://www.maximize.money/gift-cards/EaseMyTrip Hotel/484,active,Online,1000 / 2000 / 5000 / 10000 / 20000 / 50000,Yes,500-50000,3,10.0% off / 10.25% earn,8.75% off / 9.0% earn,8.1% off / 8.35% earn,7.65% off / 7.9% earn,7.75% off / 8.0% earn,7.75% off / 8.0% earn,UPI,10.0,Yes,No,Yes,Valid for upto 12 months,"Visit - https://easemytrip.com | Select your desired hotel and proceed with the booking. | Fill in the required details and click on “Continue to Payment”. | In the payment mode section, select “Gift Card”. | Enter your e-gift voucher number and PIN. | Click on “Make the Payment” to complete the transaction. | To check the balance available on your voucher, visit: https://www.easemytrip.com/giftcard/checkbalance","Gift cards are valid for booking Hotels (Domestic/International) only at https://www.easemytrip.com. | Vouchers can be used multiple times within the validity period until the balance is exhausted. | A maximum of three gift cards can be applied in a single transaction. | The validity of the gift card is 12 months from the date of issuance. | The unique voucher number must be applied/quoted at the time of booking to avail the benefits. | Any convenience fee, processing fee, excess tour cost, or applicable government taxes must be paid during booking (if the package cost exceeds the voucher value). | If a voucher is lost or stolen, EaseMyTrip is not liable for replacement or compensation. | Vouchers cannot be combined with any other ongoing offer, discount, cashback, or promotion by EaseMyTrip. | If the purchase is less than the voucher value, the discount will be capped at the purchase amount and the balance remains for future use. | If the purchase is more than the voucher value, the remaining amount must be paid using net banking, debit/credit card, or mobile wallet. | Booking confirmation is subject to availability and governed by EaseMyTrip’s standard terms & conditions. | EaseMyTrip is not responsible for fare/tariff differences between the redemption date and the actual booking date. | The voucher cannot be exchanged for cash or change. | In case of booking cancellations, the voucher amount will be forfeited and not refunded.",2026-07-26
EaseMyTrip Holiday,EaseMyTrip Holiday,574,https://www.maximize.money/gift-cards/EaseMyTrip Holiday/574,active,Online,1000 / 2000 / 5000 / 10000 / 20000 / 50000,Yes,500-50000,4,12.25% off / 12.5% earn,11.0% off / 11.25% earn,10.35% off / 10.6% earn,9.9% off / 10.15% earn,10.0% off / 10.25% earn,10.0% off / 10.25% earn,UPI,12.25,Yes,No,Yes,Valid for upto 12 months,"Visit EaseMyTrip.com or contact their holiday package booking service. | Choose your preferred holiday package. | While finalizing the booking, apply or quote your unique gift card/voucher code. | If the cost exceeds the voucher value, pay the balance via standard payment modes (UPI/card/net banking). | The balance (if any) on the gift card will remain usable until it expires or is exhausted.","Gift cards are valid only for booking Holiday packages at EaseMyTrip.com. | Gift cards are valid for 12 months from the date of issuance. | A maximum of 3 gift cards can be used in a single transaction. | Gift cards can be used multiple times until the balance is fully exhausted. | To redeem, the unique voucher number must be quoted at the time of booking. | Convenience/processing fees, taxes, or any excess tour cost must be paid separately if applicable. | Lost or stolen vouchers will not be replaced or compensated. | Gift cards cannot be combined with any other offer, cashback, discount, or promotion. | If the booking amount is less than the voucher value, the remaining balance remains valid for future use. | If the booking amount is more than the voucher value, the remaining amount can be paid via Net Banking, credit/debit card, or wallet. | All bookings are subject to availability and EaseMyTrip's standard booking terms. | EaseMyTrip is not responsible for any fare/tariff differences between redemption and booking time. | No cashback or exchange in any form is allowed. | In case of cancellation, voucher amount is forfeited and non-refundable. | View T&Cs online: https://woohoo-web.app.link/e/TyWKsSnPkTb",2026-07-26
EaseMyTrip,EaseMyTrip,384,https://www.maximize.money/gift-cards/EaseMyTrip/384,active,Online,1000 / 2000 / 5000 / 10000 / 20000 / 50000,Yes,500-50000,4,7.25% off / 7.3% earn,6.0% off / 6.05% earn,5.35% off / 5.4% earn,4.9% off / 4.95% earn,5.0% off / 5.05% earn,5.0% off / 5.05% earn,UPI,7.25,Yes,No,No,Valid for 12 months from date of issue.,"Visit the EaseMyTrip website or mobile app. | Select your desired Flight, Hotel, or Holiday package. | Enter the required booking details and proceed to checkout. | Select Gift Card as the payment method. | Enter the 16-digit Gift Card number and PIN. | Click Redeem to apply the Gift Card value. | If the booking amount exceeds the Gift Card balance, pay the remaining amount using another payment method. | Complete the payment and confirm your booking.","Gift Cards can be redeemed only for Flights, Hotels, and Online Holiday bookings on the EaseMyTrip website and app. | Valid for 12 months from the date of issuance. | Up to 3 Gift Cards can be combined in a single booking. | Unused balance can be reused multiple times within the validity period. | If the booking amount exceeds the Gift Card value, the remaining balance must be paid through another payment method. | If the booking amount is lower than the Gift Card value, the remaining balance stays on the same Gift Card for future use. | Cannot be clubbed with other offers, discounts, cashback offers, or bank promotions. | Cannot be cancelled once purchased. | Cannot be exchanged for cash, credit, or another Gift Card. | Cannot be reloaded or resold. | Convenience fees are applicable and must be paid separately. | For flight bookings, convenience fees cannot be paid using the Gift Card. | In case of transaction failure, the amount is automatically refunded to the same Gift Card as per EaseMyTrip policies. | EaseMyTrip is not responsible for lost, stolen, or unauthorized use of Gift Cards. | Gift Cards are for individual use only; travel agents are not permitted to use them. | Credit and Debit Cards issued outside India cannot be used to purchase Gift Cards. | EaseMyTrip reserves the right to deny redemption in cases of suspected fraud or duplicate Gift Cards. | Terms & Conditions may be revised without prior notice.",2026-07-26
Planet Fashion,Planet Fashion,905,https://www.maximize.money/gift-cards/Planet Fashion/905,active,In-store,250 / 500 / 1000 / 1500 / 2000 / 2500 / 3000 / 5000 / 7500 / 9999,Yes,100-50000,4,3.0% off / 3.1% earn,1.75% off / 1.85% earn,1.1% off / 1.2% earn,0.65% off / 0.75% earn,0.75% off / 0.85% earn,0.75% off / 0.85% earn,UPI,3.0,No,No,No,Valid for upto 6 months,Visit the outlet near you. | Before making the purchase confirm about the acceptance of Gift Card at the store. | Choose the products you would like to buy. | Show your Gift Card details to the cashier at the time of billing & pay any balance amount by cash or card.,"This E- Gift Card is solely for the use of purchasing merchandise at selected stores of Planet Fashion. | Please present the print out of this E- Gift Card to the customer relationship officer prior to billing or when you want to redeem the card. | This E- Gift Card can be redeemed only once. | This E- Gift Card is not valid until activated. | This E- Gift Card has to be used completely. Partial payment if done, the balance cannot be re-used. | If the E- Gift Card No & PIN is lost or stolen, neither a new card will be issued nor will the money be refunded. | E- Gift Cards are normally delivered instantly. But sometimes due to system issues, the delivery can be delayed up-to 24 hours. | No returns and no refunds on gift cards, E- gift cards and gift vouchers shipped by woohoo.in. Please check the refund policy at http://www.woohoo.in/faq for further details.",2026-07-26
Nykaa Fashion,Nykaa Fashion,340,https://www.maximize.money/gift-cards/Nykaa Fashion/340,active,Online + In-store,250 / 500 / 1000 / 1500 / 2500 / 5000 / 7500 / 10000,Yes,250-10000,4,6.0% off / 6.1% earn,4.75% off / 4.85% earn,4.1% off / 4.2% earn,3.65% off / 3.75% earn,3.75% off / 3.85% earn,3.75% off / 3.85% earn,UPI,6.0,No,No,Yes,Valid for upto 12 months,This Nykaa E Gift Card is redeemable on the online ecommerce platforms of Nykaa group entities to include Nykaacom NykaaMancom NykaaFashioncom and used at Nykaa Retail stores Lux and On Trend formats | Select the items you want to purchase and proceed to check out | Choose Gift Card as the payment mode | Enter your Card Number and PIN The Gift Card amount will be deducted from the payable amount | Pay any balance amount using available payment modes,NykaaGift Card is issued by Pine Labs Pvt Ltd Pine Labs Pvt Ltd Pine Labs is a private limited company incorporated under the laws of India and is authorised by the Reserve Bank of India RBI to issue such Gift Cards | The Gift cards are issued under the brand name of Qwikcilver By purchasing the Gift Card s either online or offline you Cardholder are agreeing to and accept these Terms Conditions Your use redeem purchase or receipt of the Gift Cards shall be deemed to be your understanding of and agreement to each of the terms and conditions set forth below | For individual retail customers Gift Cards can be purchased using the following payment modes only Credit Card Debit Card Net Banking and UPI | There is no fee or other charges associated with Gift Card purchase or redemption | Gift cards can be issued gifted to the recipient as per the issuance process as provided on httpswwwnykaacomgiftcardlist The value of the gift card is not further transferable to any other account or to any bank account Additionally Gift Cards can be purchased offline through Nykaa Retail Stores | This Gift Card cannot be used to purchase other gift cards | This Gift Card shall have a validity period of 365 days from the date of issue | The linking of the Gift Card onto the user&apos;s Nykaa Wallet account shall be at customer s discretion and constitute registration of the user on the Nykaa Platform | The Gift Card once purchased cannot be cancelled refunded or returned Once purchased the recipient email ID or mobile number cannot be changed | This Gift Card is redeemable on the online ecommerce platforms of Nykaa group entities to include https://www.nykaa.com https://www.nykaaman.com https://www.nykaafashion.com and across all Nykaa Retail stores | For online transaction If the order value exceeds the Gift Card amount the balance must be paid by other payment option If the order value is less than the amount of the Gift Card the outstanding balance after deduction of order value will reflect under the same Gift Card | For offline transaction If the amount of your Gift Card does not cover your order amount you will have to pay the remaining amount through other payment methods If the order value is less than the Gift Card amount Gift Card won t be applied to the order | You can redeem only 1 Gift Card per order | Registered users can add multiple Nykaa Gift Cards to their Nykaa Wallet and use the combined Nykaa Wallet Balance for redemption | Nykaa Gift Cards E Gift Cards Nykaa Wallet Balance cannot be used to purchase Gold Silver Coins Gold Silver Bars and Jewellery | The Gift Card can be combined with promotional codes and with other payment options | E Gift Cards cannot be redeemed for Cash or Credit and cannot be reloaded | How the Gift card will be visible on Nykaa Platform | For existing wallet users and Card s holders your balance will be transferred to the card and shall be stored as Nykaa Cash Such transition will be done in phased manner at the discretion of Nykaa | Pine Labs and Nykaa reserve the right to cancel the Gift Card issued anytime without any liability if the same have been found to be purchased with fraudulent means and/or the beneficiary Know Your Customer KYC details as per RBI Guidelines are found to be incorrect insufficient invalid etc In such cases the funds shall be credited back to the same source from where these were received from You agree to provide valid truthful and accurate information during the purchase of Gift Cards Nykaa may call for further information and documents from you in compliance to Know Your Customer and Anti Money Laundering guidelines issued by RBI from time to time In the event the information provided by you end beneficiary Know Your Customer KYC details are found to be incorrect insufficient Pine Labs Nykaa retains the right to cancel or block the Gift Cards issued anytime without any liability | The cardholder may request for revalidation of the expired gift card Upon receipt of such request the gift card may be revalidated after due verification and maybe subject to additional terms and conditions and regulatory requirements Final decision on revalidation shall be on discretion of Nykaa and/or Pine Labs | You agree and understand that Gift Cards are a pre paid payment Instrument subjected to regulations by RBI Under the RBI guidelines Nykaa Pine Labs Pvt Ltd may be required to share KYC details of the purchaser redeemer of the Gift Card and/or any other information with relation to the purchase of the Gift Cards andor transaction undertaken using the Gift Card with RBI or such statutory authorities Nykaa Pine Labs Pvt Ltd may contact the purchaser redeemer of the GC for any such information | For Dispute and Liability please refer to the Customer Grievance policy for dispute resolution unauthorised transactions and liability related aspects at httpswwwqwikcilvercomgrievancepolicy | Nykaa andor Pine Labs are not responsible if card is used without permission You agree and acknowledge that you shall be solely responsible for maintaining secrecy of the code provided to activate or use the Gift Card | Nykaa does not warrant that the gift card provided to you pursuant to this Agreement will be free of interruptions errors bugs viruses or security problems | Neither Pine Labs nor Nykaa E Retail Pvt Ltd make any warranties express or implied with respect to Gift Cards including without limitation any express or implied warranty of merchantability or fitness for a particular purpose In the event a Gift Card is non functional your sole remedy will be the issuance of another Gift Card for the value remaining in the non functional card | Nykaa will not be liable for any loss including without limitation direct indirect special or consequential loss or loss of profits expense or damage which is suffered or sustained in connection with Gift Card including any loss incurred as a result of any delay andor failure to perform any obligation to the cardholder that is caused by any events beyond Nykaa s control which includes | Technical problems of any kind which may limit or prevent any person s from redeeming the Gift Card | Any loss or damage arising from or in connection with the allocation or enjoyment of discount | Any misuse of the Gift Card due to loss of any such confidential details | Any event that cause the promotion to be disrupted or corrupted or may lead to loss of or damage to the cardholder | The cardholder hereby agrees to indemnify and keep the Nykaa harmless against all damages liabilities costs expenses claims suits and proceedings that may be suffered by the Nykaa as a consequence of i violation of the terms and conditions by the cardholder ii violation of applicable laws iii any action or inaction resulting in wilful misconduct or negligence on the cardholder s part | Cardholder agrees that these terms shall be governed by and construed in accordance with the laws of India and the courts at Mumbai Maharashtra shall have exclusive jurisdiction to decide over any controversy arising out of this Gift Card | The conditions stated in these Terms and Conditions are in addition to the terms and conditions of every e commerce platform of the Nykaa group Nykaa reserve the right to change these terms and conditions from time to time in its discretion and without prior notice to you | How To Use An E Gift Card At Nykaa Online at website or in app | Go to Nykaacom and select the items you want to purchase | Once you reach our payment page select the Gift Card payment option | Enter your 16 digit Card Code and the corresponding Card PIN and click on apply The Gift Card amount will be deducted from the payable amount | If the amount of your e Gift Card does not cover your order amount you will be prompted to select an additional payment option | Offline at Nykaa stores | Go to any Nykaa retail store and select the items you want to purchase | At the bill desk ask the cashier for payment through the Gift Card | Share the 16 digit card code and the corresponding card PIN with the cashier while making the payment | If the amount of your e Gift Card does not cover your order amount you will have to pay the remaining amount through other payment methods | If the order value is less than the e Gift Card amount e Gift Card won t be applied to the order | By purchasing this gift voucher you consent to sharing your PII Name Email ID Telephone Number if available with the issuer PineLabs as per the guidelines of PPI,2026-07-26
Asia Seven Express,Asia Seven Express,453,https://www.maximize.money/gift-cards/Asia Seven Express/453,active,In-store,1000 / 2000 / 5000 / 10000 / 20000 / 50000,Yes,500-50000,4,8.5% off / 8.75% earn,7.25% off / 7.5% earn,6.6% off / 6.85% earn,6.15% off / 6.4% earn,6.25% off / 6.5% earn,6.25% off / 6.5% earn,UPI,8.5,No,No,No,Valid for upto 6 months,"Visit the outlet. | Complete your dining experience. | At the time of billing, present the card number and PIN to the cashier. | If the card is valid and has balance, the cashier will redeem it through the Point of Sale system and provide the invoice.","Redeemable across all Lite Bite Foods (LBF) outlets. | Not valid on 31st December. | Valid only for dine-in and takeaway orders. | Validity: 6 months from the date of issue. | Only one voucher can be redeemed per bill. | Voucher type: Digital. | Cannot be combined with any other ongoing offers at the outlet. | The voucher can be redeemed only once. | Only the intended recipient can use the voucher; it is non-transferable, non-resellable, and cannot be exchanged or encashed. | Prior reservation is recommended. | The voucher may be rejected or cancelled by Lite Bite Foods if any terms are breached; no claims will be entertained in such cases. | If the voucher is misplaced or deleted, contact: corpsales@lbf.co.in.",2026-07-26
Nature's Basket,Nature's Basket,656,https://www.maximize.money/gift-cards/Nature's Basket/656,active,In-store,500 / 1000 / 2000 / 5000 / 10000 / 20000 / 50000,Yes,250-50000,4,1.25% off / 1.5% earn,,,,,,UPI,1.25,No,No,No,Valid for upto 12 months,Visit the outlet near you | Before making the purchase confirm about the acceptance of Gift Card at the store. | Choose the products you would like to buy | Show your Gift Card details to the cashier at the time of billing & pay any balance amount by cash or card,"This gift E-Voucher can be used for making payments only at Nature’s Basket stores across India | Any balance in the E-Voucher is valid only for 12 months from the date of issue | For redemption in-store the E-GV needs to be used in full. E-GVs are only one time redeemable. | In case the value of the service is less than that of the EGV amount, the balance would be lost &amp; if the value of the service exceeds the value of e-gift card, the difference shall be paid by the bearer. | Protect the e-gift card number and PIN to avoid misuse and treat it like cash. Nature’s Basket shall not assume any liability in case the card PIN/E-Voucher gets stolen/compromised. It will not be replaced or refunded. | This E-voucher cannot be exchanged for cash. No returns/ refunds will be given against the E-voucher. | NBL reserves the right to change the ‘Terms and Conditions’ at any time without prior information. | Any dispute should be referred to Natures Basket Limited (company), and the decision of the company shall be final. | All disputes are subject to the exclusive jurisdiction of competent courts of Mumbai, India. | For any queries write to cs@naturesbasket.co.in or call +91 92200 98000 or contact your nearest Nature’s Basket store.",2026-07-26
Baskin Robbins,Baskin Robbins,494,https://www.maximize.money/gift-cards/Baskin Robbins/494,active,In-store,100 / 250 / 500 / 1000 / 1500 / 2000 / 2500,Yes,100-10000,4,12.0% off / 12.5% earn,10.75% off / 11.25% earn,10.1% off / 10.6% earn,9.65% off / 10.15% earn,9.75% off / 10.25% earn,9.75% off / 10.25% earn,UPI,12.0,Yes,No,Yes,Valid for upto 6 months,Share your registered mobile number with the cashier after products are scanned. The cashier will inform you of your available GV balance. | Confirm the redemption amount and pay any remaining balance via other payment modes. | Cashier completes billing with the redeemed amount applied.,"Valid at listed Baskin Robbins outlets only (not online). | Cannot be redeemed at non-connected parlors, airports, multiplexes, shop-in-shops, select food courts. | Not valid on discounted items, cakes, sticks, pre-packed sundaes, and merchandise. | GV can be converted to e-Pay, which allows partial redemptions. | Multiple GVs can be added to the e-Pay balance. | Cannot be revalidated post expiry; no refund for unused balance. | Non-refundable and non-exchangeable for cash. | Cannot be used with other offers or schemes. | Block-out dates may apply. | Lost/stolen vouchers will not be replaced. | Baskin Robbins and GyFTR are not liable for technical or administrative acceptance issues. | GV/e-Pay will be reactivated within 72 hours in case of technical blocking. | For issues, raise a ticket at: https://www.gvhelpdesk.com",2026-07-26
Fastrack SmartWatch,Fastrack SmartWatch,580,https://www.maximize.money/gift-cards/Fastrack SmartWatch/580,active,Online + In-store,200 / 500 / 1000 / 2000 / 5000 / 10000 / 20000 / 50000 / 200,Yes,100-50000,,8.0% off / 8.75% earn,6.75% off / 7.5% earn,6.1% off / 6.85% earn,5.65% off / 6.4% earn,5.75% off / 6.5% earn,5.75% off / 6.5% earn,UPI,8.0,No,No,Yes,Valid for upto 6 months,Visit a Fastrack store or the Titan website. | Choose your preferred Fastrack Smartwatch product. | Confirm Gift Card acceptance before billing at the store. | Provide the Gift Card details at checkout or billing. | Pay any remaining balance using another payment method if required. | Complete the purchase and collect your invoice.,Gift Card is valid for 6 months from the date of issuance. | Redeemable online at Titan website immediately after issuance. | Redeemable at authorized Fastrack stores only after 8 hours from issuance. | Partial redemption is not allowed. | Gift Card is valid for one-time use only. | Cannot be used on discounted products. | Cannot be clubbed with any other offer or promotion. | No refund or credit note will be issued against unused or partially used value. | Multiple Gift Cards (up to 5) can be used in a single transaction. | Expired Gift Cards cannot be extended or revalidated.,2026-07-26
Fastrack,Fastrack,396,https://www.maximize.money/gift-cards/Fastrack/396,active,Online + In-store,250 / 500 / 1000 / 1500 / 2500 / 5000 / 10000 / 20000 / 35000 / 50000,Yes,100-50000,4,8.0% off / 8.75% earn,6.75% off / 7.5% earn,6.1% off / 6.85% earn,5.65% off / 6.4% earn,5.75% off / 6.5% earn,5.75% off / 6.5% earn,UPI,8.0,No,No,No,Valid for 6 month only,"Visit a Fastrack store or the Titan website. | Choose the products you wish to purchase. | At the store, confirm Gift Card acceptance before billing. | Share your Gift Card details with the cashier at the time of payment. | For online purchases, enter the Gift Card details during checkout. | Pay any remaining balance using another payment method, if applicable. | Complete the purchase and collect your invoice.",Gift Card is valid for 6 months from the date of issuance. | Redeemable online at Titan website immediately after issuance. | Redeemable at authorized Fastrack stores only after 8 hours from issuance. | Partial redemption is not allowed. | Gift Card is valid for one-time use only. | Cannot be used on discounted products. | Cannot be clubbed with any other offer or promotion. | No refund or credit note will be issued for unused or partially used value. | Multiple Gift Cards (up to 5) can be used in a single transaction. | Gift Card cannot be redeemed for Smart Wearable products and Titan Nebula collection watches. | Expired Gift Cards cannot be extended or revalidated.,2026-07-26
Tasva,Tasva,1080,https://www.maximize.money/gift-cards/Tasva/1080,active,In-store,200 / 500 / 1000 / 2000 / 5000 / 10000,Yes,100-10000,4,6.25% off / 6.5% earn,5.0% off / 5.25% earn,4.35% off / 4.6% earn,3.9% off / 4.15% earn,4.0% off / 4.25% earn,4.0% off / 4.25% earn,UPI,6.25,No,Yes,Yes,Valid upto 12 Months from purchase,"Visit a participating Tasva store. | Select your preferred products. | Inform the cashier before billing that you wish to pay using a Tasva Gift Voucher. | Share the Gift Voucher code with the cashier at the billing counter. | If the purchase amount exceeds the Gift Voucher value, pay the balance using cash, card, or any accepted payment method. | Complete the purchase and collect your invoice.","The Gift Voucher is redeemable only at participating Tasva stores. | This is a one-time use Gift Voucher. | Unused balance, if any, will be forfeited after redemption. | The Gift Voucher can be used on all products available at participating Tasva outlets. | Multiple Gift Vouchers can be used in a single bill. | Gift Vouchers can be clubbed with existing store offers. | The Gift Voucher cannot be redeemed online. | The Gift Voucher cannot be exchanged for cash, transferred, refunded, or resold. | The Gift Voucher cannot be revalidated after expiry. | If blocked due to a technical issue, it may be reactivated within 3 working days. | Tasva is not responsible for lost, stolen, damaged, or unauthorized use of Gift Vouchers. | Tasva reserves the right to modify or withdraw the offer without prior notice. | For support, raise a request at https://www.gvhelpdesk.com.",2026-07-26
TATA CLiQ Fashion,TATA CLiQ Fashion,417,https://www.maximize.money/gift-cards/TATA CLiQ Fashion/417,active,Online,200 / 500 / 1000 / 2000 / 5000 / 10000,Yes,100-10000,4,8.5% off / 8.6% earn,7.25% off / 7.35% earn,6.6% off / 6.7% earn,6.15% off / 6.25% earn,6.25% off / 6.35% earn,6.25% off / 6.35% earn,UPI,8.5,Yes,Yes,Yes,Valid for upto 12 months,"Gift Cards may only be redeemed toward the purchase of eligible products on https://www.tatacliq.com. | Login to your Tata CLiQ account and click on your account. | Select the 'Cliq Cash' option. | Enter the Gift Card number. | Enter the PIN. | Click on 'Add Card to Wallet' to complete the addition of funds to your Tata CLiQ Wallet. | While purchasing a product, on the payments page, click on 'Cliq Cash' to redeem the balance from the wallet. | Purchases are deducted from the redeemer's Cliq Cash balance. | Any unused Cliq Cash balance remains associated with the Tata CLiQ account and is used in order of earliest expiration date. | If the purchase exceeds the Cliq Cash balance, the remaining amount must be paid via credit card, debit card, or net banking.","These terms apply to Tata CLiQ Gift Cards (""Gift Cards"") issued by Pine Labs Private Limited (""Pine Labs"") under the brand name “Qwikcilver”. | By purchasing or using a Gift Card, you agree to these terms, including any future modifications. | Pine Labs is a private limited company incorporated under Indian law and is the official issuer of these Gift Cards. | Gift Cards are redeemable only on https://www.tatacliq.com for eligible product purchases. | Purchases are deducted from the CLiQ Cash balance of the redeemer’s Tata CLiQ account. | Any unused CLiQ Cash balance remains associated with the Tata CLiQ account and is applied to future purchases by earliest expiration date. | If the purchase value exceeds the CLiQ Cash balance, the remaining amount must be paid via credit card, debit card, or net banking. | No additional fees or charges apply to Gift Card usage. | Pine Labs may provide purchasers with redemption status updates of their Gift Cards. | Gift Cards and their unused balances are valid for 12 months from the date of issuance. | Gift Cards may only be purchased in denominations ranging from ₹10 to ₹10,000, or other limits as determined by Pine Labs. | Gift Cards cannot be used to purchase other gift cards. | Gift Cards cannot be reloaded, resold, transferred for value, or redeemed for cash. | Gift Cards cannot be redeemed on purchases of bullions. | Gift Cards cannot be used to purchase gold jewellery effective from June 20, 2025. | Unused Gift Card balances cannot be transferred to another Tata CLiQ account. | No interest is payable by Pine Labs on any Gift Card balance. | Pine Labs does not guarantee uninterrupted access to https://www.tatacliq.com.",2026-07-26
Superdry-Luxe,Superdry-Luxe,902,https://www.maximize.money/gift-cards/Superdry-Luxe/902,active,Online + In-store,1000 / 2000 / 2500 / 5000 / 10000,Yes,1000-10000,4,10.0% off / 13.75% earn,10.0% off / 12.5% earn,10.0% off / 11.85% earn,10.0% off / 11.4% earn,10.0% off / 11.5% earn,10.0% off / 11.5% earn,UPI,10.0,No,No,Yes,Valid for upto 12 months,"Visit a participating brand outlet of your choice. | Provide the digital Luxe Gift Card to the cashier at the time of billing. | An OTP will be sent to your registered mobile number during the redemption process. | Share the OTP along with the gift card details to complete the redemption. | To activate your Luxe Gift Card, SMS: ACT <16-digit Card Number> <6-digit Card PIN> to 9704200300 | For balance or validity check, SMS: BAL <16-digit Card Number> to 9704200300","These Terms & Conditions apply to the electronic version of the Luxe Gift Card. | The Luxe Gift Card is issued by Pine Labs Limited (formerly Pine Labs Private Limited) and is valid for 12 months from the date of purchase. | The Luxe Gift Card can be redeemed across 45+ participating brands in India. For store locations, visit: https://www.luxegiftcard.com/brands#store_location | The Luxe Gift Card is not redeemable at airport stores. | The Gift Card can also be redeemed online at the brand websites | The Luxe Gift Card is valid for one-time use only until expiry. If the purchase value exceeds the Gift Card value, the balance amount must be paid by the customer. No refund or credit note will be issued for any unused balance. | Users are advised to protect the Gift Card details. RBL Bank or Pine Labs shall not be liable in case of loss, theft, or misuse of the Gift Card or PIN. The Gift Card will not be replaced or refunded in such cases. | Multiple Luxe Gift Cards can be used in a single transaction. | Once issued, the Luxe Gift Card cannot be cancelled or blocked. | The Gift Card can be redeemed only on full-priced merchandise and is not applicable on discounted items unless specified otherwise. | To activate the Gift Card, send an SMS in the format: ACT <16-digit card number><6-digit PIN> to 9704200300 | Alternatively, activation can be done via the portal: https://bit.ly/4072sdb | For balance enquiry and validity, SMS the 16-digit card number to 9704200300 or visit any participating merchant location. | For complete Terms & Conditions, participating brands, and store locations, visit: https://www.luxegiftcard.com | For bulk enquiries or support, contact: info@luxegiftcard.com | Users can change the SMS transaction alert language by writing to gcsupport.woohoo@pinelabs.com , mentioning the registered mobile number and preferred language (Hindi, Telugu, Tamil, Kannada, Marathi, Bengali, Gujarati, Odia, Punjabi, Malayalam, Assamese). | Pine Labs may take up to 15 working days to update the language preference. Once updated, all future SMS alerts for the Luxe Gift Card will be sent in the selected language.",2026-07-26
Kate Spade-Luxe,Kate Spade-Luxe,560,https://www.maximize.money/gift-cards/Kate Spade-Luxe/560,active,Online + In-store,2000 / 5000 / 10000,Yes,1000-10000,4,10.0% off / 13.0% earn,10.0% off / 11.75% earn,10.0% off / 11.1% earn,10.0% off / 10.65% earn,10.0% off / 10.75% earn,10.0% off / 10.75% earn,UPI,10.0,No,No,Yes,Valid for upto 12 months,"Visit a participating brand outlet of your choice. | Provide the digital Luxe Gift Card to the cashier at the time of billing. | An OTP will be sent to your registered mobile number during the redemption process. | Share the OTP along with the gift card details to complete the redemption. | To activate your Luxe Gift Card, SMS: ACT <16-digit Card Number> <6-digit Card PIN> to 9704200300 | For balance or validity check, SMS: BAL <16-digit Card Number> to 9704200300","These Terms & Conditions apply to the electronic version of the Luxe Gift Card. | The Luxe Gift Card is issued by Pine Labs Limited (formerly Pine Labs Private Limited) and is valid for 12 months from the date of purchase. | The Luxe Gift Card can be redeemed across 45+ participating brands in India. For store locations, visit: https://www.luxegiftcard.com/brands#store_location | The Luxe Gift Card is not redeemable at airport stores. | The Gift Card can also be redeemed online at the brand websites | The Luxe Gift Card is valid for one-time use only until expiry. If the purchase value exceeds the Gift Card value, the balance amount must be paid by the customer. No refund or credit note will be issued for any unused balance. | Users are advised to protect the Gift Card details. RBL Bank or Pine Labs shall not be liable in case of loss, theft, or misuse of the Gift Card or PIN. The Gift Card will not be replaced or refunded in such cases. | Multiple Luxe Gift Cards can be used in a single transaction. | Once issued, the Luxe Gift Card cannot be cancelled or blocked. | The Gift Card can be redeemed only on full-priced merchandise and is not applicable on discounted items unless specified otherwise. | To activate the Gift Card, send an SMS in the format: ACT <16-digit card number><6-digit PIN> to 9704200300 | Alternatively, activation can be done via the portal: https://bit.ly/4072sdb | For balance enquiry and validity, SMS the 16-digit card number to 9704200300 or visit any participating merchant location. | For complete Terms & Conditions, participating brands, and store locations, visit: https://www.luxegiftcard.com | For bulk enquiries or support, contact: info@luxegiftcard.com | Users can change the SMS transaction alert language by writing to gcsupport.woohoo@pinelabs.com , mentioning the registered mobile number and preferred language (Hindi, Telugu, Tamil, Kannada, Marathi, Bengali, Gujarati, Odia, Punjabi, Malayalam, Assamese). | Pine Labs may take up to 15 working days to update the language preference. Once updated, all future SMS alerts for the Luxe Gift Card will be sent in the selected language.",2026-07-26
Bath and Body Works,Bath and Body Works,309,https://www.maximize.money/gift-cards/Bath and Body Works/309,active,In-store,500 / 1000 / 1500 / 2000 / 2500 / 3000 / 5000 / 7500 / 10000,Yes,100-10000,4,11.75% off / 12.25% earn,10.5% off / 11.0% earn,9.85% off / 10.35% earn,9.4% off / 9.9% earn,9.5% off / 10.0% earn,9.5% off / 10.0% earn,UPI,11.75,Yes,Yes,Yes,Valid for upto 6 months,Check the outlet locator for a store nearby you that accepts the Gift Voucher. | Choose your product. | Share your Gift Voucher at the time of billing & pay rest by cash or card if required.,"This Gift Voucher (GV)/e-Pay and would be accepted at Aldo, Charles & Keith, Call it Spring, Beverly Hills Polo Club, Inglot, Victoria's Secret, Victoria's Secret beauty , Bath & Body works & R&B stores only. | The holder of the GV/e-Pay is deemed to be the beneficiary. | The GV can be converted into e-Pay, as per convenience of the holder. | Multiple GVs can be clubbed and added to a e-Pay balance. | Only valid GVs/e-Pay, at the sole discretion of Apparel group, shall be accepted for redemption. | The e-Pay balance must be linked to the registered mobile number. | The e-Pay cannot be transferred to another e-Pay account, exchanged for cash, or any other form of currency. | GV/e-Pay cannot be revalidated once it expires. | Apparel group, GyFTR, or its affiliates shall not be responsible if the beneficiary shares the GV number or account credentials resulting in unauthorized use of the GV/e-Pay balance. | In case of a technical issue leading to the blockage of GV/e-Pay, it shall be reactivated within 72 hours. | Any dispute should be referred to the company from where the GV/e-Pay has been received, and the company's decision shall be final. | Apparel group or GyFTR may terminate or suspend Apparel group GV/e-Pay if any fraudulent or unauthorized activities are detected. | Apparel group or GyFTR reserves the right to modify or update the terms and conditions of the Apparel group GV/e-Pay at any time. | For any queries/issues related to GV/e-Pay, please raise a request at https://www.gvhelpdesk.com",2026-07-26
Smile Foundation,Smile Foundation,684,https://www.maximize.money/gift-cards/Smile Foundation/684,active,Online,500 / 1000,Yes,100-10000,4,14.75% off / 16.0% earn,13.5% off / 14.75% earn,12.85% off / 14.1% earn,12.4% off / 13.65% earn,12.5% off / 13.75% earn,12.5% off / 13.75% earn,UPI,14.75,No,No,Yes,Valid for upto 6 months,"Visit the website and choose your donation amount. | Fill the form, select Redeem Voucher option, and choose Partner: GyFTR. | Log in with your mobile number, verify OTP, apply coupon if any, then proceed to payment and enter voucher details.","This is a Smile Foundation Donation Voucher (DV) and can only be used at https://donate.smilefoundationindia.org/shiksha-na-ruke-voucher. The voucher will be sent to your registered email ID or phone number. | The individual who purchases the Smile Foundation DV is deemed to be the donor. | Smile Foundation is not responsible if the DV is lost, stolen, or used without permission. | This is a one-time-use DV with an expiration date. The expiration period is 6 months after purchase, after which the DV will be considered redeemed if unused. | No credit note or refund will be issued for an unused DV. Any unused balance will be forfeited automatically. | The DV cannot be revalidated once expired or canceled under any circumstances. | Smile Foundation DV can be redeemed on its website at all times, but the foundation may add or delete specific redemption dates at its sole discretion without liability. | In case of any technical issues preventing DV redemption, Smile Foundation shall have no liability. Blocked vouchers will be re-enabled within 72 hours, and transaction failures after DV application will be refunded automatically within 48 hours to the same payment method. | Any dispute related to the DV should be referred to the issuing company, whose decision shall be final. For legal disputes, Mumbai courts will have exclusive jurisdiction. | Smile Foundation reserves the right to edit or change these terms and conditions at any time without notice or liability, and has the final authority on their interpretation.",2026-07-26
Yatra Hotels and Holidays,Yatra Hotels and Holidays,472,https://www.maximize.money/gift-cards/Yatra Hotels and Holidays/472,active,Online,2000 / 5000 / 10000 / 20000 / 50000 / 2000,Yes,1000-75000,,6.25% off / 6.5% earn,5.0% off / 5.25% earn,4.35% off / 4.6% earn,3.9% off / 4.15% earn,4.0% off / 4.25% earn,4.0% off / 4.25% earn,UPI,6.25,Yes,No,No,Valid for upto 12 months,"Visit https://www.yatra.com | Select your desired Hotel and proceed to the payment page. | Choose “Gift Voucher” as your payment mode. | Enter your 16-digit EGV/Card Number and 6-digit PIN. | Click on “Redeem Gift Card.” | Pay any balance amount (if applicable) using other available payment methods. | In case of transaction failure after EGV is applied, the amount will be automatically refunded to the same EGV.","EGV is valid for a period of 12 months from the date of issue. | EGV can be redeemed only at https://www.yatra.com . | EGV is valid for booking of: Hotels (Domestic), Holidays (Domestic/International) | EGV is valid for multiple/partial redemption until the full value is exhausted within the validity period. | Two or more EGVs cannot be combined in a single transaction. | EGV is not applicable on Flights, Buses, Prime Membership, Cabs, or any services other than Hotels (Domestic) and Holidays. | Any applicable convenience fee, processing fee, or government taxes shall be payable at the time of booking (if package cost exceeds the EGV value). | If an EGV is lost or stolen, Yatra will not be liable for replacement or compensation. | EGV cannot be clubbed with any other offer, discount, cashback, or promotion. | No additional discount or reduction will be entertained apart from the EGV value. | Booking confirmation is subject to availability and governed by Yatra’s standard terms and conditions. | Yatra is not liable for any fare/tariff difference between redemption request and booking date. | No cash refund or exchange will be provided for EGVs. | No returns or refunds on EGVs once issued. | In case of cancellation, if EGV is still valid, the refund amount (if applicable) will be credited back to the same EGV. | If EGV validity has expired, no refund will be processed for the EGV portion of payment. | All standard terms, user agreements, and privacy policies of Yatra.com and relevant service providers apply. | Any legal disputes will be under the jurisdiction of Gurgaon, Haryana courts only. | Customers can check their EGV balance online at https://www.woohoo.in/balenq . | EGV is for individual use only. Travel agents using the card may face booking cancellation without refund.",2026-07-26
Yatra Hotel,Yatra Hotel,837,https://www.maximize.money/gift-cards/Yatra Hotel/837,active,Online,2000 / 5000 / 10000 / 20000 / 50000 / 2000,Yes,1000-75000,,13.75% off / 14.0% earn,12.5% off / 12.75% earn,11.85% off / 12.1% earn,11.4% off / 11.65% earn,11.5% off / 11.75% earn,11.5% off / 11.75% earn,UPI,13.75,Yes,No,Yes,Valid upto 12 Months from purchase,"Select your hotel and fill in the required details until you reach the payment page. | On the payments page, select Gift Voucher as your Payment Mode. | Enter your 16-Digit Gift Card/Card No. and the 6-Digit Pin No. | Click on Redeem Gift Card and pay the balance amount (if any) using other listed payment modes.","The Gift Card is not applicable for bookings of Flights, Holidays, Buses, Prime, or any other categories except Domestic Hotels Bookings. | Redemption is valid only for Domestic Hotel bookings made through https://www.yatra.com Desktop or App only. | Confirmation of any booking is subject to availability at the time of booking and governed by the standard booking terms & conditions of Yatra.com. | This is for individual use only; travel agents found using the card will lead to cancellation of the booking and no refund would be made. | Customers can check the balance online using their Gift Card credentials on https://yatra.woohoo.in/en-in/CheckBalance | E-Gift Cards are normally delivered instantly but may be delayed up to 24-48 hours due to system issues. | No returns and no refunds on gift cards, e-gift cards, and gift vouchers shipped by woohoo.in. Please check the refund policy at http://www.woohoo.in/faq for further details. | All terms and conditions of the Gift Card, Yatra.com's standard terms (user agreement, privacy policy), and the terms of the respective service provider shall apply. | Any legal disputes regarding the promotion shall be handled in the jurisdiction of the courts in Gurgaon, Haryana only. | Any applicable convenience fee/processing fee/excess tour cost/government taxes shall be payable at the time of booking (only if the package cost exceeds the Gift Card value). | No additional discount or reduction in price will be entertained other than the value mentioned on the Gift Cards. | This Gift Card cannot be clubbed with any other ongoing offer, discount, cash back, or promotion run by Yatra.com. | No change or cash can be taken in exchange for this Gift Card. | In case of transaction failures after the Gift Card is applied, the amount would be automatically refunded to the same Gift Card. | In case of cancellations where the EGV is still valid, the applicable refund amount (after deducting cancellation, rescheduling, and other charges) will be credited back to the EGV. | In case of cancellations where the Gift Card validity has expired, no refund will be processed for the amount paid by the Gift Card. | Yatra.com is not liable to pay for any difference in fare/tariff between the date of redemption request and the date of using the Gift Card during booking. | If a Gift Card is lost or stolen, Yatra will not be liable for replacement or compensation. | In case the Gift Card expires, no further extension will be entertained.",2026-07-26
Nautica,Nautica,1071,https://www.maximize.money/gift-cards/Nautica/1071,active,In-store,200 / 500 / 1000 / 2000 / 5000 / 10000,Yes,100-10000,4,5.0% off / 5.25% earn,3.75% off / 4.0% earn,3.1% off / 3.35% earn,2.65% off / 2.9% earn,2.75% off / 3.0% earn,2.75% off / 3.0% earn,UPI,5.0,Yes,Yes,Yes,Valid upto 6 Months from purchase,"Share your registered mobile number with the cashier after your products are scanned. | The cashier will provide a link to add your Gift Voucher/Gift Card to your e-Pay wallet balance. You can also add the voucher in advance at https://brandpts.com/login. | The cashier will verify and inform you of the available Gift Voucher/e-Pay balance. | Confirm the redemption amount. | Pay any remaining balance, if applicable. | The cashier will complete the billing and redemption process.","This Gift Voucher/e-Pay is accepted only at listed Nautica retail outlets. | Gift Vouchers can be clubbed with existing offers. | The Gift Voucher can be converted into e-Pay balance. | After conversion to e-Pay, partial redemption is allowed and the remaining balance can be used for future purchases within the validity period. | Multiple Gift Vouchers can be combined and added to the e-Pay wallet balance. | The voucher balance cannot be transferred to another e-Pay account, exchanged for cash, or converted into any other currency. | The e-Pay balance must be linked to the registered mobile number. | The voucher can be used on all products available at Nautica retail stores. | The voucher cannot be revalidated once expired or cancelled. | Nautica/GyFTR is not responsible for lost, stolen, or unauthorized use of vouchers. | If blocked due to a technical issue, the voucher may be reactivated within 72 hours. | Nautica reserves the right to modify, withdraw, or cancel the offer without prior notice. | For support, visit https://www.gvhelpdesk.com.",2026-07-26
FlixBus,FlixBus,805,https://www.maximize.money/gift-cards/FlixBus/805,active,Online,500 / 1000 / 2000,No,,4,11.0% off / 11.5% earn,9.75% off / 10.25% earn,9.1% off / 9.6% earn,8.65% off / 9.15% earn,8.75% off / 9.25% earn,8.75% off / 9.25% earn,UPI,11.0,No,No,No,Valid upto 6 Months from purchase,"Visit the FlixBus website or mobile app | Select your route, travel date, and bus | Proceed to checkout | Enter the voucher code in the coupon section | Pay the remaining amount (if any) to complete booking","Valid only on FlixBus India (https://www.flixbus.in) Website & Mobile App only | Applicable for Indian users in India only | Gift cards are applicable only for travel within India. | Voucher holder is considered the beneficiary | One-time use only | Only one voucher per booking | Cannot be clubbed with existing offers | Voucher must be valid at the time of redemption | Expired or cancelled vouchers cannot be revalidated | Not responsible for lost, stolen, or unauthorized use | If blocked due to a technical issue, voucher will be enabled within 72 hours | FlixBus/Maximize can modify or withdraw the offer without prior notice",2026-07-26
MANGO,MANGO,971,https://www.maximize.money/gift-cards/MANGO/971,active,In-store,200 / 500 / 1000 / 2000 / 5000 / 10000,Yes,100-10000,4,,,,,,,,,Yes,Yes,No,Valid upto 6 Months from purchase,Visit a listed Mango retail store and select the products you wish to purchase. | Share your registered mobile number with the cashier after product scanning so they can check the available e-Pay/GV balance. | Confirm the amount to be redeemed and complete the balance payment (if any). | The cashier will then complete the billing and redemption.,"This Mango GV/e-Pay is accepted at listed Mango retail stores/outlets. | The person holding the GV/e-Pay is considered the beneficiary. | The GV/e-Pay can be clubbed with existing offers. | The voucher can be converted into e-Pay balance as per the holder’s convenience. | The GV/e-Pay balance cannot be transferred to another e-Pay account, exchanged for cash, or converted into any other form of currency. | The e-Pay balance must be linked to the registered mobile number. | After conversion into e-Pay balance, partial redemption is allowed and the balance can be used for multiple transactions within the validity period. | Customers are required to add the GV/GC to the e-Pay wallet via https://brandpts.com/login | before visiting the cash counter. | The GV/e-Pay can be used for purchases of products and services at Mango retail stores. | Only valid GV/e-Pay at Mango’s sole discretion will be accepted for redemption. | The GV/e-Pay cannot be revalidated once expired or cancelled. | Mango/GyFTR is not responsible if the GV/e-Pay is lost, stolen, or used without permission. | If the GV/e-Pay gets blocked due to a technical issue, it will be enabled within 72 hours. | Any dispute should be referred to the issuing company and the decision will be final. | Mango/GyFTR reserves the right to withdraw, modify, cancel, or change the offer at any time without prior notice. | Multiple Gift Vouchers can be combined and added to the e-Pay balance. | For any queries or issues, customers can contact 808082686 or raise a request at https://www.gvhelpdesk.com.",2026-07-26
The Man Company,The Man Company,293,https://www.maximize.money/gift-cards/The Man Company/293,active,Online,250 / 500 / 1000 / 2000 / 2500,No,,4,16.75% off / 17.0% earn,15.5% off / 15.75% earn,14.85% off / 15.1% earn,14.4% off / 14.65% earn,14.5% off / 14.75% earn,14.5% off / 14.75% earn,UPI,16.75,No,No,No,Valid for a range of 6 - 12 months,Visit https://www.themancompany.com. Select the product and add to cart. | Click on Checkout. | Enter your shipping details. | Add the discount code in the input box and click on the arrow. | Select your preferred mode of payment and Click on Complete Order.,"IMPORTANT – The Man Company GV / GC CANNOT be revalidated once expired or cancelled under any circumstances. | This is The Man Company Insta Gift Voucher (GV) / Gift Card (GC) and would be accepted on https://www.themancompany.com/ | The person who has the The Man Company GV / GC Code is deemed to be the beneficiary. | The Man Company is not responsible if the Gift card is lost, stolen or used without permission. | Only one GV / GC can be used in one bill/transaction. | This is a ONE time use GV / GC with an expiration date. | No credit note / refund for the unused balance amount of the GV / GC will be given. | Any such unused balance amount shall stand lapsed automatically. | The Man Company GV / GC cannot be clubbed with any one of the existing offer on its website. | The Man Company GV / GC cannot be redeemed on specific block out dates as may be intimated / updated by The Man Company on its website from time to time. The Man Company may add or delete any date(s)/period(s) on its sole discretion without any liability. | Any dispute related to the GV / GC should be referred to the issuing company and the decision of the issuing company shall be final. In case of any legal disputes, the courts at Mumbai shall have the exclusive jurisdiction. | The Man Company shall on best effort basis attempt to accept Insta Gift Vouchers (GV) / Gift Card (GC), but on account of any technical reason or for any reason beyond control of The Man Company, GV / GC may not get accepted on the website and The Man Company shall have no liability for the same. | If an Insta Gift Voucher (GV) /Gift Card (GC) gets blocked on account of technical issue, it would get enabled in 72 hours. In case of transaction failures after Insta Gift Voucher (GV) / Gift Card (GC) is applied, amount would be automatically refunded to the same cards within 48 hours | Please contact Shop Manager for any acceptance issue and if issue is still not resolved, you can write in to bit.ly/2CsY6BX or call 18001033314 for immediate help. | The Man Company reserves the rights to edit/change the terms and conditions for the Insta Gift Voucher (GV) / Gift Card (GC) at any time without any notice or liability. | The Man Company has the final authority on the interpretation of these rules. | The Man Company reserves the right to withdraw Insta Gift Voucher (GV) / Gift Card (GC) scheme/offer before the completion of validity period without any notice or liability at its sole discretion. | The Man Company reserves the right to deny accepting any Insta Gift Voucher (GV) / Gift Card (GC), if it suspects that there is duplicity of cards. | In no event the liability of The Man Company for any claims shall exceed the value of the Insta Gift Voucher (GV) / Gift Card (GC) in dispute",2026-07-26
Trends Man,Trends Man,946,https://www.maximize.money/gift-cards/Trends Man/946,active,In-store,200 / 500 / 1000 / 2000 / 5000 / 10000,Yes,100-10000,4,5.0% off / 5.25% earn,3.75% off / 4.0% earn,3.1% off / 3.35% earn,2.65% off / 2.9% earn,2.75% off / 3.0% earn,2.75% off / 3.0% earn,UPI,5.0,No,Yes,Yes,Valid upto 12 Months from purchase,Visit a Trends Man store near you | Confirm acceptance of the Gift Voucher at the store before purchase | Select the products you wish to buy | Present the Gift Voucher details to the cashier at the time of billing | Pay any remaining balance using cash or card,"This Gift Voucher is issued by Reliance Retail Limited | Gift Voucher is valid for 12 months from the date of receipt | Gift Voucher can be redeemed only against the purchase of eligible products from Trends Man stores in India | Gift Voucher cannot be exchanged for cash | Gift Voucher is one-time redeemable only | Gift Voucher is not valid for the purchase of gold or silver coins | Gift Voucher cannot be redeemed partially and must be redeemed for full value | No extension of validity or refund will be provided if the voucher is not used within the validity period | Reliance Retail is not responsible for loss or misuse of the Gift Voucher and no duplicate or compensation will be provided | Reliance’s total liability shall not exceed the value of the Gift Voucher | Gift Vouchers can be used to purchase discounted products | Multiple Gift Vouchers can be used in a single bill | Gift Vouchers are accepted at all listed outlets on storelocator.ril.com/Retail | Gift Vouchers cannot be used online | The bearer of the Gift Voucher is deemed to have read, understood, and accepted all terms and conditions | The bearer of the Gift Voucher is deemed to be the beneficiary | Reliance Retail shall not be liable for any loss, damage, expense, or third-party liability arising from the use of the Gift Voucher | Product warranty, guarantee, and quality issues must be addressed to the respective manufacturer or brand owner | Reliance Retail reserves the right to amend the terms and conditions at any time without prior notice | For store-related issues, customers may contact the customer service desk or call 1800 891 0001 or email customerservice@ril.com | For voucher receipt issues, customers may contact Qwikcilver at rrlsupport@qwikcilver.com | Gift Voucher usage is subject to applicable laws of India | All disputes are subject to the jurisdiction of courts at Mumbai only",2026-07-26
Neeman's,Neeman's,790,https://www.maximize.money/gift-cards/Neeman's/790,active,Online,200 / 500 / 1000 / 2000 / 5000 / 10000,Yes,100-10000,4,10.0% off / 10.5% earn,8.75% off / 9.25% earn,8.1% off / 8.6% earn,7.65% off / 8.15% earn,7.75% off / 8.25% earn,7.75% off / 8.25% earn,UPI,10.0,Yes,Yes,Yes,Valid upto 6 Months from purchase,"Visit https://www.neemans.com or the App | Add your desired products to the cart and proceed to checkout. | At checkout, under Gift Voucher - ePay | Enter your voucher PIN and click 'Add' | Your balance will be updated and you can redeem or click 'Add More' to combine multiple vouchers. | OR | Go to https://www.brandpts.com/ | Log in with your phone number. | Combine all your vouchers for Neemans using just the PIN | The ePay balance will be automatically visible on the checkout.","This is a Neeman’s Gift Voucher (GV) or Gift Card (GC) accepted only on Neeman’s official website. It cannot be returned or refunded once issued. | The person who holds the GV/GC is deemed the beneficiary. | The GV/GC can be used along with existing discounts on the Neeman’s website. | The GV/GC can be converted into e-Pay as per the holder’s convenience. | After conversion into e-Pay, this GV/GC is valid for partial redemption. Any remaining balance stays in the e-Pay wallet and can be used for multiple transactions within the validity period. | Only valid Neeman’s GV/GC, at the sole discretion of Neeman’s, shall be accepted for redemption. | The Neeman’s e-Pay balance must be linked to the registered mobile number. | The GV/GC can be used for all purchases of products and services on the Neeman’s website. | Neeman’s / Maximize is not responsible if the GV/GC is lost, stolen, or used without permission. | Neeman’s, Maximize, or its affiliates shall not be responsible if the beneficiary shares the GV/GC number, PIN, or account credentials resulting in unauthorized use of the GV/e-Pay balance.",2026-07-26
Max Fashion (Offline),Max Fashion (Offline),923,https://www.maximize.money/gift-cards/Max Fashion (Offline)/923,active,In-store,500 / 1000 / 2000 / 3000 / 4000,No,,4,7.25% off / 7.5% earn,6.0% off / 6.25% earn,5.35% off / 5.6% earn,4.9% off / 5.15% earn,5.0% off / 5.25% earn,5.0% off / 5.25% earn,UPI,7.25,No,Yes,Yes,Valid for upto 6 months,"Visit any Max offline store in India and select your products. | At checkout, share your eGift Card number and PIN with the cashier. | Pay any remaining balance if the bill value exceeds the gift card amount.","Max eGift Cards are redeemable at Max offline stores in India only | To check balance/validity: SMS MFBAL <space> 16-digit card number to 56767 | Valid for a minimum of 6 months from the date of issuance | eGift Cards are redeemable only once and in full | Once issued, eGift Cards cannot be cancelled | Lost, stolen, or compromised cards will not be replaced or refunded | Lifestyle International Pvt. Ltd. is not liable for misuse of the card or PIN | Any exchange by the bearer is considered a valid discharge of liability | Lifestyle International Pvt. Ltd. reserves the right to amend terms without prior notice | Disputes, if any, are subject to Bangalore jurisdiction | Customer Care: 1800 123 1444 | Multiple eGift Cards can be redeemed in a single invoice",2026-07-26
Lawrence and Mayo,Lawrence and Mayo,561,https://www.maximize.money/gift-cards/Lawrence and Mayo/561,active,In-store,200 / 500 / 1000 / 2000 / 5000 / 10000 / 20000 / 50000,Yes,100-50000,4,8.0% off / 8.5% earn,6.75% off / 7.25% earn,6.1% off / 6.6% earn,5.65% off / 6.15% earn,5.75% off / 6.25% earn,5.75% off / 6.25% earn,UPI,8.0,No,No,No,Valid for upto 6 months,"Visit any Lawrence and Mayo offline retail store (eGift card is not valid online). | Select your merchandise as desired. | Inform the cashier or store executive that you wish to pay using the L and M eGift Card. | The cashier will select LnM Gift Card as the mode of payment. | The store executive will open the browser-based redemption tool. | You will need to share your gift card credentials (Card Number and PIN). | The system will validate the credentials and approve redemption (Note: One-time redemption only). | If the total bill exceeds the gift card value, pay the remaining amount using debit/credit card.","Valid for 6 months from the date of issue. | Redeemable only at Lawrence and Mayo Offline Retail Stores across India. | Cannot be redeemed online at https://www.lawrenceandmayo.com. | Not redeemable for cash, credit, other gift vouchers, or cheques. | Not a substitute for a credit/debit card or legal tender. | If the bill exceeds voucher value, the balance must be paid using card at the offline store. | This is a one-time use voucher - no partial or multiple redemptions allowed. | Lawrence and Mayo is not responsible for lost, deleted, or fraudulently used vouchers. | No duplicate voucher will be issued under any circumstances. | The voucher remains the property of Lawrence and Mayo, and must be returned if requested. | Subject to change at the discretion of Lawrence and Mayo without prior notice. | Any disputes must be referred to Lawrence and Mayo (India) Private Ltd. | Not valid on return, refund, or cancelled orders. | For redemption issues, contact customer care at +91 9820393200, or visit: Lawrence and Mayo House, 274 Dr. D.N. Road, Fort, Mumbai, Maharashtra – 400001 | E-Gift cards are typically delivered instantly, but may be delayed up to 24 hours due to system issues. | No returns or refunds on eGift Cards. Refer to woohoo.in/faq for full refund policy.",2026-07-26
Zambar,Zambar,1051,https://www.maximize.money/gift-cards/Zambar/1051,active,In-store,1000 / 2000 / 5000 / 10000 / 20000 / 50000,Yes,500-50000,4,8.5% off / 8.75% earn,7.25% off / 7.5% earn,6.6% off / 6.85% earn,6.15% off / 6.4% earn,6.25% off / 6.5% earn,6.25% off / 6.5% earn,UPI,8.5,No,No,No,Valid upto 6 Months from purchase,"Visit a participating Zambar or Lite Bite Foods outlet. | Enjoy your meal through dine-in or takeaway. | At the time of billing, inform the cashier that you would like to redeem a Gift Card. | Share the Gift Card number and PIN with the cashier. | The cashier will validate and redeem the Gift Card. | Pay any remaining balance, if applicable. | Collect the final invoice.","Redeemable across participating Lite Bite Foods outlets. | Valid only for dine-in and takeaway orders. | Not valid on 31st December. | Gift Card validity is 6 months from the date of issue. | Only one Gift Card can be used per bill. | Cannot be clubbed with any other ongoing offer or promotion. | Gift Card is valid for one-time redemption only. | Gift Card is non-transferable and cannot be resold, exchanged, or encashed. | Prior reservation is recommended. | Lite Bite Foods reserves the right to reject or cancel the Gift Card in case of misuse or breach of terms. | Lost or deleted Gift Cards can be reported via corpsales@lbf.co.in.",2026-07-26
Columbia Sportswear,Columbia Sportswear,1016,https://www.maximize.money/gift-cards/Columbia Sportswear/1016,active,In-store,200 / 500 / 1000 / 2000 / 5000 / 10000,Yes,100-10000,4,12.75% off / 13.0% earn,11.5% off / 11.75% earn,10.85% off / 11.1% earn,10.4% off / 10.65% earn,10.5% off / 10.75% earn,10.5% off / 10.75% earn,UPI,12.75,Yes,Yes,Yes,Valid upto 6 Months from purchase,Share the registered mobile number with the cashier once products are scanned for invoicing. | Cashier will inform the available Gift Voucher and its balance. | Customer confirms the amount to be used for redemption and proceeds with balance payment if required. | Cashier completes the billing and invoice.,"This is a Columbia Sports GV (Gift Voucher)/e-Pay, and can be redeemed at all the listed retail outlets of Columbia Sports owned by Chogori India Retail Limited (CIRL). | The person who has the GV/e-Pay is deemed to be the beneficiary. | Once the GV/GC has been added to the e-Pay, it can be redeemed only at the Columbia Sports Outlet and not on the Website. | The GV can be converted into e-Pay as per the holder's convenience. | Multiple GV/GCs can be combined and added to the e-Pay balance. | The GV/e-Pay balance cannot be transferred to another e-Pay account, exchanged for cash, or converted into any other form of currency. | The e-Pay balance must be linked to the registered mobile number. | After conversion into e-Pay balance, this GV is valid for partial redemption. The balance would remain in the e-Pay balance and can be used for multiple transactions within the validity period. | The GV/e-Pay can be clubbed with any one of the existing offers. | The GV/e-Pay cannot be redeemed on specific blackout dates as may be intimated/updated by Columbia Sports on its website from time to time. Columbia Sports may add or delete any date(s)/period(s) at its sole discretion without any liability. | Columbia Sports is not responsible if the GV/e-Pay is lost, stolen, or used without permission. | Only valid GV/e-Pay at the sole discretion of Columbia Sports shall be accepted for redemption. | The GV/e-Pay CANNOT be revalidated once expired or canceled under any circumstances. | Columbia Sports/GyFTR is not responsible if the GV/e-Pay is lost, stolen, or used without permission. | If GV/e-Pay gets blocked on account of a technical issue, it will be enabled in 72 hours. In case of transaction failures after GV/e-Pay is applied, the amount would be automatically refunded to the same cards within 48 hours. | Any dispute should be referred to the company from which the GV/e-Pay has been received, and the company's decision shall be final. | Columbia Sports/GyFTR reserves the right to withdraw, modify, cancel, or change the offer at any point without prior notice and at its sole discretion. | For any queries or issues related to GV/e-Pay, kindly contact 808082686 or raise a request at https://www.gvhelpdesk.com",2026-07-26
Homecentre Offline,Homecentre Offline,366,https://www.maximize.money/gift-cards/Homecentre Offline/366,active,In-store,500 / 1000 / 1500 / 2000 / 2500 / 5000 / 10000,No,,4,5.0% off / 5.25% earn,3.75% off / 4.0% earn,3.1% off / 3.35% earn,2.65% off / 2.9% earn,2.75% off / 3.0% earn,2.75% off / 3.0% earn,UPI,5.0,No,No,Yes,Valid for upto 6 months,"Walk in-to Home Centre store. | Select the applicable product, based on the Gift card type (refer terms & conditions). | At the Billing Counter, inform the cashier about the choice of making payment using Gift Cards. | Cashier selects Gift Card as payment mode, submits Gift Card details in the system and completes the billing process.","eGift card are redeemable at all stores of Lifestyle & Home Centre in India. | For balance enquiry / validity, SMS LSBAL<space>16 digit card number to 56767. | This eGift Card is valid for a period of minimum 6 months. | This Lifestyle eGift Card can be redeemed only once and in full. In case the value of the merchandise exceeds the value of the eGift card, the difference shall be paid by the bearer. No refunds/credit note shall be issued for unused part of the eGift card. | This eGift Card can be used at our offline stores only. | Lifestyle International Pvt. Ltd. reserves the right to amend the terms at its discretion without prior notice. | Protect the eGift card number and PIN to avoid misuse. Lifestyle shall not assume any liability in case the eGift card PIN gets stolen/compromised. Lifestyle shall neither replace the eGift card nor refund the cash. | Once the eGift card is issued, Lifestyle will not entertain any request for cancellation. Any exchange by the bearer will be considered a valid discharge of Lifestyle's liability. | Disputes, if any, shall be subject to Bangalore jurisdiction. | For any assistance, call customer care at 18001231555. | No replacement/compensation is permissible for lost eGift card. | Multiple e-gift cards can be redeemed in a single invoice.",2026-07-26
Netmeds,Netmeds,280,https://www.maximize.money/gift-cards/Netmeds/280,active,Online,250 / 500 / 1000,No,,4,16.0% off / 16.25% earn,14.75% off / 15.0% earn,14.1% off / 14.35% earn,13.65% off / 13.9% earn,13.75% off / 14.0% earn,13.75% off / 14.0% earn,UPI,16.0,No,No,Yes,Valid for upto 6 months,"Log in to the Netmeds website/app, add products to your cart, and proceed to checkout. | Choose the GyFTR voucher/e-Pay option. You'll be able to view and add available vouchers linked to your account. | After adding the vouchers to your wallet, you can use them to make purchases.","This is a Netmeds GV(Gift Voucher)/e-Pay and would be accepted on https://www.netmeds.com/ and Netmeds mobile application. | The person who has GV/e-Pay is deemed to be the beneficiary. | This GV/e-Pay entitles customers to order medicines ONLY. | Multiple GVs can be combined and added to the e-Pay balance. | Toiletries, Cosmetics, Wellness, FMCG products, or products of a similar kind cannot be purchased using GV/e-Pay. | The Netmeds gift card/e-Pay balance can only be used for the medicines category. | The Netmeds e-Pay balance must be linked to the registered mobile number. | The GV/e-Pay cannot be clubbed with ongoing offers and promo codes available on the website. | For prescription-based medicine orders, a valid prescription from an authorized doctor is required for the fulfillment of the order. | The GV/e-Pay cannot be revalidated once it expires. | Netmeds/GyFTR is not responsible for lost, damaged, or stolen GV/e-Pay. | If the order value exceeds the denomination value of GV/e-Pay, then customers shall pay the differential amount by selecting the desired payment method mentioned on the Netmeds website at the time of checkout. | The GV can be converted into e-Pay, and then it can be used partially at the holder's convenience. | Delivery and/or COD charges shall be borne by customers only. | GV/e-Pay is non-refundable, may not be exchanged, transferred, or resold, and may not be redeemed for cash. | Once the prescription has been validated by Netmeds, the order delivery details will be confirmed by Netmeds at the time of placing the order. For any order-related inquiries customers are advised to visit https://www.netmeds.com. | If the customer cancels the product before delivery where the customer has made a transaction via e-Pay and applies for a refund in case of non-delivery of the particular product, the total refund amount shall be refunded back to the source. | All orders shall be placed at least 7 working days before the end of the validity period of this GV/e-Pay. | The usage of the GV/e-Pay is at the sole discretion of customers. | Fulfillment of orders is subject to availability of the product(s) at the time of processing the order. | For any queries/issues related to GV / GC, raise a request at https://www.gvhelpdesk.com.",2026-07-26
Femmella,Femmella,718,https://www.maximize.money/gift-cards/Femmella/718,active,Online,500 / 1000 / 2000,No,,4,13.75% off / 14.25% earn,12.5% off / 13.0% earn,11.85% off / 12.35% earn,11.4% off / 11.9% earn,11.5% off / 12.0% earn,11.5% off / 12.0% earn,UPI,13.75,Yes,Yes,Yes,Valid for upto 12 months,"Visit https://www.femmella.com | Add products to your cart | At checkout, select “Pay via e-Pay / Gift Vouchers” → Add vouchers to your e-Pay balance → Pay using available balance","This Gift Voucher (GV)/e-Pay can only be redeemed online at https://www.femmella.com . | The person using the GV/e-Pay is considered the beneficiary. | Multiple GVs can be combined and added to your Femmella e-Pay balance. | After conversion into e-Pay, the balance is valid for partial redemption across multiple transactions within the validity period. | Orders placed using GV/e-Pay balance will be refunded only as a Femmella Gift Card sent to the registered email ID. | GV/e-Pay can be used along with ongoing discounts or sales on the website. | Only valid GVs/e-Pay (at the sole discretion of Femmella) will be accepted for redemption. | Your Femmella e-Pay balance must be linked to your registered mobile number. | GV/e-Pay cannot be revalidated, transferred, exchanged for cash, or moved to another account once issued. | Femmella/GyFTR is not responsible for lost, stolen, misused, or shared voucher details. In case of a technical issue, blocked GV/e-Pay will be reactivated within 72 hours.",2026-07-26
W For Women,W For Women,949,https://www.maximize.money/gift-cards/W For Women/949,active,In-store,500 / 1000 / 2000 / 5000,Yes,250-5000,4,10.75% off / 11.0% earn,9.5% off / 9.75% earn,8.85% off / 9.1% earn,8.4% off / 8.65% earn,8.5% off / 8.75% earn,8.5% off / 8.75% earn,UPI,10.75,No,No,Yes,Valid upto 6 Months from purchase,Walk into a W Exclusive Brand Outlet | Select the merchandise you wish to purchase | Present the E-Gift Card number and PIN to the cashier at billing | Redeem the voucher in full in a single transaction | Collect your merchandise,"This E-Gift Voucher is valid only at Exclusive Brand Outlets | E-Gift Voucher cannot be redeemed for cash | E-Gift Voucher is valid for one transaction only and no store credit is allowed | Partial redemption is not allowed | If the purchase value exceeds the voucher value, the balance amount must be paid by the customer | If the purchase value is less than the voucher value, the remaining balance will not be refunded | Multiple E-Gift Vouchers can be used in one transaction | E-Gift Voucher is valid for 6 months from the date of issue | TCNS Clothing Co. Ltd reserves the right to modify terms and conditions at any time | All claims are subject to Delhi jurisdiction only | Terms and conditions are governed by the laws of India",2026-07-26
FreshMenu,FreshMenu,398,https://www.maximize.money/gift-cards/FreshMenu/398,active,Online,100 / 250 / 500 / 1000 / 1500 / 2500 / 5000 / 10000,Yes,100-10000,4,3.75% off / 4.0% earn,2.5% off / 2.75% earn,1.85% off / 2.1% earn,1.4% off / 1.65% earn,1.5% off / 1.75% earn,1.5% off / 1.75% earn,UPI,3.75,Yes,No,Yes,Valid for upto 12 months,Login to freshmenu Account. | Click your account. | Select on Gift Card. | Click on Redeem button. | Enter Gift Card Number. | Enter PIN. | Click on Redeem to complete the addition of money to Freshmenu Wallet.,"Valid only in Bangalore, Delhi, Gurgaon, and Mumbai. | eGift Card can be used on Freshmenu website, App and M-site. | eGift Card will be valid for a period of up to 12 months from the date of issue. | Entire eGift Card amount will be redeemed and credited to the Freshmenu wallet. After the amount is credited, it can be used across multiple orders. | eGift Card is not redeemable for cash or credit. | If the customer misplaces the eGift card, Freshmenu shall not be responsible to reimburse/refund. | No duplicate will be issued if the eGift card is lost or misplaced. | eGift Card cannot be re-validated once expired. | The holder of the eGift card is deemed to be the beneficiary. | The validity period of the eGift card will not be extended under any circumstances. | Any dispute should be referred to Freshmenu and the decision of Freshmenu shall be final. | If eGift Card is purchased in a city not mentioned above, the amount will not be reimbursed/refunded.",2026-07-26
Nykaa Men,Nykaa Men,341,https://www.maximize.money/gift-cards/Nykaa Men/341,active,Online,250 / 500 / 1000 / 1500 / 2500 / 5000 / 7500 / 10000,Yes,250-10000,4,6.0% off / 6.1% earn,4.75% off / 4.85% earn,4.1% off / 4.2% earn,3.65% off / 3.75% earn,3.75% off / 3.85% earn,3.75% off / 3.85% earn,UPI,6.0,No,No,Yes,Valid for upto 12 months,"This MyGlamm E-Gift Card is redeemable on the online ecommerce platform https://www.myglamm.com, Android and iOS App. | Select the items you want to purchase and proceed to check out. | Choose Gift Card as the payment mode. | Enter your Card Number(s) and PIN(s). The Gift Card amount will be deducted from the payable amount. | Pay any balance amount using available prepaid payment modes.","This E-Gift Card is redeemable on the website https://www.myglamm.com,Android and iOS App. | The Gift Card can also be combined with promotional codes and with other prepaid payment options. | This E-Gift Card shall have a validity period of 1 year. | There is no fee or other charges associated with e-Gift Card purchase. | This E - Gift Card cannot be used to purchase other gift cards. | E -Gift Cards cannot be redeemed for Cash or Credit and cannot be reloaded. | The Gift Card once purchased cannot be cancelled, refunded, or returned. Once purchased, the recipient email ID or mobile number cannot be changed. | The cardholder may request for revalidation of the expired gift card. Upon receipt of such request the gift card may be revalidated after due verification and maybe subject to additional terms and conditions. | MyGlamm is not responsible if the card is used without permission. You agree and acknowledge that you shall be solely responsible for maintaining secrecy of the code provided to use the e-Gift Card. | If the order value exceeds the e-Gift Card amount, the balance must be paid by another prepaid payment option. Cash on Delivery will not be available for paying the balance amount. | If the order value is less than the amount of the e-Gift Card, the outstanding balance (after deduction of order value) will reflect under the same e-Gift Card. | You can redeem up to 5 Gift Cards in a single order. | MyGlamm will have the right to cancel the e-Gift Card obtained fraudulently and the funds have to be credited back to the same source from where these were received. | MyGlamm does not warrant that the services and products provided to you pursuant to this Agreement will be free of interruptions, errors, bugs, viruses, or security problems. | MyGlamm does not make any warranties, express or implied, with respect to e-Gift Cards including without limitation, any express or implied warranty of merchantability or fitness for a particular purpose. In the event an e-Gift Card is non-functional, your sole remedy will be the issuance of another e Gift Card, for the value remaining in the non-functional card. | The conditions stated in these Terms and Conditions are in addition to the terms and conditions of the website MyGlamm.com. MyGlamm reserve the right to change these terms and conditions from time to time in its discretion and without prior notice to you. | E-Gift Cards are normally delivered instantly. But sometimes due to system issues, the delivery can be delayed up-to 24 hours. | No returns and no refunds on gift cards, E- gift cards and gift vouchers. | For support, please reach out to hello@myglamm, 022-48913663",2026-07-26
American Eagle,American Eagle,481,https://www.maximize.money/gift-cards/American Eagle/481,active,Online + In-store,500 / 1000 / 1500 / 2000 / 2500 / 5000 / 10000,No,,4,3.0% off / 3.1% earn,1.75% off / 1.85% earn,1.1% off / 1.2% earn,0.65% off / 0.75% earn,0.75% off / 0.85% earn,0.75% off / 0.85% earn,UPI,3.0,No,Yes,Yes,Valid for upto 12 months,"Online Redemption (via aeo.in): | Open https://www.aeo.in/myaccount/wallet in your browser. | Log in with your email or mobile number (if you're an existing user), or create an account if you're new. | Once logged in, click the “ADD GIFT CARD” button on the right-hand side. | A pop-up will appear - enter your gift card number and PIN, then click “ADD TO ACCOUNT.” | If valid, the amount will be added to your American Eagle Credits - this confirms successful redemption. | At checkout, apply the credits in the “Apply Coupons & Promotions” section. | Offline Redemption (in-store): | Visit any American Eagle store. | Select your merchandise and proceed to the billing counter. | Present the e-gift card code (both number and PIN) to the cashier. | The cashier will apply the gift card value during billing.","Valid for 1 year from the date of issuance. | Redeemable on all merchandise at aeo.in and all exclusive American Eagle Outfitters stores across India. | Can be redeemed only once. | The card holds no value until it is activated with a minimum purchase. | No additional fee is charged to obtain this card. | Online: Use the card number and PIN at checkout. | In-store: Present a printout of the E-Gift Card to the customer relationship officer before billing. | Not redeemable for cash or credit. | If the card is damaged, a new one may be issued with the remaining balance upon presenting valid proof at any AE store. | If the card is lost or stolen, no replacement or reimbursement will be provided. | E-Gift Cards are generally delivered instantly but may be delayed up to 24 hours due to system issues. | prior to billing or when you want to redeem the card when shopping from stores | In case of a damaged card, a new card will be issued and loaded with the remaining value only after proof and authenticity is presented to any AE store.",2026-07-26
Hammer,Hammer,522,https://www.maximize.money/gift-cards/Hammer/522,active,Online,250 / 500 / 1000 / 2000,No,,4,24.0% off / 24.5% earn,22.75% off / 23.25% earn,22.1% off / 22.6% earn,21.65% off / 22.15% earn,21.75% off / 22.25% earn,21.75% off / 22.25% earn,UPI,24.0,No,No,No,Valid for upto 6 months,"Visit hammeronline.in | Add items of your choice to cart and click Buy Now or Add to Cart | Enter the voucher code under the ""GIFT CARD or DISCOUNT CODE"" section → click Apply. The discount will reflect; pay any remaining balance through other available payment methods",Valid only on https://hammeronline.in | Cannot be clubbed with any other coupon or voucher | GV/GC holder is considered the beneficiary | No credit note/refund for any unused balance; unused balance lapses automatically | Cannot be revalidated once expired or canceled | Disputes must be referred to the issuing company; Delhi courts have exclusive jurisdiction | Hammer is not liable for technical issues that may prevent voucher redemption | Hammer may change or withdraw the offer or its T&Cs without notice | Suspected duplicate cards may be rejected | Hammer’s liability is limited to the value of the disputed GV/GC,2026-07-26
Timezone,Timezone,252,https://www.maximize.money/gift-cards/Timezone/252,active,In-store,800 / 1250,No,,4,13.25% off / 13.0% earn,12.0% off / 11.75% earn,11.35% off / 11.1% earn,10.9% off / 10.65% earn,11.0% off / 10.75% earn,11.0% off / 10.75% earn,UPI,13.25,No,No,No,Valid for upto 6 months,"With the help of the outlet locator, find the nearest eligible Timezone. | Show your Timezone Gift Voucher at the outlet and redeem the same at the cash counter. | Enjoy your time at Timezone.",All Vouchers are inclusive of all applicable taxes and service charges. | Vouchers cannot be clubbed with any other offers. | More than 1 voucher cannot be clubbed together. | Right of Admission reserved. | Voucher code is mandatory to avail the Gift Card. | Vouchers once purchased are non-refundable.,2026-07-26
Minus30,Minus30,1015,https://www.maximize.money/gift-cards/Minus30/1015,active,Online,200 / 500 / 1000 / 2000 / 5000 / 10000,Yes,100-10000,4,16.75% off / 17.0% earn,15.5% off / 15.75% earn,14.85% off / 15.1% earn,14.4% off / 14.65% earn,14.5% off / 14.75% earn,14.5% off / 14.75% earn,UPI,16.75,Yes,Yes,Yes,Valid upto 6 Months from purchase,"Open the URL https://minus30.co/ | , add products to cart, and proceed to checkout. | Select GyFTR ePay, enter your voucher code under Recharge and add balance to wallet. If added from the GyFTR ePay app, the amount will reflect in your wallet balance. | e-Pay balance is applied and deducted from your total bill.","This is a Minus30 GV (Gift Voucher)/e-Pay that will be accepted on the Minus30 website at https://minus30.co/. | It cannot be cancelled/blocked once issued under any circumstances. | The person who has the GV/e-Pay is deemed to be the beneficiary. | Minus30 Gift Voucher is valid for 6 months. | The Gift Voucher (GV) can be used over and above any discounts offered by the brand on its website. However, only one code can be redeemed either a Gift Voucher or a promo code along with Brand offer. | The GV/e-Pay can be used for all purchases of products and services at the Minus30 website. | The GV/e-Pay can be converted into e-Pay as per the holder's convenience. | The GV/e-Pay balance cannot be transferred to another e-Pay account, exchanged for cash, or converted into any other form of currency. | The e-Pay balance must be linked to the registered mobile number. | After conversion into e-Pay balance, this GV is valid for partial redemption. The balance would remain in the e-Pay balance and can be used for multiple transactions within the validity period. | Only valid GV/e-Pay at the sole discretion of Minus30 shall be accepted for redemption. | The GV/e-Pay CANNOT be revalidated once expired or cancelled under any circumstances. | Minus30/GyFTR is not responsible if the GV/e-Pay is lost, stolen, or used without permission. | If GV/e-Pay gets blocked on account of a technical issue, it will be enabled in 72 hours. | Any dispute should be referred to the company from which the GV/e-Pay has been received, and the company's decision shall be final. | Minus30/GyFTR reserves the right to withdraw, modify, cancel, or change the offer at any point without prior notice and at its sole discretion. | Minus30, GyFTR, or its affiliates shall not be responsible if the beneficiary shares the GV/GC number, pin, or account credentials, resulting in unauthorized use of the GV/e-Pay balance. | For any queries or issues related to GV/e-Pay, kindly contact 808082686 or raise a request at https://www.gvhelpdesk.com.",2026-07-26
Titan Minimals,Titan Minimals,294,https://www.maximize.money/gift-cards/Titan Minimals/294,active,In-store,500 / 1000 / 1500 / 2000 / 5000,No,,4,8.0% off / 9.0% earn,6.75% off / 7.75% earn,6.1% off / 7.1% earn,5.65% off / 6.65% earn,5.75% off / 6.75% earn,5.75% off / 6.75% earn,UPI,8.0,No,No,No,Valid for a range of 6 - 12 months,Use the outlet locator to locate the nearest outlet that accepts this Gift Voucher. | Select your choice of Titan Minimal Watch Collection Watch. | Share your Gift Voucher with the cashier at the time of billing & pay the remaining amount by cash or card if required. | Please ask the cashier to select MyGyFTR / VoucherGram / VG & Enter only pin,"This is Titan Minimals Gift Voucher (GV) / Gift Card (GC) and it would be accepted on listed Titan stores only. | The holder of the voucher is deemed to be the beneficiary. | Beneficiary should announce the intent of using the voucher before making a purchase | Only valid vouchers at the sole discretion of TITAN shall be accepted for redemption. | A Maximum of 5 Gift vouchers can be clubbed for a single purchase. | Partial redemption is not allowed, single time usage only. | No refund or credit note would be issued against unused or partially used voucher | Not valid for in-store offers. | Voucher cannot be revalidated once expired. | TITAN/ affiliates are not responsible on account of the beneficiary sharing the voucher number and the voucher getting redeemed on that account. | The Brand may ask for a valid Government identity proof at the time of redeeming the voucher | Vouchers will be accepted across all outlets mentioned, but TITAN at its sole discretion may add or remove an outlet from the list without giving any prior notice. | TITAN makes full efforts to accept voucher, but on account of any technical / administrative reasons an outlet may refuse to accept a voucher. | This voucher cannot be redeemed on specific block out dates TITAN may add or delete any date on its sole discretion. | TITAN or any of its partners would not be liable for any form of compensation etc on account of an outlet not being able to accept the voucher. The customer would be liable to settle the Invoice. | If a voucher gets blocked on account of technical issue the voucher would be usable only post 72 hours. | Any dispute should be referred to the company from where the voucher has been received; decision of the TITAN shall be final. | For any queries / issues related to GV / GC, raise a request at https://www.gvhelpdesk.com",2026-07-26
Live Mint,Live Mint,836,https://www.maximize.money/gift-cards/Live Mint/836,active,Online,2949 / 4999 / 2949,No,,,35.75% off / 37.0% earn,34.5% off / 35.75% earn,33.85% off / 35.1% earn,33.4% off / 34.65% earn,33.5% off / 34.75% earn,33.5% off / 34.75% earn,UPI,35.75,No,Yes,No,Valid upto 6 Months from purchase,Visit the Live Mint website and select the subscription. | Proceed to checkout and enter the Gift Voucher code when prompted. | Complete the redemption and activate your subscription,"Live Mint Insta Gift Voucher/Card is valid for a Half-Yearly subscription and redeemable only on the Live Mint website; the holder is the beneficiary. | Only one GV/GC can be used per transaction and it is a one-time use voucher with an expiry date. | Unused balance will lapse automatically with no refund or credit note, and vouchers cannot be revalidated or cancelled once expired. | The voucher may be clubbed with one existing offer on the Live Mint website. | Vouchers may not be valid on specific block-out dates, which Live Mint may add or remove at its discretion. | Live Mint is not responsible for loss, theft, or unauthorized use of the voucher. | Due to technical or operational issues, voucher acceptance may fail without liability; blocked vouchers are enabled within 72 hours. | If a transaction fails after applying the voucher, the amount will be auto-refunded to the same card within 48 hours. | Live Mint may deny vouchers in case of suspected duplication, modify or withdraw the scheme at any time, and its interpretation is final with liability limited to voucher value.",2026-07-26
Unlimited,Unlimited,938,https://www.maximize.money/gift-cards/Unlimited/938,active,In-store,200 / 500 / 1000 / 2000 / 5000,Yes,100-5000,4,7.0% off / 7.1% earn,5.75% off / 5.85% earn,5.1% off / 5.2% earn,4.65% off / 4.75% earn,4.75% off / 4.85% earn,4.75% off / 4.85% earn,UPI,7.0,No,No,No,Valid upto 12 Months from purchase,"Visit a nearby V-Mart or Unlimited store (store list: http://stores.vmart.co.in/ ) | Before purchase, confirm Gift Card acceptance at the store | Select the products you wish to buy | Present the Gift Card details to the cashier at the time of billing | Pay any remaining balance using cash or card","Gift Card is valid at all Unlimited & V-Mart stores across India | List of participating stores is available at http://stores.vmart.co.in/ | Gift Card is valid for 1 year from the date of issue | Gift Card is not valid for online purchases and cannot be redeemed on the V-Mart app or https://www.vmartretail.com | Gift Card redemption is not allowed for FMCG or Kirana sales | Gift Card cannot be exchanged for cash, cheque, credit note, or other gift cards | Gift Card cannot be revalidated once expired | No other offers, discounts, promotions, or loyalty points are applicable with this Gift Card | Gift Card is non-refundable and non-returnable | If the purchase value exceeds the Gift Card value, the balance amount must be paid by cash or card | VMRL will not issue a replacement if the Gift Card is lost by the customer | VMRL is not responsible for unauthorized or fraudulent purchases made using the Gift Card | The cardholder is solely responsible for safe custody of the Gift Card and its credentials | In case of return of items purchased using the Gift Card, V-Mart’s standard return policy will apply | Any liability raised by the customer or Gift Card bearer is limited to the value of the Gift Card",2026-07-26
Imagine Apple Premium Reseller,Imagine Apple Premium Reseller,467,https://www.maximize.money/gift-cards/Imagine Apple Premium Reseller/467,active,Online + In-store,1000 / 2000 / 5000 / 10000 / 20000 / 50000,Yes,500-75000,4,2.0% off / 2.1% earn,0.75% off / 0.85% earn,0.1% off / 0.2% earn,,,,UPI,2.0,No,No,No,Valid for upto 12 months,"Log on to myimaginestore.com | Select the product to be purchased | On payment page, click on the “Pay by Gift Card” to enter the gift card code in the text box that appears & click on 'Apply' button to redeem the denomination. | Proceed to checkout and pay the balance amount by credit card/debit card or NEFT mode of payment to complete the transaction. | For any assistance, reach out to Imagine’s Customer Support on 82874-82874 or write to us on alisha@myimaginestore.com.","Imagine Gift Cards issued by Tresor Systems Pvt. Ltd | The e-gift card is not a legal tender or replacement of credit / debit card | This e-gift card cannot be exchanged for cash or cheque | The holder of this e-gift card is deemed to be the beneficiary | This E-Gift card is valid for 1 year from the issue date and cannot be revalidated. | This E-Gift card can be redeemed at the Apple Imagine Store and Online both at https://www.myimaginestore.com | Only one Gift card per invoice can be redeemed in offline or online and partial Gift Card redemption is not allowed. | E-gift cards cannot be exchanged for cash, gift cards, or credit notes. If the value of the purchase is less than the value of the gift card, the balance is non-refundable. Such cards can't be reused to buy any other item from the balance amount. | Imagine an E-Gift Card bought once cannot be returned/refunded. | Tresor Systems Pvt. Ltd. reserves the right to alter or suspend any gift card presented against a purchase, if they deem, at their sole discretion, provided that the code has been forged, defaced, or otherwise tempered | Tresor Systems Pvt. Ltd. reserve the right to discontinue the gift card as product without any prior notice | No returns and no refunds on Gift Cards, E- gift Cards and Gift Cards issued by Tresor Systems Pvt Ltd. | Any dispute should be referred to Delhi jurisdiction and the decision of the company shall be final | Any redemption issues related queries customer needs to get in touch with Imagine customer care or write to alisha@myimaginestore.com | E-Gift Cards are normally delivered instantly. But sometimes due to system issues, the delivery can be delayed up-to 24 - 48 hours. | No returns and no refunds on gift cards.",2026-07-26
Hamleys - LUXE,Hamleys - LUXE,405,https://www.maximize.money/gift-cards/Hamleys - LUXE/405,active,Online + In-store,1000 / 2000 / 5000 / 10000,Yes,1000-10000,4,10.0% off / 13.0% earn,10.0% off / 11.75% earn,10.0% off / 11.1% earn,10.0% off / 10.65% earn,10.0% off / 10.75% earn,10.0% off / 10.75% earn,UPI,10.0,No,No,Yes,Valid for 12 month only,"Redeem your Luxe Gift Card at a participating brand of your choice by providing the Digital gift card. | An OTP will be generated and sent to you on your registered mobile number at the time of redemption. | Please use your Luxe Gift Card and OTP to redeem this gift card. | To activate this gift card, SMS to 9704200300. For balance enquiry & validity, SMS to 9704200300.","These Terms & Conditions apply to the electronic version of the Luxe Gift Card. | The Luxe Gift Card is issued by Pine Labs Limited (formerly Pine Labs Private Limited) and is valid for 12 months from the date of purchase. | The Luxe Gift Card can be redeemed across 45+ participating brands in India. For store locations, visit: https://www.luxegiftcard.com/brands#store_location | The Luxe Gift Card is not redeemable at airport stores. | The Gift Card can also be redeemed online at the brand websites | The Luxe Gift Card is valid for one-time use only until expiry. If the purchase value exceeds the Gift Card value, the balance amount must be paid by the customer. No refund or credit note will be issued for any unused balance. | Users are advised to protect the Gift Card details. RBL Bank or Pine Labs shall not be liable in case of loss, theft, or misuse of the Gift Card or PIN. The Gift Card will not be replaced or refunded in such cases. | Multiple Luxe Gift Cards can be used in a single transaction. | Once issued, the Luxe Gift Card cannot be cancelled or blocked. | The Gift Card can be redeemed only on full-priced merchandise and is not applicable on discounted items unless specified otherwise. | To activate the Gift Card, send an SMS in the format: ACT <16-digit card number><6-digit PIN> to 9704200300 | Alternatively, activation can be done via the portal: https://bit.ly/4072sdb | For balance enquiry and validity, SMS the 16-digit card number to 9704200300 or visit any participating merchant location. | For complete Terms & Conditions, participating brands, and store locations, visit: https://www.luxegiftcard.com | For bulk enquiries or support, contact: info@luxegiftcard.com | Users can change the SMS transaction alert language by writing to gcsupport.woohoo@pinelabs.com , mentioning the registered mobile number and preferred language (Hindi, Telugu, Tamil, Kannada, Marathi, Bengali, Gujarati, Odia, Punjabi, Malayalam, Assamese). | Pine Labs may take up to 15 working days to update the language preference. Once updated, all future SMS alerts for the Luxe Gift Card will be sent in the selected language.",2026-07-26
Tumi - Luxe,Tumi - Luxe,991,https://www.maximize.money/gift-cards/Tumi - Luxe/991,active,Online + In-store,1000 / 2000 / 5000 / 10000,No,,4,12.75% off / 13.0% earn,11.5% off / 11.75% earn,10.85% off / 11.1% earn,10.4% off / 10.65% earn,10.5% off / 10.75% earn,10.5% off / 10.75% earn,UPI,12.75,No,No,Yes,Valid for 12 month only,"Redeem your Luxe Gift Card at a participating brand of your choice by providing the Digital gift card. | An OTP will be generated and sent to you on your registered mobile number at the time of redemption. | Please use your Luxe Gift Card and OTP to redeem this gift card. | To activate this gift card, SMS to 9704200300. For balance enquiry & validity, SMS to 9704200300.","These Terms & Conditions apply to the electronic version of the Luxe Gift Card. | The Luxe Gift Card is issued by Pine Labs Limited (formerly Pine Labs Private Limited) and is valid for 12 months from the date of purchase. | The Luxe Gift Card can be redeemed across 45+ participating brands in India. For store locations, visit: https://www.luxegiftcard.com/brands#store_location | The Luxe Gift Card is not redeemable at airport stores. | The Gift Card can also be redeemed online at the brand websites | The Luxe Gift Card is valid for one-time use only until expiry. If the purchase value exceeds the Gift Card value, the balance amount must be paid by the customer. No refund or credit note will be issued for any unused balance. | Users are advised to protect the Gift Card details. RBL Bank or Pine Labs shall not be liable in case of loss, theft, or misuse of the Gift Card or PIN. The Gift Card will not be replaced or refunded in such cases. | Multiple Luxe Gift Cards can be used in a single transaction. | Once issued, the Luxe Gift Card cannot be cancelled or blocked. | The Gift Card can be redeemed only on full-priced merchandise and is not applicable on discounted items unless specified otherwise. | To activate the Gift Card, send an SMS in the format: ACT <16-digit card number><6-digit PIN> to 9704200300 | Alternatively, activation can be done via the portal: https://bit.ly/4072sdb | For balance enquiry and validity, SMS the 16-digit card number to 9704200300 or visit any participating merchant location. | For complete Terms & Conditions, participating brands, and store locations, visit: https://www.luxegiftcard.com | For bulk enquiries or support, contact: info@luxegiftcard.com | Users can change the SMS transaction alert language by writing to gcsupport.woohoo@pinelabs.com , mentioning the registered mobile number and preferred language (Hindi, Telugu, Tamil, Kannada, Marathi, Bengali, Gujarati, Odia, Punjabi, Malayalam, Assamese). | Pine Labs may take up to 15 working days to update the language preference. Once updated, all future SMS alerts for the Luxe Gift Card will be sent in the selected language.",2026-07-26
Tumi - Luxe,Tumi - Luxe,1116,https://www.maximize.money/gift-cards/Tumi - Luxe/1116,active,Online,1000 / 2000 / 5000 / 10000,Yes,1000-10000,4,12.75% off / 13.0% earn,11.5% off / 11.75% earn,10.85% off / 11.1% earn,10.4% off / 10.65% earn,10.5% off / 10.75% earn,10.5% off / 10.75% earn,UPI,12.75,No,No,Yes,Valid for 12 month only,"Redeem your Luxe Gift Card at a participating brand of your choice by providing the Digital gift card. | An OTP will be generated and sent to you on your registered mobile number at the time of redemption. | Please use your Luxe Gift Card and OTP to redeem this gift card. | To activate this gift card, SMS to 9704200300. For balance enquiry & validity, SMS to 9704200300.","These Terms & Conditions apply to the electronic version of the Luxe Gift Card. | The Luxe Gift Card is issued by Pine Labs Limited (formerly Pine Labs Private Limited) and is valid for 12 months from the date of purchase. | The Luxe Gift Card can be redeemed across 45+ participating brands in India. For store locations, visit: https://www.luxegiftcard.com/brands#store_location | The Luxe Gift Card is not redeemable at airport stores. | The Gift Card can also be redeemed online at the brand websites | The Luxe Gift Card is valid for one-time use only until expiry. If the purchase value exceeds the Gift Card value, the balance amount must be paid by the customer. No refund or credit note will be issued for any unused balance. | Users are advised to protect the Gift Card details. RBL Bank or Pine Labs shall not be liable in case of loss, theft, or misuse of the Gift Card or PIN. The Gift Card will not be replaced or refunded in such cases. | Multiple Luxe Gift Cards can be used in a single transaction. | Once issued, the Luxe Gift Card cannot be cancelled or blocked. | The Gift Card can be redeemed only on full-priced merchandise and is not applicable on discounted items unless specified otherwise. | To activate the Gift Card, send an SMS in the format: ACT <16-digit card number><6-digit PIN> to 9704200300 | Alternatively, activation can be done via the portal: https://bit.ly/4072sdb | For balance enquiry and validity, SMS the 16-digit card number to 9704200300 or visit any participating merchant location. | For complete Terms & Conditions, participating brands, and store locations, visit: https://www.luxegiftcard.com | For bulk enquiries or support, contact: info@luxegiftcard.com | Users can change the SMS transaction alert language by writing to gcsupport.woohoo@pinelabs.com , mentioning the registered mobile number and preferred language (Hindi, Telugu, Tamil, Kannada, Marathi, Bengali, Gujarati, Odia, Punjabi, Malayalam, Assamese). | Pine Labs may take up to 15 working days to update the language preference. Once updated, all future SMS alerts for the Luxe Gift Card will be sent in the selected language.",2026-07-26
Rainbow Six Mobile,Rainbow Six Mobile,1123,https://www.maximize.money/gift-cards/Rainbow Six Mobile/1123,active,Online,119 / 295 / 579 / 1199,No,,4,11.0% off / 11.1% earn,9.75% off / 9.85% earn,9.1% off / 9.2% earn,8.65% off / 8.75% earn,8.75% off / 8.85% earn,8.75% off / 8.85% earn,UPI,11.0,No,No,Yes,Valid upto 6 Months from purchase,Visit https://www.redeemnow.com or open the Rainbow Six Mobile app. | Enter your Gift Voucher Code and click Redeem. | Enter your Gamer Username and Email Address. | Confirm the redemption. | Your Gaming Credits will be instantly added to your Rainbow Six Mobile account.,"Redeemable only on https://www.redeemnow.com or the Rainbow Six Mobile app. | Can only be used for Rainbow Six Mobile in-game currency, items, and rewards. | Gift Voucher can be redeemed during sale periods. | Cannot be clubbed with existing promotional offers. | Multiple Gift Vouchers can be added to a single Rainbow Six Mobile account. | Voucher code is valid for one-time redemption only. | Once redeemed, the account balance can be used across multiple transactions until exhausted. | Once converted into in-game currency, the balance does not expire. | Gift Voucher is non-refundable, non-transferable, non-exchangeable, and cannot be redeemed for cash. | Rainbow Six Mobile and GyFTR are not responsible for lost, stolen, or unauthorized use of Gift Voucher codes. | If a Gift Voucher is blocked due to a technical issue, it will be re-enabled within 72 hours. | In case of transaction failure after applying the Gift Voucher, the amount will be automatically refunded to the same payment source within 48 hours. | Expired or cancelled Gift Vouchers cannot be revalidated. | Rainbow Six Mobile reserves the right to modify or discontinue the Gift Voucher program without prior notice.",2026-07-26
Modern Bazaar,Modern Bazaar,884,https://www.maximize.money/gift-cards/Modern Bazaar/884,active,Online + In-store,1000 / 2000 / 2500 / 5000 / 7500 / 10000,No,,4,6.25% off / 6.5% earn,5.0% off / 5.25% earn,4.35% off / 4.6% earn,3.9% off / 4.15% earn,4.0% off / 4.25% earn,4.0% off / 4.25% earn,UPI,6.25,Yes,Yes,No,Valid upto 6 Months from purchase,Visit the nearest Modern Bazaar store | Inform the store manager about the gift voucher | Redeem the voucher and pay the remaining balance using any payment mode,"Valid at all stores except Select City Walk (Delhi NCR) | No minimum purchase required | Multiple vouchers can be used in one bill (online & in-store, except Select City Walk) | Delivery not available in Faridabad & Ghaziabad | Can be used with existing offers and schemes | One-time use only | Unused balance is non-cashable & non-refundable",2026-07-26
MOTHER CARE-Luxe,MOTHER CARE-Luxe,932,https://www.maximize.money/gift-cards/MOTHER CARE-Luxe/932,active,Online + In-store,2000 / 5000 / 10000,Yes,1000-10000,4,12.75% off / 13.0% earn,11.5% off / 11.75% earn,10.85% off / 11.1% earn,10.4% off / 10.65% earn,10.5% off / 10.75% earn,10.5% off / 10.75% earn,UPI,12.75,No,No,Yes,Valid for upto 12 months,"Redeem your Luxe Gift Card at a participating brand of your choice by providing the digital gift card. | An OTP will be generated and sent to your registered mobile number at the time of redemption. | Use your Luxe Gift Card along with the OTP to complete the redemption. | To activate the gift card, SMS the activation details to 9704200300. | For balance enquiry and validity, SMS the relevant details to 9704200300.","These Terms & Conditions apply to the electronic version of the Luxe Gift Card. | The Luxe Gift Card is issued by Pine Labs Limited (formerly Pine Labs Private Limited) and is valid for 12 months from the date of purchase. | The Luxe Gift Card can be redeemed across 45+ participating brands in India. For store locations, visit: https://www.luxegiftcard.com/brands#store_location | The Luxe Gift Card is not redeemable at airport stores. | The Gift Card can also be redeemed online at the brand websites | The Luxe Gift Card is valid for one-time use only until expiry. If the purchase value exceeds the Gift Card value, the balance amount must be paid by the customer. No refund or credit note will be issued for any unused balance. | Users are advised to protect the Gift Card details. RBL Bank or Pine Labs shall not be liable in case of loss, theft, or misuse of the Gift Card or PIN. The Gift Card will not be replaced or refunded in such cases. | Multiple Luxe Gift Cards can be used in a single transaction. | Once issued, the Luxe Gift Card cannot be cancelled or blocked. | The Gift Card can be redeemed only on full-priced merchandise and is not applicable on discounted items unless specified otherwise. | To activate the Gift Card, send an SMS in the format: ACT <16-digit card number><6-digit PIN> to 9704200300 | Alternatively, activation can be done via the portal: https://bit.ly/4072sdb | For balance enquiry and validity, SMS the 16-digit card number to 9704200300 or visit any participating merchant location. | For complete Terms & Conditions, participating brands, and store locations, visit: https://www.luxegiftcard.com | For bulk enquiries or support, contact: info@luxegiftcard.com | Users can change the SMS transaction alert language by writing to gcsupport.woohoo@pinelabs.com , mentioning the registered mobile number and preferred language (Hindi, Telugu, Tamil, Kannada, Marathi, Bengali, Gujarati, Odia, Punjabi, Malayalam, Assamese). | Pine Labs may take up to 15 working days to update the language preference. Once updated, all future SMS alerts for the Luxe Gift Card will be sent in the selected language.",2026-07-26
Muthoot Gold Voucher,Muthoot Gold Voucher,654,https://www.maximize.money/gift-cards/Muthoot Gold Voucher/654,active,Online,1000 / 2000 / 5000,No,,4,3.0% off / 3.1% earn,1.75% off / 1.85% earn,1.1% off / 1.2% earn,0.65% off / 0.75% earn,0.75% off / 0.85% earn,0.75% off / 0.85% earn,UPI,3.0,No,Yes,Yes,Valid for upto 6 months,"Visit https://buygold.muthoot.com and register. | Add the product to the cart. | On the checkout page, add the gift voucher manually. If there is any balance amount, pay it using any available payment mode.","Muthoot Exim GV/GC (Gift Voucher/Gift Card) is accepted only on https://buygold.muthoot.com and can be redeemed for all articles available on the website. | GV/GC is valid for six months from the date of issue, redeemable only for the assigned value, and cannot be revalidated once expired or canceled. | GV/GC cannot be encashed, is non-transferable, and non-refundable under any circumstances. | No replacement or compensation is permissible for lost or stolen GV/GC. | If the purchase value exceeds the GV/GC value, the differential amount must be paid online by the user; if it is less, no partial redemption or refund of the difference is allowed. | User must present valid government photo ID while collecting the product, and delivery will be made only after ID verification. | Muthoot Exim reserves the right to renew or amend the terms and conditions at any time as per company policy. | GV/GC is redeemable only once and cannot be split for partial use. | Upon receiving the redemption request, if the selected product is gold or silver coins, dispatch will be within 10 days. | If the selected product is gold jewelry or silver articles, dispatch will be within 15 days from redemption request approval.",2026-07-26
BookMyShow,BookMyShow,375,https://www.maximize.money/gift-cards/BookMyShow/375,active,Online,200 / 500 / 1000 / 2000 / 5000 / 10000,Yes,100-10000,4,3.75% off / 4.0% earn,2.5% off / 2.75% earn,1.85% off / 2.1% earn,1.4% off / 1.65% earn,1.5% off / 1.75% earn,1.5% off / 1.75% earn,UPI,3.75,Yes,No,Yes,Valid for upto 6 months,"Log on to in.bookmyshow.com or BookMyShow Mobile App. | Select Location, Event, Venue, Show Date, Time & Seats of your preference as the logic flows. | On payment page, click on the 'More Payment Options' & click on the 'Gift Voucher' tab to enter the Gift Voucher Alphanumeric Pin in the text box that appears & click on 'Apply' button to avail the offer. | Note: At the end of the successful transaction, Booking ID gets generated which needs to be exchanged at the Cinema/Venue Box Office for actual tickets. | Email/SMS confirmation will be sent on the Email Address/Mobile Number provided while completing the transaction.","Gift Voucher can be redeemed only on BookMyShow Website/Mobile App & cannot be redeemed directly at the Cinema/Venue Box Office. | Gift Voucher can be redeemed on the purchase of e-tickets for Movies/Virtual Events/Plays/Concerts/Sports/BMS Stream available on BookMyShow. | Multiple Gift Vouchers can be used in a single transaction or Gift Voucher can be combined with any other payment type on BookMyShow. | Gift Voucher can be used multiple times until the last rupee loaded on it gets exhausted within the validity period. | Gift voucher is valid for 6 months. | Gift Voucher cannot be used to purchase another Gift Card. | Gift Voucher work on non-extension clause & order once confirmed cannot be Cancelled or Refunded. | Gift Voucher are valid PAN India across all Cinemas/Partners associated with BookMyShow. | If lost misused, the Gift Voucher cannot be replaced. Void if resold, cannot be exchanged for points or cash & cannot be re-validated once past expiry date. | In addition to these Terms & Conditions, BookMyShow Gift Voucher & their use on our Website are also subject to BookMyShow's General Terms of Use & BookMyShow's decision will be final in case of any dispute. | BookMyShow Terms & Conditions Apply.",2026-07-26
Makemytrip Hotel,Makemytrip Hotel,225,https://www.maximize.money/gift-cards/Makemytrip Hotel/225,active,Online,250 / 500 / 1000 / 2500 / 5000 / 10000 / 15000 / 25000 / 50000,Yes,250-50000,4,10.25% off / 10.5% earn,9.0% off / 9.25% earn,8.35% off / 8.6% earn,7.9% off / 8.15% earn,8.0% off / 8.25% earn,8.0% off / 8.25% earn,UPI,10.25,Yes,No,Yes,Valid for upto 12 months,"Visit https://www.makemytrip.com or on MakeMyTrip Android &amp; IOS app. | Select your Hotel and fill required details till you reach the payment page. | On Website, click on &quot;&quot;More options&quot;&quot; and Select &quot;&quot;Gift Card&quot;&quot; as your Payment Mode. | On Android and IOS app, choose Gift Card as the payment option. | Enter your Gift Card/ Card No. (16 Digit) and 6 Digit Pin No. | Click on &quot;&quot;Make Payment&quot;&quot; and Pay the Balance amount (if any) using other Payment Modes Listed.","The Gift card is valid for purchases made from Makemytrip only and is valid for a period of 12 Months from the date of Purchase. | The Gift card is valid for purchases made on Hotels only. | Can be redeemed online at https://www.makemytrip.com or on MakeMyTrip Android &amp; IOS app. Please follow the steps listed below: | Select your Hotel and fill required details till you reach the payment page. | On Website, click on &apos;More options&apos; and Select &apos;Gift Card&apos; as your Payment Mode. On Android and IOS app, choose Gift Card as the payment option. | Enter your Gift Card/ Card No. (16 Digit) and 6 Digit Pin No. | Click on &quot;Make Payment&quot; and Pay the Balance amount (if any) using other Payment Modes Listed. | Hotels are not redeemable offline. | This Gift card is not valid on Flights, Holiday packages, Homestays, Bus, Rail and Car bookings. | Gift cards are valid on bookings made through MMT Mobile App. | In case of transaction failures after Gift Card is applied, amount would be automatically refunded to the same cards within 24 hours. | This Gift card/voucher cannot be clubbed with any other ongoing offer discount/cash back/promotion run by Makemytrip.com on app or website. | This Gift card is valid for partial redemption. Balance would remain in the Gift Card till the validity period and can be reused for multiple transactions. | Multiple Gift Cards (up to 3) can be combined and used on 1 transaction. | Products and services are subject to availability. | The Gift card cannot be cancelled or exchanged for cash. | The Gift card validity cannot be extended under any circumstances. | Gift Card code/Physical copy or both to be provided at the time of booking along with an ID proof for the offline redemption. | MakeMyTrip is not responsible if the Gift card is lost, stolen or used without permission. | In case of cancellation of bookings made using the gift card within the validity period, the amount will be reversed to the same card as used at the time of booking. | Users are required to save the gift card number and PIN to utilize this refunded amount as we will not be able to reset the PIN or reissue a new gift card number. | In case of cancellations where the gift card validity has expired, no refund will be processed for the amount paid by the gift card. | The Gift Card is not valid on bookings through myBiz. | MakeMyTrip reserves the right to deny accepting any Gift card if it suspects that there is duplicity of cards. | In no event the liability of MakeMyTrip for any claims shall exceed the value of the card. | In the event of any dispute, parties agree to exclusive jurisdiction of courts of New Delhi. | This is for individual use only, Travel agents found using the card would lead to cancellation of booking and no refund would be made. | This Gift card/voucher cannot be clubbed with any other ongoing offer discount/cash back/promotion run by Makemytrip.com on app or website. | MakeMyTrip is the final authority on the interpretation of these rules.",2026-07-26
MakeMyTrip Holiday E Pay,MakeMyTrip Holiday E Pay,209,https://www.maximize.money/gift-cards/MakeMyTrip Holiday E Pay/209,active,Online,1000 / 2000 / 5000 / 10000,No,,8,11.75% off / 12.1% earn,10.5% off / 10.85% earn,9.85% off / 10.2% earn,9.4% off / 9.75% earn,9.5% off / 9.85% earn,9.5% off / 9.85% earn,UPI,11.75,Yes,No,Yes,Valid for upto 12 months,"Visit the MakeMyTrip website or app. | Choose a holiday package and proceed to checkout. | At payment, select 'Gift Card' and enter the Gift Card code. | Complete the transaction.",Redeemable only on MakeMyTrip's website or app for holiday packages. | Valid for booking international and domestic holiday packages. | Cannot be used for flight or hotel-only bookings. | Non-transferable and cannot be redeemed for cash. | Valid for a specified period from the date of issuance. | This Gift card/voucher cannot be clubbed with any other ongoing offer discount/cash back/promotion run by Makemytrip.com on app or website.,2026-07-26
MakeMyTrip International,MakeMyTrip International,1090,https://www.maximize.money/gift-cards/MakeMyTrip International/1090,active,Online,500 / 1000 / 2000 / 5000 / 10000 / 20000 / 50000 / 100000,Yes,250-100000,4,7.25% off / 7.5% earn,6.0% off / 6.25% earn,5.35% off / 5.6% earn,4.9% off / 5.15% earn,5.0% off / 5.25% earn,5.0% off / 5.25% earn,UPI,7.25,Yes,No,Yes,Valid upto 12 Months from purchase,"Visit https://www.makemytrip.com or open the MakeMyTrip Android or iOS app. | Select your International Flight or International Hotel and proceed to the payment page. | Choose Gift Card as the payment method (under More Options on the website). | Enter your 16-digit Gift Card Number and 6-digit PIN. | Click Make Payment. | If the booking amount exceeds the Gift Card balance, pay the remaining amount using any available payment method.","Valid only for International Flight and International Hotel bookings on MakeMyTrip. | Redeemable only on the MakeMyTrip website and Android/iOS app. | Not valid for Domestic Flights, Domestic Hotels, Holiday Packages, Villas & Homestays, Trains, Buses, Cabs, Tours & Attractions, Visa, Cruise, Forex, Travel Insurance, or any other products. | Not applicable with Book Now Pay Later / Reserve Now Pay Later for International Flights. | Gift Card is valid for 365 days (12 months) from the date of activation. | Supports partial redemption. The remaining balance stays on the Gift Card until expiry. | Up to 3 Gift Cards can be combined in a single booking. | Cannot be clubbed with any MakeMyTrip promotional offers, discounts, cashback, or coupon codes. | Gift Card cannot be cancelled, refunded, exchanged for cash, or revalidated after expiry. | If the booking value exceeds the Gift Card balance, the remaining amount must be paid using another available payment method. | In case of booking cancellation within the Gift Card validity period, the refunded amount is credited back to the same Gift Card. | If the Gift Card has expired before the refund is processed, no refund will be issued. | Transaction failures after Gift Card redemption are automatically refunded to the same Gift Card within 24 hours. | Users must save the Gift Card Number and PIN, as MakeMyTrip cannot regenerate or reset them. | Products and services are subject to availability. | Gift Cards are meant for individual use only. Use by travel agents may result in booking cancellation without refund. | MakeMyTrip reserves the right to reject Gift Cards in case of suspected fraud or duplication. | MakeMyTrip reserves the right to modify these terms without prior notice. | All disputes are subject to the exclusive jurisdiction of the courts of New Delhi. | For Gift Card-related queries, contact Giftvouchers@makemytrip.com.",2026-07-26
MakeMyTrip E-Pay,MakeMyTrip E-Pay,364,https://www.maximize.money/gift-cards/MakeMyTrip E-Pay/364,active,Online,1000 / 2000 / 4000 / 5000 / 7500 / 10000,No,,4,7.0% off / 7.25% earn,5.15% off / 5.4% earn,5.1% off / 5.35% earn,4.25% off / 4.5% earn,4.75% off / 5.0% earn,4.75% off / 5.0% earn,UPI,7.0,No,No,Yes,Valid for upto 6 months,"To redeem your Voucher visit https://www.makemytrip.com or MMT app. Select your Flight/Hotel/Holiday package. On the payment page, select ‘Gift Cards, Wallets & More’ option. | Select Makemytrip Gift Card option. | Select the third option ‘MMT e-Pay gift card’, and enter the 16-digit number in the input box. If you have any valid Gift Cards, click on ‘Add Gift Card’. | You’ll receive an OTP on your registered mobile number. | Enter the OTP in the input box and click on ‘verify and add card’. | You can now check the added MMT e-Pay gift cards. | Click on ‘Apply’ to use the e-Pay balance for the booking. | For the Balance amount (if any), use the other listed Payment Modes.","This is a MakeMyTrip e-Pay Gift Card that is valid for purchases made from MakeMyTrip only. | To check MakeMyTrip e-Pay Gift Card balance & validity, please log on to https://www.makemytrip.com/gift-cards/?popup=checkbalance | MakeMyTrip e-Pay Gift Card can be redeemed online at https://www.makemytrip.com or on MakeMyTrip Android & iOS app for Flights, Hotels & Holidays. | MakeMyTrip e-Pay Gift Card is valid for partial redemption. The balance will remain in the card till the validity period and can be reused for multiple transactions. | A maximum of 3 MakeMyTrip e-Pay Gift Cards can be combined and used in one booking. | Products and services are subject to availability. | This MakeMyTrip e-Pay Gift Card cannot be redeemed offline for Flights and Hotels. | This MakeMyTrip e-Pay Gift Card is not valid on Cab, Bus, Activities, Rail, Homestays, and VISA. | This MakeMyTrip e-Pay Gift Card is not valid on bookings through myBiz. | This MakeMyTrip e-Pay Gift Card is not applicable to the Pay Later Payment option. | MakeMyTrip e-Pay Gift Card cannot be clubbed with any other ongoing offer, discount, cashback, or promotion run by makemytrip.com on the app or website. | The MakeMyTrip e-Pay Gift Card cannot be cancelled or exchanged for cash. | The MakeMyTrip e-Pay Gift Card validity cannot be extended under any circumstances. | MakeMyTrip is not responsible if the e-Pay Gift Card is lost, stolen, or used without permission. | In case of cancellation of bookings made using the MakeMyTrip e-Pay Gift Card within the validity period, the amount will be reversed to the same card used at the time of booking. | Users are required to save the e-Pay Gift Card number to utilize any refunded amount as it cannot be reissued. | In case of cancellations where the Gift Card validity has expired, no refund will be processed for the amount paid using the card. | In case of transaction failures after the card is applied, the amount will be automatically refunded to the same card within 24 hours. | MakeMyTrip and Gyftr are the final authority on the interpretation of these rules. | MakeMyTrip reserves the right to deny accepting any e-Pay Gift Card if it suspects duplication. | In no event shall the liability of MakeMyTrip for any claims exceed the value of the e-Pay Gift Card. | In the event of any dispute, the parties agree to the exclusive jurisdiction of the courts of New Delhi. | This card is for individual use only. Use by travel agents will result in booking cancellation and no refund. | For any issue or query regarding MakeMyTrip e-Pay Gift Cards, please write to giftvouchers@makemytrip.com or visit https://www.gvhelpdesk.com | This Gift card/voucher cannot be clubbed with any other ongoing offer discount/cash back/promotion run by Makemytrip.com on app or website.",2026-07-26
MakeMyTrip Rail,MakeMyTrip Rail,223,https://www.maximize.money/gift-cards/MakeMyTrip Rail/223,active,Online,250 / 500 / 1000,Yes,250-1000,4,3.25% off / 3.5% earn,2.0% off / 2.25% earn,1.35% off / 1.6% earn,0.9% off / 1.15% earn,1.0% off / 1.25% earn,1.0% off / 1.25% earn,UPI,3.25,Yes,No,No,Valid for 12 months from date of purchase,"For Rail booking: | Can be redeemed online at https://www.makemytrip.com or on MakeMyTrip Android & IOS app. Please follow the steps listed below: | Select your itinerary and fill required details till you reach the payment page. | On Website, click on &quot;More options&quot; and Select &quot;Gift Card&quot; as your Payment Mode. On Android and IOS app, choose Gift Card as the payment option | Enter your Gift Card/ Card No. (16 Digit) and 6 Digit Pin No. | Click on &quot;Make Payment&quot; and Pay the Balance amount (if any) using other Payment Modes Listed.","The Gift card is valid for purchases made from MakeMyTrip only and is valid for a period of 12 Months from the date of Purchase. | To check your voucher balance & validity, please log on to - https://www.makemytrip.com/gift-cards/ | For Rail booking: | Can be redeemed online at https://www.makemytrip.com or on MakeMyTrip Android & IOS app. Please follow the steps listed below: | Select your itinerary and fill required details till you reach the payment page. | On Website, click on &quot;More options&quot; and Select &quot;Gift Card&quot; as your Payment Mode. On Android and IOS app, choose Gift Card as the payment option | Enter your Gift Card/ Card No. (16 Digit) and 6 Digit Pin No. | Click on &quot;Make Payment&quot; and Pay the Balance amount (if any) using other Payment Modes Listed. | This Gift card is only applicable on Rail bookings. | The Gift Card is not valid on bookings through myBiz. | This Gift card is not applicable with the Pay Later Payment option (Book Now Pay Later/Reserve Now Pay Later) | Gift cards are valid on bookings made through MMT Mobile App or Website. | In case of transaction failures after Gift Card is applied, amount would be automatically refunded to the same cards within 48 hours. | This Gift card is valid for partial redemption. Balance would remain in the Gift Card till the validity period and can be reused for multiple transactions. | Multiple Gift Cards (up to 3) can be combined and used in 1 booking. | Products and services are subject to availability. | The Gift card cannot be cancelled or exchanged for cash. | The Gift card validity cannot be extended under any circumstances. | Gift Card code/Physical copy or both to be provided at the time of booking along with an ID proof for the offline redemption. | MakeMyTrip is not responsible if the Gift card is lost, stolen or used without permission. | In case of cancellation of bookings made using the gift card within the validity period, the amount will be reversed to the same card as used at the time of booking. | Users are required to save the gift card number and PIN to utilize this refunded amount as we will not be able to reset the PIN or reissue a new gift card number. | In case of cancellations where the gift card validity has expired, no refund will be processed for the amount paid by the gift card. | MakeMyTrip is the final authority on the interpretation of these rules | MakeMyTrip reserves the right to deny accepting any Gift card if it suspects that there is duplicity of cards. | In no event the liability of MakeMyTrip for any claims shall exceed the value of the card. | In the event of any dispute, parties agree to exclusive jurisdiction of courts of New Delhi. | This is for individual use only, Travel agents found using the card would lead to cancellation of booking and no refund would be made. | For any issue or query regarding Gift card, please write to Giftvouchers@makemytrip.com or call on 0124- 4628747 between 9 AM to 9 PM. | This Gift card/voucher cannot be clubbed with any other ongoing offer discount/cash back/promotion run by Makemytrip.com on app or website.",2026-07-26
MakeMyTrip Cab,MakeMyTrip Cab,1099,https://www.maximize.money/gift-cards/MakeMyTrip Cab/1099,active,Online,250 / 500 / 1000,Yes,250-100000,4,8.25% off / 8.5% earn,7.0% off / 7.25% earn,6.35% off / 6.6% earn,5.9% off / 6.15% earn,6.0% off / 6.25% earn,6.0% off / 6.25% earn,UPI,8.25,Yes,No,No,Valid for 12 months from date of purchase,"Visit https://www.makemytrip.com or open the MakeMyTrip App. | Search and select your preferred cab. | Proceed to the payment page. | Select Gift Card under the payment options. | Enter your 16-digit Gift Card Number and 6-digit PIN. | Click Make Payment. | If the booking amount exceeds the Gift Card value, pay the remaining balance using any available payment method. | Complete your booking.","Valid only for Cab bookings made on the MakeMyTrip website or mobile app. | Valid for 12 months from the date of purchase. | Not valid for bookings made through myBiz. | Not applicable on Book Now Pay Later / Reserve Now Pay Later. | Cannot be clubbed with any ongoing offers, discounts, cashback, or promotional campaigns. | Partial redemption is allowed. The remaining balance can be used until the Gift Card expires. | Up to 3 Gift Cards can be combined in a single booking. | If the booking amount exceeds the Gift Card value, the balance must be paid using another payment method. | Gift Cards cannot be cancelled, refunded, exchanged for cash, or have their validity extended. | In case of booking cancellation within the validity period, the refund will be credited back to the same Gift Card. | If the Gift Card has expired, no refund will be processed for cancelled bookings. | MakeMyTrip is not responsible for lost, stolen, or unauthorized use of Gift Cards. | This Gift Card is for individual use only. Travel agents using the card may have their bookings cancelled without refund. | For Gift Card support, email Giftvouchers@makemytrip.com or call 0124-4628747 (9:00 AM – 9:00 PM).",2026-07-26
Reliance Trends,Reliance Trends,575,https://www.maximize.money/gift-cards/Reliance Trends/575,active,In-store,500 / 1000 / 1500 / 2000 / 2500 / 5000,Yes,100-10000,4,5.5% off / 5.6% earn,4.25% off / 4.35% earn,3.6% off / 3.7% earn,3.15% off / 3.25% earn,3.25% off / 3.35% earn,3.25% off / 3.35% earn,UPI,5.5,No,Yes,Yes,Valid for upto 12 months,Visit the outlet near you. | Before making the purchase confirm about the acceptance of Gift Voucher at the store. | Choose the products you would like to buy. | Show your Gift Voucher details to the cashier at the time of billing & pay any balance amount by cash or card. | This voucher will only work at the stores listed in the store locator. Please check the link here: https://storelocator.ril.com/ to make sure you're visiting a listed outlet.,"Gift Voucher is issued by Reliance Retail Limited (Reliance) and is valid for 12 months from the date of receipt. | It is redeemable only against qualified products at Reliance Trends Stores in India and cannot be redeemed online. | Gift Voucher is non-refundable, cannot be exchanged for cash, and must be redeemed in full in one transaction (no partial redemption). | Gift Voucher can be redeemed only once and is not valid on Gold/Silver Coins. | Multiple Gift Vouchers can be used in a single bill and can also be used on discounted products at all listed outlets on storelocator.ril.com/Retail. | No extension of validity or refund will be provided if the voucher is not used before expiry. | Reliance is not responsible for loss or misuse of the voucher and no duplicate/replacement will be issued. | Bearer of the voucher/code is deemed to be the beneficiary and redemption by bearer will be treated as valid discharge of Reliance’s liability. | Reliance’s total liability will not exceed the voucher value, and it shall not be liable for any product warranty/quality issues (responsibility lies with the manufacturer/brand owner). | Reliance reserves the right to amend or modify terms without prior notice; all disputes are subject to Mumbai jurisdiction and governed by Indian law. | This voucher will only work at the stores listed in the store locator. Please check the link here: https://storelocator.ril.com/ to make sure you're visiting a listed outlet. | E-Gift Cards are usually delivered instantly but delivery can be delayed up to 24–48 hours due to system issues. | For support: contact Reliance Customer Care 1800 891 0001 / customerservice@ril.com | No returns and no refunds on vouchers purchased via Maximize.money",2026-07-26
Reliance My Jio Store,Reliance My Jio Store,282,https://www.maximize.money/gift-cards/Reliance My Jio Store/282,active,In-store,250 / 500 / 1000 / 2000 / 2500,No,,4,0.75% off / 0.75% earn,,,,,,UPI,0.75,No,No,Yes,Valid for upto 6 months,Visit listed outlet. You can locate the outlet on storelocator.ril.com. | Select your choice of product. | Share the voucher code with the cashier before billing. You can make the balance payment by any other payment mode.,"This Gift Voucher is issued by Reliance Retail Limited (Reliance). | This Gift Voucher is redeemable, and it is valid only for a minimum period of 6 months from the date of receipt. | Gift Voucher can be redeemed at Reliance My Jio Stores in India. | Gift Voucher cannot be exchanged for cash. | This Gift Voucher is not valid on purchase of Gold/Silver Coins. | This Gift Voucher can be redeemed only once. Any unused amount will lapse. | No extension of the Validity period nor refund of the value of Gift Voucher in case of failure to use the Gift Voucher on or before the validity period. | Reliance shall not be responsible for loss or misuse of Gift Voucher and no duplicate or compensation in lieu of the Gift Voucher shall be given by Reliance. | Reliance's overall liability will not exceed the value of the Gift Voucher. | Bearer of the Gift Voucher shall be deemed to have read, understood, and accepted these terms and conditions. | Bearer of the code of Gift Voucher is deemed to be the beneficiary of this Gift Voucher. Any redemption by the bearer of Gift Voucher shall be considered as a valid discharge of liabilities by Reliance. | Reliance shall not be liable under any circumstances towards any loss or damage or expenses or cost or any third-party liability, whether directly or indirectly arising out of or in relation to use of Gift Voucher and redemption thereunder by the bearer. | Reliance reserves its right to modify/amend the terms and conditions of the Gift Voucher at any time without prior notice and such modifications shall be binding on the user/bearer of the Gift Voucher. | Any dispute with regard to Product liability, guarantee, warranty, and quality of the Products to be purchased under redemption of the Gift Voucher shall be addressed to the respective Manufacturer/Brand Owner and Reliance shall not be held responsible/liable for the same. The guarantee and warranty of the Products shall be transferred, as received from the respective Manufacturer/Distributor. | In case of any issue faced by the Gift Voucher bearer, the Gift Voucher bearer can reach out to the Customer service desk at the Stores or Customer Care at Toll-free number 18008910001/18001027382 or Email at customerservice@ril.com. | For any Reliance Retail GV queries/issues related to receiving of the voucher, please reach out to customer care via gvhelpdesk.com or customer care toll-free number 18001033314. | The Gift Voucher is binding for all applicable laws of India. | All disputes are subject to the jurisdiction of courts at Mumbai only.",2026-07-26
Trends Footwear,Trends Footwear,941,https://www.maximize.money/gift-cards/Trends Footwear/941,active,In-store,500 / 1000 / 1500 / 2000 / 2500 / 5000 / 7500 / 9999,Yes,100-10000,4,5.25% off / 5.55% earn,4.0% off / 4.3% earn,3.35% off / 3.65% earn,2.9% off / 3.2% earn,3.0% off / 3.3% earn,3.0% off / 3.3% earn,UPI,5.25,No,Yes,Yes,Valid for upto 12 months,Visit a Trends Footwear store near you | Confirm acceptance of the Gift Voucher at the store before purchase | Select the footwear products you wish to buy | Present the Gift Voucher details to the cashier at the time of billing | Pay any remaining balance using cash or card,"This Gift Voucher is issued by Reliance Retail Limited | Gift Voucher is valid for 12 months from the date of receipt | Gift Voucher can be redeemed only at Trends Footwear stores in India | Gift Voucher can be redeemed only against the purchase of eligible products | Gift Voucher is not valid for purchase of gold or silver coins | Gift Voucher cannot be exchanged for cash | Gift Voucher is one-time redeemable only | Gift Voucher cannot be redeemed partially and must be redeemed for full value | No extension of validity or refund will be provided if the voucher is not used within the validity period | Reliance Retail is not responsible for loss or misuse of the Gift Voucher and no duplicate or compensation will be provided | Reliance’s liability shall not exceed the value of the Gift Voucher | Gift Vouchers can be used to purchase discounted products | Multiple Gift Vouchers can be used in a single bill | Gift Vouchers are accepted at all listed outlets available on storelocator.ril.com/Retail | Gift Vouchers cannot be used online | The bearer of the Gift Voucher is deemed to have accepted all terms and conditions | The bearer of the Gift Voucher is deemed to be the beneficiary | Reliance Retail shall not be liable for any loss, damage, expense, or third-party liability arising from use of the Gift Voucher | Product-related issues such as warranty, guarantee, or quality must be addressed to the respective manufacturer or brand owner | Reliance Retail reserves the right to amend the terms and conditions at any time without prior notice | For in-store issues, customers may contact the store customer service desk or call 1800 891 0001 or email customerservice@ril.com | For issues related to receiving the voucher, customers may contact Pine Labs at rrlsupport@pinelabs.com | Gift Voucher usage is subject to applicable laws of India | All disputes are subject to the jurisdiction of courts at Mumbai only",2026-07-26
Reliance Jewels,Reliance Jewels,672,https://www.maximize.money/gift-cards/Reliance Jewels/672,active,In-store,500 / 1000 / 1500 / 2000 / 2500 / 3000 / 5000 / 7500 / 9999,No,,10,,,,,,,,,No,No,Yes,Valid for upto 12 months,Visit the outlet near you. | Before making the purchase confirm about the acceptance of Gift Voucher at the store. | Choose the products you would like to buy. | Show your Gift Voucher details to the cashier at the time of billing & pay any balance amount by cash or card.,"This Gift Voucher is issued by Reliance Retail Limited (Reliance). | This Gift Voucher is redeemable, and it is valid only for a period of 12 months from the date of receipt. | Gift Voucher can be redeemed only against the purchase of qualified products from Reliance Jewels Stores in India. | Gift Voucher can't be exchanged for cash. This Gift Voucher can be redeemed only once. | This Gift Voucher is not valid on purchase of Gold/Silver Coins. | This Gift Voucher cannot be redeemed in parts and needs to be redeemed for full value. | No extension of the Validity period nor refund of the value of Gift Voucher in case of failure to use the Gift Voucher on or before the validity period. | Reliance shall not be responsible for loss or misuse of Gift Voucher and no duplicate or compensation in lieu of the Gift Voucher shall be given by Reliance. | Reliance’s overall liability will not exceed the value of the Gift Voucher. | Gift Vouchers CAN be used to buy discounted products | Multiple Gift Vouchers CAN be used in one bill | Gift Vouchers CAN be used at all Listed Outlets on storelocator.ril.com/Retail | Gift Vouchers CANNOT be used online | Bearer of the Gift Voucher shall be deemed to have read, understood and accepted these terms and conditions. | Bearer of the code of Gift Voucher is deemed to be the beneficiary of this Gift Voucher. Any redemption by the bearer of Gift Voucher shall be considered as a valid discharge of liabilities by Reliance. | Reliance shall not be liable under any circumstances towards any loss or damage or expenses or cost or any third-party liability, whether directly or indirectly arising out of or in relation to use of Gift Voucher and redemption thereunder by the bearer. | Reliance reserves its right to modify/amend the terms and conditions of the Gift Voucher at any time without prior notice and such modifications shall be binding on the user/bearer of the Gift Voucher. | Any dispute with regard to Product liability, guarantee, warranty and quality of the Products to be purchased under redemption of the Gift Voucher shall be addressed to the respective Manufacturer/Brand Owner and Reliance shall not be held responsible/liable for the same. The guarantee and warranty of the Products shall be transferred, as received from the respective Manufacturer/Buyer. | In case of any issue faced by the Gift Voucher bearer, the Gift Voucher bearer can reach out to Customer service desk at the Stores or Customer Care at Toll free number 1800 891 0001 or Email at customerservice@ril.com. | For any Reliance Retail GV queries/issues related to receiving of the voucher, please reach out to customer care via rrlsupport@qwikcilver.com or customer care toll free number 080-69806393 | The Gift Voucher is binding for all applicable laws of India. | All disputes are subject to the jurisdiction of courts at Mumbai only.",2026-07-26
Reliance Digital,Reliance Digital,671,https://www.maximize.money/gift-cards/Reliance Digital/671,active,In-store,500 / 1000 / 1500 / 2000 / 3000 / 5000 / 7500,No,,6,,,,,,,,,No,No,Yes,Valid for upto 6 months,Visit listed outlet. You can locate the outlet on https://storelocator.ril.com/Retail.aspx | Select your choice of product. | Share the voucher code with the cashier before billing. You can make the balance payment by any other payment mode.,"Comes with 6 months validity and cannot be used online. | Can be used at all Listed Outlets on https://storelocator.ril.com/Retail.aspx | This is a one-time use gift card. Multiple Gift cards can be used in one bill. | Gift Vouchers can be used to buy discounted products. | This Gift Voucher is not valid on the purchase of Gold/Silver Coins. | Gift cards, once purchased, cannot be cancelled or refunded.",2026-07-26
Funcity,Funcity,1093,https://www.maximize.money/gift-cards/Funcity/1093,active,In-store,500 / 750 / 1000 / 2000 / 3000 / 5000,No,,4,9.0% off / 9.25% earn,7.75% off / 8.0% earn,7.1% off / 7.35% earn,6.65% off / 6.9% earn,6.75% off / 7.0% earn,6.75% off / 7.0% earn,UPI,9.0,No,No,Yes,Valid upto 6 Months from purchase,"Visit your nearest Funcity, Funblock, or Tridom outlet. | Confirm Gift Voucher acceptance at the billing counter before making your purchase. | Select your preferred games, rides, or activities. | Present your Gift Voucher code to the cashier during billing. | If your bill exceeds the voucher value, pay the remaining amount using any accepted payment method. | Complete your purchase and enjoy your experience.","Valid at all Funcity, Funblock, and Tridom locations across India. | Redeemable only at offline/in-store outlets. | Valid for 180 days (6 months) from the date of activation. | This is a single-use Gift Voucher. Any unused balance after redemption will be forfeited. | Partial redemption across multiple transactions is not allowed. | Multiple Gift Vouchers can be combined in a single transaction. | If the purchase value exceeds the voucher amount, the remaining balance must be paid separately. | Gift Voucher is non-transferable, non-reloadable, and cannot be exchanged for cash. | No refunds or credit notes will be issued for unused or partially used voucher value. | Lost, stolen, damaged, or expired Gift Vouchers will not be replaced or reissued. | Keep your Gift Voucher number and PIN secure. Citymax Hotels India Pvt. Ltd. is not responsible for unauthorized use. | Citymax Hotels India Pvt. Ltd. reserves the right to modify these terms without prior notice. | For balance enquiry and validity, SMS FCBAL <16-digit Card Number> to 56767. | For assistance, email info@funcity.in.",2026-07-26
Senco Gold,Senco Gold,726,https://www.maximize.money/gift-cards/Senco Gold/726,active,In-store,1000 / 15000 / 25000 / 50000 / 100000,No,,4,3.25% off / 3.45% earn,2.0% off / 2.2% earn,1.35% off / 1.55% earn,0.9% off / 1.1% earn,1.0% off / 1.2% earn,1.0% off / 1.2% earn,UPI,3.25,No,No,No,Valid for upto 12 months,"Find your nearest Senco store (sencogoldanddiamonds.com/store-locator). | Carry the original gift card (or e-gift details), the mobile with the registered number, and a valid photo ID. | Go to the billing/cash counter and tell the cashier you want to redeem the gift card. | Cashier will ask for the gift card details and will trigger an OTP to the registered mobile number. | Receive the OTP on the registered mobile and share it with the cashier. | Cashier will validate the OTP and process the redemption (gift card will be applied in full). | If your purchase amount is more than the gift card value, pay the remaining balance at the cash counter. | Take the receipt or transaction reference as proof of redemption.","Gift Card is valid for 305 days from the date of issue. | Extension of validity will not be allowed under any circumstances. | Refund in form of Cash/Cheque/Bank Transfer will not be allowed. | No duplicate Gift Card shall be issued in case of loss, damage, or misplacement. | Senco Gold Limited will not be responsible for any loss or misplacement. | The bearer of this Gift Card is deemed to be the beneficiary. | Gift Card can be redeemed only once in full amount. | Purchase value more than Gift Card value has to be settled at the cash counter. | Can be redeemed against Gold Jewelry, Diamond Jewelry, Gossip collection, Astral Gems/Jewelry, Silver products, Gold & Silver coins, “Sennes” Leather Bags, “Sennes” Lab Grown Diamond Jewelry, and “Sennes” Perfume.",2026-07-26
Tinder,Tinder,732,https://www.maximize.money/gift-cards/Tinder/732,active,Online,160 / 280 / 420 / 585 / 740 / 930 / 999 / 1460,No,,4,7.0% off / 7.5% earn,5.75% off / 6.25% earn,5.1% off / 5.6% earn,4.65% off / 5.15% earn,4.75% off / 5.25% earn,4.75% off / 5.25% earn,UPI,7.0,No,No,No,Valid for upto 6 months,Open the Tinder App and create a profile (or log in at tinder.com with your registered number & OTP) | Go to Account Settings → Promo Code section. | Enter your Voucher Code and click Submit. | Your Tinder membership will be activated on the app.,"Can be redeemed at tinder.com/vip/CODEHERE. | The person holding the GV/GC is deemed the beneficiary. | Cannot be clubbed with existing offers. | Only users not currently subscribed to Tinder Gold/Plus are eligible. | One-time use only, cannot be redeemed by multiple members, valid only in India. | Users must be 18 years or older. | Only valid GV/GC at Tinder’s discretion will be accepted. | Cannot be revalidated once expired or canceled. | Tinder/Maximize is not responsible if lost, stolen, or misused. | If blocked due to technical issues, will be enabled in 72 hours. | Any dispute should be referred to the issuing company; its decision is final. | Tinder/Maximize reserves the right to withdraw, modify, or cancel without notice. | Offer eligibility subject to Tinder’s Terms of Use .",2026-07-26
Wonderchef,Wonderchef,300,https://www.maximize.money/gift-cards/Wonderchef/300,active,In-store,500 / 1000 / 1500 / 2000 / 2500 / 3000 / 5000,No,,4,13.75% off / 14.0% earn,12.5% off / 12.75% earn,11.85% off / 12.1% earn,11.4% off / 11.65% earn,11.5% off / 11.75% earn,11.5% off / 11.75% earn,UPI,13.75,Yes,No,Yes,Valid for upto 6 months,"Visit Wonderchef listed outlet. Share the registered mobile number with cashier, once products are scanned for invoicing | Share the registered mobile number with cashier, once products are scanned for invoicing -Cashier will confirm the available Gift Voucher and its balance. -Or share the voucher code with the cashier | Confirm the amount to be used for redemption and proceed further. -You can make the balance payment by any other payment mode.","This is a Wonderchef Insta Gift Voucher (GV) / Gift Card (GC) and would only be accepted at listed Wonderchef outlets. | The person who has the Wonderchef GV / GC Code is deemed to be the beneficiary. | Do inform the cashier that you plan to use the GV / GC for making payments before billing. | Only the listed Wonderchef outlets at its sole discretion accept the GV / GC. Wonderchef may add or remove an outlet without giving any prior notice. | No credit note/refund for the unused balance amount of the GV / GC will be given | Any such unused balance amount shall remain in the EPay balance which can be utilized till the balance gets exhausted or expires. | Wonderchef GV / GC CANNOT be revalidated once expired. | Wonderchef GV / GC can be used during sale. | Wonderchef GV / GC cannot be redeemed on specific block out dates. Wonderchef may add or delete any date on its sole discretion. | Any dispute related to the GV / GC should be referred to the issuing company and the decision of the issuing company shall be final. | Wonderchef makes full efforts to accept Insta Gift Vouchers (GV) / Gift Card (GC), but on account of any technical / administrative reasons an outlet may refuse to accept the same. | If an Insta Gift Voucher (GV) /Gift Card (GC) gets blocked on account of technical issue, it would get enabled in 72 hours. | For any queries / issues related to GV / GC, raise a request at https://www.gvhelpdesk.com",2026-07-26
Wonderchef,Wonderchef,471,https://www.maximize.money/gift-cards/Wonderchef/471,active,Online,1000 / 2000 / 5000 / 10000 / 20000,Yes,500-20000,4,13.25% off / 13.5% earn,12.0% off / 12.25% earn,11.35% off / 11.6% earn,10.9% off / 11.15% earn,11.0% off / 11.25% earn,11.0% off / 11.25% earn,UPI,13.25,No,No,Yes,Valid for upto 12 months,"Log in to the website - https://www.wonderchef.com | Select the desired product | Add the product to your cart | Click on “Buy Now” | Redeem the gift card by entering all required details, including the delivery address.","This E-Gift Card is redeemable for products and services at all Wonderchef.com. | Multiple E-Gift Cards can be redeemed in the same bill. | The E-Gift Card can be redeemed only once; partial redemption is not allowed. | The card cannot be redeemed for cash or credit, and no refund will be provided for any unutilized balance. | The card cannot be reloaded. | The value on the card is valid for 365 days from the date of issue. | If the E-Gift Card is lost or stolen (and used by someone else), it will not be reissued. | E-Gift Cards are usually delivered instantly, but delivery may be delayed up to 24 hours due to system issues. | No returns or refunds are allowed on gift cards, e-gift cards, or vouchers shipped by Woohoo.in. | For refund policy and further details, visit: http://www.woohoo.in/faq.",2026-07-26
Candere Gold Coin,Candere Gold Coin,265,https://www.maximize.money/gift-cards/Candere Gold Coin/265,active,Online,500 / 1000 / 2000 / 2500 / 5000,No,,4,1.5% off / 1.65% earn,0.25% off / 0.4% earn,,,,,UPI,1.5,No,Yes,Yes,Valid for a range of 6 - 12 months,"Customer to login on [https://www.candere.com](https://www.candere.com) and add product(s) to cart by clicking SHOP NOW button. | Customer to click on 'PROCEED TO CHECKOUT' button to move to the payment page. Customer to click on 'Pay with GYFTR' checkbox available in 'Others' tender mode to enter voucher number. | Click on 'SUBMIT' button post entering the voucher number & captcha in the required box. Note: In case of multiple vouchers, customer to enter vouchers comma(,) separated. | The voucher(s) amount gets deducted from total balance. Customer to click on 'PLACE ORDER' button to pay the remaining amount (if any) and complete the transaction.","This is a Candere Instant Gift Voucher / Card (GV) and would only be accepted online at https://www.candere.com. | The person who has the Candere GV Code is deemed to be the beneficiary. | More than one GV can be used in one bill. | This is a ONE-time use GV. | No Credit note / Refund for the unused amount of the GV will be given. | Candere Insta Gift Voucher (GV) / Gift Card CANNOT be revalidated once expired. | Candere Insta Gift Voucher (GV) / Gift Card can be used during sale/Offers & Promotions. | Any dispute related to the Insta Gift Voucher (GV) should be referred to the issuing company and the decision of the issuing company shall be final. | Candere makes full efforts to accept Instant Gift Voucher (GV) / Gift Card, but on account of any technical / administrative reasons an outlet may refuse to accept the same. | Candere Gold Coin Insta Gift Voucher (GV) / Gift Card can only be used to purchase Gold Coins. | If an Instant Gift Voucher (GV) / Gift Card gets blocked on account of technical issue, it would get enabled in 72 hours. | For any queries / issues related to GV / GC, raise a request at https://www.gvhelpdesk.com",2026-07-26
Candere Gold Jewellery,Candere Gold Jewellery,266,https://www.maximize.money/gift-cards/Candere Gold Jewellery/266,active,Online,500 / 1000 / 2000 / 2500 / 5000,No,,4,3.0% off / 3.25% earn,1.75% off / 2.0% earn,1.1% off / 1.35% earn,0.65% off / 0.9% earn,0.75% off / 1.0% earn,0.75% off / 1.0% earn,UPI,3.0,No,No,No,Valid for a range of 6 - 12 months,"Customer to login on [https://www.candere.com](https://www.candere.com) and add product(s) to cart by clicking SHOP NOW button. | Customer to click on 'PROCEED TO CHECKOUT' button to move to the payment page. Customer to click on 'Pay with GYFTR' checkbox available in 'Others' tender mode to enter voucher number. | Click on 'SUBMIT' button post entering the voucher number & captcha in the required box. Note: In case of multiple vouchers, customer to enter vouchers comma(,) separated. | The voucher(s) amount gets deducted from total balance. Customer to click on 'PLACE ORDER' button to pay the remaining amount (if any) and complete the transaction.","This is a Candere Instant Gift Voucher / Card (GV) and would only be accepted online at https://www.candere.com. | The person who has the Candere GV Code is deemed to be the beneficiary. | More than one GV can be used in one bill. | This is a ONE-time use GV. | No Credit note / Refund for the unused amount of the GV will be given. | Candere Insta Gift Voucher (GV) / Gift Card CANNOT be revalidated once expired. | Candere Insta Gift Voucher (GV) / Gift Card can be used during sale/Offers & Promotions. | Any dispute related to the Insta Gift Voucher (GV) should be referred to the issuing company and the decision of the issuing company shall be final. | Candere makes full efforts to accept Instant Gift Voucher (GV) / Gift Card, but on account of any technical / administrative reasons an outlet may refuse to accept the same. | Candere Gold Jewellery Insta Gift Voucher (GV) / Gift Card can only be used to purchase Gold Jewellery. | If an Instant Gift Voucher (GV) / Gift Card gets blocked on account of technical issue, it would get enabled in 72 hours. | For any queries / issues related to GV / GC, raise a request at https://www.gvhelpdesk.com",2026-07-26
Organic India,Organic India,546,https://www.maximize.money/gift-cards/Organic India/546,active,In-store,250 / 500 / 1000 / 1500,Yes,100-10000,4,10.25% off / 10.75% earn,9.0% off / 9.5% earn,8.35% off / 8.85% earn,7.9% off / 8.4% earn,8.0% off / 8.5% earn,8.0% off / 8.5% earn,UPI,10.25,No,No,Yes,Valid for upto 6 months,Locate a store | Choose your product | Present your GV at billing and pay the balance via cash/card if needed:,"This Gift Voucher is valid only at listed Organic India outlets. | The holder of the GV/GC is considered the beneficiary. Activate/Add e-Pay Code: gftr.it/ogi | Inform the cashier about your intent to use the voucher before billing. | Multiple GVs/GCs can be used in one bill. | Unused amount will remain as e-Pay balance and can be used later till exhausted or expired. | GVs cannot be revalidated once expired. | Validity: 6 months from issuance. | GVs cannot be clubbed with ongoing promotions or on block-out dates. | In case of technical issues, GVs will be reactivated in 72 hours. | For support, visit: https://www.gvhelpdesk.com",2026-07-26
Indian Terrain,Indian Terrain,787,https://www.maximize.money/gift-cards/Indian Terrain/787,active,In-store,500 / 1000 / 2500 / 5000 / 10000 / 25000 / 50000,Yes,500-50000,4,13.25% off / 13.5% earn,12.0% off / 12.25% earn,11.35% off / 11.6% earn,10.9% off / 11.15% earn,11.0% off / 11.25% earn,11.0% off / 11.25% earn,UPI,13.25,No,No,No,Valid for 45 days from the date of Purchase,Present the same at the cash desk of any Indian terrain Exclusive Brand outlet.,"This voucher is only redeemable at Indian Terrain Exclusive Brand outlets. | Vouchers cannot be redeemed at Factory outlets, Multi-branded outlets & Indian Terrain website. | Only ONE voucher can be redeemed per bill per day. | Vouchers cannot be clubbed with on-going offers. Not Applicable on & above store discount & End of Season Sale (EOSS) Offers. | Voucher has to be redeemed FULL in a single billing. PARTIAL REDEMPTION is not allowed. Unutilized balance, if any, will not be refunded in any medium. | The validity period of the voucher will not be extended under any circumstances. | No replacement, cancellation or cashback would be considered against the purchased vouchers. | Voucher shall be non-refundable in any form (cash/credit/store credits) once redeemed. | Incase there is a balance amount to be paid after voucher redemption, the customer must pay the balance amount with taxes applicable. | Vouchers are valid till 45 days from date of purchase. | Vouchers has to be mandatorily submitted at Indian Terrain store billing desk before the billing starts. | This voucher is not redeemable for cash or credit nor can be exchanged for a gift voucher/gift card. Refund or money against the voucher/card shall not be entertained. | Magicpin or their affiliates are not responsible, if the voucher is lost, stolen, destroyed or used without permission. | Vouchers can only be refunded within 7-10 business days after the validation from the brand. | Vouchers cannot be transferred for value or re-sold or redeemed for cash.",2026-07-26
Nintendo Shop,Nintendo Shop,1121,https://www.maximize.money/gift-cards/Nintendo Shop/1121,active,Online,950 / 1900 / 3325 / 4750,No,,4,4.0% off / 4.1% earn,2.75% off / 2.85% earn,2.1% off / 2.2% earn,1.65% off / 1.75% earn,1.75% off / 1.85% earn,1.75% off / 1.85% earn,UPI,4.0,No,No,No,Valid for upto 6 months,"Visit https://ec.nintendo.com/redeem. | Sign in with your existing Nintendo Account or create a new one. | On the Redeem a Code page, enter your 16-digit Gift Voucher code. | Click Next and review the amount to be added. | Select Add Funds to complete the redemption. | Your Nintendo Account balance will be updated instantly and can be used to purchase games and digital content.","Redeemable only on the Nintendo eShop via https://ec.nintendo.com/redeem or on a Nintendo Switch console. | Can be used to purchase games, downloadable content (DLC), and other digital content available on Nintendo eShop. | Cannot be used to purchase physical products or outside Nintendo shopping services. | Gift Voucher balance is added to your Nintendo Account and can be used across multiple purchases until exhausted. | Multiple Gift Vouchers can be added to a single Nintendo Account. | Gift Vouchers can be redeemed during Nintendo eShop sale periods. | Cannot be clubbed with existing promotional offers or discount codes. | Voucher code is for one-time redemption only. Once redeemed, the code cannot be reused. | Nintendo Account balance is non-transferable and cannot be moved to another account. | Once converted into Nintendo eShop balance, the funds do not expire. | Voucher is non-reloadable, non-refundable, non-transferable, and cannot be exchanged for cash. | Internet access and a Nintendo Account are required for redemption. | Lost, stolen, or unauthorized use of Gift Voucher codes will not be replaced. | Nintendo reserves the right to modify or discontinue the program without prior notice.",2026-07-26
Dune London-Luxe,Dune London-Luxe,383,https://www.maximize.money/gift-cards/Dune London-Luxe/383,active,Online + In-store,2000 / 5000 / 10000,Yes,1000-10000,4,10.0% off / 13.0% earn,10.0% off / 11.75% earn,10.0% off / 11.1% earn,10.0% off / 10.65% earn,10.0% off / 10.75% earn,10.0% off / 10.75% earn,UPI,10.0,No,No,Yes,Valid for upto 12 months,"Redeem your Luxe Gift Card at a participating brand of your choice by providing the Digital gift card. | An OTP will be generated and sent to you on your registered mobile number at the time of redemption. | Please use your Luxe Gift Card and OTP to redeem this gift card. To activate this gift card, SMS to 9704200300. For balance enquiry & validity, SMS to 9704200300.","These Terms & Conditions apply to the electronic version of the Luxe Gift Card. | The Luxe Gift Card is issued by Pine Labs Limited (formerly Pine Labs Private Limited) and is valid for 12 months from the date of purchase. | The Luxe Gift Card can be redeemed across 45+ participating brands in India. For store locations, visit: https://www.luxegiftcard.com/brands#store_location | The Luxe Gift Card is not redeemable at airport stores. | The Gift Card can also be redeemed online at the brand websites | The Luxe Gift Card is valid for one-time use only until expiry. If the purchase value exceeds the Gift Card value, the balance amount must be paid by the customer. No refund or credit note will be issued for any unused balance. | Users are advised to protect the Gift Card details. RBL Bank or Pine Labs shall not be liable in case of loss, theft, or misuse of the Gift Card or PIN. The Gift Card will not be replaced or refunded in such cases. | Multiple Luxe Gift Cards can be used in a single transaction. | Once issued, the Luxe Gift Card cannot be cancelled or blocked. | The Gift Card can be redeemed only on full-priced merchandise and is not applicable on discounted items unless specified otherwise. | To activate the Gift Card, send an SMS in the format: ACT <16-digit card number><6-digit PIN> to 9704200300 | Alternatively, activation can be done via the portal: https://bit.ly/4072sdb | For balance enquiry and validity, SMS the 16-digit card number to 9704200300 or visit any participating merchant location. | For complete Terms & Conditions, participating brands, and store locations, visit: https://www.luxegiftcard.com | For bulk enquiries or support, contact: info@luxegiftcard.com | Users can change the SMS transaction alert language by writing to gcsupport.woohoo@pinelabs.com , mentioning the registered mobile number and preferred language (Hindi, Telugu, Tamil, Kannada, Marathi, Bengali, Gujarati, Odia, Punjabi, Malayalam, Assamese). | Pine Labs may take up to 15 working days to update the language preference. Once updated, all future SMS alerts for the Luxe Gift Card will be sent in the selected language.",2026-07-26
INDRIYA – Aditya Birla Jewellery,INDRIYA – Aditya Birla Jewellery,1111,https://www.maximize.money/gift-cards/INDRIYA – Aditya Birla Jewellery/1111,active,In-store,2000 / 5000 / 10000 / 20000 / 50000 / 100000,Yes,1000-100000,4,2.0% off / 2.1% earn,0.75% off / 0.85% earn,0.1% off / 0.2% earn,,,,UPI,2.0,No,No,Yes,Valid upto 200 Days from purchase,"Visit any participating INDRIYA – Aditya Birla Jewellery showroom. | Select the jewellery products you wish to purchase. | Inform the cashier that you would like to pay using an E-Gift Card. | Share your Gift Card number and PIN with the cashier. | The cashier will validate the Gift Card and complete the billing process. | If your purchase amount exceeds the Gift Card value, pay the remaining balance using another accepted payment method.","Valid for 200 days from the date of issuance. | Redeemable only at participating INDRIYA – Aditya Birla Jewellery showrooms across India. | Valid on all jewellery categories. | Single-use Gift Card. Partial redemption is not allowed. | Any unused balance after redemption will be forfeited. | Multiple Gift Cards can be used in a single transaction. | Cannot be exchanged for cash. | Cannot be used on Special Priced Items. | Lost, stolen, or misused Gift Cards will not be replaced. | Indriya reserves the right to cancel or block Gift Cards suspected of fraud or misuse. | Terms & Conditions may change without prior notice. | All disputes are subject to the exclusive jurisdiction of Mumbai courts.",2026-07-26
PC Chandra Gold Coin,PC Chandra Gold Coin,939,https://www.maximize.money/gift-cards/PC Chandra Gold Coin/939,active,Online + In-store,2000 / 5000 / 10000,Yes,1000-10000,4,1.0% off / 1.0% earn,,,,,,UPI,1.0,No,No,No,Valid upto 6 Months from purchase,"Gift Card can be redeemed at participating offline stores and on https://www.pcchandraindia.com | For offline redemption, present the Gift Card before billing at the counter | For online redemption, select products and add them to the cart | Enter the Gift Card number and PIN at checkout as the payment mode | Redeem the Gift Card in full in a single transaction | Pay any remaining balance using other available payment methods","PC Chandra Gold Coin E-Gift Card can be redeemed for products at participating offline stores and on https://www.pcchandraindia.com | Gift Card is issued by P. C. Chandra Jewellers | Gift Card can be used only at participating P. C. Chandra Jewellers showrooms and website | Gift Card must be treated like cash and will not be replaced if lost or stolen | Gift Card is valid for 6 months from the date of purchase or activation | Gift Card is one-time redeemable only and cannot be used multiple times | Gift Card cannot be replaced, reimbursed, or encashed even if lost, stolen, damaged, or expired | Gift Card is not a credit card | Gift Card remains the property of P. C. Chandra Jewellers and must be returned if found | If the bill value exceeds the Gift Card value, the balance amount must be paid using other payment modes | P. C. Chandra Jewellers reserves the right to modify Gift Card terms and conditions without prior notice | For detailed terms, customers may visit https://www.pcchandraindia.com or contact +91 8010700400 | Gift Card balance can be checked at any P. C. Chandra Jewellers outlet or on https://www.woohoo.in",2026-07-26
Surat Diamonds Main,Surat Diamonds Main,1107,https://www.maximize.money/gift-cards/Surat Diamonds Main/1107,active,Online,500 / 1000 / 2500 / 5000 / 10000 / 25000,No,,4,13.0% off / 13.25% earn,11.75% off / 12.0% earn,11.1% off / 11.35% earn,10.65% off / 10.9% earn,10.75% off / 11.0% earn,10.75% off / 11.0% earn,UPI,13.0,No,No,No,Valid for upto 12 months,"Visit https://www.suratdiamond.com. | Browse and select the jewellery you wish to purchase. | Add the selected product(s) to your cart. | Proceed to Checkout. | Log in or enter your shipping and billing details. | Enter your Gift Card/Voucher Code and click Apply. | If your order value exceeds the Gift Card value, pay the remaining amount using another available payment method. | Complete the payment to place your order.","Valid for 12 months from the date of issue. | Redeemable only on https://www.suratdiamond.com. | Applicable on jewellery purchases only. | Cannot be clubbed with any other offers or promotions. | Not valid on Bullion, Coins, Certified Solitaires, or already discounted products. | Enter the Gift Card code during checkout to avail the discount. | Cannot be redeemed for cash or cheque. | If the purchase value exceeds the Gift Card value, the remaining amount can be paid using another payment method. | Manufacturing defects can be reported within 15 days for a replacement or refund, as per the brand's policy. | For assistance, contact Surat Diamond Jewellery Customer Support.",2026-07-26
Surat Diamond,Surat Diamond,689,https://www.maximize.money/gift-cards/Surat Diamond/689,active,Online,1000 / 2000 / 5000 / 10000,Yes,100-10000,4,13.75% off / 14.25% earn,12.5% off / 13.0% earn,11.85% off / 12.35% earn,11.4% off / 11.9% earn,11.5% off / 12.0% earn,11.5% off / 12.0% earn,UPI,13.75,No,No,No,Valid for upto 6 months,"Visit the Website - Go to https://www.suratdiamond.com | Select Jewellery - Browse and choose the jewellery you wish to buy, then add it to your cart. | Proceed to Checkout - View your cart and click Checkout. | Login or Register - Log into your account or create a new one. | Choose Payment Method - Select “Gyftr Epay” as the payment mode, then click Pay Now to enter your Gyftr Gift Card details.","This offer cannot be clubbed with any other Voucher or offer (ie; it is to be redeemed individually) | This offer is not valid on purchase of bullion/ Coins, Certified Solitaires & already discounted Products. | To avail of the discount, you must enter the promotion code at the time of placing your order. | The offer cannot be redeemed for cash / cheque. | Incase of any manufacturing defect please return the item(s) to Surat Diamond Jewellery within 15 days for a free replacement or full refund as the case may be. | Incase of any queries, kindly contact us on 8080826864 or write to us at cs@suratdiamond.com",2026-07-26
Riot League of Legends 415,Riot League of Legends 415,1020,https://www.maximize.money/gift-cards/Riot League of Legends 415/1020,active,Online,415 / 415,No,,,2.25% off / 2.5% earn,1.0% off / 1.25% earn,0.35% off / 0.6% earn,,,,UPI,2.25,No,No,No,Valid upto 12 Months from purchase,"For instructions on how to redeem, go to prepaidcards.riotgames.com. | © 2025 Riot Games, Inc. LEAGUE OF LEGENDS, TEAMFIGHT TACTICS, LEGENDS OF RUNETERRA, VALORANT and 2XKO are trademarks, service marks and/or registered trademarks of Riot Games Inc. | This code is only redeemable in India only.","This Riot Games (""RG"") Virtual Currency (""VC"") code (this ""Code"") permits you to purchase VC to the value of the amount printed on the front of this Code for use only at the Riot Games online stores and Riot Games clients listed at prepaidcards.riotgames.com. | Except as required by law, the value of this Code will not be replaced if lost, stolen, destroyed or used without permission. | For the full terms and conditions governing the use of this code, please visit prepaidcards.riotgames.com.",2026-07-26
Ketan Diamonds - Diamond Only,Ketan Diamonds - Diamond Only,241,https://www.maximize.money/gift-cards/Ketan Diamonds - Diamond Only/241,active,Online,500 / 1000 / 2000 / 2500 / 5000 / 7500 / 9999,Yes,100-10000,4,11.0% off / 11.25% earn,9.75% off / 10.0% earn,9.1% off / 9.35% earn,8.65% off / 8.9% earn,8.75% off / 9.0% earn,8.75% off / 9.0% earn,UPI,11.0,No,Yes,Yes,Valid for upto 12 months,"Visit https://www.ketandiamonds.com, select the product of your choice & add to cart. | Click on Pay Online. | Enter the voucher number in the 'Voucher Number' tab and click on 'Apply' button to redeem. | Click on Proceed to checkout.","This is Ketan Diamonds Insta Gift Voucher (GV) / Gift Card (GC) and would only be accepted at Ketan Diamonds website i.e. https://www.ketandiamonds.com and not on any other products/services. | The person who has the Ketan Diamonds GV / GC Code is deemed to be the beneficiary. | Ketan Diamonds is not responsible if the Gift card is lost, stolen or used without permission. | More than one GV / GC can be used in one bill/transaction. | This is a one-time use GV / GC with an expiration date. | No credit note / refund for the unused balance amount of the GV / GC will be given. | Any such unused balance amount shall stand lapsed automatically. | Ketan Diamonds GV / GC cannot be revalidated once expired or cancelled under any situations. | Ketan Diamonds GV / GC can be clubbed with ongoing promotions & offers. | Ketan Diamonds GV / GC cannot be redeemed on specific block-out dates. Ketan Diamonds may add or delete any date(s)/period(s) at its sole discretion without any liability. | Any dispute related to the GV / GC should be referred to the issuing company and the decision of the issuing company shall be final. In case of any legal disputes, the courts at Mumbai shall have exclusive jurisdiction. | Ketan Diamonds shall on a best-effort basis attempt to accept Insta Gift Vouchers (GV) / Gift Card (GC), but on account of any technical reason or for reasons beyond its control, GV / GC may not get accepted and Ketan Diamonds shall have no liability for the same. | If an Insta Gift Voucher (GV) / Gift Card (GC) gets blocked on account of technical issue, it will be enabled in 72 hours. In case of transaction failures after the voucher is applied, the amount will be automatically refunded to the same cards within 48 hours. | In no event shall the liability of Ketan Diamonds for any claims exceed the value of the Insta Gift Voucher (GV) / Gift Card (GC) in dispute. | Ketan Diamonds reserves the right to edit/change the terms and conditions for the Insta Gift Voucher (GV) / Gift Card (GC) at any time without notice or liability. | Ketan Diamonds has the final authority on the interpretation of these rules. | Ketan Diamonds Gold Coin Insta Gift Voucher (GV) / Gift Card can only be used to purchase Gold Coins. | Ketan Diamonds Gold Jewellery Insta Gift Voucher (GV) / Gift Card can only be used to purchase Gold Jewellery. | Ketan Diamonds Diamond Jewellery Insta Gift Voucher (GV) / Gift Card can only be used to purchase Diamond Jewellery. | Ketan Diamonds reserves the right to withdraw the Insta Gift Voucher (GV) / Gift Card (GC) scheme/offer before the validity period without any notice or liability at its sole discretion. | Ketan Diamonds reserves the right to deny accepting any Insta Gift Voucher (GV) / Gift Card (GC), if it suspects duplicity of cards. | For any queries/issues related to GV / GC, raise a request at https://www.gvhelpdesk.com",2026-07-26
Malabar Diamond,Malabar Diamond (Custom),880,https://www.maximize.money/gift-cards/Malabar Diamond (Custom)/880,active,Online + In-store,2000 / 2500 / 3000 / 5000 / 7500 / 10000 / 25000 / 50000,Yes,1000-100000,4,4.5% off / 4.6% earn,3.25% off / 3.35% earn,2.6% off / 2.7% earn,2.15% off / 2.25% earn,2.25% off / 2.35% earn,2.25% off / 2.35% earn,UPI,4.5,No,No,Yes,Valid for upto 6 months,,,2026-07-26
Peter England,Peter England,584,https://www.maximize.money/gift-cards/Peter England/584,active,In-store,1000 / 2000 / 5000 / 10000 / 1000,Yes,500-10000,,3.0% off / 3.1% earn,1.75% off / 1.85% earn,1.1% off / 1.2% earn,0.65% off / 0.75% earn,0.75% off / 0.85% earn,0.75% off / 0.85% earn,UPI,3.0,No,No,Yes,Valid for upto 6 months,"Visit the outlet near you. | Before making the purchase, confirm the acceptance of the Gift Card at the store. | Choose the products you would like to buy. | Show your Gift Card details to the cashier at the time of billing and pay any balance amount by cash or card.","This EGC shall have a validity period of 6 months from the date of issuance. | This E-Gift Card is redeemable on all merchandise at Peter England stores across India. | This E-Gift Card can be redeemed just once. | This Gift card/E-Gift Card can be redeemed only at selected outlets. | This E-Gift Card holds no value until activated with a minimum purchase. There is no extra fee to obtain this card. | Please present the printout of this E-Gift Card to the customer relationship officer prior to billing or when you want to redeem the card. | This card is not redeemable for cash or credit. | In case of a damaged card, a new card will be issued and loaded with the remaining value only after proof and authenticity is presented to any PE store. | If a card is lost or stolen, neither will a new card be issued nor will the money be reimbursed in any manner. | E-Gift Cards are normally delivered instantly. But sometimes, due to system issues, the delivery can be delayed up to 24 hours. | This E-Gift Card/Gift Card can be used only at Exclusive Peter England Outlets.",2026-07-26
Vaango,Vaango,824,https://www.maximize.money/gift-cards/Vaango/824,active,In-store,100 / 250 / 500 / 1000 / 1500 / 2000 / 2500 / 3000 / 5000,No,,4,8.75% off / 9.0% earn,7.5% off / 7.75% earn,6.85% off / 7.1% earn,6.4% off / 6.65% earn,6.5% off / 6.75% earn,6.5% off / 6.75% earn,UPI,8.75,Yes,No,No,Valid upto 6 Months from purchase,Locate a listed Vaango DIL Store near you. | Order the food options that you enjoy from the menu. | Provide the Gift Card at the billing and payment time to redeem your gift card.,"Issued by Devyani International Limited, valid at participating Vaango restaurants in India | Can be used in full or part; no cash refund or exchange in any case (loss, theft, expiry, etc.) | Non-reloadable; e-coupons/offers valid for 6 months from date of issue | Cannot be clubbed with any other offers, e-coupons, or advertised specials | Taxes and additional charges are applicable as per restaurant policy | Devyani International Limited reserves the right to amend T&Cs without prior notice | Check coupon balance and expiry at https://www.dil.rjcorp.com | By using the card, user accepts all T&Cs; disputes subject to New Delhi jurisdiction",2026-07-26
Just Lil Things,Just Lil Things,1094,https://www.maximize.money/gift-cards/Just Lil Things/1094,active,Online,250 / 500 / 750 / 1000,No,,4,22.0% off / 22.25% earn,20.75% off / 21.0% earn,20.1% off / 20.35% earn,19.65% off / 19.9% earn,19.75% off / 20.0% earn,19.75% off / 20.0% earn,UPI,22.0,No,No,No,Valid for upto 12 months,"Visit https://www.justlilthings.in. | Browse and add your favourite products to the cart. | Proceed to Checkout. | Under the Offers & Rewards section, enter your Gift Voucher code. | Apply the voucher and proceed to payment. | If the order value exceeds the voucher amount, pay the remaining balance using any available payment method. | Complete your order successfully.","Redeemable only on the Just Lil Things website. | Valid across all product collections. | Valid only for purchases made within India. | This is a one-time use Gift Voucher. | Valid for 365 days (12 months) from the date of activation. | Applicable on all collections available on the website. | Orders placed using a Gift Voucher cannot be modified after placement. | Refunds for orders paid using a Gift Voucher will be credited to the JLT Wallet. | Gift Vouchers are non-refundable and cannot be exchanged for cash. | No returns or refunds on Gift Voucher purchases. (Damaged products are eligible for replacement as per the brand's return policy.) | Lost, expired, or used Gift Vouchers will not be replaced or reissued.",2026-07-26
Barbeque Nation,Barbeque Nation,459,https://www.maximize.money/gift-cards/Barbeque Nation/459,active,In-store,1000 / 2000 / 5000 / 10000,Yes,500-10000,4,8.25% off / 8.5% earn,7.0% off / 7.25% earn,6.35% off / 6.6% earn,5.9% off / 6.15% earn,6.0% off / 6.25% earn,6.0% off / 6.25% earn,UPI,8.25,No,No,Yes,Valid for upto 12 months,Visit the nearest Barbeque Nation outlet. | Inform the cashier about the Gift Card before placing your order. | Show the Gift Card details to the cashier at the time of billing and pay any remaining balance using card or cash.,,2026-07-26
Me N Moms,Me N Moms,753,https://www.maximize.money/gift-cards/Me N Moms/753,active,Online,500 / 1000 / 2500 / 5000 / 500,Yes,100-10000,,9.75% off / 10.25% earn,8.5% off / 9.0% earn,7.85% off / 8.35% earn,7.4% off / 7.9% earn,7.5% off / 8.0% earn,7.5% off / 8.0% earn,UPI,9.75,Yes,Yes,Yes,Valid for upto 6 months,,,2026-07-26
MakeMyTrip,MakeMyTrip,579,https://www.maximize.money/gift-cards/MakeMyTrip/579,active,Online,500 / 1000 / 2000 / 5000 / 10000 / 20000 / 50000 / 100000,Yes,250-100000,4,6.5% off / 6.75% earn,4.65% off / 4.9% earn,4.6% off / 4.85% earn,3.75% off / 4.0% earn,4.25% off / 4.5% earn,4.25% off / 4.5% earn,UPI,6.5,Yes,No,Yes,Valid for upto 12 months,"Visit the MakeMyTrip website or mobile app. | Select your travel service (Flight, Hotel, Holiday, Train, Bus, or Cab). | Enter the required booking details and proceed to the payment page. | Select Gift Card as the payment option. | Enter your 16-digit Gift Card number and 6-digit PIN. | Click Make Payment. | Pay any remaining balance using another payment method, if required. | Complete your booking and receive confirmation.",,2026-07-26
Blinkit,Blinkit,903,https://www.maximize.money/gift-cards/Blinkit/903,active,Online,250 / 500 / 1000 / 3000 / 5000,No,,4,2.75% off / 2.75% earn,1.5% off / 1.5% earn,0.85% off / 0.85% earn,0.4% off / 0.4% earn,0.5% off / 0.5% earn,0.5% off / 0.5% earn,UPI,2.75,Yes,No,No,Valid for upto 12 months,"Open the Blinkit app or website and log in to your account. | Go to the Profile / Account section and select “Gift Cards” or “Redeem Gift Card.” | Enter the gift card code / voucher code in the required field. | Click on Apply / Redeem to add the gift card balance to your Blinkit wallet. | Once successfully redeemed, the gift card amount will be added to your wallet balance, which can be used during checkout while placing an order.","Redeemable only on the Blinkit Mobile App (Android/iOS). | Voucher holder is considered the beneficiary. | Only 1 GV/GC can be used per transaction. | GV/GC is non-refundable, non-transferable, and not redeemable for cash. | Multiple redemptions allowed till the balance is exhausted, within validity. | Cannot be revalidated once expired or cancelled. | Blinkit/GyFTR is not responsible for lost/stolen/unauthorized use. | Cannot be clubbed with other discounts, promo codes, or bank offers. | Delivery, packaging, tip, and other extra charges are not covered by the GV/GC. | Not valid on block-out dates as declared by Blinkit. | Best-effort basis for redemption; Blinkit not liable for technical failures. | In case of technical blockages: Re-enabled in 72 hours | In case of technical blockages: Refund (on failure) processed in 48 hours | Blinkit may modify or cancel terms without prior notice. | All disputes fall under Blinkit's interpretation and are subject to final decision. | For help, raise a request at https://www.gvhelpdesk.com",2026-07-26
Blinkit,Blinkit,749,https://www.maximize.money/gift-cards/Blinkit/749,active,Online,500 / 1000 / 2500 / 5000 / 10000,No,,4,2.25% off / 2.5% earn,1.0% off / 1.25% earn,0.35% off / 0.6% earn,,,,UPI,2.25,Yes,No,Yes,Valid for upto 12 months,"Open the Blinkit app or website and log in to your account. | Go to the Profile / Account section and select “Gift Cards” or “Redeem Gift Card.” | Enter the gift card code / voucher code in the required field. | Click on Apply / Redeem to add the gift card balance to your Blinkit wallet. | Once successfully redeemed, the gift card amount will be added to your wallet balance, which can be used during checkout while placing an order.","The Gift Card is redeemable only on Razorpay approved platforms i.e., Blinkit website and mobile application (“Blinkit Platform”) and on the Blinkit Affiliate Platform. “Blinkit Affiliate Platform” means any website and/or application owned and/or operated by affiliates of Blinkit such as Bistro where the Gift Card is made available as a payment solution for purchase of products or services. Blinkit Platform and Blinkit Affiliate Platform shall be collectively referred to as the “Platform”. | Gift card redemptions are limited to ₹25,000 per user within a calendar month. | The purchaser of Gift Card may add the Gift Card to Blinkit Money balance via “Claim” option. | The Gift Card shall be valid for a period of one (1) year from the date of purchase and cannot be used to purchase other gift cards. | Multiple Gift Cards can be clubbed in a single order of purchase. | The Gift Card cannot be redeemed for cash or credit and cannot be reloaded. | In cases where the order is canceled, the Gift Card amount shall be refunded to the source account. | All taxes, duties, levies or other statutory dues and charges payable in connection with the benefits accruing under the offer shall be borne solely by the purchaser of the Gift Card. | The purchaser of the Gift Card is solely responsible for the safety and security of the Gift Card. Blinkit and Razorpay are not responsible for any acts of omission or commission if the Gift Card is lost, stolen, or used without permission. Once the Gift Card is claimed, no refund can be issued against such Gift Card. | Razorpay assumes no responsibility for the products purchased using the Gift Card and any liability thereof is expressly disclaimed. | Razorpay reserves the right to cancel the Gift Card if the same has been found to be purchased with fraudulent means and / or the beneficiary / know-your-customer (“KYC”) details are found to be incorrect or insufficient as per RBI guidelines. In such cases, the funds shall be credited back to the same source account from where these were received. | The purchaser of the Gift Card agrees and understands that the Gift Card is a pre-paid payment instrument subject to regulation by RBI under PPI Master Directions. Under the RBI guidelines, Blinkit and / or Razorpay may be required to share KYC details of the purchaser of the Gift Card and /or any other information in relation to purchase of the Gift Card and / or transaction undertaken using the Gift Card with RBI or such statutory authorities. Blinkit and / or Razorpay may contact the purchaser of the Gift Card for any such information. | Blinkit will consider requests for blocking of the Gift Card only from the registered users of Blinkit. | The purchaser of the Gift Card may request for the revalidation of the expired Gift Card. Upon receipt of such a request the Gift Card may be revalidated after due verification by Blinkit and Razorpay as per PPI Master Directions. | Razorpay reserves the right to change the Terms of the Gift Card, including extending, withdrawing or discontinuing at its sole discretion without notice. | These Terms shall be governed by the laws of India and all disputes arising out of or in connection to these Terms are subject to the exclusive jurisdiction of the courts in Bangalore only.",2026-07-26
Ajio,Ajio,416,https://www.maximize.money/gift-cards/Ajio/416,active,Online,100 / 500 / 1000 / 2000 / 3000 / 5000,Yes,100-10000,4,7.0% off / 7.1% earn,5.75% off / 5.85% earn,5.1% off / 5.2% earn,4.65% off / 4.75% earn,4.75% off / 4.85% earn,4.75% off / 4.85% earn,UPI,7.0,Yes,No,No,Valid for 12 months from the date of issue,Enter the 16-digit Gift Card number. | Enter the 6-digit PIN. | Click on the 'Add to AJIO Wallet' button. | The Gift Card amount will be added to your AJIO Wallet as AJIO Cash. | You can use this balance to pay for orders within 1 year of redemption.,"The Ajio E-Gift Card is powered by Pine Labs and is redeemable only on the AJIO desktop website, mobile site, or app. | Usage of the E-Gift Card implies acceptance of the associated terms and conditions. | The card cannot be used to buy other gift cards. | It is non-redeemable for cash or credit and cannot be reloaded. | Not valid for purchases of fine jewellery, silver, and gold coins. | E-Gift Card must be added to the AJIO Wallet as AJIO Cash for use. | Once added, the value becomes non-transferable to other accounts or bank accounts. | Validity of the card is 12 months from the date of issue. | AJIO Cash loaded from the gift card is valid for 365 days from loading. | Partial usage allowed—remaining balance will stay as AJIO Cash. | If purchase exceeds card value, the user must pay the balance amount. | Taxes and other charges arising from the use of the card are borne by the user. | Holder is responsible for safety and loss of the gift card. | Orders placed using the card are subject to product availability and AJIO's terms. | Returns must follow AJIO's standard Return Policy. | E-Gift Card is not applicable for H&M branded products. | No validity extension will be allowed post expiry. | AJIO may cancel the card if any misuse or policy breach is detected. | Terms and conditions are subject to change at AJIO's sole discretion. | AJIO is not liable for any technical failure or misuse of the card. | Disputes are subject to Mumbai jurisdiction under Indian laws. | Customer grievance support is available at support@woohoo.in. | AJIO is not responsible for third-party websites or any liabilities therein.",2026-07-26
Reliance Jio Mart,Reliance Jio Mart,224,https://www.maximize.money/gift-cards/Reliance Jio Mart/224,active,Online,250 / 500 / 1000 / 2000,Yes,250-2000,4,,,,,,,,,No,No,No,Valid for 12 months from date of receipt,"Download the JioMart application on your mobile. | Select the products of your choice and add them to the cart. | Move to the checkout page and select Add Gift Card/ Voucher Code. | Enter the Gift card PIN and redeem the Voucher. | Validity : This Gift Voucher is redeemable, and it is valid only for a period of 12 months from the date of receipt. | Reliance Jio Mart Important Instructions : Multiple vouchers cannot be used in one transaction, This GV cannot be used on 3P products (Third party products listed on Jio Mart Platform), JioMart Insta Gift Voucher (GV) / Gift Card (GC) and would be accepted on JioMart, This Gift Voucher is not valid on purchase of Gold/Silver Coins and fine jewellery.","This Gift Voucher is issued by Reliance Retail Limited (Reliance). | This Gift Voucher is valid only for a period of 12 months from the date of receipt. | Gift Voucher can be redeemed at JioMart online platform in India. This GV cannot be used on 3P products (Third party products listed on Jio Mart Platform). | GV/EGV is not applicable on purchase of Apple, 1+, Motorola & Sony products. | Gift Voucher cannot be exchanged for cash. This Gift Voucher can be redeemed only once. | This Gift Voucher is not valid on purchase of Gold/Silver Coins and fine jewellery. | This Gift Voucher cannot be redeemed in parts and needs to be redeemed for full value. | This Gift Voucher is redeemable for a single order only. Also, multiple Gift Vouchers cannot be redeemed in a single order. | No extension of the Validity period nor refund of the value of Gift Voucher in case of failure to use the Gift Voucher on or before the validity period. | Reliance shall not be responsible for loss or misuse of Gift Voucher and no duplicate or compensation in lieu of the Gift Voucher shall be given by Reliance. | Reliance overall liability will not exceed the value of the Gift Voucher. | Bearer of the Gift Voucher shall be deemed to have read, understood and accepted these terms and conditions. | Bearer of the code of Gift Voucher is deemed to be the beneficiary of this Gift Voucher. Any redemption by the bearer of Gift Voucher shall be considered as a valid discharge of liabilities by Reliance. | Reliance shall not be liable under any circumstances towards any loss or damage or expenses or cost or any third-party liability, whether directly or indirectly arising out of or in relation to use of Gift Voucher and redemption thereunder by the bearer. | This Card is NOT valid on purchase of Gold/Silver coins, Mobiles ,Oil ,Ghee, Sugar, Baby Food, Alcohol & Tobacco | Reliance reserves its right to modify/amend the terms and conditions of the Gift Voucher at any time without prior notice and such modifications shall be binding on the user/bearer of the Gift Voucher. | Any dispute with regard to Product liability, guarantee, warranty and quality of the Products to be purchased under redemption of the Gift Voucher shall be addressed to the respective Manufacturer/ Brand Owner and Reliance shall not be held responsible/liable for the same. The guarantee and warranty of the Products shall be transferred, as received from the respective Manufacturer/Distributor. | In case of any issue faced by the Gift Voucher bearer, the Gift Voucher bearer can reach out to Customer service desk at the Stores or Customer Care at Toll free number 1800 891 0001 or Email at customerservice@ril.com. | For any Reliance Retail GV queries / issues related to receiving of the voucher, please reach out to customer care via rrlsupport@qwikcilver.com or customer care toll free number 080-69806393 | The Gift Voucher is binding for all applicable laws of India. | All disputes are subject to the jurisdiction of courts at Mumbai only. | E-Gift Cards are normally delivered instantly. But sometimes due to system issues, the delivery can be delayed up-to 24 - 48 hours. | No returns and no refunds on gift cards, e-gift cards and gift vouchers shipped by woohoo.in. Please check the refund policy at http://www.woohoo.in/faq for further details.",2026-07-26
Tata CliQ Luxury,Tata CliQ Luxury,418,https://www.maximize.money/gift-cards/Tata CliQ Luxury/418,active,Online,200 / 500 / 1000 / 2000 / 5000 / 10000,Yes,100-10000,4,8.5% off / 8.75% earn,7.25% off / 7.5% earn,6.6% off / 6.85% earn,6.15% off / 6.4% earn,6.25% off / 6.5% earn,6.25% off / 6.5% earn,UPI,8.5,Yes,Yes,Yes,Valid for upto 12 months,"Gift Cards may only be redeemed toward the purchase of eligible products on https://www.tatacliq.com. | Login to Tata Cliq Account | Click your account | Select Cliq Cash option | Enter Gift Card Number | Enter PIN | Click on Add card to wallet to complete the addition of money to Tata Cliq Wallet. | While purchasing a product, on the payments page, click on Cliq cash to redeem the balance from the wallet | Purchases are deducted from the redeemer's CLiQ Cash balance.","These terms apply to Tata CLiQ Gift Cards (""Gift Cards"") issued by Pine Labs Private Limited (""Pine Labs"") under the brand name “Qwikcilver”. | By purchasing or using a Gift Card, you agree to these terms, including any future modifications. | Pine Labs is a private limited company incorporated under Indian law and is the official issuer of these Gift Cards. | Gift Cards are redeemable only on https://www.tatacliq.com for eligible product purchases. | Purchases are deducted from the CLiQ Cash balance of the redeemer’s Tata CLiQ account. | Any unused CLiQ Cash balance remains associated with the Tata CLiQ account and is applied to future purchases by earliest expiration date. | If the purchase value exceeds the CLiQ Cash balance, the remaining amount must be paid via credit card, debit card, or net banking. | No additional fees or charges apply to Gift Card usage. | Pine Labs may provide purchasers with redemption status updates of their Gift Cards. | Gift Cards and their unused balances are valid for 12 months from the date of issuance. | Gift Cards may only be purchased in denominations ranging from ₹10 to ₹10,000, or other limits as determined by Pine Labs. | Gift Cards cannot be used to purchase other gift cards. | Gift Cards cannot be reloaded, resold, transferred for value, or redeemed for cash. | Gift Cards cannot be redeemed on purchases of bullions. | Gift Cards cannot be used to purchase gold jewellery effective from June 20, 2025. | Unused Gift Card balances cannot be transferred to another Tata CLiQ account. | No interest is payable by Pine Labs on any Gift Card balance. | Pine Labs does not guarantee uninterrupted access to https://www.tatacliq.com.",2026-07-26
Tattva Spa,Tattva Spa,327,https://www.maximize.money/gift-cards/Tattva Spa/327,active,Online,1500 / 2000 / 2500 / 3000 / 5000,Yes,100-10000,4,16.75% off / 17.25% earn,15.5% off / 16.0% earn,14.85% off / 15.35% earn,14.4% off / 14.9% earn,14.5% off / 15.0% earn,14.5% off / 15.0% earn,UPI,16.75,No,No,Yes,Valid for upto 6 months,Visit the website and select your city. | Schedule your service. | Proceed to checkout and choose “Pay with GyFTR Epay”.,"This is a Tattva Spa Gift Voucher (GV)/e-Pay and will be accepted on the website at https://tattvaspa.com/ | The person with the GV/GC is deemed the beneficiary. | Multiple GVs can be combined and added to the e-Pay balance. | The GV/e-Pay cannot be clubbed with ongoing deals and discounts. | Once the GV is converted into e-Pay, it can be used as per the convenience of the holder. | The Tattva Spa e-Pay balance must be linked to the registered mobile number. | GV/e-Pay cannot be revalidated once it has expired and cannot be canceled under any circumstances. | Tattva Spa/GyFTR is not responsible for lost, damaged, or stolen GV/e-Pay. | GV/e-Pay is non-refundable, may not be exchanged, transferred, or resold, and may not be redeemed for cash. | Tattva Spa makes full efforts to accept GV/e-Pay but on account of any technical/administrative reasons may refuse to accept the same. | Any dispute should be referred to the company from where the GV/GC has been received, the decision of the company shall be final. | For any queries/issues related to GV/GC, raise a request at https://www.gvhelpdesk.com.",2026-07-26
Satya Paul-Luxe,Satya Paul-Luxe,475,https://www.maximize.money/gift-cards/Satya Paul-Luxe/475,active,Online + In-store,2000 / 5000 / 10000,Yes,1000-10000,4,10.0% off / 13.0% earn,10.0% off / 11.75% earn,10.0% off / 11.1% earn,10.0% off / 10.65% earn,10.0% off / 10.75% earn,10.0% off / 10.75% earn,UPI,10.0,No,No,Yes,Valid for upto 12 months,"Redeem your Luxe Gift Card at any participating brand by presenting the digital gift card. | An OTP will be sent to your registered mobile number during the redemption process. | Use the Luxe Gift Card and the received OTP to complete redemption. | To activate the gift card, SMS: ACT <16-digit Card Number> <6-digit PIN> to 9704200300 | For balance enquiry & validity, SMS: BAL <16-digit Card Number> to 9704200300","These Terms & Conditions apply to the electronic version of the Luxe Gift Card. | The Luxe Gift Card is issued by Pine Labs Limited (formerly Pine Labs Private Limited) and is valid for 12 months from the date of purchase. | The Luxe Gift Card can be redeemed across 45+ participating brands in India. For store locations, visit: https://www.luxegiftcard.com/brands#store_location | The Luxe Gift Card is not redeemable at airport stores. | The Gift Card can also be redeemed online at the brand websites | The Luxe Gift Card is valid for one-time use only until expiry. If the purchase value exceeds the Gift Card value, the balance amount must be paid by the customer. No refund or credit note will be issued for any unused balance. | Users are advised to protect the Gift Card details. RBL Bank or Pine Labs shall not be liable in case of loss, theft, or misuse of the Gift Card or PIN. The Gift Card will not be replaced or refunded in such cases. | Multiple Luxe Gift Cards can be used in a single transaction. | Once issued, the Luxe Gift Card cannot be cancelled or blocked. | The Gift Card can be redeemed only on full-priced merchandise and is not applicable on discounted items unless specified otherwise. | To activate the Gift Card, send an SMS in the format: ACT <16-digit card number><6-digit PIN> to 9704200300 | Alternatively, activation can be done via the portal: https://bit.ly/4072sdb | For balance enquiry and validity, SMS the 16-digit card number to 9704200300 or visit any participating merchant location. | For complete Terms & Conditions, participating brands, and store locations, visit: https://www.luxegiftcard.com | For bulk enquiries or support, contact: info@luxegiftcard.com | Users can change the SMS transaction alert language by writing to gcsupport.woohoo@pinelabs.com , mentioning the registered mobile number and preferred language (Hindi, Telugu, Tamil, Kannada, Marathi, Bengali, Gujarati, Odia, Punjabi, Malayalam, Assamese). | Pine Labs may take up to 15 working days to update the language preference. Once updated, all future SMS alerts for the Luxe Gift Card will be sent in the selected language.",2026-07-26
Manyavar,Manyavar,745,https://www.maximize.money/gift-cards/Manyavar/745,active,In-store,1000 / 2500 / 5000 / 7500 / 10000,No,,4,,,,,,,,,No,No,Yes,Valid for upto 12 months,Share registered mobile number with cashier after product scanning. Cashier will inform about available GV balance. | Customer confirms the redemption amount and pays any remaining balance. | Cashier proceeds with invoicing.,"This is a Manyavar & Mohey Gift Voucher (GV)/e-Pay and can be redeemed at listed stores only. | Beneficiary must inform cashier before using GV/e-Pay for offline redemption. | The person holding the GV/e-Pay is considered the beneficiary. | Not applicable on Custom Tailoring bills. | GV/e-Pay is valid only for select brands/categories. Some merchandise may not be covered. Check at customer desk. | Validity – 1 year from issue. | Cannot be revalidated after expiry. | One-time use GV/GC. | GV can be converted into e-Pay and then used partially as per convenience. | Multiple GVs can be combined and added to e-Pay balance. | Balance and validity can be checked at Manyavar & Mohey stores. | Non-refundable, non-exchangeable, non-transferable, not redeemable for cash. | Cannot be clubbed with promo codes or bank offers. | Neither Manyavar & Mohey nor GyFTR are responsible for lost, stolen, or damaged GV/e-Pay. | Vedant Fashions Ltd. (Manyavar) can modify/amend T&Cs anytime without notice. | Any disputes to be referred to the company; decision will be final. | GV/e-Pay may be refused at an outlet due to technical/administrative issues. | Any dispute should be referred to the issuing company; their decision is final. | All disputes fall under Kolkata court jurisdiction.",2026-07-26
Lulu Hypermarket,Lulu Hypermarket,457,https://www.maximize.money/gift-cards/Lulu Hypermarket/457,active,In-store,1000 / 2000 / 5000 / 10000,Yes,501-10000,4,2.0% off / 2.1% earn,0.75% off / 0.85% earn,0.1% off / 0.2% earn,,,,UPI,2.0,No,No,Yes,Valid for upto 12 months,Purchase merchandise from Lulu Hypermarket India Stores | Inform the cashier that payment will be done fully/partially with Gift card | Provide Card Number and Card Pin to the cashier to redeem the card | Cashier validates the details and processes the transaction,"Customer is deemed to have read the terms and conditions hereunder along with the privacy policy and agrees to comply with the same. | E-Gift Card will be accepted in Lulu Hypermarket, Lulu Fashion Store, Lulu Connect, Lulu Celebrate, Lulu Xpress, Lulu Daily and Lulu Webstore (Online) across India. (Henceforth “Lulu”) | E-gift Card is valid only for one year from the date of activation and shall cease to be valid from the date of expiry. | E-Gift Card cannot be exchanged for cash. No cash refund in part/full will be provided. | Lulu will not be responsible for any loss/misuse of E-Gift Card, Password/PIN and no demand for reissue/ compensation for the loss will be entertained. | Once the E-Gift Card is issued/redeemed, request for cancellation will not be entertained. | Should the purchase value exceed the value of the e-Gift Card, the differential value should be paid by the customer who redeems the e-Gift Card. | All taxes, duties, levies or other statutory dues and charges payable in connection with the benefits accruing for the E-Gift Card, shall be borne solely by the Customer. | E-Gift Cards are valid for one time redemption only. Any balance amount in the E-Gift Card after the card is redeemed will be forfeited. No further Claim for the balance amount in the E-Gift Card will be entertained. | Multiple E-Gift Cards can be used for Single purchase. | The holder of the E- Gift card is deemed to be the beneficiary. | Lulu reserves unconditional right to cancel the E-Gift Card in the event the Customer breaches these terms of use of the E-Gift Card, and the terms and conditions of Lulu. | Lulu reserves the right to alter any/all the terms and conditions of this E-Gift Card at any time without prior notice. Any dispute/Grievance shall be addressed to Lulu International Shopping Malls Private Limited, 34/1000, NH-47, Edappally, Kochi, Kerala-682024, Email Id: customercareindia@luluhypermarket.in, Grievance officer: Mr. Mohammed Salih Ph: 0484 6676666. Website: https://www.luluhypermarket.in. | E-Gift Cards are normally delivered instantly. Due to system errors, the delivery can be delayed up-to 24 - 48 hours. | Data Privacy Consent: The Customer hereby explicitly and unambiguously consents to the collection, use and transfer, in electronic or other form, of the Customer’s personal data, Phone Number, Email Id and any other materials as applicable by Lulu, its Subsidiaries or Affiliates, for the exclusive purpose of implementing, administering and managing E-Gift card transaction and other sales promotion and marketing. | The Customer hereby agrees to indemnify and keep Lulu harmless against all damages, liabilities, costs, expenses, claims, suits and proceedings that may be suffered by Lulu as a consequence of (i) violation of the terms and conditions by the Customer; (ii) violation of applicable laws; (iii) any action or inaction resulting in wilful misconduct or negligence on the Customer’s part. | Governing Law and Jurisdiction: These terms and conditions are governed by and construed in accordance with the laws of India and Courts of Ernakulam shall have exclusive jurisdiction.",2026-07-26
Zoomcar,Zoomcar,975,https://www.maximize.money/gift-cards/Zoomcar/975,active,Online,500 / 1000 / 2500 / 5000,No,,4,9.75% off / 10.0% earn,8.5% off / 8.75% earn,7.85% off / 8.1% earn,7.4% off / 7.65% earn,7.5% off / 7.75% earn,7.5% off / 7.75% earn,UPI,9.75,No,Yes,Yes,Valid upto 6 Months from purchase,"Open the Zoomcar app, go to Zoom Cash (top right corner), and click on “Claim a Gift Card.” | Under “Select Gift Partner,” choose GyFTR, enter the voucher code, click Add, and then click Continue. | The amount will be credited to Zoom Cash. You can add multiple vouchers and proceed to book your trip.","This is a Zoomcar Gift Voucher (GV) / Gift Card (GC) and is accepted only on the Zoomcar mobile application. | The person in possession of the GV/GC shall be deemed the beneficiary. | This is a one-time use GV/GC. However, multiple GV/GCs can be added to the customer’s account as ZCash, and the balance can be used partially or fully across multiple transactions. | The GV/GC can be used to purchase ZCash, which will be credited to the customer’s Zoomcar wallet. 1 ZCash = INR 1. | The GV/GC is valid for 6 months from the date of issuance, and once redeemed into ZCash, the balance will remain valid for 1 year. | The GV/GC can be clubbed with existing offers. | The GV/GC is not a legal tender and cannot be used as a replacement for a debit or credit card. | The offer is valid for all self-drive services on Zoomcar, including daily rentals and subscription-based bookings available on the app. | All bookings are governed by Zoomcar’s official policy: https://www.zoomcar.com/in/bangalore/host-policy | GV/GCs are non-refundable, non-transferable, non-exchangeable, and cannot be redeemed for cash. | Zoomcar / GyFTR reserves the right to modify, cancel, or update these terms at any time without prior notice. | Zoomcar may refuse to honor the voucher in case of suspected misuse, abuse, or fraudulent activity, without obligation to provide an explanation. | In case of a technical issue leading to temporary blockage, the Gift Card may be reactivated within 72 hours, subject to verification. | Zoomcar / GyFTR shall not be responsible for lost, damaged, or stolen Gift Cards. | For any queries or issues, raise a request at: https://www.gvhelpdesk.com",2026-07-26
Miraggio,Miraggio,1098,https://www.maximize.money/gift-cards/Miraggio/1098,active,Online,1000 / 2500 / 4000 / 5000 / 7500 / 8000 / 10000,Yes,500-10000,4,13.25% off / 13.5% earn,12.0% off / 12.25% earn,11.35% off / 11.6% earn,10.9% off / 11.15% earn,11.0% off / 11.25% earn,11.0% off / 11.25% earn,UPI,13.25,Yes,No,No,Valid for upto 12 months,"Visit https://www.miraggiolife.com. | Browse and add your preferred handbags or accessories to the cart. | Proceed to checkout. | Enter your Miraggio Gift Card code in the Gift Card/Voucher section. | Click Apply to redeem the Gift Card. | If your order value exceeds the Gift Card balance, pay the remaining amount using any available payment method. | Complete your purchase.","Redeemable only on the Miraggio website. | Valid for 1 year from the date of issue. | Valid on all eligible Miraggio products. | Partial redemption is allowed. The remaining balance can be used until the card expires. | Only one Gift Card can be redeemed per order. | If the Gift Card expires, any unused balance will lapse. | Gift Cards cannot be redeemed for cash or refunded. | Gift Cards cannot be revalidated once expired. | Miraggio is not responsible for lost, stolen, or unauthorized use of Gift Cards.",2026-07-26
Moba Legends 5v5,Moba Legends 5v5,963,https://www.maximize.money/gift-cards/Moba Legends 5v5/963,active,Online,145 / 290 / 434 / 959 / 1161 / 3483 / 5809,No,,4,8.25% off / 8.5% earn,7.0% off / 7.25% earn,6.35% off / 6.6% earn,5.9% off / 6.15% earn,6.0% off / 6.25% earn,6.0% off / 6.25% earn,UPI,8.25,No,No,No,Valid upto 12 Months from purchase,"Visit the redemption website: https://www.redeemcodenow.com. | Enter your 16-digit voucher code. | Provide your game account details (User ID and Zone ID) along with your email address. | Click on Redeem to proceed. | Once successful, a confirmation message will be displayed, and the in-game currency will be credited shortly.","Each Gift Card is valid for 6 months from the date of purchase or issuance, unless stated otherwise. | To redeem the voucher, visit https://www.redeemcodenow.com, enter your 16-digit voucher code, provide your game account details (User ID and Zone ID) along with your email address, and click on Redeem. Upon successful redemption, a confirmation message will be displayed, and the in-game currency will be credited shortly. | Gift Card value is credited only in the form of in-game currency and cannot be exchanged for cash, reloaded, refunded, transferred, or resold. | The Gift Card code expires after 6 months, however once redeemed, the balance in the game account does not expire and does not attract any service or maintenance fees. | MobaLegend shall not be responsible for lost, stolen, or unauthorized use of physical or digital voucher codes. No replacement or refund will be provided once the code is lost or redeemed. | Redemption may be refused or voided in cases of fraud, chargebacks, violation of platform rules, or breach of applicable local laws. | Gift Cards may be region-locked and will only work if the voucher region matches the user’s game account region. | Certain vouchers may include promotional bonuses such as limited-time skins or membership benefits, which are subject to availability and applicable promotional terms. Such bonuses are generally limited to one per account. | By purchasing or redeeming the Gift Card, users agree to these Terms & Conditions along with the MobaLegend Terms of Service and Privacy Policy. MobaLegend reserves the right to modify, suspend, or terminate these terms at any time without prior notice, subject to applicable laws.",2026-07-26
Campus,Campus,263,https://www.maximize.money/gift-cards/Campus/263,active,Online + In-store,100 / 250 / 500 / 1000 / 2000,Yes,100-10000,4,12.75% off / 13.0% earn,11.5% off / 11.75% earn,10.85% off / 11.1% earn,10.4% off / 10.65% earn,10.5% off / 10.75% earn,10.5% off / 10.75% earn,UPI,12.75,No,No,No,Valid for a range of 6 - 12 months,Visit the website. Add items to your cart and proceed to checkout. | Select the payment option. | Enter voucher code to add to your ePay balance. | Enter the amount you want to redeem from your ePay balance. | Epay Balance is accepted both on the Campus website and at all Campus retail store locations.,"This is a Campus Gift Voucher (GV)/Gift Card (GC)/e-Pay and would be only accepted at the listed stores. | The holder of the GV/GC/e-Pay is deemed to be the beneficiary. | The GV/GC can be converted into e-Pay, at the convenience of the holder. | Multiple GV/GCs can be combined and added to the e-Pay balance. | Only valid Campus GV/GC/e-Pay, at the sole discretion of Campus, shall be accepted for redemption. | The Campus e-Pay balance must be linked to the registered mobile number. | The Campus e-Pay cannot be transferred to another e-Pay account, exchanged for cash, or any other form of currency. | Campus GV/GC/e-Pay cannot be revalidated once it expires. | The validity of the e-Pay shall match that of the GV from which it was converted. | Campus/GyFTR or its affiliates shall not be responsible if the beneficiary shares the GV/GC number or account credentials resulting in unauthorized use of the GV/GC/e-Pay balance. | Campus GV/GC/e-Pay will be accepted across all mentioned outlets at its sole discretion. The brand reserves the right to add or remove outlets from the list without prior notice. | Campus makes full efforts to accept Campus GV/GC/e-Pay but technical or administrative reasons may lead to an outlet refusing to accept e-Pay. | Campus/GyFTR/any of its partners shall not be liable to compensate for any outlet's inability to accept GV/GC/e-Pay. The customer would be liable to settle the bill. | In case of a technical issue leading to the blockage of Campus GV/GC/e-Pay, it shall be reactivated within 72 hours. | Any dispute should be referred to the company from where the Campus GV/GC/e-Pay has been received, and the company’s decision shall be final. | Campus/GyFTR may terminate or suspend Campus GV/GC/e-Pay if any fraudulent or unauthorized activities are detected. | Campus/GyFTR reserves the right to modify or update the terms and conditions of the Campus GV/e-Pay at any time. | For any queries/issues related to Campus GV/e-Pay, please raise a request at https://www.gvhelpdesk.com.",2026-07-26
Candere Diamond Jewellery,Candere Diamond Jewellery,264,https://www.maximize.money/gift-cards/Candere Diamond Jewellery/264,active,Online,500 / 1000 / 2000 / 2500 / 5000,No,,4,7.25% off / 7.5% earn,6.0% off / 6.25% earn,5.35% off / 5.6% earn,4.9% off / 5.15% earn,5.0% off / 5.25% earn,5.0% off / 5.25% earn,UPI,7.25,No,No,No,Valid for a range of 6 - 12 months,"Customer to login on [https://www.candere.com](https://www.candere.com) and add product(s) to cart by clicking SHOP NOW button. | Customer to click on 'PROCEED TO CHECKOUT' button to move to the payment page. Customer to click on 'Pay with GYFTR' checkbox available in 'Others' tender mode to enter voucher number. | Click on 'SUBMIT' button post entering the voucher number & captcha in the required box. Note: In case of multiple vouchers, customer to enter vouchers comma(,) separated. | The voucher(s) amount gets deducted from total balance. Customer to click on 'PLACE ORDER' button to pay the remaining amount (if any) and complete the transaction.","This is a Candere Instant Gift Voucher / Card (GV) and would only be accepted online at https://www.candere.com. | The person who has the Candere GV Code is deemed to be the beneficiary. | More than one GV can be used in one bill. | This is a ONE-time use GV. | No Credit note / Refund for the unused amount of the GV will be given. | Candere Insta Gift Voucher (GV) / Gift Card CANNOT be revalidated once expired. | Candere Insta Gift Voucher (GV) / Gift Card can be used during sale/Offers & Promotions. | Any dispute related to the Insta Gift Voucher (GV) should be referred to the issuing company and the decision of the issuing company shall be final. | Candere makes full efforts to accept Instant Gift Voucher (GV) / Gift Card, but on account of any technical / administrative reasons an outlet may refuse to accept the same. | Candere Diamond Jewellery Insta Gift Voucher (GV) / Gift Card can only be used to purchase Diamond Jewellery. | If an Instant Gift Voucher (GV) / Gift Card gets blocked on account of technical issue, it would get enabled in 72 hours. | For any queries / issues related to GV / GC, raise a request at https://www.gvhelpdesk.com",2026-07-26
Taneira,Taneira,354,https://www.maximize.money/gift-cards/Taneira/354,active,In-store,250 / 500 / 1000 / 2500 / 5000 / 10000 / 15000 / 25000 / 40000,Yes,500-49999,2,8.0% off / 8.0% earn,6.75% off / 6.75% earn,6.1% off / 6.1% earn,5.65% off / 5.65% earn,5.75% off / 5.75% earn,5.75% off / 5.75% earn,UPI,8.0,No,No,No,Valid for upto 6 months,"Redemption at lee.in: | The customer can visit lee.in, log in to their account via OTP, and redeem the gift card (GC) online. | The GC value will be added to their wallet. | Redemption at Store: | The customer can visit a Lee store and share the GC number with the store team for redemption. | The store team will validate the e-GC by entering an OTP.","This card is the property of Titan Company Limited, to whom it should be returned upon request. | This is not a credit card. This card holds no value unless activated at Taneira stores/Taneira website. | This card is redeemable on purchase of products at any Taneira store. | This card can neither be redeemed for cash, nor can any unutilised balance be refunded. | This card is reloadable for any amount and the amount loaded on the card shall be valid for 180 days from the date of loading/reloading. | This card has to be presented at the billing desk to use for billing of products or for reloading. | If this card is damaged, lost or stolen, it will not be issued again nor will any cash be refunded. | Charge slip issued at the time of loading, reloading or redemption of the card will show the remaining card balance and validity. | E-Gift Cards are normally delivered instantly. But sometimes due to system issues, the delivery can be delayed up-to 24 hours. | No returns and no refunds on gift cards, E- gift cards and gift vouchers shipped by woohoo.in. Please check the refund policy at http://www.woohoo.in/faq for further details.",2026-07-26
Nilkamal Homes,Nilkamal Homes,329,https://www.maximize.money/gift-cards/Nilkamal Homes/329,active,Online + In-store,500 / 1000 / 2000 / 5000 / 10000 / 15000 / 20000 / 25000,No,,4,7.5% off / 7.6% earn,6.25% off / 6.35% earn,5.6% off / 5.7% earn,5.15% off / 5.25% earn,5.25% off / 5.35% earn,5.25% off / 5.35% earn,UPI,7.5,No,Yes,Yes,Valid for upto 12 months,"Use outlet locator to locate the nearest store around you that accepts this E-Gift Card. | Choose your desired option from their collection. | At the checkout, use your E-Gift Card to redeem it. | E-Giftcards can be redeemed at https://www.at-home.co.in also","By purchasing the e-Gift Card(s), you are agreeing to and accepting these Terms &amp; Conditions. | This E-Gift card is valid for one year from the date of Purchase. | The E-Gift card is issued by Nilkamal Homes (Company) | The E – Gift cards can be redeemed at https://www.nilkamalhomes.com and at Nilkamal Homes stores only. | No refund, replacement or cash back would be considered against this E-Gift card. | Gift Card can&apos;t be replaced or duplicated if stolen or lost. | Once E-Gift Card is purchased, the company will not accept any request for cancellation | E– Gift cards can be redeemed only once. If the value of the merchandise exceeds the value of the E – Gift card, the differential amount of such purchase should be paid by using modes of payment available on website or at store. Balance if any, of the E-Gift after purchase shall not be carried forward. | For any query, please contact any Nilkamal Homes or call on customer care at 1-800-121-1414. | In case of Returns/cancellations of the redemption done via E-Gift, the refund of the same will be done to the effect of the value of contribution of the E-Gift to the sale. The balance will be done via the contribution of the other respective payment mode to the sale. In the case of multiple products being purchased and a combination of the E-Gift and any other mode of payment being used to complete the transaction, the individual products being sold, will get the assignment of the value of the E-Gift and any other mode of payment being used based on the tender percentage contribution in total order value. The refund will happen in the same percentage split as per the original tender used. | The E-Gift can be utilized with combination of other promotional offers at store or website. | Redemption of E- Gift by its bearer shall be valid discharge of the company&apos;s liabilities in respect of E- Gift | Any dispute need to be referred to the Company and the decision of the company shall be final. | The E-Gift Card is subject to applicable laws. | Any dispute relating to the E-Gift Card shall be subject to the exclusive jurisdiction of courts at Mumbai. | Nilkamal Ltd shall be entitled to amend these terms and conditions from time to time. Any change in these terms and conditions can be viewed on our Website and/or at any of the Nilkamal Homes stores. | E-Gift Cards are normally delivered instantly. But sometimes due to system issues, the delivery can be delayed up-to 24 - 48 hours. | No returns and no refunds on gift cards, e-gift cards and gift vouchers shipped by woohoo.in. Please check the refund policy at http://www.woohoo.in/faq for further details.",2026-07-26
Ferns N Petals,Ferns N Petals,274,https://www.maximize.money/gift-cards/Ferns N Petals/274,active,Online,500 / 1000 / 2000,No,,4,15.0% off / 16.0% earn,13.75% off / 14.75% earn,13.1% off / 14.1% earn,12.65% off / 13.65% earn,12.75% off / 13.75% earn,12.75% off / 13.75% earn,UPI,15.0,No,No,No,Valid for upto 6 months,Login on the website. | Select the product and add to the cart. | On the cart page click on the 'Have a Discount Coupon' Tab. | Enter the Gift Voucher & click on Apply. | Proceed to the checkout & pay the rest by modes on payment options available if required.,"The holder of the Instant Gift Voucher shall be deemed the beneficiary. | Gift Vouchers cannot be used directly at Ferns N Petals (FnP) outlets. | The Gift Voucher cannot be redeemed on existing discount offers available on the FNP website. | Partial redemption is allowed, however no refund or credit note will be issued for any unused or partially used balance. | The Instant Gift Voucher cannot be revalidated once expired. | The Gift Voucher cannot be used to pay convenience or delivery charges. | Instant Gift Vouchers will be accepted only on FNP.com. Ferns N Petals reserves the right to add or remove any product category or item at its sole discretion without prior notice. | This Instant Gift Voucher cannot be redeemed on specific block-out dates, which may be revised by Ferns N Petals at its discretion. | Any disputes related to the Gift Voucher should be referred to the issuing company, and their decision shall be final and binding. | Multiple Gift Vouchers cannot be used in a single bill / transaction. | For any queries or issues related to the Gift Voucher or Gift Card, please raise a request at https://www.gvhelpdesk.com",2026-07-26
Daily Objects,Daily Objects,816,https://www.maximize.money/gift-cards/Daily Objects/816,active,Online,250 / 500 / 1000 / 2000,No,,4,16.75% off / 17.0% earn,15.5% off / 15.75% earn,14.85% off / 15.1% earn,14.4% off / 14.65% earn,14.5% off / 14.75% earn,14.5% off / 14.75% earn,UPI,16.75,No,Yes,No,Valid upto 6 Months from purchase,Visit [dailyobjects.com](https://gftr.it/91cc01). | Add products to your cart. Go to your cart and click on Proceed to checkout. Enter your Shipping details. | Under the Redeem Gift Card option - Enter the voucher ID and the pin and click on Apply. The voucher amount will be deducted from your cart value. Voila! Click on checkout and complete the transaction.,"This is a DAILY OBJECTS Insta Gift Voucher (GV) / Gift Card (GC) and would be accepted on app and online at https://www.dailyobjects.com. | The holder of the Instant Gift Voucher is deemed to be the beneficiary. | DAILY OBJECTS Insta GV / GC can be clubbed with existing offers and is applicable on ongoing sale on its website. | No credit note / refund for the unused balance amount of the GV / GC will be given. | Any such unused balance amount shall stand lapsed automatically. | Only valid Instant Gift Vouchers at the sole discretion of DAILY OBJECTS shall be accepted for redemption. | This is a ONE-time use GV / GC. | Multiple vouchers cannot be used against one bill. | Instant Gift Voucher cannot be revalidated once expired. | DAILY OBJECTS or its affiliates are not responsible on account of the beneficiary sharing the Instant Gift voucher number and the voucher getting redeemed on that account. | This Instant Gift Voucher cannot be redeemed on specific block out dates. DAILY OBJECTS may add or delete any date at its sole discretion. | If an Instant Gift Voucher gets blocked on account of technical issue, it would get activated in 72 hours. | Any dispute should be referred to the company from where the Instant Gift Voucher has been received, and the decision of the company shall be final. | For any queries / issues related to GV / GC, raise a request at https://www.gvhelpdesk.com",2026-07-26
Soch,Soch,685,https://www.maximize.money/gift-cards/Soch/685,active,In-store,500 / 1000 / 2000 / 2500 / 5000,Yes,100-10000,4,5.0% off / 10.5% earn,3.75% off / 9.25% earn,3.1% off / 8.6% earn,2.65% off / 8.15% earn,2.75% off / 8.25% earn,2.75% off / 8.25% earn,UPI,5.0,Yes,Yes,Yes,Valid for upto 6 months,"Please add your PIN at the following link: https://brandpts.com/soch | Once added, | Share your registered mobile number with the cashier after products are scanned for invoicing. Cashier will inform you about available Gift Voucher(s) and their balance. | Confirm the amount you wish to redeem from GV/e-Pay and proceed for balance payment if applicable. | Cashier will complete the invoicing process.","This is a Soch GV (Gift Voucher) / e-Pay, accepted only in Soch stores listed at https://www.soch.com/in/store-locator?page=1. | GV/e-Pay cannot be redeemed online. | The person holding the GV/e-Pay is deemed the beneficiary. | GV/e-Pay is non-refundable, cannot be exchanged, transferred, resold, or redeemed for cash. | It is redeemable on all days of the week, and customers must inform the cashier before billing begins. | GV/e-Pay can be clubbed with ongoing offers and schemes. Multiple vouchers can be combined and added to the e-Pay balance. | GV can be converted into e-Pay and used partially at the holder’s convenience. | Soch/Maximize is not responsible for lost, damaged, or stolen GV/e-Pay. Expired GV/e-Pay cannot be revalidated. | If the bill exceeds the GV/e-Pay value, the balance must be paid using available payment modes. For returns, exchanges will be provided for the customer-paid value plus the voucher value in the form of a Credit Note. | For any issues, contact the nearest Soch store, raise a request at email support@soch.com, or call +91 7406800003 (Mon–Sat, 10 AM to 6 PM).",2026-07-26
Scotch and Soda-Luxe,Scotch and Soda-Luxe,476,https://www.maximize.money/gift-cards/Scotch and Soda-Luxe/476,active,Online + In-store,2000 / 5000 / 10000,Yes,1000-10000,4,10.0% off / 13.0% earn,10.0% off / 11.75% earn,10.0% off / 11.1% earn,10.0% off / 10.65% earn,10.0% off / 10.75% earn,10.0% off / 10.75% earn,UPI,10.0,No,No,Yes,Valid for upto 12 months,"Redeem your Luxe Gift Card at any participating brand by providing the digital gift card. | An OTP will be generated and sent to your registered mobile number at the time of redemption. | Use both your Luxe Gift Card and the OTP to complete the redemption. | To activate the gift card, SMS: ACT <16-digit Card Number> <6-digit PIN> to 9704200300 | For balance enquiry & validity, SMS: BAL <16-digit Card Number> to 9704200300","These Terms & Conditions apply to the electronic version of the Luxe Gift Card. | The Luxe Gift Card is issued by Pine Labs Limited (formerly Pine Labs Private Limited) and is valid for 12 months from the date of purchase. | The Luxe Gift Card can be redeemed across 45+ participating brands in India. For store locations, visit: https://www.luxegiftcard.com/brands#store_location | The Luxe Gift Card is not redeemable at airport stores. | The Gift Card can also be redeemed online at the brand websites | The Luxe Gift Card is valid for one-time use only until expiry. If the purchase value exceeds the Gift Card value, the balance amount must be paid by the customer. No refund or credit note will be issued for any unused balance. | Users are advised to protect the Gift Card details. RBL Bank or Pine Labs shall not be liable in case of loss, theft, or misuse of the Gift Card or PIN. The Gift Card will not be replaced or refunded in such cases. | Multiple Luxe Gift Cards can be used in a single transaction. | Once issued, the Luxe Gift Card cannot be cancelled or blocked. | The Gift Card can be redeemed only on full-priced merchandise and is not applicable on discounted items unless specified otherwise. | To activate the Gift Card, send an SMS in the format: ACT <16-digit card number><6-digit PIN> to 9704200300 | Alternatively, activation can be done via the portal: https://bit.ly/4072sdb | For balance enquiry and validity, SMS the 16-digit card number to 9704200300 or visit any participating merchant location. | For complete Terms & Conditions, participating brands, and store locations, visit: https://www.luxegiftcard.com | For bulk enquiries or support, contact: info@luxegiftcard.com | Users can change the SMS transaction alert language by writing to gcsupport.woohoo@pinelabs.com , mentioning the registered mobile number and preferred language (Hindi, Telugu, Tamil, Kannada, Marathi, Bengali, Gujarati, Odia, Punjabi, Malayalam, Assamese). | Pine Labs may take up to 15 working days to update the language preference. Once updated, all future SMS alerts for the Luxe Gift Card will be sent in the selected language.",2026-07-26
Body Craft (Clinic),Body Craft (Clinic),1052,https://www.maximize.money/gift-cards/Body Craft (Clinic)/1052,active,In-store,1000 / 2000 / 5000 / 10000,Yes,500-10000,4,13.25% off / 13.5% earn,12.0% off / 12.25% earn,11.35% off / 11.6% earn,10.9% off / 11.15% earn,11.0% off / 11.25% earn,11.0% off / 11.25% earn,UPI,13.25,No,No,Yes,Valid for upto 6 months,"Visit your nearest BodyCraft Clinic. | Call the preferred outlet in advance and schedule an appointment. | Inform the staff that you wish to redeem a Gift Card before availing the service. | Provide the Gift Card number and PIN to the BodyCraft team before the treatment begins. | Avail the clinic service. | Pay any remaining balance, if applicable. | Receive your invoice after successful redemption.","Gift Card is valid at all BodyCraft Clinics. | Appointment booking is recommended before redemption. | Gift Card number and PIN must be shared before the service starts. | Valid on all days of the week. | Multiple Gift Cards can be clubbed together for redemption. | Applicable only for clinic services. | Cannot be used for salon services. | Gift Card can be used multiple times until the available balance is exhausted. | Unused balance cannot be refunded in cash or any other form. | Cannot be clubbed with discounts, offers, promotions, packages, memberships, or product benefits. | Gift Cards are non-refundable once purchased. | Validity cannot be extended. | Gift Card is valid for 6 months from the date of activation.",2026-07-26
The Body Shop,The Body Shop,292,https://www.maximize.money/gift-cards/The Body Shop/292,active,Online + In-store,250 / 500 / 1000 / 1500 / 2000 / 2500 / 5000 / 10000,Yes,100-10000,4,5.0% off / 5.1% earn,3.75% off / 3.85% earn,3.1% off / 3.2% earn,2.65% off / 2.75% earn,2.75% off / 2.85% earn,2.75% off / 2.85% earn,UPI,5.0,Yes,Yes,Yes,Valid for upto 6 months,"Visit - https://www.thebodyshop.in/ | Add the products to your cart | Enter your Shipping details. | Enter the PIN generated (the alphanumeric PIN) in the Gift Card Code section (not PIN) | You will get OTP on your mobile number for confirmation | Click on verify to add the GV balance in your Wallet | Make the balance payment (if any) using other payment method. | For offline redemption - Visit the listed outlet, Confirm with the cashier if Gift Vouchers are accepted, Show the Gift Card to the cashier before billing.","This is The Body Shop Insta Gift Voucher (GV) / Gift Card (GC) and would be accepted on listed The Body Shop (TBS) outlets and on the website at https://www.thebodyshop.in | The person who has The Body Shop GV / GC Code is deemed to be the beneficiary. | Gift Voucher (GV) / Gift Card (GC) can be used to purchase TBS products from the listed TBS shops and Online excluding purchase of Gift Cards and Loyalty Cards. | The Body Shop is not responsible if the Gift card is lost, stolen or used without permission. | Multiple GV / GC can be used in one bill/transaction and cannot be redeemed for cash.Once the voucher gets added to the EPay balance, it can be utilized till the balance gets exhausted or expires. | No credit note / refund for the unused balance amount of the GV / GC will be given. | Any such unused balance amount shall stand lapsed automatically. | The Body Shop GV / GC CANNOT be revalidated once expired or cancelled under any situation. | The Body Shop GV / GC can be clubbed with any one of the existing offers. | The Body Shop GV / GC cannot be redeemed on specific block out dates. The Body Shop may add or delete any date(s)/period(s) on its sole discretion without any liability. | Any dispute related to the GV / GC should be referred to the issuing company and the decision of the issuing company shall be final. In case of any legal disputes, the courts at New Delhi shall have the exclusive jurisdiction. | The Body Shop shall on best effort basis attempt to accept Insta Gift Vouchers (GV) / Gift Card (GC), but on account of any technical reason or for any reason beyond control of The Body Shop, GV / GC may not get accepted at the outlet and on their website; The Body Shop shall have no liability for the same. | If an Insta Gift Voucher (GV) /Gift Card (GC) gets blocked on account of technical issue, it would get enabled in 72 hours. In case of transaction failures after Insta Gift Voucher (GV) / Gift Card (GC) is applied, amount would be automatically refunded to the same card within 48 hours. | The Body Shop reserves the rights to edit/change the terms and conditions for the Insta Gift Voucher (GV) / Gift Card (GC) at any time without any notice or liability. | The Body Shop has the final authority on the interpretation of these terms and conditions. | The Body Shop reserves the right to withdraw Insta Gift Voucher (GV) / Gift Card (GC) scheme/offer before the completion of validity period without any notice or liability at its sole discretion. | The Body Shop reserves the right to deny accepting any Insta Gift Voucher (GV) / Gift Card (GC), if it suspects that there is duplicity of cards. | In no event the liability of The Body Shop for any claims shall exceed the value of the Insta Gift Voucher (GV) / Gift Card (GC) in dispute. | In case purchase amount is more than the balance in the GV s, GC s, the holder of GV s, GC s will have to pay the balance amount through cash/ credit card or through accepted mode of payment against the purchases. | Use of the GV s, GC s acknowledges the holder of GV s, GC s acceptance of these terms and conditions including its amendment. | For any queries/issues related to GV / GC, raise a request at https://www.gvhelpdesk.com",2026-07-26
Body Craft (Salon),Body Craft (Salon),374,https://www.maximize.money/gift-cards/Body Craft (Salon)/374,active,In-store,1000 / 2000 / 5000 / 10000,Yes,500-10000,4,13.25% off / 13.5% earn,12.0% off / 12.25% earn,11.35% off / 11.6% earn,10.9% off / 11.15% earn,11.0% off / 11.25% earn,11.0% off / 11.25% earn,UPI,13.25,Yes,No,Yes,Valid for upto 6 months,Visit the nearest Bodycraft outlet. | Inform the cashier about the Gift Card before availing the service. | Show the Gift Card details to the cashier at the time of billing & pay any balance amount by card or cash.,"The gift card is valid only at the following salon outlets: Assaye Road, HRBR Layout, HSR Layout, Indiranagar, Jayanagar, JP Nagar, Kanakapura, Koramangala, Lavelle Road, New BEL Road, RR Nagar, Whitefield, Bannerghatta, Sadashivanagar, DLF, Dehradun, Chembur, and Vatika City. | To redeem the gift voucher, please call the desired outlet in advance to schedule an appointment. | It is mandatory to submit the E-Gift card details, that is, Gift card number & pin, to the Bodycraft team before the service starts. | The E-gift card is valid on all days of the week. | Multiple E-gift cards can be clubbed for redemption. | The E-gift card can be used multiple times till the balance is left on the card. The remaining balance, if any, will not be refunded through any medium. | The E-gift card cannot be used to purchase Products, Memberships, Packages at Bodycraft | The E-gift card cannot be clubbed with any other discounts, offers, promos, packages & membership benefits running at Bodycraft | E-Gift card once purchased, cannot be refunded. | E-Gift card validity cannot be extended. | The validity of the E-gift Card is for 6 months. | Appointment booking is required to redeem this gift card. Please call your preferred outlet in advance to schedule your visit",2026-07-26
JioHotstar,JioHotstar,303,https://www.maximize.money/gift-cards/JioHotstar/303,active,Online,499 / 1099 / 2199,No,,4,7.75% off / 8.5% earn,6.5% off / 7.25% earn,5.85% off / 6.6% earn,5.4% off / 6.15% earn,5.5% off / 6.25% earn,5.5% off / 6.25% earn,UPI,7.75,No,No,No,Valid for upto 6 months,"Visit https://www.jiohotstar.com/in/redeem on your phone or computer browser and log in with your phone number. | You'll receive an OTP on the same number for verification. | Enter the voucher code, click Apply, then log in to the JioHotstar app with the same number to enjoy your subscription!","Subscription plans including JioHotstar Mobile Annual (₹499), JioHotstar Super Annual (₹1099), and JioHotstar Premium Annual (₹2199) are valid for 12 months from the date of activation and are non-refundable, non-cancellable, and cannot be exchanged for cash or any other offer. | This Gift Voucher/Gift Card (GV/GC) is issued by JioHotstar & GyFTR. | This GV/GC can only be redeemed in India on https://www.jiohotstar.com/in/redeem | The person having the GV/GC is deemed to be the beneficiary. | This GV/GC cannot be used/clubbed with an existing subscription/offer on the JioHotstar app or website or any other source. | This GV/GC is non-refundable and cannot be transferred for value or redeemed for cash. | This GV/GC is not a legal tender & does not entail any civil/criminal liability on JioHotstar/GyFTR. | JioHotstar/GyFTR shall not be held responsible for any misuse, theft, or transfer that occurred after the purchase of the GV/GC. | GV/GC cannot be revalidated once it has expired and cannot be canceled under any circumstances. | Use of this GV/GC constitutes acceptance of the terms and conditions as available on https://www.hotstar.com/terms-of-use | For any queries/issues related to GV/GC, raise a request at https://www.gvhelpdesk.com.",2026-07-26
Lohono Stays,Lohono Stays,1008,https://www.maximize.money/gift-cards/Lohono Stays/1008,active,Online,200 / 500 / 1000 / 2000 / 5000 / 10000,Yes,100-10000,4,10.75% off / 11.0% earn,9.5% off / 9.75% earn,8.85% off / 9.1% earn,8.4% off / 8.65% earn,8.5% off / 8.75% earn,8.5% off / 8.75% earn,UPI,10.75,Yes,Yes,Yes,Valid upto 12 Months from purchase,"Visit https://www.lohono.com and select the product or stay, then add it to the cart. | On the payment page, choose Wallet and then select GyFTR Wallet. | Click on Pay and verify using OTP. | Add or select your vouchers and apply the e-Pay balance. | Complete the remaining payment (if any) using other available payment options.","This is a Lohono Stays GV (Gift Voucher)/e-Pay that will be accepted on the website https://www.lohono.com. | The person who has the GV/e-Pay is deemed to be the beneficiary. | The GV/e-Pay can be used for all purchases of products and services on the Lohono website. | The GV/e-Pay is not valid for international trips. | The GV can be converted into e-Pay as per the holder’s convenience. | The GV/e-Pay balance cannot be transferred to another e-Pay account, exchanged for cash, or converted into any other form of currency. | The e-Pay balance must be linked to the registered mobile number. | After conversion into e-Pay balance, this GV is valid for partial redemption. The balance will remain in the e-Pay balance and can be used for multiple transactions within the validity period. | Only valid GV/e-Pay at the sole discretion of Lohono Stays shall be accepted for redemption. | GV/e-Pay can be clubbed with deals and offers on the Lohono website. | The GV/e-Pay cannot be revalidated once expired or cancelled under any circumstances. | Lohono Stays/GyFTR is not responsible if the GV/e-Pay is lost, stolen, or used without permission. | GV/e-Pay cannot be cancelled or blocked once issued under any circumstances. | If GV/e-Pay gets blocked due to a technical issue, it will be enabled within 72 hours. | Any dispute should be referred to the issuing company and their decision shall be final. | Lohono Stays, GyFTR, or its affiliates shall not be responsible if the beneficiary shares the GV number, PIN, or account credentials leading to unauthorized use. | Lohono Stays/GyFTR reserves the right to withdraw, modify, cancel, or change the offer at any time without prior notice. | For any queries or issues related to GV/e-Pay, raise a request at https://www.gvhelpdesk.com.",2026-07-26
Malabar Gold Coin,Malabar Gold Coin,306,https://www.maximize.money/gift-cards/Malabar Gold Coin/306,active,Online + In-store,2000 / 2500 / 3000 / 5000 / 7500 / 10000 / 25000 / 50000 / 100000,No,,4,2.25% off / 2.35% earn,0.4% off / 0.5% earn,0.35% off / 0.45% earn,,,,UPI,2.25,No,No,Yes,Valid for upto 6 months,Visit Malabar website at https://www.malabargoldanddiamonds.com Or -Visit Malabar listed outlet | Please share the voucher code with the cashier before billing. | To activate the voucher for online redemption https://www.malabargoldanddiamonds.com/gift-cards/activate_giftcard. Enter the gift card details on Gift card option & click 'Apply'. Pay any balance amount if any by Credit / debit card / net banking. Click on 'Place Order',"This is a Malabar Gold Coin Gift Voucher (GV)/Gift Card (GC) and it would be accepted at Malabar Gold & Diamonds all outlets in India as well as Malabar Gold & Diamonds online Shopping portal. For the store list visit https://www.malabargoldanddiamonds.com/stores/india For Online Shopping visit https://www.malabargoldanddiamonds.com | The GV/GC can be redeemed against purchases of Gold Jewelry, Silver, Diamond Jewelry, Watches, Coins & Bars | The person who has the GV/GC is deemed to be the beneficiary. | Multiple GV/GC (maximum 9) can be used in on single bill. | GV/GC cannot be exchanged for cash. | No refund/replacement/compensation is permissible for unused/expired/ misused /lost /mutilated/defaced GV/GC. | GV/GC cannot be clubbed with any ongoing/existing offers. | Malabar Gold Ltd. shall on a best-effort basis attempt to accept GV/GC but on account of any technical reason or for any reason beyond control of Malabar Gold Ltd. GV may not get accepted on the store/website and shall have no liability for the same. | If GV/GC gets blocked on account of technical issue, it will get enabled within 72 hours. In case of transaction failures, after GV/GC is applied, the amount will be automatically refunded to the same vouchers within 48 hours. | GyFTR/Malabar Gold Ltd. reserves the rights to edit/change the terms and conditions for the Malabar GV/GC at any time without any notice or liability. | For any queries related to GV/GC, raise a request at https://www.gvhelpdesk.com. | The activation time typically ranges from 30 minutes to 12 hours, and in some cases, up to 24 hours.",2026-07-26
Bhima Jewellers - Coin,Bhima Jewellers - Coin,934,https://www.maximize.money/gift-cards/Bhima Jewellers - Coin/934,active,In-store,1000 / 2000 / 5000 / 10000 / 20000 / 50000 / 100000,Yes,500-100000,4,1.25% off / 1.25% earn,,,,,,UPI,1.25,No,No,No,Valid for upto 12 months,"Visit a participating Bhima Jewellers store in India | Select eligible gold, silver, or platinum coin/jewellery | Present the Coin E-Gift Card at the billing counter | Redeem the E-Gift Card in full in a single transaction | Pay any additional amount using other accepted payment modes if the bill value exceeds the card value","The E-Gift Card is activated immediately upon purchase | The E-Gift Card is valid for 330 days from the date of activation | The E-Gift Card is valid only for the purchase of gold, silver, and platinum jewellery | The E-Gift Card can be redeemed only at select Bhima Jewellers stores in India | The list of participating stores is available at https://www.bhimagold.com/stores | The E-Gift Card is allowed for one-time redemption only | If the bill amount exceeds the E-Gift Card value, the balance amount must be paid by the customer | If the purchase value is less than the E-Gift Card value, the remaining balance is non-refundable | The E-Gift Card cannot be redeemed for cash | Seasonal offers and anniversary discounts cannot be applied along with E-Gift Card redemption | Any eligible discounts, if applicable, will be offered at the sole discretion of Bhima Jewellers | Lost or stolen E-Gift Cards will not be replaced and the balance amount will not be refunded | Bhima Jewellers is not responsible for lost, stolen, destroyed, or unauthorized use of the E-Gift Card | Terms and conditions are subject to change without prior notice | The E-Gift Card is distributed by Qwikcilver Solutions Pvt. Ltd. on behalf of Bhima Jewellers | E-Gift Cards are usually delivered instantly, but delivery may be delayed up to 48–72 hours due to system issues | No returns or refunds are applicable on Gift Cards or E-Gift Cards shipped by woohoo.in | For queries, customers may write to support@woohoo.in or call 1800-121-9076 (10 AM to 7 PM IST, all days)",2026-07-26
The Raymond Shop,The Raymond Shop,889,https://www.maximize.money/gift-cards/The Raymond Shop/889,active,In-store,200 / 500 / 1000 / 2000 / 5000 / 10000,Yes,100-10000,4,10.25% off / 10.5% earn,9.0% off / 9.25% earn,8.35% off / 8.6% earn,7.9% off / 8.15% earn,8.0% off / 8.25% earn,8.0% off / 8.25% earn,UPI,10.25,Yes,No,Yes,Valid upto 6 Months from purchase,"Share the registered mobile number with the cashier after products are scanned for billing | Cashier will inform you about the available gift voucher balance | Confirm the amount to be redeemed and pay the remaining balance, if any | Cashier completes the invoicing process","This is The Raymond Shop Insta Gift Voucher / Gift Card and is accepted only at listed outlets (Outlet list: https://www.gyftr.com/the-raymond-shop ) | The person holding the GV / GC code is deemed to be the beneficiary | Beneficiary must inform intent to use the voucher before purchase | Only listed outlets may accept the voucher at their discretion; outlets may be added or removed without notice | Multiple vouchers can be used in a single bill | Partial redemption is allowed, but no refund or credit note will be issued for unused or partially used value | Unused balance remains as e-Pay balance until exhausted or expired | GV / GC cannot be revalidated once expired | Can be used during End of Season Sale (EOSS), but not applicable on discounted products | Voucher can be used only for ready-made products | Not applicable on custom tailoring bills | Voucher cannot be redeemed on block-out dates as decided by The Raymond Shop | Any dispute will be referred to the issuing company, whose decision shall be final | The Raymond Shop will make best efforts to accept vouchers, but may refuse due to technical or administrative reasons | Voucher cannot be cancelled under any circumstances",2026-07-26
Joyalukkas Gold and Diamond,Joyalukkas Gold and Diamond,592,https://www.maximize.money/gift-cards/Joyalukkas Gold and Diamond/592,active,Online + In-store,1000 / 2000 / 5000 / 10000 / 20000 / 50000 / 1000,Yes,500-50000,,3.4% off / 3.5% earn,2.15% off / 2.25% earn,1.5% off / 1.6% earn,1.05% off / 1.15% earn,1.15% off / 1.25% earn,1.15% off / 1.25% earn,UPI,3.4,No,No,Yes,Valid for upto 12 months,"Walk into a Joyalukkas store. | Select the applicable Joyalukkas product, based on the gift card type (refer to terms & conditions). | At the billing counter, inform the cashier about your choice of making payment using gift cards. | The cashier selects Gift Card as the payment mode, submits Gift Card and PIN details in the system, and completes the billing process.","This e-Gift Card (EGC) shall have a validity period of 1 year from the date of issuance. | This e-Gift Card is valid at Joyalukkas outlets in India. | This e-Gift Card must be presented to the cashier at the store before final billing of your purchase(s). | This e-Gift Card cannot be exchanged for cash. | The bearer of this e-Gift Card is the title holder and is entitled to exchange it for jewellery as per the value indicated, but it cannot be redeemed for gold/silver bars/coins. | EGVs issued by Joyalukkas can be redeemed partially and used multiple times on the Joyalukkas India website or mobile app until the full value is exhausted or the card validity expires. However, EGVs cannot be redeemed partially in offline stores. | The activation time typically ranges from 30 minutes to 12 hours, and in some cases, up to 24 hours. | EGVs issued by Joyalukkas can be redeemed partially and used multiple times on the Joyalukkas India website or mobile app until the full value is exhausted or the card validity expires. However, EGVs cannot be redeemed partially in offline stores",2026-07-26
Raymond - Ready to Wear,Raymond - Ready to Wear,320,https://www.maximize.money/gift-cards/Raymond - Ready to Wear/320,active,In-store,500 / 1000 / 1500 / 2000 / 2500 / 3000 / 5000 / 7500 / 10000,No,,4,10.75% off / 11.0% earn,9.5% off / 9.75% earn,8.85% off / 9.1% earn,8.4% off / 8.65% earn,8.5% off / 8.75% earn,8.5% off / 8.75% earn,UPI,10.75,No,No,Yes,Valid for upto 6 months,"Share the registered mobile number with the cashier, once products are scanned for invoicing by the cashier. . Cashier to inform the available Gift Voucher and its balance. | Customer to confirm the amount to be used for redemption and proceed further for balance payment, if any. | Cashier to proceed with invoicing.","This is Raymond - Ready to Wear Insta Gift Voucher (GV) / Gift Card (GC) and would be accepted at listed outlets. For listed outlets https://www.gyftr.com/the-raymond-shop | The person who has the GV / GC Code is deemed to be the beneficiary. | Beneficiary should announce the intent of using the Instant Gift Voucher before making a purchase. | Only the listed outlets at its sole discretion accept the GV / GC. The Raymond Shop may add or remove an outlet without giving any prior notice. | More than one GV / GC can be used in one bill. | Partial redemption is allowed but no refund or credit note would be issued against an unused or partially used Instant Gift Voucher. Any unused amount shall remain as EPay balance which can be utilized till the balance gets exhausted or expires. | The Raymond - Ready to Wear GV / GC CANNOT be revalidated once expired. | GV/e-Pay can be used during the End of Season Sale (EOSS), but they cannot be applied to discounted products during the sale. | The Raymond - Ready to Wear GV / GC can only be used to purchase ready-made products. | The Raymond - Ready to Wear GV / GC will not be applicable for Custom Tailoring bills. | The Raymond - Ready to Wear GV / GC cannot be redeemed on specific block out dates. Raymond - Ready to Wear may add or delete any date on its sole discretion. | Any dispute related to the GV / GC should be referred to the issuing company and the decision of the issuing company shall be final. | Raymond - Ready to Wear makes full efforts to accept Insta Gift Vouchers (GV) / Gift Card (GC), but on account of any technical / administrative reasons an outlet may refuse to accept the same. | Instant Gift Voucher CANNOT be revalidated once expired and cannot be cancelled under any circumstances. | For any queries / issues related to GV / GC, raise a request at https://www.gvhelpdesk.com",2026-07-26
Joyalukkas Pure Gold,Joyalukkas Pure Gold,442,https://www.maximize.money/gift-cards/Joyalukkas Pure Gold/442,active,Online + In-store,1000 / 2000 / 5000 / 10000 / 20000 / 50000,Yes,500-50000,4,2.25% off / 2.35% earn,1.0% off / 1.1% earn,0.35% off / 0.45% earn,,,,UPI,2.25,No,No,Yes,Valid for upto 12 months,"Walk in-to Joayalukkas store. | Select the applicable Joyalukkas product, based on the Gift card type (refer terms & conditions). | At the Billing Counter, inform the cashier about the choice of making payment using Gift Cards. | Cashier selects Gift Card as payment mode, submits Gift Card & PIN details in the system and completes the billing process.","This EGC shall have a validity period of 1 year from the date of issuance | This eGift Card is valid at Joyalukkas outlets in India. | This eGift Card cannot be exchaneGed for cash. | The bearer of this eGift Card is the title holder and is entitled to exchanege it for jewellery as per value indicated. | This eGift Card can be redeemed against all products which is available in Joyalukkas Store. | Joyalukkas gift cards often require an activation period after purchase. | The activation time typically ranges from 30 minutes to 12 hours, and in some cases, up to 24 hours. | EGVs issued by Joyalukkas can be redeemed partially and used multiple times on the Joyalukkas India website or mobile app until the full value is exhausted or the card validity expires. However, EGVs cannot be redeemed partially in offline stores.",2026-07-26
Soulflower,Soulflower,1003,https://www.maximize.money/gift-cards/Soulflower/1003,active,Online,200 / 500 / 1000 / 2000 / 5000 / 10000,Yes,100-10000,4,15.75% off / 16.0% earn,14.5% off / 14.75% earn,13.85% off / 14.1% earn,13.4% off / 13.65% earn,13.5% off / 13.75% earn,13.5% off / 13.75% earn,UPI,15.75,Yes,Yes,Yes,Valid upto 12 Months from purchase,"Open https://www.soulflower.in/ | and browse the site. Select the product and click on ""ADD TO CART."" | Once added to cart, click on CHECKOUT. Check delivery details and click on ""Add"" to add balance to your e-Pay & use. | Enter the voucher and click ""Add."" Click ""Apply"" to redeem the entire e-Pay balance or choose ""Custom Redeem"" to use a specific amount.","This is a Soulflower GV/GC that will be accepted on the website through this URL: https://soulflower.in/ | . It cannot be cancelled/blocked once issued under any circumstances. | The user with the GV/GC is deemed the beneficiary. | The GV/GC can be converted into e-Pay, as per convenience of the holder. | After conversion into e-Pay balance, this GV/GC is valid for partial redemption. The balance would remain in the e-pay balance and can be used for multiple transactions within the validity period. | Only valid Soulflower GV/GC at the sole discretion of Soulflower shall be accepted for redemption. | The Soulflower e-Pay balance must be linked to the registered mobile number. | The GV/GC CANNOT be revalidated once expired or canceled under any situations. | The Soulflower GV/e-pay balance cannot be transferred to another e-Pay account, exchanged for cash, or any other form of currency. | The Soulflower GV/GC can be used for all purchases of products and services at the Soulflower website. | The Soulflower/GyFTR is not responsible if the GV/GC is lost, stolen, or used without permission. | Soulflower, GyFTR, or its affiliates shall not be responsible if the beneficiary shares the GV/GC number, pin, or account credentials resulting in unauthorized use of the GV/e-Pay balance. | In case of a technical issue leading to the blockage of Soulflower GV/GC, it shall be reactivated within 72 hours. | Any dispute should be referred to the company from where the Soulflower GV/GC has been received, and the company’s decision shall be final. | Soulflower/GyFTR reserves the right to withdraw, modify, cancel, or change the offer at any point without prior notice and at their sole discretion. | The GV will be applicable to be used over and above any discounts offered by the brand on their website.",2026-07-26
TA iServeU Gift Card - Limited Variant,TA iServeU Gift Card - Limited Variant,967,https://www.maximize.money/gift-cards/TA iServeU Gift Card - Limited Variant/967,active,Online,100 / 250 / 500 / 1000 / 1500 / 2000 / 5000 / 10000 / 100,Yes,100-10000,,1.25% off / 1.25% earn,,,,,,UPI,1.25,No,Yes,No,Valid for upto 12 months,"Redeemeable on select categories https://www.maximize.money/terms-and-conditions#iserveu-limited-variant-tnc | Click the voucher link available in your profile, email, or SMS. | Enter your registered mobile number and verify using the OTP sent to your number. | Once verified, you can access your card details. | The IserveU RuPay E-Gift Card can be used for online payments on websites that accept RuPay cards.","This E-Gift Card can be used only for online transactions on platforms accepting RuPay cards, except restricted merchant categories as defined by iServeU. https://www.maximize.money/terms-and-conditions#iserveu-limited-variant-tnc | The card cannot be used to purchase other gift cards. | The card is valid for up to 1 years from the date of issuance or until the expiry date mentioned. No extension or replacement after card is expired. | The card is non-reloadable, non-transferable, and cannot be resold, exchanged for cash, or redeemed for cash. Cash withdrawal is not permitted. | In case incorrect or incomplete user details are provided, iServeU and Maximize reserves the right to cancel the card and forfeit the balance without any liability. | All applicable fees, charges, and taxes shall be borne by the cardholder. Any surcharge applicable on transactions will be deducted from the available balance. Transactions will be declined if sufficient balance is not available. | Any request for change in cardholder details cannot be fulfilled. | The E-Gift Card is issued in the form of a secure URL and can be accessed using an OTP sent to the registered mobile number. Each access attempt will require OTP authentication. | OTP is valid for 5 minutes. Entering incorrect OTP 3 consecutive times or requesting OTP more than 5 times will result in temporary blocking for 15 minutes. | The card does not support PIN-based transactions and is enabled only for OTP-based online transactions. | Balance enquiry and transaction details can be accessed through the url provided. | The card will be issued instantly usually but may take upto 3 working days in some cases. | Once issued, the E-Gift Card cannot be cancelled, returned, or refunded. | iServeU and Maximize does not provide any warranties, express or implied, including but not limited to merchantability or fitness for a particular purpose. | iServeU and Maximize shall not be liable for any misuse, loss, or unauthorized transactions involving the card. | The Purchaser shall indemnify, defend and hold harmless iServeU and Maximize, including their affiliates, directors, officers, employees and agents, from and against any and all third-party claims, liabilities, losses, damages, costs and expenses, including reasonable legal fees, arising out of or in connection with any breach of these terms, or any negligence, wilful misconduct or fraud by the Purchaser or its employees or agents. | All disputes related to the E-Gift Card shall be subject to the laws of India and handled under the jurisdiction determined by iServeU and Maximize. | By purchasing or using the iServeU E-Gift Card, the user agrees to be bound by these Terms & Conditions. | For detailed terms and conditions, please refer to the full Terms available at https://www.maximize.money/terms-and-conditions#iserveu-limited-variant-tnc",2026-07-26
William Penn,William Penn,705,https://www.maximize.money/gift-cards/William Penn/705,active,In-store,500 / 1000 / 2000 / 5000 / 10000,No,,4,6.75% off / 7.0% earn,5.5% off / 5.75% earn,4.85% off / 5.1% earn,4.4% off / 4.65% earn,4.5% off / 4.75% earn,4.5% off / 4.75% earn,UPI,6.75,No,Yes,Yes,Valid for upto 6 months,"Use the outlet locator to find the nearest listed William Penn store that accepts the Gift Voucher. | Visit the store and select your desired product(s). | At billing, share your Gift Voucher code with the cashier. | Pay the remaining balance (if any) using cash or card.","William Penn Insta Gift Voucher (GV) / Gift Card (GC) is accepted at listed outlets only (not valid at airport stores). For outlet list visit https://www.gyftr.com/william-penn. | The holder of the GV/GC code is the beneficiary and must inform the cashier about usage before billing. | Acceptance of GV/GC is at the discretion of listed outlets; outlets may be added/removed without notice. | Multiple GV/GCs can be used in one bill, but each GV/GC is valid for one-time use only. | No cash redemption, credit note, or refund will be given against the GV/GC. | Any unused balance remains in the EPay account until exhaustion or expiry. | GV/GC can be redeemed during sales but not on specific block-out dates (which may change at William Penn’s discretion). | William Penn will try to honor GV/GCs, but acceptance may be refused due to technical/administrative issues. | If a GV/GC gets blocked due to technical reasons, it will be re-enabled within 72 hours. | For issues, contact the William Penn store manager.",2026-07-26
SuperBottoms,SuperBottoms,890,https://www.maximize.money/gift-cards/SuperBottoms/890,active,Online,1000,No,,4,14.0% off / 14.1% earn,12.75% off / 12.85% earn,12.1% off / 12.2% earn,11.65% off / 11.75% earn,11.75% off / 11.85% earn,11.75% off / 11.85% earn,UPI,14.0,No,Yes,No,Valid upto 6 Months from purchase,"Log in to the SuperBottoms website | Add your favourite products to the cart | Enter your contact details and mention the gift card details in the gift card box, then proceed to checkout","This is a SuperBottoms Insta Gift Voucher and is accepted only at https://superbottoms.com/ | The person holding the SuperBottoms GV code is deemed to be the beneficiary | Each gift card has a unique code which must be entered at checkout for redemption | Multiple gift vouchers cannot be used in a single purchase | This is a one-time use voucher | No credit note or refund will be issued for any unused amount | Gift Voucher cannot be revalidated once expired | Gift Card cannot be used with Cash on Delivery option | If the order value exceeds the gift card amount, the balance must be paid using another payment method | Gift Card is not replaceable if lost or stolen | Gift Cards can be used during sale | Any dispute shall be referred to the issuing company, whose decision shall be final",2026-07-26
Pepperfry,Pepperfry,443,https://www.maximize.money/gift-cards/Pepperfry/443,active,Online,200 / 500 / 1000 / 2000 / 5000 / 10000,Yes,100-10000,4,6.75% off / 6.9% earn,5.5% off / 5.65% earn,4.85% off / 5.0% earn,4.4% off / 4.55% earn,4.5% off / 4.65% earn,4.5% off / 4.65% earn,UPI,6.75,Yes,Yes,No,Valid for upto 12 months,"Online Redemption | Visit Pepperfry.com or the Pepperfry App. | Select the items of your choice and proceed to checkout. | Choose Gift Card as the payment method. | Enter the Gift Card details to redeem. | Pay the remaining balance, if any, using other available payment modes. | Offline Redemption | Visit a Pepperfry store outlet near you. | Select the products you wish to purchase. | Confirm with the store if Gift Card acceptance is available. | Share / show your Gift Card details to the cashier at the time of billing. | The cashier will apply the Gift Card to your purchase. | Pay the balance amount, if any, using cash, card, or other available payment methods.","Pepperfry Gift Cards (GCs / eGCs) are issued by Pine Labs Limited (formerly Pine Labs Private Limited), a company incorporated under the laws of India and authorized by the Reserve Bank of India (RBI) to issue such Gift Cards. | Pepperfry Gift Cards can be used for purchases on https://www.pepperfry.com | , Pepperfry mobile application, and Pepperfry offline stores, subject to acceptance and technical availability. | Pepperfry Gift Cards are valid for 1 year from the date of issue. | Gift Cards can be redeemed by selecting the payment option “Pepperfry Gift Card” at checkout. | No cash withdrawal is permitted against the Gift Card, and it cannot be used to purchase other Pepperfry Gift Cards. | Partial redemption is allowed, and the remaining balance will continue to remain on the same Gift Card for future use within its validity. | A maximum of 5 Gift Cards can be used in a single transaction, and Pepperfry reserves the right to revise this limit at its discretion. | If the order value exceeds the Gift Card amount, the balance must be paid using Credit Card, Debit Card, Internet Banking, or Wallets. Payment modes such as Cash Pay, Part Pay, or COD cannot be used to pay the remaining amount. | If the order value is less than the Gift Card value, the remaining balance will stay on the Gift Card and can be used for subsequent transactions. | In case an order is cancelled within the applicable cancellation policy timeline, the amount paid via Gift Card will be refunded to the Pepperfry Wallet. | Once the Gift Card details are shared with you, you are responsible for keeping the Gift Card number and PIN confidential. In case of misuse due to loss of such details, Pine Labs, Pepperfry (Trendsutra Platform Services Private Limited), or their affiliates shall not be responsible, and no refund will be issued. | Pepperfry or Pine Labs reserves the right to cancel Gift Cards if found to be purchased through fraudulent means. In such cases, funds may be credited back to the original payment source. | If the KYC details of the purchaser or redeemer are found incorrect or insufficient as per RBI guidelines, Pepperfry or Pine Labs reserves the right to cancel the Gift Card. | Pepperfry Gift Cards are prepaid payment instruments regulated by RBI, and Pine Labs / Pepperfry may share KYC or transaction-related details with RBI or other statutory authorities. Users may be contacted for verification purposes. | The purchasing company or user must ensure that passwords and Gift Card PINs are kept strictly confidential and not shared with any unauthorized person. | For detailed terms, users can refer to: | https://www.pinelabs.com/terms-and-conditions/prepaid-instruments/branded-gift-cards/pepperfry | Once purchased, the Gift Card cannot be cancelled, refunded, returned, or redeemed for cash or credit, except where required by law. Any cancellation shall be at the sole discretion of Pepperfry / Pine Labs. | No fees or charges apply to Pepperfry Gift Cards. | Users may be required to add the Gift Card value to their Pepperfry Wallet or user account as a pre-requisite for redemption. This action shall be considered as user registration. | Pepperfry will honour requests for blocking Gift Cards only from registered users. | For dispute resolution, unauthorized transactions, and liability-related aspects, refer to: | https://www.pinelabs.com/grievance-policy | Cardholders may request revalidation of expired Gift Cards, subject to verification and additional applicable terms. | E-Gift Cards are usually delivered instantly, but in some cases, delivery may take up to 24–48 hours due to system issues.",2026-07-26
Shoppers Stop,Shoppers Stop,777,https://www.maximize.money/gift-cards/Shoppers Stop/777,active,Online + In-store,500 / 1000 / 2000 / 3000 / 5000 / 7500 / 10000,No,,4,,,,,,,,,Yes,No,Yes,Valid for upto 12 months,Visit the outlet near you. | Before making the purchase confirm about the acceptance of Gift Card at the store. | Choose the products you would like to buy. | Show your Gift Card details to the cashier at the time of billing & pay any balance amount by cash or card.,"Valid for 1 year from issue date. | Part use allowed — remaining amount will be given as a credit note. | Redeemable at Shoppers Stop, Airport Stores, HomeStop, and Shoppers Stop website. | Not redeemable for cash or exchangeable for other gift cards. | Not valid for Mobiles, Mobile Accessories, Cameras, MP3 players, Laptops, 22K & 24K Gold Jewellery, and Gold Coins. | If bill value is higher than voucher value, pay the extra by Cash / Debit / Credit Card. | Customer is responsible for safe custody of the voucher. | No duplicate voucher will be issued. | For balance & expiry: SMS GCBAL<16-digit code> to 56161. | Delivery is usually instant but may take 24–48 hours due to system delay. | Shoppers Stop may change T&Cs anytime; disputes under Mumbai jurisdiction.",2026-07-26
Pixel Go,Pixel Go,664,https://www.maximize.money/gift-cards/Pixel Go/664,active,Online,999,No,,4,14.75% off / 16.75% earn,13.5% off / 15.5% earn,12.85% off / 14.85% earn,12.4% off / 14.4% earn,12.5% off / 14.5% earn,12.5% off / 14.5% earn,UPI,14.75,No,No,No,Valid for upto 6 months,"Download Pixel Go AI from Google Play or Apple App Store. | Go to the Product tab in the app and select the yearly plan. | On the Payment screen, enter your exclusive coupon code to activate the product and enjoy full access.","Pixel Go Gift Voucher/Gift Card (GV/GC) can only be used on their app. | The person holding the GV/GC is considered the beneficiary. | Pixel Go is not responsible if the GV/GC is lost, stolen, or used without permission. | A single GV/GC can be used in one bill/transaction only. | This is a one-time use GV/GC with an expiration date. | No credit note or refund will be given for any unused balance. | Any unused balance will automatically lapse. | GV/GC cannot be revalidated once expired or canceled. | GV/GC cannot be combined with any other ongoing offers on the Pixel Go website. | GV/GC cannot be redeemed on block-out dates announced by Pixel Go. Dates may change without prior notice. | Disputes must be referred to the issuing company; decisions are final. Legal jurisdiction: Delhi courts. | Pixel Go will try to accept GV/GC, but is not liable if technical issues prevent redemption. | If GV/GC is blocked due to a technical issue, it will be re-enabled within 72 hours. Refunds for failed transactions will be processed within 48 hours. | Pixel Go may change terms and conditions anytime without notice. | Pixel Go may withdraw the GV/GC scheme before the validity period ends without notice. | Pixel Go can deny GV/GC if it suspects duplicity of cards. | Pixel Go’s liability will not exceed the GV/GC value in dispute. | For queries/issues, contact support@pixelgo.com",2026-07-26
The Postcard Hotels,The Postcard Hotels,1100,https://www.maximize.money/gift-cards/The Postcard Hotels/1100,active,In-store,5000,Yes,3000-5000,4,10.0% off / 10.25% earn,8.75% off / 9.0% earn,8.1% off / 8.35% earn,7.65% off / 7.9% earn,7.75% off / 8.0% earn,7.75% off / 8.0% earn,UPI,10.0,Yes,No,No,Valid upto 12 Months from purchase,"Visit The Postcard Hotels & Resorts website or contact Central Reservations. | For prepaid room bookings, provide your Gift Card Number and PIN while making the reservation. | Ensure the Gift Card has sufficient balance to complete the booking. If required, reload the card before confirming the reservation. | At the hotel, present the original Gift Card email or Gift Card details during check-in/check-out or while availing hotel services. | If your bill exceeds the Gift Card balance, pay the remaining amount using another accepted payment method.","Valid at The Postcard Hotels & Resorts in India only. | Can be used for room stays, dining, spa services, hotel-operated services, and applicable taxes. | Not valid for third-party services or personal expenses (such as medicines or personal repairs). | Valid for 365 days from the date of issue. | Gift Card can be reloaded until expiry (subject to applicable limits). | Multiple transactions are allowed until the Gift Card balance is exhausted. | If the bill exceeds the Gift Card balance, the remaining amount must be paid separately. | A valid Gift Card or original Gift Card email must be presented at the time of redemption. | Gift Card cannot be redeemed for cash. | No refund, cancellation, or replacement is allowed for lost, stolen, or damaged Gift Cards. | Gift Card is a bearer instrument. Anyone possessing the card can redeem it. | Standard cancellation policies apply for hotel reservations. | The company reserves the right to modify the terms and conditions without prior notice. | Any disputes shall be subject to the jurisdiction of Delhi courts.",2026-07-26
AppyHigh Prime,AppyHigh Prime,491,https://www.maximize.money/gift-cards/AppyHigh Prime/491,active,Online,2999,No,,4,17.0% off / 17.5% earn,15.75% off / 16.25% earn,15.1% off / 15.6% earn,14.65% off / 15.15% earn,14.75% off / 15.25% earn,14.75% off / 15.25% earn,UPI,17.0,No,No,No,Valid for upto 6 months,Go to: in.appyhigh.com | Sign in with email → Click “Get AppyHigh Prime” → Go to Coupons and Offers → Enter voucher code and apply | Subscription activated! Email confirmation sent with app coupon codes | Download bundled apps and enjoy unlimited access,"GV/GC can be used only on in.appyhigh.com. | Beneficiary is the person who holds the GV/GC. | Not valid if lost, stolen, or used without permission. | Only one GV/GC per transaction. | One-time use only; balance cannot be refunded. | Unused amount lapses automatically after use. | Cannot be revalidated once expired or cancelled. | Cannot be combined with other offers on the website. | Block-out dates may apply, updated by AppyHigh. | Disputes are subject to Delhi jurisdiction. | Technical issues may delay acceptance; re-enables in 72 hours. | In case of transaction failure, refund goes back to the same GV/GC within 48 hours. | AppyHigh reserves the right to edit, cancel, or deny the GV/GC without prior notice. | Max liability is limited to the face value of the GV/GC. | Support: support@appyhigh.com or https://www.gvhelpdesk.com",2026-07-26
CALL IT SPRING,CALL IT SPRING,310,https://www.maximize.money/gift-cards/CALL IT SPRING/310,active,In-store,500 / 1000 / 1500 / 2000 / 2500 / 3000 / 5000 / 7500 / 10000,Yes,100-10000,4,11.75% off / 12.25% earn,10.5% off / 11.0% earn,9.85% off / 10.35% earn,9.4% off / 9.9% earn,9.5% off / 10.0% earn,9.5% off / 10.0% earn,UPI,11.75,Yes,Yes,Yes,Valid for upto 6 months,Check the outlet locator for a store nearby you that accepts the Gift Voucher. | Choose your product. | Share your Gift Voucher at the time of billing & pay rest by cash or card if required.,"This Gift Voucher (GV)/e-Pay and would be accepted at Aldo, Charles & Keith, Call it Spring, Beverly Hills Polo Club, Inglot, Victoria's Secret, Victoria's Secret beauty , Bath & Body works & R&B stores only. | The holder of the GV/e-Pay is deemed to be the beneficiary. | The GV can be converted into e-Pay, as per convenience of the holder. | Multiple GVs can be clubbed and added to a e-Pay balance. | Only valid GVs/e-Pay, at the sole discretion of Apparel group, shall be accepted for redemption. | The e-Pay balance must be linked to the registered mobile number. | The e-Pay cannot be transferred to another e-Pay account, exchanged for cash, or any other form of currency. | GV/e-Pay cannot be revalidated once it expires. | Apparel group, GyFTR, or its affiliates shall not be responsible if the beneficiary shares the GV number or account credentials resulting in unauthorized use of the GV/e-Pay balance. | In case of a technical issue leading to the blockage of GV/e-Pay, it shall be reactivated within 72 hours. | Any dispute should be referred to the company from where the GV/e-Pay has been received, and the company's decision shall be final. | Apparel group or GyFTR may terminate or suspend Apparel group GV/e-Pay if any fraudulent or unauthorized activities are detected. | Apparel group or GyFTR reserves the right to modify or update the terms and conditions of the Apparel group GV/e-Pay at any time. | For any queries/issues related to GV/e-Pay, please raise a request at https://www.gvhelpdesk.com",2026-07-26
Hopscotch,Hopscotch,1076,https://www.maximize.money/gift-cards/Hopscotch/1076,active,Online,2000 / 5000 / 10000 / 20000,Yes,1000-25000,4,,,,,,,,,Yes,Yes,No,Valid upto 12 Months from purchase,"Visit Hopscotch.in and select your desired products. | Add items to your cart and proceed to checkout. | Choose Gift Card as the payment option. | Enter your Gift Card number and PIN. | Apply the Gift Card balance to your purchase. | Pay any remaining amount using other available payment methods, if required. | Complete your order successfully.","The E-Gift Card is redeemable only on Hopscotch.in. | Valid for 12 months from the date of activation. | The Gift Card cannot be used to purchase other Gift Cards. | The Gift Card is not redeemable for cash, credit, or refunds. | Partial redemption is allowed and the remaining balance can be used for future purchases until expiry. | If the order value exceeds the Gift Card balance, the remaining amount must be paid using another payment method. | In case of order cancellation or return, the refunded amount will be credited back to the same Gift Card. | Gift Cards are non-transferable and cannot be reloaded. | Hopscotch is not responsible for lost, stolen, or unauthorized use of Gift Cards. | Gift Cards purchased fraudulently may be cancelled without notice. | Gift Card delivery is generally instant but may take up to 24–48 hours due to technical reasons. | No cancellation or refund is allowed once a Gift Card has been purchased. | All disputes are subject to the jurisdiction of courts in Mumbai. | For assistance, contact +91 2242988600 or email wecare@hopscotch.in.",2026-07-26
Zepto,Zepto,205,https://www.maximize.money/gift-cards/Zepto/205,active,Online,100 / 250 / 500 / 1000 / 2000,Yes,100-10000,4,1.25% off / 1.4% earn,,,,,,UPI,1.25,Yes,No,No,Valid for upto 12 months,"Ensure you have Zepto app version 24.10.3 or above. | Login to the Zepto app or visit https://www.zeptonow.com. | Go to My Profile / Settings > Zepto Cash & Gift Card. | Click on “Add Card”. | Enter the 16-digit Card Number and 6-digit PIN, then submit. | You can use the balance during checkout; if the order value exceeds the card value, pay the remaining via other payment modes.","This Gift Card is issued by Pine Labs Limited (formerly Pine Labs Private Limited) and is usable only on Zepto under the name “Zepto Gift Card”. This Gift Card Agreement is between the purchaser and/or redeemer (“you”) and Pine Labs Limited (“Issuer”), a company incorporated under the laws of India and authorized by the Reserve Bank of India (RBI) to issue such Gift Cards. | You can view your Gift Card transaction statement at https://bit.ly/zeptoclaim | . By purchasing and/or redeeming the Gift Card, you agree to the following terms and conditions. | You must have an active and valid Zepto account to redeem the Gift Card. Gift Cards may be purchased online from authorized distributors using only credit card, debit card, or internet banking provided by banks in India. You will be able to redeem the Gift Card only after providing or updating valid name, surname, and mobile number with Zepto. | The Gift Card cannot be used outside India and is valid for 12 months from the date of activation. The cardholder may request revalidation of an expired Gift Card, subject to verification and additional applicable terms. | Gift Cards can be redeemed online only on https://www.zeptonow.com | or via the Zepto mobile application. To redeem, log in to the Zepto platform, go to My Profile / Settings, navigate to Zepto Cash & Gift Card, click on “Add Card”, enter the 16-digit card number and 6-digit PIN, and submit. For balance enquiry, visit the payments section in the app. | Limits may apply to redemption or usage of the Gift Card. If you have multiple payment methods in your Zepto account, the Gift Card value may be set as the default payment option. You can change the payment method from the payment section before completing the transaction. | The Gift Card cannot be reloaded with additional funds after purchase. Once purchased, the Gift Card cannot be cancelled, refunded, transferred, returned, or redeemed for cash or credit, except where required by law. Gift Cards cannot be resold, and cannot be used to purchase other Gift Cards or to make payments on a credit account. | Any cancellations are at the sole discretion of Zepto/Pine Labs. The Gift Card balance cannot be transferred to any other instrument, and purchases made using Gift Card value are not refundable, except where required by law. | Issuer assumes no responsibility for products purchased using the Gift Card and disclaims all related liability. You are solely responsible for the safety and confidentiality of the Gift Card number and PIN. Issuer or Zepto shall not be liable if the Gift Card is lost, stolen, or used without permission. | If a Gift Card is found non-functional, the sole remedy (and Pine Labs’ / Zepto’s only potential liability) shall be replacement of the Gift Card. Issuer reserves the right to void or block the Gift Card if fraud, unlawful use, or violation of terms is suspected. In such cases, funds may be credited back to the original payment source. | Redemption of the Gift Card is also subject to the Terms of Use governing your Zepto account. Gift Cards are prepaid payment instruments regulated by RBI, and the Issuer may be required to share KYC or transaction details with RBI or other statutory authorities. Zepto or Pine Labs may contact you for such information. If KYC details are found incorrect or insufficient, the Gift Card may be blocked or cancelled. | If the order value exceeds the Gift Card balance, the remaining amount must be paid using other valid payment methods such as credit card, debit card, internet banking, UPI, or other available options. If the order value is less than the Gift Card amount, the remaining balance can be used for future transactions within the validity period. | The maximum value per Gift Card is INR 10,000, and the aggregate monthly value per user shall not exceed INR 5,00,000. Gift Cards may not be usable for certain product categories such as tobacco, precious metals, or other restricted categories as determined by Zepto or its sellers. Zepto may also impose purchase or redemption restrictions on certain users or user groups for platform safety and integrity. | If any term of this Agreement is deemed invalid or unenforceable, it shall be considered severable and will not affect the validity of the remaining terms. | For customer support, contact support@zeptonow.com | . Users must add the Gift Card to their Zepto account as a pre-requisite for redemption, and requests for blocking Gift Cards will be honoured only from registered users. For dispute resolution, unauthorized transactions, and liability-related aspects, refer to the Customer Grievance Policy at https://www.pinelabs.com/grievance-policy | . | This Agreement shall be governed by the laws of India, and courts in Bangalore shall have exclusive jurisdiction over any disputes related to the Gift Card, including acquisition, redemption, balance, promotions, or related representations. This governing law provision shall survive termination, bankruptcy, transfer, or assignment of the Gift Card. | Users may change the language preference for SMS transaction alerts by writing to gcsupport.woohoo@pinelabs.com | , mentioning the registered mobile number and preferred language (Hindi, Telugu, Tamil, Kannada, Marathi, Bengali, Gujarati, Odia, Punjabi, Malayalam, or Assamese). Pine Labs may take up to 15 working days to update the preference, after which all future SMS alerts will be sent in the selected language. | E-Gift Cards are generally delivered instantly, but delivery may take up to 24 hours. No returns or refunds are applicable on Gift Cards, E-Gift Cards, or gift vouchers shipped by woohoo.in. For more details, refer to https://www.woohoo.in/faq",2026-07-26
Hush Puppies,Hush Puppies,529,https://www.maximize.money/gift-cards/Hush Puppies/529,active,In-store,3000 / 4000 / 5000 / 6000 / 7000 / 7500,Yes,,4,7.0% off / 9.25% earn,5.75% off / 8.0% earn,5.1% off / 7.35% earn,4.65% off / 6.9% earn,4.75% off / 7.0% earn,4.75% off / 7.0% earn,UPI,7.0,No,Yes,Yes,Valid for upto 6 months,"Use outlet locator to find a store that accepts the GV. Store Locator link - https://www.gyftr.com/hush-puppies | Select your product. | At checkout, share your GV code with the cashier. Pay any remaining amount by cash/card.","This is a Hush Puppies Insta Gift Voucher (GV) / Gift Card (GC) valid at listed outlets only (check https://www.gyftr.com/hush-puppies for outlet list). | The person holding the GV/GC is considered the beneficiary. | Inform the cashier before billing that you intend to use the GV/GC. | Redemption is allowed only at listed outlets (outlets may be added or removed without notice). | Up to 7 GVs/GCs can be used in one bill. | This is a one-time use voucher. | No refunds or credit notes for unused balance. | Vouchers cannot be revalidated once expired. | GVs/GCs can be used during sale periods. | Vouchers may not be accepted on specific block-out dates (subject to brand discretion). | In case of technical issues, blocked GVs/GCs will be re-enabled within 72 hours. | Any disputes will be resolved by the issuing company, and their decision will be final. | For assistance, visit https://www.gvhelpdesk.com.",2026-07-26
Starbucks,Starbucks,910,https://www.maximize.money/gift-cards/Starbucks/910,active,In-store,250 / 500 / 1000 / 1500 / 2000 / 2500 / 3000 / 5000,No,,4,7.25% off / 7.5% earn,6.0% off / 6.25% earn,5.35% off / 5.6% earn,4.9% off / 5.15% earn,5.0% off / 5.25% earn,5.0% off / 5.25% earn,UPI,7.25,No,No,No,Valid for upto 12 months,"Download the Starbucks India mobile app from App store or Play store | Register for a new My Starbucks Rewards account or Sign-in with your existing details of My Starbucks Rewards account | On the ‘Add a Card’ screen, enter your 14 digit Starbucks gift card number (no spaces) followed by 4 digit CSC code (no spaces). | Your Starbucks eGift Card is ready for use, Tap on ‘Pay’ section and scan the barcode on the mobile app at any Starbucks store to redeem your eGift card","The Starbucks eGift Card is valid for 1 year from the date of purchase. | It can be redeemed only via the Starbucks India mobile app at all Starbucks stores in India. | Redemption is subject to the Starbucks India app and Rewards program terms. | The eGift Card is non-refundable, non-returnable, and cannot be cancelled once purchased. | The card cannot be reloaded, transferred, or redeemed for cash or credit. | Resale of Starbucks eGift Cards is strictly prohibited. | The card balance cannot be transferred to another card or payment instrument. | The customer is responsible for keeping the 14-digit card number and 4-digit CVV secure. | Starbucks India / Issuer is not responsible for lost, stolen, or unauthorized use of the card. | Purchases made using the eGift Card are non-refundable, except where required by law. | Starbucks India reserves the right to suspend or cancel the eGift Card in case of suspected misuse or fraud. | All disputes are governed by Indian law and subject to Mumbai jurisdiction. | Starbucks India may modify these terms at any time; updated terms will be available on https://www.starbucks.in .",2026-07-26
Starbucks,Starbucks,321,https://www.maximize.money/gift-cards/Starbucks/321,active,In-store,500 / 1000 / 2000,No,,4,8.75% off / 9.0% earn,7.5% off / 7.75% earn,6.85% off / 7.1% earn,6.4% off / 6.65% earn,6.5% off / 6.75% earn,6.5% off / 6.75% earn,UPI,8.75,No,No,No,Valid for upto 6 months,"Download the Starbucks app and navigate to the 'Pay' option in the sticky menu. Tap on 'Starbucks Pay' at the top of the page, then choose the 'Already have a Starbucks Card' option. | Choose the option to enter your card details manually, then input the card number and security code. | To place an order online, simply add the items to your cart. | Choose 'Pay with Starbucks Card' as your payment method. | To make a payment in-store, simply show the barcode to the cashier for scanning.","This is a Starbucks GV/GC (Gift Voucher/Gift Card) and it can only be redeemed via the Starbucks India mobile app across all Starbucks stores in India. All terms and conditions of the Starbucks India mobile app and Starbucks Rewards program shall apply upon signing up for the mobile app. | The holder of the GV/GC is deemed to be the beneficiary. | GV/GCs are non-refundable, may not be exchanged, transferred, or resold, and may not be redeemed for cash. | GyFTR/ Starbucks is not responsible for lost, damaged, or stolen GV/GCs. | The GV/GC cannot be reloaded with additional funds once purchased. | Multiple GV/GC cannot be used in one bill. | GyFTR/Starbucks India reserves the right to add, alter, amend, and revise the terms and conditions without prior notice, and without assigning any reasons thereof. In the event of such changes, the latest terms & conditions will be updated and can be viewed on our website https://www.starbucks.in. | GyFTR/Starbucks India reserves the right to suspend, block, or terminate the rights and privileges attached to the GV/GC if it has reasonable grounds to suspect fraudulent or unauthorized use. | All disputes in connection with the GV/GC or its program shall be governed and construed in accordance with Indian Laws and are subject to the exclusive jurisdiction of Competent Courts in Mumbai only. | For any queries/issues related to GV/GC, please contact Tata Starbucks Customer Care at 18602660010 (9 AM to 9 PM) or customercare@tatastarbucks.com or raise a request at https://www.gvhelpdesk.com.",2026-07-26
Aurelia,Aurelia,950,https://www.maximize.money/gift-cards/Aurelia/950,active,In-store,500 / 1000 / 2000 / 5000,Yes,250-5000,4,11.0% off / 11.25% earn,9.75% off / 10.0% earn,9.1% off / 9.35% earn,8.65% off / 8.9% earn,8.75% off / 9.0% earn,8.75% off / 9.0% earn,UPI,11.0,No,No,Yes,Valid upto 6 Months from purchase,Walk into an Aurelia Exclusive Brand Outlet | Select the merchandise you wish to purchase | Present the E-Gift Card number and PIN to the cashier at billing | Redeem the voucher in full in a single transaction | Collect your merchandise,"This E-Gift Voucher is valid only at Exclusive Brand Outlets | E-Gift Voucher cannot be redeemed for cash | E-Gift Voucher is valid for one transaction only and no store credit is allowed | Partial redemption is not allowed | If the purchase value exceeds the voucher value, the balance amount must be paid by the customer | If the purchase value is less than the voucher value, the remaining balance will not be refunded | Multiple E-Gift Vouchers can be used in one transaction | E-Gift Voucher is valid for 6 months from the date of issue | TCNS Clothing Co. Ltd reserves the right to modify terms and conditions at any time | All claims are subject to Delhi jurisdiction only | Terms and conditions are governed by the laws of India",2026-07-26
Relaxo,Relaxo,281,https://www.maximize.money/gift-cards/Relaxo/281,active,In-store,500 / 1000 / 1500 / 2000 / 2500 / 3000 / 5000,No,,4,8.0% off / 11.25% earn,6.75% off / 10.0% earn,6.1% off / 9.35% earn,5.65% off / 8.9% earn,5.75% off / 9.0% earn,5.75% off / 9.0% earn,UPI,8.0,No,Yes,Yes,Valid for upto 6 months,Use the outlet locator to locate the nearest outlet that accepts this Gift Voucher. | Select your choice of product. | Share your Gift Voucher with the cashier at the time of billing & pay the remaining amount by cash or card if required.,"This is a Relaxo Footwears limited Insta Gift Voucher (GV) and would be accepted at Relaxo Footwears Exclusive Retail outlets. | The person who has the GV Code is deemed to be the beneficiary. | Do inform the cashier that you plan to use the GV for making payments before billing. | More than one GV can be used in one bill. | This is a ONE-time use GV. | No Credit note / Refund for the unused amount of the GV will be given. | Relaxo Footwears Ltd GV CANNOT be revalidated once expired. | Relaxo Footwears Ltd GV can be clubbed with on-going promotions. | Relaxo Footwears Ltd GV cannot be redeemed on specific block-out dates. Relaxo Footwears Ltd may add or delete any date at its sole discretion. | Any dispute related to the GV should be referred to the issuing company, and the decision of the issuing company shall be final. | Relaxo Footwears Ltd makes full efforts to accept Insta Gift Vouchers (GV), but on account of any technical reasons, GV may not be redeemed. | If an Insta Gift Voucher (GV) gets blocked due to a technical issue, it would get enabled in 72 hours. | For any queries / issues related to GV / GC, raise a request at https://www.gvhelpdesk.com.",2026-07-26
Victoria's Secret,Victoria's Secret,316,https://www.maximize.money/gift-cards/Victoria's Secret/316,active,In-store,500 / 1000 / 1500 / 2000 / 2500 / 3000 / 5000 / 7500 / 10000,Yes,100-10000,4,11.75% off / 12.25% earn,10.5% off / 11.0% earn,9.85% off / 10.35% earn,9.4% off / 9.9% earn,9.5% off / 10.0% earn,9.5% off / 10.0% earn,UPI,11.75,Yes,Yes,Yes,Valid for upto 6 months,Check the outlet locator for a store nearby you that accepts the Gift Voucher. | Choose your product. | Share your Gift Voucher at the time of billing & pay rest by cash or card if required.,"This Gift Voucher (GV)/e-Pay and would be accepted at Aldo, Charles & Keith, Call it Spring, Beverly Hills Polo Club, Inglot, Victoria's Secret, Victoria's Secret beauty , Bath & Body works & R&B stores only. | The holder of the GV/e-Pay is deemed to be the beneficiary. | The GV can be converted into e-Pay, as per convenience of the holder. | Multiple GVs can be clubbed and added to a e-Pay balance. | Only valid GVs/e-Pay, at the sole discretion of Apparel group, shall be accepted for redemption. | The e-Pay balance must be linked to the registered mobile number. | The e-Pay cannot be transferred to another e-Pay account, exchanged for cash, or any other form of currency. | GV/e-Pay cannot be revalidated once it expires. | Apparel group, GyFTR, or its affiliates shall not be responsible if the beneficiary shares the GV number or account credentials resulting in unauthorized use of the GV/e-Pay balance. | In case of a technical issue leading to the blockage of GV/e-Pay, it shall be reactivated within 72 hours. | Any dispute should be referred to the company from where the GV/e-Pay has been received, and the company's decision shall be final. | Apparel group or GyFTR may terminate or suspend Apparel group GV/e-Pay if any fraudulent or unauthorized activities are detected. | Apparel group or GyFTR reserves the right to modify or update the terms and conditions of the Apparel group GV/e-Pay at any time. | For any queries/issues related to GV/e-Pay, please raise a request at https://www.gvhelpdesk.com",2026-07-26
LE CREUSET,LE CREUSET,855,https://www.maximize.money/gift-cards/LE CREUSET/855,active,In-store,500 / 1000 / 500,No,,,8.25% off / 8.5% earn,7.0% off / 7.25% earn,6.35% off / 6.6% earn,5.9% off / 6.15% earn,6.0% off / 6.25% earn,6.0% off / 6.25% earn,UPI,8.25,No,No,No,Valid upto 6 Months from purchase,"The voucher can be redeemed at the following stores | Phoenix Palladium, Mumbai | Select Citywalk, New Delhi | Ambience Mall, Gurgaon | Palladium, Chennai | The customer will need to redeem the voucher at the store by showcasing the soft copy of the Gift Coupon | Terms & Conditions apply","One voucher can be redeemed against one bill only at any Le Creuset Store in India | Voucher cannot be encashed. | This Voucher cannot be clubbed in conjunction with any special promotion. | Strictly no extension of the expiry date from the date of issue will be allowed. | The management retains the right to reject any voucher that has been found altered in any way. | Management will not be responsible if a Gift Voucher is lost, stolen, damaged or destroyed and no replacement will be provided in such circumstances. | Not Applicable on online purchases. | The voucher can only be clubbed with AMEX Gift Vouchers | No Exchange or refund",2026-07-26
Auric,Auric,492,https://www.maximize.money/gift-cards/Auric/492,active,Online,250 / 500,No,,4,36.75% off / 37.0% earn,35.5% off / 35.75% earn,34.85% off / 35.1% earn,34.4% off / 34.65% earn,34.5% off / 34.75% earn,34.5% off / 34.75% earn,UPI,36.75,No,No,No,Valid for upto 6 months,"Visit the Auric website - https://www.theauric.com/ | Add product(s) to cart and click on ""Buy Now"" or ""Add to Cart"" | Apply voucher code in the ""DISCOUNT"" section → Click APPLY | Remaining amount (if any) can be paid via other modes.","Valid only on https://www.theauric.com. | Cannot be combined with any other coupon or voucher. | Non-refundable once purchased. | One-time use only. No credit/refund for unused balance of the voucher. | Only one voucher allowed per transaction. | Cannot be revalidated once expired. | Disputes to be addressed with the issuing company; their decision is final. | If order value exceeds the voucher amount, the difference must be paid via another mode. | Not valid on Ghee purchases. | For issues, raise a request at https://www.gvhelpdesk.com. | Ayurvedic drinks by Auric are designed to support stamina, immunity, and fitness with traditional ingredients.",2026-07-26
District,District,956,https://www.maximize.money/gift-cards/District/956,active,Online,100 / 500 / 1000 / 1500 / 2000 / 2500 / 3000 / 3500 / 4000 / 4500 / 5000 / 6000 / 7000 / 8000 / 9000 / 10000,No,,4,4.0% off / 4.25% earn,2.75% off / 3.0% earn,2.1% off / 2.35% earn,1.65% off / 1.9% earn,1.75% off / 2.0% earn,1.75% off / 2.0% earn,UPI,4.0,Yes,No,Yes,Valid for upto 12 months,Open the District App | Go to My Profile | Click on Claim Gift Card | Enter the 16- digit card number and the 6 - digit pin | Tap Claim,"These terms and conditions apply to District Gift PPIs (“Gift PPIs”) issued by Pinelabs Private Limited (“Pinelabs”) for use by the User. Pinelabs is a private limited company incorporated under the laws of India and is authorized to issue such Gift PPIs in compliance with applicable Reserve Bank of India (RBI) regulations. The Gift PPIs are issued under the brand name Qwikcilver. District Limited (“District”) is the co-branding partner for the Gift PPIs. | By purchasing, using, or redeeming a Gift PPI, the User agrees to accept and be bound by these terms and conditions, as may be updated or modified from time to time. | Each Gift PPI bears a 16-digit electronic PPI number along with a 6-digit PIN. | Gift PPIs can be redeemed toward the purchase of eligible products only on https://www.district.in | and the mobile application under the brand name District (“District Platform”). | Once purchased, the Gift PPI cannot be cancelled, returned, refunded, or redeemed for cash or credit, except where required by law. | As a pre-requisite to redeeming the Gift PPI, the User must add the value stored on the Gift PPI into their valid account on the District Platform (“District Account”). Loading the Gift PPI onto the District Platform constitutes registration of the User with Pinelabs. | The balance in the District Account will be deducted when the User makes purchases on the District Platform. | The Gift PPI can be combined with promotional codes and other digital payment options available on the District Platform. | Gift PPIs cannot be used to purchase other Gift PPIs. | Gift PPIs cannot be reloaded or redeemed for cash. | Unused Gift PPI balances associated with a District Account cannot be transferred to another District Account. | Gift PPIs may be purchased in denominations ranging from INR 100 to INR 10,000, or such other limits as determined by Pinelabs/District. | In case multiple Gift PPIs are loaded into a User’s District Account, the Gift PPI with the earliest expiration date will be applied first to purchases on the District Platform. | There are no fees or other charges associated with the purchase of Gift PPIs. | No interest will be payable by Pinelabs on any Gift PPI balance. | This Gift PPI is valid for a period of one (1) year from the date of activation. | Gift PPIs are normally delivered instantly; however, there may be system delays of up to 72 hours. | Credit and debit cards issued outside India cannot be used to purchase Gift PPIs. | Gift PPI usage information will be available to the User on the District Platform. | Gift PPIs can be redeemed toward the purchase of eligible products ONLY on mobile application under the brand name of District. | If the User’s purchase exceeds the balance available in the District Account, the remaining amount must be paid using credit card, debit card, net banking, or other available digital payment methods on the District Platform. | The User understands that the Gift PPI is a prepaid payment instrument regulated by RBI. Under applicable laws, District/Pinelabs may be required to share purchaser/redeemer details and transaction information with RBI or other governmental/statutory authorities. District/Pinelabs may contact the purchaser or redeemer for such information. By registering the Gift PPI, the User explicitly consents to the use of personal information for compliance with RBI guidelines and regulations. | The User agrees to provide truthful and accurate information during purchase. District may contact the User for additional information or documents to comply with KYC and anti-money laundering guidelines issued by RBI from time to time. | District reserves the right to change these terms and conditions at its discretion without prior notice. | If a Gift PPI is non-functional, the User’s sole remedy, and Pinelabs/District’s sole liability, shall be replacement of the Gift PPI for the remaining value. | District will consider blocking requests only from Users who have registered in accordance with these terms. | Any cancellations shall be at the sole discretion of District. | District reserves the right to deny acceptance of any Gift PPI if duplicity is suspected. | District reserves the right to void the Gift PPI, close customer accounts, and recover payments through alternative methods if a fraudulently or unlawfully obtained Gift PPI is used, or if beneficiary/KYC details as per RBI guidelines are incorrect or insufficient. In such cases, funds shall be credited back to the original source. | Fraudulent, unlawful, or misuse of Gift PPI will result in cancellation of orders made using the Gift PPI without liability on District. | In case of order cancellation for purchases made using Gift PPIs, the amount will be added back to the User’s Gift PPI balance. | The User is solely responsible for the safety and security of the Gift PPI. The 16-digit code and 6-digit PIN constitute confidential information. District/Pinelabs shall not be responsible for issuing new Gift PPIs in case of breach of confidentiality, loss, theft, unauthorized, or unlawful use. | The User agrees to indemnify District, its affiliates, officers, and directors against any third-party claims arising from breach of these terms and conditions. | District does not warrant that services or products provided pursuant to these terms will be free from interruptions, errors, bugs, viruses, or security issues. | Neither Pinelabs nor District makes any express or implied warranties with respect to Gift PPIs, including warranties of merchantability or fitness for a particular purpose. | District does not guarantee uninterrupted access to the District Platform. | In no event shall District’s liability arising from purchase or usage of Gift PPIs exceed the value of the respective Gift PPI. | For support regarding usage of Gift PPIs, Users may write to Districtgiftcardsales@zomato.com. | Qwikcilver customer service contact number is 1800 102 4438 and the website is https://www.qwikcilver.com. | For dispute resolution, unauthorized transactions, and liability-related aspects, please refer to the Customer Grievance Policy available at https://www.qwikcilver.com/grievance-policy/. | Courts at New Delhi shall have exclusive jurisdiction over any disputes arising in relation to Gift PPIs.",2026-07-26
Frido,Frido,518,https://www.maximize.money/gift-cards/Frido/518,active,Online,100 / 500 / 1000 / 2000 / 5000,No,,4,15.25% off / 15.75% earn,14.0% off / 14.5% earn,13.35% off / 13.85% earn,12.9% off / 13.4% earn,13.0% off / 13.5% earn,13.0% off / 13.5% earn,UPI,15.25,Yes,No,Yes,Valid for upto 6 months,"Visit myfrido.com or mobility.myfrido.com and add your product to the cart. | At checkout, select the 'Gift Card' option to enter your voucher code. | Enter the amount you wish to redeem and complete your purchase.","GVs issued by the Merchant and sold by VIPL are accepted on: https://www.myfrido.com AND https://mobility.myfrido.com | GVs cannot be returned, refunded, or cancelled after issuance. | Only valid GVs are eligible for redemption. | The validity period of GVs is at the sole discretion of the Merchant and may change. | GVs/e-Pay can be used on slashed prices and combined with bank offers, but not with other brand promo codes. | If an order is cancelled, the amount will be refunded into e-Pay balance. | GVs can be converted into e-Pay for flexible usage. | Once in e-Pay, the balance is eligible for partial redemption across multiple transactions within the validity period. | e-Pay balance must be linked to the registered mobile number. | GVs/e-Pay can be used to purchase any product listed on the websites. | Neither the Merchant nor VIPL is responsible for: Lost, stolen, or misused GVs OR Unauthorized use due to the customer sharing GV/PIN/account credentials.",2026-07-26
TripXOXO,TripXOXO,828,https://www.maximize.money/gift-cards/TripXOXO/828,active,Online,100 / 200 / 300 / 500,No,,4,6.5% off / 7.0% earn,5.25% off / 5.75% earn,4.6% off / 5.1% earn,4.15% off / 4.65% earn,4.25% off / 4.75% earn,4.25% off / 4.75% earn,UPI,6.5,No,No,Yes,Valid upto 12 Months from purchase,Visit the tripXOXO website - https://www.tripxoxo.com/. | Select a package you want to book and fill out the information. | While making the payment select the Pay by Gift Card option on the payment page. | You can use your credit or debit card to pay the remaining amount if any.,"tripXOXO E-Gift Cards are issued by TravelPort Holidays India Pvt. Ltd., powered by Maximize, and authorized by the RBI. | Gift Cards are redeemable only on https://www.tripXOXO.com for tripXOXO services. | Gift Cards are valid for 12 months from the date of issue and cannot be extended. | Multiple Gift Cards can be combined and used in a single transaction. | In case of transaction failure, the amount will be auto-refunded to the same card within 72 hours. | Products and services are subject to availability and Gift Cards cannot be cancelled or exchanged for cash. | tripXOXO is not responsible for loss, theft, or unauthorized use; card number and PIN must be securely saved as they cannot be reissued/reset. | If a booking made using a Gift Card is cancelled within validity, the amount will be refunded to the same Gift Card; no refund if card is expired. | tripXOXO may reject duplicate/fraudulent Gift Cards and its maximum liability is limited to the card value. | tripXOXO’s decision is final on interpretation; disputes are subject to Mumbai jurisdiction",2026-07-26
Wellbeing Nutrition,Wellbeing Nutrition,965,https://www.maximize.money/gift-cards/Wellbeing Nutrition/965,active,Online,200 / 500 / 1000 / 2000 / 5000 / 10000,Yes,100-10000,4,13.25% off / 13.5% earn,12.0% off / 12.25% earn,11.35% off / 11.6% earn,10.9% off / 11.15% earn,11.0% off / 11.25% earn,11.0% off / 11.25% earn,UPI,13.25,Yes,Yes,Yes,Valid upto 6 Months from purchase,"To redeem, visit the website, add items to the cart, add the voucher code to the e-Pay balance, and apply the balance at checkout. Any remaining amount can be paid using other available payment methods.","This is a Wellbeing Nutrition Gift Voucher/Gift Card that can be redeemed only on the website wellbeingnutrition.com. | The Gift Voucher/Gift Card cannot be cancelled or blocked once issued under any circumstances. | The Gift Voucher/Gift Card can be converted into e-Pay as per the convenience of the holder. | The person holding the Gift Voucher or e-Pay balance shall be deemed the beneficiary. | Partial activation is not allowed. This Gift Voucher/e-Pay can be activated only once and is not reloadable or revalidatable. | After conversion into e-Pay balance, the Gift Voucher/Gift Card is valid for partial redemption. The remaining balance will stay in the e-Pay wallet and can be used for multiple transactions within the validity period. | The Gift Voucher/e-Pay cannot be revalidated once expired or cancelled under any circumstances. | Only valid Gift Voucher/e-Pay, at the sole discretion of Wellbeing Nutrition, shall be accepted for redemption. | If the value of the selected products exceeds the Gift Voucher/e-Pay balance, the difference amount must be paid by the customer. | The Gift Voucher/e-Pay cannot be exchanged for cash, other gift cards, or credit notes. | The Gift Voucher/e-Pay balance must be linked to the registered mobile number. | The Gift Voucher/e-Pay can be used for purchase of all products and services available on the Wellbeing Nutrition website. | Wellbeing Nutrition, GyFTR, or their affiliates shall not be responsible if the beneficiary shares the Gift Voucher number, PIN, or account credentials resulting in unauthorized use. | Wellbeing Nutrition or GyFTR reserves the right to modify or change the terms and conditions of the Gift Voucher/e-Pay at any time without prior notice or liability. | In case of a technical issue leading to blockage of the Gift Voucher/Gift Card, it shall be reactivated within 72 hours. | Any dispute should be referred to the company from which the Gift Voucher/e-Pay has been received and the company’s decision shall be final. | Wellbeing Nutrition or GyFTR reserves the right to withdraw, modify, cancel, or change the offer at any time at its sole discretion without prior notice. | The Gift Voucher/e-Pay can be used along with ongoing discounts or offers available on the brand website. | Wellbeing Nutrition or GyFTR is not responsible if the Gift Voucher/e-Pay is lost, stolen, or used without permission. | For any queries or issues related to Gift Voucher/e-Pay, users can raise a request at https://www.gvhelpdesk.com, email help@gyftr.com, or call 18001033314. | Multiple Gift Vouchers can be combined and added to the e-Pay balance.",2026-07-26
Birkenstock,Birkenstock,369,https://www.maximize.money/gift-cards/Birkenstock/369,active,Online,2000 / 5000 / 10000 / 20000,Yes,1000-20000,4,10.0% off / 10.25% earn,8.75% off / 9.0% earn,8.1% off / 8.35% earn,7.65% off / 7.9% earn,7.75% off / 8.0% earn,7.75% off / 8.0% earn,UPI,10.0,Yes,No,No,Valid for upto 6 months,"Online | Customer visits the Birkenstock.in | Completes shopping | Goes to checkout and selects gift card tender | Enters gift card number and PIN, then clicks redeem | Any additional value is paid by customer using other tender modes","Birkenstock Gift Cards can only be redeemed at the Birkenstock Online Shop (https://www.birkenstock.in) | The gift cards can be bought by any Birkenstock customer who shall be deemed as the sender | The Gift Cards can be redeemed for all goods on the Birkenstock India website (https://www.birkenstock.in) | Gift cards cannot be used to purchase other gift cards | Gift cards can be combined with promotional vouchers, but usage discretion lies with the Birkenstock India team | If the gift card value is insufficient for an order, the difference must be paid using another approved payment method (Cash on Delivery is not allowed) | Gift cards purchased on the Birkenstock Online Shop cannot be redeemed at any Birkenstock offline stores | Customers can redeem up to 5 gift cards at the same time; any remaining balance will be saved for the next purchase against the last used gift cards | At redemption, the gift card number sent via email to the receiver will be validated by Birkenstock India to ensure there is no revocation | Any remaining balance in the gift card will carry over to the next purchase | All Birkenstock India Gift Cards are valid for 1 year from the date of issue | The validity of gift cards cannot be extended after expiry; for technical issues, contact customer care immediately | Gift cards cannot be exchanged for cash or monetary transfers | For any issues, customers can contact customercare-india@birkenstock.com | Gift cards are not transferable to other users or email IDs | Birkenstock India is not responsible if a gift card is lost, stolen, destroyed, or used without permission | In case of loss or compromise, contact customer care. The card will be blocked and a new one issued after verifying the receiver's authenticity | Products purchased with gift cards follow the same return/refund policy as other orders on the Birkenstock India website | Refunds for products purchased using gift cards will be issued back to the same gift card; refunds to bank accounts are not allowed | These terms are governed by the laws of India, and all parties agree to the exclusive jurisdiction of the courts at Delhi",2026-07-26
Sterling Holidays,Sterling Holidays,929,https://www.maximize.money/gift-cards/Sterling Holidays/929,active,Online + In-store,2000 / 5000 / 10000 / 20000 / 50000,Yes,1000-50000,4,13.25% off / 13.5% earn,12.0% off / 12.25% earn,11.35% off / 11.6% earn,10.9% off / 11.15% earn,11.0% off / 11.25% earn,11.0% off / 11.25% earn,UPI,13.25,Yes,No,No,Valid for upto 12 months,"Visit https://www.sterlingholidays.com/bookings. | Search and book your preferred holiday stay. | Proceed to the payment page. | Select Gift Card as the payment option. | Enter your Gift Card Number and PIN. | If the booking amount exceeds the Gift Card balance, pay the remaining amount using any accepted online payment method. | Complete your booking.","Redeemable only on the Sterling Holidays website for room reservations. | Cannot be redeemed directly at Sterling resorts or on any third-party booking platform. | Valid only for hotel stay bookings and not applicable for package bookings, MICE, Corporate CUG bookings, or bookings through OTAs, travel agents, or corporate rates. | Cannot be used for food & beverages, spa, activities, transfers, sightseeing, banquet services, retail purchases, or other incidental charges. | Valid for 12 months from the date of issue. | Only one Gift Card can be used per booking. | Supports multiple transactions until the available balance is exhausted. | If the booking amount exceeds the Gift Card balance, the remaining amount must be paid online. | Bookings made using a Gift Card are non-refundable. | Cannot be cancelled, reloaded, exchanged for cash, or refunded. | Expired Gift Cards will not be replaced or refunded. | Cannot be combined with other offers, promotions, or discounts unless specifically mentioned. | Gift Cards purchased for a specific holiday package can only be redeemed against that package. | Gift Card values range from ₹1,000 to ₹50,000. | Sterling Holidays and Qwikcilver reserve the right to amend the terms and conditions at any time.",2026-07-26
DUROFLEX,DUROFLEX,731,https://www.maximize.money/gift-cards/DUROFLEX/731,active,Online,1000 / 2500 / 5000 / 10000,No,,4,10.25% off / 10.5% earn,9.0% off / 9.25% earn,8.35% off / 8.6% earn,7.9% off / 8.15% earn,8.0% off / 8.25% earn,8.0% off / 8.25% earn,UPI,10.25,Yes,No,Yes,Valid for upto 6 months,"Visit the website, add items to your cart, and proceed to checkout. | Select “Pay via e-Pay / Gift Vouchers” option. | Add vouchers to your e-Pay balance, and your available balance will be displayed.","Duroflex GV/e-Pay can be redeemed only at https://www.duroflexworld.com , and the holder is deemed the beneficiary. | It can be used for all product and service purchases on the Duroflex website and is applicable over and above any discounts offered. | The GV can be converted into e-Pay, allowing partial usage at the holder’s convenience. | Multiple GVs can be combined and added to the e-Pay balance. | GV/e-Pay is non-refundable, non-transferable, non-exchangeable, cannot be resold, and cannot be redeemed for cash. | GV/e-Pay cannot be revalidated once expired, and only valid vouchers at the sole discretion of Duroflex will be accepted. | Duroflex/Maximize is not responsible for lost, damaged, or stolen GV/e-Pay or unauthorized use caused by sharing codes/PINs/account credentials. | In case of a technical issue or blockage, the GV/e-Pay will be reactivated within 72 hours. | The e-Pay balance must be linked to the registered mobile number of the beneficiary. | Any disputes are subject to Duroflex’s decision, and Duroflex/Maximize reserves the right to withdraw, modify, or cancel the offer at any time without prior notice.",2026-07-26
Croma,Croma,873,https://www.maximize.money/gift-cards/Croma/873,active,Online + In-store,1000 / 2000 / 5000 / 10000,No,,4,2.55% off / 2.8% earn,1.3% off / 1.55% earn,0.65% off / 0.9% earn,0.2% off / 0.45% earn,0.3% off / 0.55% earn,0.3% off / 0.55% earn,UPI,2.55,No,Yes,Yes,Valid for upto 6 months,"Visit a listed Croma store or https://www.croma.com | Inform the cashier before billing if redeeming in-store | Online Process : Log in/sign up | Add products to cart and proceed to checkout | Select ""Gift Card Voucher"" as payment mode | Enter voucher number to apply discount","Croma GV/GC is redeemable only at listed Croma outlets and on https://www.croma.com . | The person holding the GV/GC is considered the beneficiary. | Once issued, GV/GC cannot be cancelled. | Maximum 5 GV/GCs can be used in a single invoice on Croma.com. | Croma/Vouchagram are not responsible for lost, damaged, or stolen GV/GCs. | This is a one-time use GV/GC and cannot be reloaded. | No credit note or refund will be issued for any unused balance. | GV/GC cannot be revalidated once expired. | GV/GCs are non-refundable, non-transferable, non-resalable, and cannot be redeemed for cash. | If the purchase value exceeds the GV/GC value, the difference must be paid using other available payment modes. | In case of returns/cancellations, the refund will be processed in proportion to the payment modes used (GV/GC and other methods) as per original tender split. | Any dispute must be referred to the issuing company, whose decision shall be final. | GV/GCs are subject to applicable laws and compliance with statutory/judicial authorities. | All disputes are subject to Mumbai jurisdiction. | Infiniti Retail Ltd. may amend these T&Cs from time to time; updates will be available on the website or at stores. | Croma/Vouchagram reserve the right to modify or withdraw the scheme as per policy. | For balance check or support, visit https://www.croma.com , contact any Croma store, call 1860 266 27662 / 040 46517910, or raise a request at https://www.gvhelpdesk.com",2026-07-26
Croma,Croma (Custom),220,https://www.maximize.money/gift-cards/Croma (Custom)/220,active,Online + In-store,500 / 2000 / 2500 / 5000 / 10000,Yes,500-10000,4,2.5% off / 2.75% earn,1.25% off / 1.5% earn,0.6% off / 0.85% earn,0.15% off / 0.4% earn,0.25% off / 0.5% earn,0.25% off / 0.5% earn,UPI,2.5,No,No,Yes,Valid for upto 12 months,Visit the outlet near you. | Before making the purchase confirm about the acceptance of Gift Card at the store. | Choose the products you would like to buy. | Show your Gift Card details to the cashier at the time of billing & pay any balance amount by cash or card.,"The Electronic Gift Vouchers is issued by Croma, Infiniti Retail Ltd (the Company). | The Electronic Gift Vouchers can be redeemed on croma.com and at Croma Stores. | The validity period on the gift Vouchers is for 365 days from the date of its issuance or depends on the condition of the purchase. | Should your purchase value exceed the value of the Electronic Gift Vouchers, the differential amount of such purchase should be paid using the other modes of payment available on the website. | No refund, replacement or cash back would be considered against the Electronic Gift Vouchers. | This Voucher should be treated like cash. Electronic Gift Vouchers can nott be replaced or duplicated, if lost or stolen. | Once Electronic Gift Vouchers are issued, the company will not entertain any request from anybody for its cancellation. | For any queries, balance check and date of expiry please contact any Croma store / check balance on https://www.croma.com or contact our Croma care at 186026627662 | 04046517910 | In case of Returns/cancellations of the redemption done via EGV, the refund of the same will be done to the effect of the value of contribution of the EGV to the sale. The balance will be done via the contribution of the other respective payment mode to the sale. In the case of multiple products being purchased and a combination of the EGV and any other mode of payment being used to complete the transaction, the individual products being sold, will get the assignment of the value of the EGV and any other mode of payment being used based on the tender percentage contribution in total order value. The refund will happen in the same percentage split as per the original tender used. | The Electronic Gift Vouchers can be purchased Min Rs. 500 and Max 10,000. | The Electronic Gift Vouchers has to be utilized in one single transaction and the balance will not be carried forward for the same. | The Electronic Gift Vouchers cannot be reloaded. | Only 5 Croma EGV can be redeem on Single Invoice on Croma.com. | Redemption of Electronic Gift Vouchers by its bearer shall be valid discharge of the company&apos;s liabilities in respect of Electronic Gift Vouchers. | Any dispute need to be referred to the Company and the decision of the company shall be final. | The Electronic Gift Vouchers is subject to applicable laws. The company and Electronic Gift Vouchers holder shall comply with all applicable laws promulgated by any statutory / judicial / competent authority from time to time in this regards. | Any dispute relating to the Electronic Gift Vouchers shall be subject to the exclusive jurisdiction of courts at Mumbai. | Infiniti Retail Ltd shall be entitled to amend these terms and conditions from time to time. Any change in these terms and conditions can be viewed on our Website and/or at any of the Croma stores. | Contact corporate@croma.com for any bulk enquires of Electronic Gift Vouchers.",2026-07-26
VROTT,VROTT,702,https://www.maximize.money/gift-cards/VROTT/702,active,Online,599 / 599,No,,,39.75% off / 43.75% earn,38.5% off / 42.5% earn,37.85% off / 41.85% earn,37.4% off / 41.4% earn,37.5% off / 41.5% earn,37.5% off / 41.5% earn,UPI,39.75,No,No,No,Valid for upto 6 months,Download the VROTT App from the Google Play Store/App Store or visit https://vrott.tv/. Log in using your mobile number and verify with the OTP. | Website users: Go to the dropdown menu on the right-hand side of the profile → Select Accounts & Settings → Scroll to Choose Your Plan → Click on MY VROTT PLANS/ADD SUBSCRIPTION → Choose a suitable plan → Click SUBSCRIBE. | App users: Review the subscription plan → Enter the code in the Enter Voucher Code section → Click APPLY. The subscription will be activated.,"This is a VROTT subscription Gift Voucher/Gift Card (GV/GC) and is accepted on https://vrott.tv/. | The user who has the GV/GC is deemed to be the beneficiary. | VROTT/Maximize is not responsible if the GV/GC is lost, stolen, or used without permission. | Only one GV/GC can be used for one subscription. | This is a one-time-use GV/GC with an expiration date. | GV/GC cannot be revalidated once expired or cancelled under any circumstances. | GV/GC cannot be clubbed with any other existing offer on the website. | VROTT/Maximize reserves the right to withdraw, modify, cancel, or change the offer at any point without prior notice and at their sole discretion. | Standard terms of use for VROTT apply as prescribed at https://vrott.tv/tnc.",2026-07-26
Tim Hortons,Tim Hortons,797,https://www.maximize.money/gift-cards/Tim Hortons/797,active,In-store,500 / 1000,No,,4,7.5% off / 7.75% earn,6.25% off / 6.5% earn,5.6% off / 5.85% earn,5.15% off / 5.4% earn,5.25% off / 5.5% earn,5.25% off / 5.5% earn,UPI,7.5,Yes,Yes,Yes,Valid upto 6 Months from purchase,"Visit https://brandpts.com/login or download the GyFTR ePay app → Search for Tim Hortons → View your e-Pay balance and available GVs → Tap (+) to add a voucher or manually enter the voucher code. | The updated balance will be displayed. | At the store, share your registered mobile number with the cashier after your products are scanned. The cashier will inform you about your available GV balance. Confirm the amount you want to redeem and pay any remaining balance. The cashier will complete the billing.","This is a Tim Hortons Gift Voucher (GV) / e-Pay that is accepted at participating Tim Hortons outlets. | The GV/e-Pay can be clubbed with existing offers. | The person holding the GV/e-Pay is considered the beneficiary. | The GV/e-Pay can be used for all purchases of products and services at Tim Hortons outlets. | The GV can be converted into e-Pay as per the beneficiary’s convenience. | The GV/e-Pay balance cannot be transferred to another e-Pay account, exchanged for cash, or converted into any other currency. | The e-Pay balance must be linked to a registered mobile number. | After conversion to e-Pay, the GV becomes eligible for partial redemption. The remaining balance stays in the e-Pay wallet and can be used for multiple transactions until expiry. | Only valid GV/e-Pay, at the sole discretion of Tim Hortons, will be accepted for redemption. | The GV/e-Pay cannot be revalidated once expired or cancelled. | Tim Hortons/Maximize is not responsible if the GV/e-Pay is lost, stolen, or used without permission. | If the GV/e-Pay gets blocked due to technical issues, it will be enabled within 72 hours. | Any dispute must be referred to the company from which the GV/e-Pay was received; their decision will be final. | Tim Hortons/Maximmize reserves the right to withdraw, modify, or cancel the offer at any time without prior notice. | Tim Hortons, Maximize, or its affiliates are not responsible if the beneficiary shares the voucher number, PIN, or account credentials, resulting in unauthorized usage. | Tim Hortons/Maximize is not responsible if the GV/GC is lost, stolen, or used without permission.",2026-07-26
EA Sports,EA Sports,1124,https://www.maximize.money/gift-cards/EA Sports/1124,active,Online,950 / 2375 / 4750,No,,4,3.25% off / 3.5% earn,2.0% off / 2.25% earn,1.35% off / 1.6% earn,0.9% off / 1.15% earn,1.0% off / 1.25% earn,1.0% off / 1.25% earn,UPI,3.25,No,No,Yes,Valid upto 6 Months from purchase,Visit https://www.ea.com/redeem. | Sign in with your EA Account linked to your EA SPORTS FC™ 26 game account. | Enter your Gift Voucher Code. | Review the redemption details and click Confirm. | Launch EA SPORTS FC™ 26 and your FC Points will be automatically credited to your game account.,"Redeemable only at https://www.ea.com/redeem. | Requires an EA Account linked to your EA SPORTS FC™ 26 account. | Cannot be redeemed directly within the EA SPORTS FC Mobile app. | Can be used to purchase FC Points and other eligible digital content. | Once redeemed, FC Points are credited to your EA Account and do not expire. | Multiple Gift Vouchers can be added to the same EA Account. | Voucher code is valid for one-time redemption only. | No credit or refund will be provided for any unused voucher value after redemption. | Can be redeemed during sale periods. | Cannot be clubbed with existing promotional offers. | Cannot be used to purchase physical products, merchandise, subscriptions, gift cards, or cash equivalents. | Gift Voucher is non-refundable, non-transferable, non-exchangeable, and cannot be redeemed for cash. | Lost, stolen, or unauthorized use of the Gift Voucher is not the responsibility of EA SPORTS FC™ 26 or GyFTR. | If a Gift Voucher is blocked due to a technical issue, it will be re-enabled within 72 hours. | In case of transaction failure after redemption, the amount will be automatically refunded to the original payment source within 48 hours. | Expired or cancelled Gift Vouchers cannot be revalidated. | EA SPORTS FC™ 26 reserves the right to modify or discontinue the Gift Voucher program without prior notice.",2026-07-26
Lakme Salon,Lakme Salon,466,https://www.maximize.money/gift-cards/Lakme Salon/466,active,In-store,1000 / 2000 / 5000 / 10000 / 20000,Yes,500-25000,4,4.65% off / 4.75% earn,3.4% off / 3.5% earn,2.75% off / 2.85% earn,2.3% off / 2.4% earn,2.4% off / 2.5% earn,2.4% off / 2.5% earn,UPI,4.65,No,No,No,Valid for upto 12 months,Visit the nearest Lakme Salon outlet. | Inform the cashier about the Gift Card before availing the service. | Show the Gift Card details to the cashier at the time of billing & pay any balance amount by card or cash.,"Lakme Salon E-Gift Card is issued by Lakme Lever Pvt. Ltd (LLPL). | This E- Gift Card can be redeemed only once and should be redeemed in full. | This E-Gift Card is valid and can be redeemed against services at all salons of Lakme Salon Network. | The E-Gift Card holder/(s) under no circumstances, will be paid cash or cheque in exchange for whole or part of the e-gfit card. | If the purchase amount is more than your Gift card value, youmay compliment that purchase in any form of payment accepted by Lakme Salon outlets. | This gift card will not be accepted or redeemed after the expiry date. | LLPL and Qwikcilver Solutions Pvt Ltd does not take any responsibility of and will not be liable for any replacement or compensation incase of any mishandling of this E-Gift Card. | Only valid E-Gift Cards at the sole discretion of LLPL shall be accepted for redemption. | LLPL reserves the right to amend the Terms and Conditions at itsown discretion without prior Notice. Any dispute shall the be referred to LLPL and the decision ofLLPL will be final.Subject to the foregoing, these terms and conditions shall be subject to the jurisdiction of courts at Mumbai. | To locate your nearest Lakme Salon, log on to <a href=http://www.lakmeindia.comstyle=color:#007bff !important>http://www.lakmeindia.com</a>.E-Gift Cards are normally delivered instantly. But sometimes due to system issues, the delivery can be delayed up-to 24 hours. | No returns and no refunds on gift cards, E- gift cards and gift vouchers shipped by woohoo.in. Please check the refund policy at http://www.woohoo.in/faq for further details.",2026-07-26
Van Heusen,Van Heusen,586,https://www.maximize.money/gift-cards/Van Heusen/586,active,In-store,1000 / 2000 / 5000 / 10000 / 1000,Yes,500-10000,,3.0% off / 3.1% earn,1.75% off / 1.85% earn,1.1% off / 1.2% earn,0.65% off / 0.75% earn,0.75% off / 0.85% earn,0.75% off / 0.85% earn,UPI,3.0,No,No,Yes,Valid for upto 12 months,"Visit the outlet near you. | Before making the purchase, confirm about the acceptance of the Gift Card at the store. | Choose the products you would like to buy. | Show your Gift Card details to the cashier at the time of billing and pay any balance amount by cash or card.","This E- Gift Card is redeemable only once and needs to be used in full. No refunds / credit note shall be issued for unused part of the E- Gift Card. | The E-Gift Card is valid for one year from the date of purchase. | This E- Gift Card can be use Across all Van Heusen stores only. | This Gift card/ E- Gift Card can be redeemed only at selected outlets. | This E- Gift Card is solely for the use of purchasing merchandise at participating Van Heusen exclusive stores only. | Please present this card to the customer representative before billing. | Protect the card numbers and PIN numbers to avoid misuse. In case the card number gets stolen, it cannot be replaced nor cash refunded.",2026-07-26
Westside [No Cooling Period],Westside [No Cooling Period],793,https://www.maximize.money/gift-cards/Westside [No Cooling Period]/793,active,In-store,250 / 500 / 1000 / 2000 / 5000 / 10000,No,,4,,,,,,,,,No,Yes,Yes,Valid for upto 12 months,Visit https://brandpts.com/login or download the GyFTR ePay App | Search for Westside → View your ePay balance & available vouchers → | Tap ( + ) to add a voucher or enter the code manually. | Tap Redeem/Pay to use your ePay balance. | Enter the amount → Tap Redeem Balance to confirm. | A QR code will be generated — show this at the cashier.,"This GV is accepted at all listed Westside stores across India and can be redeemed for any merchandise at the store, except food courts & cafés inside Westside. | GV cannot be redeemed for online purchases. | The person holding the Westside GV is considered the beneficiary. | Trent Ltd/Westside is not responsible if the GV is lost, stolen, or used without permission. | Multiple GVs can be used in a single bill/transaction. | Partial redemption is not allowed. This GV can be redeemed only once, has an expiration date, is not reloadable, and cannot be revalidated. | QR Code GVs generated via the GyFTR mobile app (Vouchagram India Pvt. Ltd.) can be used multiple times at all listed Westside stores. | If the purchase value exceeds the GV value, the difference must be paid by the customer. | GVs cannot be exchanged for cash/gift cards/credit notes. No refund or credit note will be issued for unused balance. | Once a GV is added to the e-Pay balance, it can be used until the balance is consumed or expires. No refund or credit note will be issued for unused balance. | GVs can be used during sale periods and with existing offers in the store. | GVs cannot be redeemed on block-out dates, which may be updated by Westside from time to time. Westside may add or remove dates at its sole discretion. | Any dispute must be referred to Trent Ltd/Westside, whose decision will be final. Courts in Mumbai will have exclusive jurisdiction. | Westside will make best efforts to accept GVs; however, technical issues may prevent redemption, and Westside will not be liable in such cases. | If a GV gets blocked due to a technical issue, it will be enabled within 72 hours. In case of transaction failure after applying GV, the amount will be refunded within 48 hours. | Westside reserves the right to modify, change, or edit the GV T&Cs without notice. | Westside has final authority on interpretation of these rules. | Westside may withdraw the GV scheme before the validity period ends, without notice or liability. | Westside reserves the right to deny acceptance of a GV if duplicity is suspected. | Westside’s total liability shall not exceed the value of the GV in dispute.",2026-07-26
Hidesign,Hidesign,525,https://www.maximize.money/gift-cards/Hidesign/525,active,Online + In-store,250 / 500 / 1000 / 1500 / 2000 / 2500 / 3000 / 5000 / 10000,Yes,100-10000,4,7.75% off / 7.85% earn,6.5% off / 6.6% earn,5.85% off / 5.95% earn,5.4% off / 5.5% earn,5.5% off / 5.6% earn,5.5% off / 5.6% earn,UPI,7.75,No,No,Yes,Valid for upto 6 months,"Online Purchase - Visit hidesign.com and add your product to cart | At checkout, select the Gift Voucher / e-Pay option and enter your code | Once validated, the e-Pay balance will be applied | In-Store Purchase - Use the store locator to find the nearest Hidesign boutique | Select your product, share your GV with the cashier, and pay any balance as needed","The holder of the GV/GC is considered the beneficiary. | If Offline Use - Beneficiary should announce intent to use the GV/GC before purchase. | Redeemable at all exclusive Hidesign boutiques in India and online at hidesign.com. | Multiple vouchers can be used in one bill. | Once vouchers are added to e-Pay online, they cannot be used at retail stores. | GVs cannot be revalidated after expiry. | Hidesign is not liable for unauthorized use due to beneficiary sharing the voucher code. | Disputes must be directed to the issuing company; their decision is final. | Voucher value is fixed to the face amount. | Valid ID proof may be requested at store redemption. | Acceptance may be refused due to technical/administrative issues. | Blocked vouchers will be re-enabled within 72 hours. | For support, visit gvhelpdesk.com.",2026-07-26
Hidesign,Hidesign,462,https://www.maximize.money/gift-cards/Hidesign/462,active,In-store,200 / 500 / 1000 / 2000 / 5000 / 10000,Yes,100-15000,4,13.0% off / 13.5% earn,11.75% off / 12.25% earn,11.1% off / 11.6% earn,10.65% off / 11.15% earn,10.75% off / 11.25% earn,10.75% off / 11.25% earn,UPI,13.0,No,No,No,Valid for upto 12 months,Visit the outlet near you. | Before making the purchase confirm about the acceptance of Gift Card at the store. | Choose the products you would like to buy. | Show your Gift Card details to the cashier at the time of billing & pay any balance amount by cash or card.,"This e-Gift Card is valid at all participating exclusive Hidesign boutiques. | This e-Gift Card can be redeemed only once. | This is a bearer card, please treat it like cash. No duplicate cards shall be reissued if lost, misplaced or stolen. | This card cannot be exchanged for cash. | E-Gift Cards are normally delivered instantly. But sometimes due to system issues, the delivery can be delayed up-to 24 - 48 hours. | No returns and no refunds on gift cards, e-gift cards and gift vouchers shipped. Please check the refund policy for further details.",2026-07-26
Skechers,Skechers,288,https://www.maximize.money/gift-cards/Skechers/288,active,Online + In-store,250 / 500 / 1000 / 1500 / 2000 / 2500 / 3000 / 5000 / 7500 / 10000,Yes,100-10000,4,11.75% off / 12.0% earn,10.5% off / 10.75% earn,9.85% off / 10.1% earn,9.4% off / 9.65% earn,9.5% off / 9.75% earn,9.5% off / 9.75% earn,UPI,11.75,No,No,Yes,Valid for a range of 6 - 12 months,"Visit Skechers website at https://www.skechers.in Or Visit Skechers listed outlet | Please share the voucher code with the cashier before billing. | Make your order and click on 'Proceed to cart' Enter the Gift Voucher in 'Apply vouchers/Skechers Vouchers' section & click on Apply. Enter the Mobile number and Click on Submit on the pop up, Enter your details and Login in to the Account. Confirm the Shipping Address and click on Next. Select the Payment Mode and Click on 'Place Order'","This is a Skechers Insta Gift Voucher (GV) and would be accepted on https://www.skechers.in and in all the listed retail outlets. | The person who has the Skechers GV is deemed to be the beneficiary. | Skechers is not responsible if the Gift card is lost, stolen or used without permission. | Multiple GV can be used in one bill/transaction. | This is a ONE time use GV with an expiration date. | No credit note / refund for the unused balance amount of the GV will be given. | Once the voucher gets added to the EPay balance, it can be utilized till the balance gets exhausted or expires.No credit note or refund for the unused balance amount will be given. | Skechers GV CANNOT be revalidated once expired or cancelled under any situations. | Skechers GV can be clubbed with any one of the existing offer. | Skechers GV cannot be redeemed on specific block out dates as may be intimated / updated by Skechers on its website from time to time. Skechers may add or delete any date(s)/period(s) on its sole discretion without any liability. | Any dispute related to the GV should be referred to the issuing company and the decision of the issuing company shall be final. In case of any legal disputes, the courts at Mumbai shall have the exclusive jurisdiction. | Skechers shall on best effort basis attempt to accept Insta Gift Vouchers (GV), but on account of any technical reason or for any reason beyond control Skechers, GV may not get accepted on the website and Skechers shall have no liability for the same. | If an Insta Gift Voucher (GV) gets blocked on account of technical issue, it would get enabled in 72 hours. In case of transaction failures after Insta Gift Voucher (GV) is applied, amount would be automatically refunded to the same cards within 48 hours | Skechers reserves the rights to edit/change the terms and conditions for the Insta Gift Voucher (GV at any time without any notice or liability. | Skechers has the final authority on the interpretation of these rules. | Skechers reserves the right to withdraw Insta Gift Voucher (GV) scheme/offer before the completion of validity period without any notice or liability at its sole discretion. | Skechers reserves the right to deny accepting any Insta Gift Voucher (GV) if it suspects that there is duplicity of cards. | In no event the liability of Skechers for any claims shall exceed the value of the Insta Gift Voucher (GV) in dispute. | For any queries or issues related to GV or GC, raise a request at https://www.gvhelpdesk.com",2026-07-26
Skinn,Skinn,683,https://www.maximize.money/gift-cards/Skinn/683,active,In-store,500 / 1000 / 1500 / 2000 / 5000,No,,4,8.25% off / 8.5% earn,7.0% off / 7.25% earn,6.35% off / 6.6% earn,5.9% off / 6.15% earn,6.0% off / 6.25% earn,6.0% off / 6.25% earn,UPI,8.25,No,No,Yes,Valid for upto 6 months,"Locate a store – Use the outlet locator to find the nearest World of Titan store that accepts Skinn Gift Vouchers. | Select your product – Choose your preferred Skinn products in-store. | Share the voucher – Present your Gift Voucher code to the cashier before billing. | Pay balance if any – If your purchase amount exceeds the voucher value, pay the remaining amount using cash","This is a Skinn Gift Voucher (GV) / Gift Card (GC) accepted only at listed World of Titan stores across India; not valid online. | The holder of the voucher is deemed to be the beneficiary and must announce intent to use the voucher before purchase. | Only valid vouchers, at the sole discretion of TITAN, shall be accepted; a maximum of 5 vouchers can be clubbed per bill. | Partial redemption is not allowed—single-use only; no refund or credit note for unused or partially used vouchers. | Not valid for in-store offers, and cannot be redeemed on specific block-out dates decided by TITAN. | Voucher cannot be revalidated once expired; TITAN/affiliates are not responsible if the voucher code is shared and misused. | A valid Government ID proof may be requested at the time of redemption. | Listed outlets may change without prior notice; an outlet may refuse acceptance for technical/administrative reasons. | TITAN or partners are not liable for compensation if an outlet cannot accept the voucher; the customer must settle the bill. | Blocked vouchers due to technical issues can only be used after 72 hours; disputes should be referred to the issuing company, and TITAN’s decision will be final.",2026-07-26
StayVista,StayVista,1007,https://www.maximize.money/gift-cards/StayVista/1007,active,Online,200 / 500 / 1000 / 2000 / 5000 / 20000 / 50000 / 100000 / 200000 / 500000,Yes,100-500000,4,13.75% off / 14.0% earn,12.5% off / 12.75% earn,11.85% off / 12.1% earn,11.4% off / 11.65% earn,11.5% off / 11.75% earn,11.5% off / 11.75% earn,UPI,13.75,Yes,No,No,Valid upto 12 Months from purchase,"Visit the website stayvista.com. | Search and select your property by entering destination, dates, and number of guests. | Browse and choose your preferred villa. | Click on “Book Now” and proceed with booking. | Fill in guest details. | Reach the checkout page where you will see the “Coupons and Offers” section. | Select “Future Stay Voucher / Gift Card” option. | Enter your gift card or voucher code and click apply. | Verify that the gift card value is deducted from the total amount. | Pay the remaining amount (if any) using other payment methods. | Complete the booking. | You will receive booking confirmation via email or WhatsApp.","All Gift Cards are valid for 12 months from the date of issuance. | Gift Cards cannot be used after expiry and will not be extended, revalidated, or replaced. | Gift Cards may be redeemed only on the official StayVista website or mobile application. | To redeem, the user must enter the Gift Card code in the “Gift Card / Voucher” section at checkout. | Gift Cards must be applied before completing payment and cannot be applied to already confirmed bookings. | Gift Cards are valid only for properties and services that StayVista deems eligible at its sole discretion. This may exclude certain services such as meal plans, bonfire, BBQ, etc., from time to time, without prior notice. | Gift Cards may be used for full or partial payment of a booking. | Gift Cards are not redeemable for cash, refundable, or exchangeable for credit. | If the booking value exceeds the Gift Card amount, the remaining amount must be paid using other payment methods. | If the booking value is lower than the Gift Card amount, the remaining balance will be retained and can be used for future bookings within the original validity period. | No cash refunds or credits will be provided for any unused balance. | Gift Cards cannot be combined with other promotional offers, coupon codes, or bank discounts unless explicitly allowed by StayVista. | StayVista reserves the right to decide offer eligibility and combination rules. | All bookings made using Gift Cards are subject to StayVista’s cancellation and modification policies. | In case of cancellation, the amount paid using the Gift Card will be credited back to the same Gift Card within its original validity period. | Any additional payment made through other modes will be refunded to the original payment source. | If the Gift Card has expired at the time of cancellation, the refunded amount will not be reinstated. | Gift Cards are transferable and can be used by anyone who has the valid Gift Card code. | StayVista is not responsible for unauthorized use if the Gift Card code is shared or compromised. | Gift Cards cannot be used for security deposits or on-property payments unless specifically allowed. | Additional restrictions may apply depending on properties, dates, or promotions. | StayVista reserves the right to cancel Gift Cards or bookings in case of suspected fraud, misuse, or violation of terms. | Benefits may be withheld if misuse is identified. | StayVista is not liable for lost, stolen, or unauthorized use of Gift Cards. | StayVista is not responsible for technical issues affecting redemption. | Gift Cards are provided on an “as is” basis without warranties. | StayVista reserves the right to modify these Terms & Conditions at any time without prior notice. | Updated terms will be effective once published. | These Terms & Conditions are governed by the laws of India. | Any disputes will be subject to the jurisdiction of courts in Mumbai, Maharashtra.",2026-07-26
Steam Wallet INR 500,Steam Wallet INR 500,863,https://www.maximize.money/gift-cards/Steam Wallet INR 500/863,active,Online,500,No,,4,4.25% off / 4.5% earn,3.0% off / 3.25% earn,2.35% off / 2.6% earn,1.9% off / 2.15% earn,2.0% off / 2.25% earn,2.0% off / 2.25% earn,UPI,4.25,Yes,No,Yes,Valid for upto 12 months,Login to your Steam account. | Go to the Steam Redeem page. | Enter the Code copied from your DigiStore.co.in Member account and click Continue. | The funds will be added to your account and be ready for use to buy games!,"Comes with 12 months validity. The gift card can be used only once and any unused balance will lapse. | The Gift Card cannot be clubbed with ongoing brand offers/discounts. | The gift card is valid on Steam website. | Gift cards, once purchased, cannot be cancelled or refunded.",2026-07-26
Steam Wallet INR 975,Steam Wallet INR 975,1127,https://www.maximize.money/gift-cards/Steam Wallet INR 975/1127,active,Online,975,No,,4,4.25% off / 4.5% earn,3.0% off / 3.25% earn,2.35% off / 2.6% earn,1.9% off / 2.15% earn,2.0% off / 2.25% earn,2.0% off / 2.25% earn,UPI,4.25,Yes,No,Yes,Valid for upto 12 months,Login to your Steam account. | Go to the Steam Redeem page. | Enter the Code copied from your DigiStore.co.in Member account and click Continue. | The funds will be added to your account and be ready for use to buy games!,"Comes with 12 months validity. The gift card can be used only once and any unused balance will lapse. | The Gift Card cannot be clubbed with ongoing brand offers/discounts. | The gift card is valid on Steam website. | Gift cards, once purchased, cannot be cancelled or refunded.",2026-07-26
STYLE BAAZAR,STYLE BAAZAR,1001,https://www.maximize.money/gift-cards/STYLE BAAZAR/1001,active,In-store,200 / 500 / 1000 / 2000 / 5000 / 10000,Yes,100-10000,4,5.25% off / 5.5% earn,4.0% off / 4.25% earn,3.35% off / 3.6% earn,2.9% off / 3.15% earn,3.0% off / 3.25% earn,3.0% off / 3.25% earn,UPI,5.25,Yes,Yes,Yes,Valid upto 12 Months from purchase,"Share the registered mobile number with the cashier once products are scanned for invoicing. Cashier will inform the available Gift Voucher and its balance. | Customer to confirm the amount to be used for redemption and proceed further for balance payment, if any. | Cashier to proceed with invoicing.","This is a Style Bazaar GV/e-Pay that will be accepted at the listed retail stores/outlets. | The person who has the GV/e-Pay is deemed to be the beneficiary. | The GV/e-Pay can be clubbed with the existing offers. | The GV can be converted into e-Pay, as per convenience of the holder. | The GV/e-Pay balance cannot be transferred to another e-Pay account, exchanged for cash, or any other form of currency. | The e-Pay balance must be linked to the registered mobile number. | After conversion into e-Pay balance, this GV is valid for partial redemption. The balance would remain in the e-Pay balance and can be used for multiple transactions within the validity period. | The GV/e-Pay can be used for all purchases of products at the Style Bazaar Retail Stores. | Only valid Style Bazaar GV/e-Pay at the sole discretion of Style Bazaar shall be accepted for redemption. | The GV/e-Pay CANNOT be revalidated once expired or cancelled under any circumstances. | Style Bazaar/GyFTR is not responsible if the GV/e-Pay is lost, stolen, or used without permission. | If GV/e-Pay gets blocked on account of a technical issue, it will be enabled in 72 hours. | Any dispute should be referred to the company from which the Style Bazaar GV/e-Pay has been received, and the company's decision shall be final. | Style Bazaar/GyFTR reserves the right to withdraw, modify, cancel, or change the offer at any point without prior notice and at its sole discretion. | Style Bazaar, GyFTR, or its affiliates shall not be responsible if the beneficiary shares the GV/GC number, pin, or account credentials, resulting in unauthorised use of the GV/e-Pay balance. | For any queries or issues related to GV/e-Pay, kindly contact 808082686 or raise a request at https://www.gvhelpdesk.com.",2026-07-26
Lifestyle Offline,Lifestyle Offline,444,https://www.maximize.money/gift-cards/Lifestyle Offline/444,active,In-store,500 / 1000 / 2000 / 5000 / 10000,No,,4,5.0% off / 5.25% earn,3.75% off / 4.0% earn,3.1% off / 3.35% earn,2.65% off / 2.9% earn,2.75% off / 3.0% earn,2.75% off / 3.0% earn,UPI,5.0,No,No,No,Valid for upto 6 months,Visit the outlet near you. Check the outlet locator of the brand to find a store that accepts the Gift Cards. | Choose the products you would like to buy. | Show your Gift Card details to the cashier at the time of billing & pay any balance amount by cash or card.,"eGift card are redeemable at Selected stores of Lifestyle & Home Centre in India. | For balance enquiry / validity, SMS LSBAL16 digit card number to 56767. | This eGift Card is valid for a period of minimum 6 months. | This Lifestyle eGift Card can be redeemed only once and in full, in case the value of the merchandise exceeds the value of e-gift card, the difference shall be paid by the bearer, No refunds / credit note shall be issued for unused part of the eGift card. | This eGift Card can used at our offline stores only. | Lifestyle International Pvt. Ltd. reserves the right to amend the terms at its discretion without prior notice. | Protect the eGift card number and pin to avoid misuse, Lifestyle shall not assume any liability in case the e gift card pin gets stolen/compromised, Lifestyle shall neither replace the eGift card nor refund the cash. | Once the eGift card is issued, Lifestyle will not entertain any request for cancellation. Any exchange by the bearer will be considered a valid discharge of Lifestyle""s liability. | Disputes if any, shall be subject to Bangalore jurisdiction. | For any assistance, call customer care at 18001231555. | No replacement/compensation is permissible for lost eGift card. | Multiple e-gift cards can be redeemed in single invoice.",2026-07-26
Subway,Subway (Custom),330,https://www.maximize.money/gift-cards/Subway (Custom)/330,active,In-store,100 / 500 / 1000 / 1500 / 2500 / 5000,Yes,100-5000,4,10.0% off / 10.5% earn,8.75% off / 9.25% earn,8.1% off / 8.6% earn,7.65% off / 8.15% earn,7.75% off / 8.25% earn,7.75% off / 8.25% earn,UPI,10.0,No,No,No,Valid for upto 6 months,Customer should announce that he would like to use the Subway E-Gift voucher before placing the order at the Subway offline outlets | Customer to present the voucher to the cashier via Email/SMS /Whats app | On check out - provide the 16 digit card number and 6 digit PIN to the Subway outlet personnel,"Gift Card is valid for 6 months from the date of purchase for dine-in transactions only, and the validity of the Gift Card shall not be extended in any event whatsoever. | Gift Card will be in the form of an e-voucher. | Customer should announce usage of e-voucher before placing the order. | The Gift card is redeemable only once. Any balance left on the card will be forfeited. | Each individual Gift Card is redeemable solely on a single transaction by the end customers and if such gift card is redeemed partially, balance amount shall be deemed to have been lapsed. | Multiple Gift Cards (i.e. – more than one) cannot be clubbed in a single transaction | If the invoice amount exceeds the value of the gift card, balance must be paid by cash, credit or debit card, UPI or any other acceptable forms of payment. | The value of expired gift cards (post their validity) will not be refunded. | Gift Card&apos;s once expired cannot be used again for any transaction. | The gift card can be used only for purchase in Subway restaurants (Company Owned and Franchisees) as per the list attached (Company Owned and Franchisees) | Subway® shall not be liable if the gift card cannot be used at any particular restaurant due to technical errors or other such operating system glitches. | The gift card cannot be used to purchase any Subway product on any delivery platform (eg it cannot be used through a delivery app like Zomato, Swiggy, ONDC sellers etc) | Once the invoice is paid and the customer has not provided the details of gift card to be redeemed, the invoice cannot be amended to include the discount and no request for refund will be entertained. | Once a gift card has been purchased, it is considered sold and cannot be cancelled, redeemed for cash, refunded, exchanged or refilled. | No refunds will be entertained for any lost gift cards and no revalidation is allowed for expired gift card balance. | Any invoice , once billed, with a gift card redemption cannot be cancelled. Gift Card will be counted as consumed. | In case of any further queries, customer can reach out to Subway through customercare@subway.in",2026-07-26
Subway,Subway,896,https://www.maximize.money/gift-cards/Subway/896,active,In-store,100 / 250 / 500 / 750 / 1000,No,,4,10.75% off / 11.0% earn,9.5% off / 9.75% earn,8.85% off / 9.1% earn,8.4% off / 8.65% earn,8.5% off / 8.75% earn,8.5% off / 8.75% earn,UPI,10.75,No,No,No,Valid for upto 6 months,"Share your registered mobile number with the cashier after billing. | Confirm the redemption amount and pay any remaining balance, if applicable. | Cashier completes the transaction.","Subway Gift Vouchers (GV)/e-Pay are valid at participating Subway outlets in India. | The holder of the GV/e-Pay is considered the beneficiary. | GV/e-Pay can be used in addition to in-store discounts. | GV can be converted into Subway e-Pay balance as per convenience. | After conversion, partial redemption is allowed and the remaining balance can be used within the validity period. | The e-Pay balance must be linked to the registered mobile number. | GV/e-Pay cannot be transferred, exchanged for cash, or converted into any other form. | Expired or cancelled GV/e-Pay cannot be revalidated. | Subway/Maximize is not responsible for loss, theft, or unauthorized use of the voucher. | In case of technical issues causing blockage, the voucher will be enabled within 72 hours. | All disputes are subject to the decision of Subway/Maximize, which shall be final. | Subway/Maximize reserves the right to modify or withdraw the offer without prior notice. | For support, contact https://www.gvhelpdesk.com or customercare@subway.in",2026-07-26
SSUNSU,SSUNSU,807,https://www.maximize.money/gift-cards/SSUNSU/807,active,Online,200 / 500 / 1000 / 2000 / 5000 / 10000,Yes,100-10000,4,12.0% off / 12.5% earn,10.75% off / 11.25% earn,10.1% off / 10.6% earn,9.65% off / 10.15% earn,9.75% off / 10.25% earn,9.75% off / 10.25% earn,UPI,12.0,Yes,No,Yes,Valid upto 6 Months from purchase,Visit https://www.ssunsu.in | Add items to your cart and proceed to checkout | Select “Pay via e-Pay / Gift Vouchers” | Add voucher(s) to your e-Pay balance and view available balance | Pay the remaining amount (if any) using another payment method,"Redeemable only on https://www.ssunsu.in | Voucher holder is considered the beneficiary | GV can be converted into e-Pay balance anytime | After conversion, partial redemption allowed | Remaining balance stays in e-Pay and can be used for multiple transactions within validity | e-Pay balance must be linked to the registered mobile number | GV/e-Pay cannot be cancelled or blocked once issued | Expired or cancelled GV/e-Pay cannot be revalidated | Balance cannot be transferred, exchanged for cash, or any other currency | Redemption subject to SSUNSU’s sole discretion | If blocked due to technical issues, it will be reactivated within 72 hours | Disputes decision by issuing company will be final | SSUNSU/Maximize can modify or withdraw the offer without prior notice | Not responsible for lost, stolen, or unauthorized use | GV/e-Pay can be used on slash-priced items, not applicable with promo codes",2026-07-26
Taj Experiences,Taj Experiences,211,https://www.maximize.money/gift-cards/Taj Experiences/211,active,In-store,1000 / 2000 / 2500 / 3000 / 5000 / 7500 / 10000,No,,4,11.75% off / 12.0% earn,10.5% off / 10.75% earn,9.85% off / 10.1% earn,9.4% off / 9.65% earn,9.5% off / 9.75% earn,9.5% off / 9.75% earn,UPI,11.75,Yes,No,Yes,Valid for upto 12 months,"The cards can be redeemed at Taj, Vivanta or Gateway hotels in India for all valid spends at that hotel and at Taj Reservations Worldwide for prepaid room reservations. This does not include Ginger Hotels. | For prepaid room reservations at Taj Reservations Worldwide the card number and PIN must be quoted when making the reservation. | A valid card in its original form or e-mail must be presented at the time of availing a service.",Redeemable at Taj Hotels & Resorts. | Valid for 12 months from the date of activation. | Cannot be exchanged for cash or transferred. | Partial redemption allowed; balance remains for future stays. | Cannot be used to buy another gift card. | Lost/stolen gift cards will not be replaced. | Refunds for canceled bookings go back to the gift card. | Cannot be combined with other offers. | Taj Hotels reserves the right to modify/cancel terms. | Subject to Taj Hotels' terms & policies.,2026-07-26
Taj Hotels J Wellness Circle Bliss Duo,Taj Hotels J Wellness Circle Bliss Duo,746,https://www.maximize.money/gift-cards/Taj Hotels J Wellness Circle Bliss Duo/746,active,In-store,12000 / 12000,No,,,11.25% off / 11.75% earn,10.0% off / 10.5% earn,9.35% off / 9.85% earn,8.9% off / 9.4% earn,9.0% off / 9.5% earn,9.0% off / 9.5% earn,UPI,11.25,No,No,No,Valid for upto 6 months,"Please do carry a valid Government ID Card to avail of this offer. | This voucher along with ID proof in its original form or e-mail must be presented at the time of availing a service. | Advance bookings for spa treatments are highly recommended to avoid disappointment. Please contact the spa reception to help you with a consultation, booking or any queries you might have. | We encourage you to arrive 30 minutes prior to the scheduled appointment to benefit from the wet and heat areas (operations of the same subject to Government Orders), as this enhances the effect of your treatment. You are requested to wear swimwear in the wet areas. | Should you arrive late for your scheduled appointment, we will try to accommodate you to the best of our ability. Your treatment time may be shortened or rescheduled to avoid any inconvenience to the next guest’s appointment. | Redemption of the voucher by its bearer shall be valid discharge of the company's liabilities in respect of the voucher. | This voucher can be used for a single transaction and not on multiple transactions.","These vouchers are issued by The Indian Hotels Company Limited, hereinafter referred to as Taj / the company. | These vouchers entitles you to the said spa treatment (does not include Spa Indulgences), only at participating Spas across Taj, SeleQtions Gateway and Vivanta hotels, subject to availability. | Please do carry a valid Government ID Card to avail of this offer. | This voucher along with ID proof in its original form or e-mail must be presented at the time of availing a service. | Advance bookings for spa treatments are highly recommended to avoid disappointment. Please contact the spa reception to help you with a consultation, booking or any queries you might have. | We encourage you to arrive 30 minutes prior to the scheduled appointment to benefit from the wet and heat areas (operations of the same subject to Government Orders), as this enhances the effect of your treatment. You are requested to wear swimwear in the wet areas. | Should you arrive late for your scheduled appointment, we will try to accommodate you to the best of our ability. Your treatment time may be shortened or rescheduled to avoid any inconvenience to the next guest’s appointment. | Redemption of the voucher by its bearer shall be valid discharge of the company's liabilities in respect of the voucher. | This voucher can be used for a single transaction and not on multiple transactions. | The voucher shall not be valid for use at any other service establishment nor redeemable for cash. | No refund, replacement or cash back would be considered against the voucher. Once a voucher is issued, the company will not entertain any request for cancellation. Any defaced, torn, altered, spoiled or cancelled voucher is deemed invalid and shall not be accepted. | Any dispute needs to be referred to The Indian Hotels Company Limited and the decision of the company shall be final. | Any further dispute related to the voucher shall be subject to the exclusive jurisdiction of courts at Mumbai. | The voucher is subject to applicable laws. The company, purchaser and the voucher bearer shall comply with all applicable laws promulgated by any statutory/judicial/competent authority from time to time in this regard. | The company reserves the entitlement to amend these terms and conditions from time to time. Any change in these terms and conditions can be viewed on our website.",2026-07-26
Taj Hotels J Wellness Circle Bliss Solo,Taj Hotels J Wellness Circle Bliss Solo,747,https://www.maximize.money/gift-cards/Taj Hotels J Wellness Circle Bliss Solo/747,active,In-store,6000 / 6000,No,,,11.25% off / 11.75% earn,10.0% off / 10.5% earn,9.35% off / 9.85% earn,8.9% off / 9.4% earn,9.0% off / 9.5% earn,9.0% off / 9.5% earn,UPI,11.25,No,No,No,Valid for upto 6 months,,"These vouchers are issued by The Indian Hotels Company Limited, hereinafter referred to as Taj / the company. | These vouchers entitles you to the said spa treatment (does not include Spa Indulgences), only at participating Spas across Taj, SeleQtions Gateway and Vivanta hotels, subject to availability. | Please do carry a valid Government ID Card to avail of this offer. | This voucher along with ID proof in its original form or e-mail must be presented at the time of availing a service. | Advance bookings for spa treatments are highly recommended to avoid disappointment. Please contact the spa reception to help you with a consultation, booking or any queries you might have. | We encourage you to arrive 30 minutes prior to the scheduled appointment to benefit from the wet and heat areas (operations of the same subject to Government Orders), as this enhances the effect of your treatment. You are requested to wear swimwear in the wet areas. | Should you arrive late for your scheduled appointment, we will try to accommodate you to the best of our ability. Your treatment time may be shortened or rescheduled to avoid any inconvenience to the next guest’s appointment. | Redemption of the voucher by its bearer shall be valid discharge of the company's liabilities in respect of the voucher. | This voucher can be used for a single transaction and not on multiple transactions. | The voucher shall not be valid for use at any other service establishment nor redeemable for cash. | No refund, replacement or cash back would be considered against the voucher. Once a voucher is issued, the company will not entertain any request for cancellation. Any defaced, torn, altered, spoiled or cancelled voucher is deemed invalid and shall not be accepted. | Any dispute needs to be referred to The Indian Hotels Company Limited and the decision of the company shall be final. | Any further dispute related to the voucher shall be subject to the exclusive jurisdiction of courts at Mumbai. | The voucher is subject to applicable laws. The company, purchaser and the voucher bearer shall comply with all applicable laws promulgated by any statutory/judicial/competent authority from time to time in this regard. | The company reserves the entitlement to amend these terms and conditions from time to time. Any change in these terms and conditions can be viewed on our website.",2026-07-26
Foxtale,Foxtale,255,https://www.maximize.money/gift-cards/Foxtale/255,active,Online,100 / 250 / 500 / 1000 / 1500 / 2000 / 2500 / 5000,No,,4,17.75% off / 19.75% earn,16.5% off / 18.5% earn,15.85% off / 17.85% earn,15.4% off / 17.4% earn,15.5% off / 17.5% earn,15.5% off / 17.5% earn,UPI,17.75,No,No,No,Valid for a range of 6 - 12 months,"Visit the foxtale website. Add items to your cart and proceed to checkout. | Login with your mobile no. & select your address. | You can add vouchers to your e-Pay balance, and your balance will be shown.",,2026-07-26
Boditive,Boditive,831,https://www.maximize.money/gift-cards/Boditive/831,active,Online,100 / 200 / 100,Yes,50-200,,12.75% off / 13.0% earn,11.5% off / 11.75% earn,10.85% off / 11.1% earn,10.4% off / 10.65% earn,10.5% off / 10.75% earn,10.5% off / 10.75% earn,UPI,12.75,No,No,No,Valid upto 6 Months from purchase,On your cart before checkout Head over to the gift card section and provide your card number pin and registered email along with the amount you would like to deduct from your card. | Click on Redeem and you will able to see your balance and other details and the total after deduction. | Check Gift Card Balance. | To check your balance simply click on Check Balance and provide your card details.,"By purchasing, accepting, or using the Gift Card, you agree to these T&Cs, applicable laws, and the platform’s general Terms of Use. | Gift Cards are redeemable only on this website for eligible goods/services; certain categories (apps, global store items, other gift cards/vouchers) may be excluded. | Upon first redemption, the Gift Card becomes linked to the user’s account and is non-transferable, non-assignable, and cannot be sold. | Gift Cards are valid for 12 months from issue/activation; expired cards and balances are non-redeemable and non-refundable. | Gift Cards cannot be redeemed for cash/credit, returned, exchanged, reloaded, resold, or reissued (except where required by law). | Gift Cards cannot be used to buy other gift cards or prepaid instruments and may not be combined with promotions unless explicitly allowed. | The company is not responsible for lost, stolen, destroyed, or unauthorized use; treat Gift Cards like cash as they will not be replaced. | If the order value exceeds the Gift Card balance, the remaining amount must be paid via another payment method; multiple cards may be used only if permitted by the platform. | Refunds for returned purchases made using Gift Cards will be credited back to the same Gift Card, subject to the site’s return policy; misuse or fraud may lead to cancellation/blocking. | The company may amend these T&Cs without notice; terms are governed by applicable law—contact customer support via the website help center for balance or queries.",2026-07-26
Oh! Calcutta,Oh! Calcutta,544,https://www.maximize.money/gift-cards/Oh! Calcutta/544,active,In-store,250 / 500 / 1000 / 1500 / 2000 / 2500 / 3000 / 5000,No,,4,13.25% off / 13.75% earn,12.0% off / 12.5% earn,11.35% off / 11.85% earn,10.9% off / 11.4% earn,11.0% off / 11.5% earn,11.0% off / 11.5% earn,UPI,13.25,No,No,Yes,Valid for upto 6 months,"Visit the listed restaurant and inform the cashier before placing your order. | Order your meal and enjoy. | At the time of billing, share your Gift Voucher, and pay any remaining amount by card or cash.","Valid only at listed outlets. Outlet list available at https://www.gyftr.com. | The holder of the GV/GC is considered the beneficiary. | Cannot be clubbed with other offers or vouchers. Cannot be used on Meal Combos. | Inform the cashier before billing that you will use a Gift Voucher. | Only listed outlets will accept the GV/GC; outlets may change without notice. | Multiple vouchers can be used in one bill. | This is a one-time use voucher. | No refunds/credit will be issued for unused balances. | Cannot be revalidated after expiry. | Valid only for food and non-alcoholic beverages. | Cannot be redeemed on blockout dates, which may change at the brand’s discretion. | Disputes must be raised with the issuing company; their decision is final. | Redemption may be refused due to technical/admin reasons. | Blocked vouchers due to technical issues will be reactivated within 72 hours. | For support, raise a request at https://www.gvhelpdesk.com.",2026-07-26
Yalla Ludo,Yalla Ludo,1122,https://www.maximize.money/gift-cards/Yalla Ludo/1122,active,Online,190 / 475 / 950 / 2375,No,,4,1.5% off / 1.6% earn,0.25% off / 0.35% earn,,,,,UPI,1.5,No,No,Yes,Valid for upto 6 months,Visit https://www.yallaludo.com or open the Yalla Ludo App and log in. | Tap the Recharge button on the home screen. | Enter your User ID for verification. | Select Gift Card as the payment method. | Choose your preferred recharge denomination. | Enter your 16-digit Gift Voucher PIN. | Confirm the transaction. Your Golds/in-game currency will be credited to your account within 1 hour.,"Redeemable only on the Yalla Ludo website or Yalla Ludo App. | Can only be used to purchase Yalla Ludo in-game currency, items, and rewards. | Gift Voucher can be redeemed during sale periods. | Cannot be clubbed with existing promotional offers. | Multiple Gift Vouchers can be added to a single Yalla Ludo account. | Voucher code is valid for one-time redemption only. | Once redeemed, the account balance can be used across multiple transactions until exhausted. | Once converted into in-game currency, the balance does not expire. | Gift Voucher is non-refundable, non-transferable, non-exchangeable, and cannot be redeemed for cash. | Lost, stolen, or unauthorized use of the Gift Voucher is not the responsibility of Yalla Ludo or GyFTR. | If a Gift Voucher is blocked due to a technical issue, it will be re-enabled within 72 hours. | In case of transaction failure after applying the Gift Voucher, the amount will be automatically refunded to the same card within 48 hours. | Expired or cancelled Gift Vouchers cannot be revalidated. | Yalla Ludo reserves the right to modify or discontinue the Gift Voucher program without prior notice.",2026-07-26
Louis Philippe,Louis Philippe,277,https://www.maximize.money/gift-cards/Louis Philippe/277,active,In-store,250 / 500 / 1000 / 1500 / 2000 / 2500 / 5000 / 7500 / 9999,No,,4,2.0% off / 3.1% earn,0.75% off / 1.85% earn,0.1% off / 1.2% earn,,,,UPI,2.0,No,No,Yes,Valid for upto 6 months,Use the outlet locator to locate the nearest outlet that accepts this Gift Voucher. | Select your choice of product. | Please ask the cashier to select MyGyFTR / VoucherGram / VG Enter only pin | Share your Gift Voucher with the cashier at the time of billing & pay the remaining amount by cash or card if required.,"This is a Louis Philippe Gift Voucher (GV) / Gift Card (GC) and would be accepted at listed outlets. | The person who has the Louis Philippe GV / GC Code is deemed to be the beneficiary. | Do inform the cashier that you plan to use the GV / GC to make payments before billing. | Customer can only redeem if they are registered as loyalty members. Non-CRM customers need to register before the voucher can be redeemed. | Only the listed Louis Philippe outlets at its sole discretion accept the GV / GC. Louis Philippe may add or remove an outlet without giving any prior notice. | In case the value of the merchandise exceeds the value of the GV / GC, the difference must be paid by cash, credit card, or debit card. | More than one GV / GC can be used in one bill. | This is a one-time use GV / GC. | No Credit note / Refund for the unused amount of the GV / GC will be given. | This GV / GC CANNOT be revalidated once it expires. | This GV / GC can be used during sale. | GV / GC cannot be redeemed on specific block-out dates. Louis Philippe may add or delete any date at its sole discretion. | Any dispute related to the GV / GC should be referred to the issuing company and the decision of the issuing company shall be final. | Louis Philippe makes full efforts to accept GV / GC, but on account of any technical/administrative reasons, an outlet may refuse to accept the same. | If GV / GC gets blocked on account of a technical issue, it will get enabled in 3 working days. | Please contact the shop manager for any acceptance issue and if the issue is still not resolved, you can raise a request at https://www.gvhelpdesk.com.",2026-07-26
Luzo salon Spa And Clinics,Luzo salon Spa And Clinics,1054,https://www.maximize.money/gift-cards/Luzo salon Spa And Clinics/1054,active,In-store,500 / 1000 / 1500 / 2000 / 2500 / 5000 / 7500 / 10000 / 500,Yes,250-10000,,40.0% off / 10.0% earn,40.0% off / 8.75% earn,40.0% off / 8.1% earn,40.0% off / 7.65% earn,40.0% off / 7.75% earn,40.0% off / 7.75% earn,UPI,40.0,Yes,Yes,Yes,Valid upto 12 Months from purchase,"Download the LUZO app & sign up. | In the account section select ""Claim Gift Card"". | Enter the code to add the Gift Card balance to your LUZO wallet. | Book your appointment and visit any salon, spa or clinic on the LUZO app after getting a confirmation. | After your services, pay your bill via LUZO and select ""Use Gift Card"" on the payment page to redeem.","Only valid at salons, spas and clinics listed on the LUZO app. | Cannot be used for product / package / membership purchase at the outlet. | Gift card is valid for 12 months from the date of purchase. | Gift card may be claimed only once and is non-refundable, non-transferable, non-cancellable, non-negotiable and non-encashable. | Partial redemption is allowed and the balance can be used for multiple payments via the app until the balance is exhausted or expired. | Signing up on LUZO app / website is mandatory to redeem the gift card. | The gift card balance cannot be used to purchase another gift card. | Please inform the outlet about your reservation through LUZO upon your arrival and show the booking message to have a hassle-free experience. | Before purchasing, please ensure that a LUZO partner outlet is available near your location for redemption. | LUZO shall not be liable for the experience at the partner outlet as we only assist in fulfilling the reservations with the special offers. | LUZO shall not be liable if any outlet is temporarily or permanently shut. In case there are any concerns, please call the LUZO helpline at +919136142432. | The team at LUZO will make its best efforts to resolve an extreme situation if the outlet refuses to accept the payment on the app. In case such an event occurs, please call the LUZO helpline at +919136142432 immediately. LUZO will not be responsible for cases reported post the booking time. | LUZO reserves the right to cancel the orders placed by eligible users if the transaction is found to be of fraudulent nature. | LUZO reserves the right to modify the terms of the offer, or discontinue it at any time without assigning any reasons, and without any prior intimation to users.",2026-07-26
Elivaas,Elivaas,1035,https://www.maximize.money/gift-cards/Elivaas/1035,active,Online,1000 / 2000 / 2500 / 5000 / 7500 / 10000,No,,4,12.0% off / 12.25% earn,10.75% off / 11.0% earn,10.1% off / 10.35% earn,9.65% off / 9.9% earn,9.75% off / 10.0% earn,9.75% off / 10.0% earn,UPI,12.0,No,No,No,Valid upto 6 Months from purchase,Open the website https://www.Elivaas.com | & browse through the site. | Enter the Voucher code under “Discount Coupon” and click Apply. | The Voucher amount will be deducted and shown under the coupon discount section.,"One voucher valid for one transaction. | Multiple coupons cannot be used for single orders and partial redemption is not possible (Coupon value has to be less than the Order Value). | Vouchers can be combined with other banking offers but not with any additional coupon code. | Voucher has limited validity. | Any dispute related to the GV / GC should be referred to the issuing company and the decision of the issuing company shall be final. | If an Insta Gift Voucher (GV) / Gift Card (GC) gets blocked on account of technical issue, it would get enabled in 72 hours. | For any queries / issues related to GV / GC, raise a request at https://www.gvhelpdesk.com.",2026-07-26
Elver,Elver,513,https://www.maximize.money/gift-cards/Elver/513,active,Online,250 / 500 / 1000 / 2000,Yes,100-10000,4,28.75% off / 29.0% earn,27.5% off / 27.75% earn,26.85% off / 27.1% earn,26.4% off / 26.65% earn,26.5% off / 26.75% earn,26.5% off / 26.75% earn,UPI,28.75,Yes,No,Yes,Valid for upto 6 months,"Visit elver.in | Add desired products to cart and click on “Add to bag” | On the payment page, enter the voucher code","Redeemable only on https://www.elver.in | The voucher holder is considered the beneficiary | Can be converted into e-Pay and used partially | Products bought via GV cannot be cancelled or returned, but warranty is still valid | Cannot be revalidated once expired | Non-refundable, non-transferable, and cannot be exchanged for cash | Multiple GVs can be combined into a single e-Pay balance | Cannot be combined with other discounts, promotions, or offers | e-Pay must be linked to a registered mobile number | Elver/GyFTR is not responsible for lost or stolen GVs",2026-07-26
PCJ Diamond Jewellery,PCJ Diamond Jewellery,907,https://www.maximize.money/gift-cards/PCJ Diamond Jewellery/907,active,In-store,2000 / 5000 / 10000 / 20000 / 50000 / 100000 / 2000,Yes,1000-100000,,4.5% off / 4.75% earn,3.25% off / 3.5% earn,2.6% off / 2.85% earn,2.15% off / 2.4% earn,2.25% off / 2.5% earn,2.25% off / 2.5% earn,UPI,4.5,No,No,Yes,Valid for upto 12 months,"Visit the outlet near you. | Before making the purchase, confirm the acceptance of the Gift Card at the store. | Choose the jewellery you would like to buy. | Show your Gift Card details to the cashier at the time of billing and pay any balance amount by cash or card.","PC Jeweller Gift Card/ e-Gift Card is issued by Qwikcilver Solutions Private Limited. | The Gift Card/ e-Gift Card can be purchased for variable denomination upto Rs. 1,00,000. | Valid Gift Card/ e-Gift Card in its original form has to be presented as a payment option at the time of making a purchase. | Multiple transactions can be performed on a Gift Card, e-Gift Card is Only One time Redeemable. | A Gold Coin Card can be used to purchase Gold Coin/ Diamond Jewellery/ Gold Jewellery. | A Gold Jewellery Card can be used to purchase Diamond Jewellery/ Gold Jewellery. | A Diamond Jewellery Card can be used to purchase Diamond Jewellery only | The E- Gift Card’s will carry a card number and a PIN, which will be used for redemption / validation of the card and the amount. The PC Jeweller E- Gift Card is a bearer's card hence no OTP will be sent to the customer at the time of redemption. | The Gift Card/ e-Gift Card may be used at all PC Jeweller stores. | The Gift Card / e-Gift Card balance must be used within two years of the date of issue. | This Gift Card/ e-Gift Card cannot be transferred for balance value or redeemed for cash. | This Gift Card/ e-Gift Card is cash equivalent. Qwikcilver, PC Jeweller or their affiliates are not responsible if this Gift Card is lost, stolen or destroyed or used without permission. | No refund, replacement or cash back would be considered against the Gift Card/ E-Gift Card. | Any defaced, spoiled or cancelled physical Gift Card is termed invalid and shall not be accepted. | Any dispute shall be referred to PC Jeweller and the decision of PC Jeweller will be final. | Subject to the foregoing, these terms and conditions shall be subject to the jurisdiction of courts at New Delhi, India. | PC Jeweller reserves the entitlement to amend these terms and conditions from time to time. Any change in these terms and conditions can be viewed on our website. | Non-receipt of Gift Card post 7 days of receipt of dispatch confirmation has to be reported immediately or else Qwikcilver, PC Jeweller or their affiliates will not be liable for the misuse of the card. | Purchase against the Gift Card will be subject to government prescribed limits for cash purchases. | E-Gift Cards are normally delivered instantly. But sometimes due to system issues, the delivery can be delayed up-to 24 - 48 hours. | No returns and no refunds on gift cards, e-gift cards and gift vouchers shipped by woohoo.in. Please check the refund policy at http://www.woohoo.in/faq for further details.",2026-07-26
GRT Jewellers,GRT Jewellers,403,https://www.maximize.money/gift-cards/GRT Jewellers/403,active,In-store,100 / 500 / 1000 / 2500 / 5000 / 10000 / 25000 / 35000 / 50000,Yes,100-50000,4,2.0% off / 2.1% earn,0.75% off / 0.85% earn,0.1% off / 0.2% earn,,,,UPI,2.0,No,No,No,Valid for upto 12 months,Make your selection of the product and add to the cart. | Enter the gift card number and PIN on the checkout for redemption and add products to the cart. | Proceed to checkout.,"Gift card is activated once issued. | Gift Cards shall be redeemable on the physical Retail Outlets. | Gift Cards have an expiry period and shall be valid for a period of 12 months from the date of activation / issuance. | Gift Cards cannot be exchanged for Cash and/or Cheque. | Gift card is allowed for one time redemption only. Partial redemption of the Gift Card is not allowed and the balance will remain in Gift Card. | No replacement or reimbursement will be provided for lost or expired e-Gift cards. | Bearer is responsible if the e-Gift Card is lost, stolen, destroyed, or used without permission. | If the Gift Card is stolen or lost, neither will a new Gift Card be issued nor will the money be reimbursed in any manner. | The Terms & conditions are subject to change at any time at Brand's discretion, without any prior notice.",2026-07-26
PCJ Gold Jewellery,PCJ Gold Jewellery,908,https://www.maximize.money/gift-cards/PCJ Gold Jewellery/908,active,In-store,2000 / 5000 / 10000 / 20000 / 50000 / 100000,Yes,1000-100000,4,1.75% off / 2.0% earn,0.5% off / 0.75% earn,,,,,UPI,1.75,No,No,Yes,Valid upto 12 Months from purchase,Visit the outlet near you. | Before making the purchase confirm about the acceptance of Gift Card at the store. | Choose the jewellery you would like to buy. | Show your Gift Card details to the cashier at the time of billing & pay any balance amount by cash or card.,"PC Jeweller Gift Card/ e-Gift Card is issued by Qwikcilver Solutions Private Limited. | The Gift Card/ e-Gift Card can be purchased for variable denomination upto Rs. 1,00,000. | Valid Gift Card/ e-Gift Card in its original form has to be presented as a payment option at the time of making a purchase. | Multiple transactions can be performed on a Gift Card | A Gold Coin Card can be used to purchase Gold Coin/ Diamond Jewellery/ Gold Jewellery. | A Gold Jewellery Card can be used to purchase Diamond Jewellery/ Gold Jewellery. | A Diamond Jewellery Card can be used to purchase Diamond Jewellery only | The E- Gift Card’s will carry a card number and a PIN, which will be used for redemption / validation of the card and the amount. The PC Jeweller E- Gift Card is a bearer's card hence no OTP will be sent to the customer at the time of redemption. | The Gift Card/ e-Gift Card may be used at all PC Jeweller stores. | The Gift Card / e-Gift Card balance must be used within two years of the date of issue. | Any unused balance will expire after two years from the date of issue. | This Gift Card/ e-Gift Card cannot be transferred for balance value or redeemed for cash. | This Gift Card/ e-Gift Card is cash equivalent. Qwikcilver, PC Jeweller or their affiliates are not responsible if this Gift Card is lost, stolen or destroyed or used without permission. | No refund, replacement or cash back would be considered against the Gift Card/ E-Gift Card. | Any defaced, spoiled or cancelled physical Gift Card is termed invalid and shall not be accepted. | Any dispute shall be referred to PC Jeweller and the decision of PC Jeweller will be final. | Subject to the foregoing, these terms and conditions shall be subject to the jurisdiction of courts at New Delhi, India. | PC Jeweller reserves the entitlement to amend these terms and conditions from time to time. Any change in these terms and conditions can be viewed on our website. | Non-receipt of Gift Card post 7 days of receipt of dispatch confirmation has to be reported immediately or else Qwikcilver, PC Jeweller or their affiliates will not be liable for the misuse of the card. | Purchase against the Gift Card will be subject to government prescribed limits for cash purchases. | E-Gift Cards are normally delivered instantly. But sometimes due to system issues, the delivery can be delayed up-to 24 - 48 hours. | No returns and no refunds on gift cards, e-gift cards and gift vouchers shipped by woohoo.in. Please check the refund policy at http://www.woohoo.in/faq for further details.",2026-07-26
MPJ Gold Jewellery,MPJ Gold Jewellery,1110,https://www.maximize.money/gift-cards/MPJ Gold Jewellery/1110,active,In-store,1000 / 2000 / 3000 / 5000 / 10000,No,,4,3.0% off / 3.1% earn,1.75% off / 1.85% earn,1.1% off / 1.2% earn,0.65% off / 0.75% earn,0.75% off / 0.85% earn,0.75% off / 0.85% earn,UPI,3.0,No,No,No,Valid upto 90 Days from purchase,"Visit any participating MPJ Jewellers showroom. | Select your preferred jewellery (excluding gold and silver coins). | Present your E-Gift Voucher at the billing counter before invoice generation. | The billing executive will verify the voucher details, validity, expiry date, and available balance. | If your purchase amount exceeds the voucher value, pay the remaining balance using another accepted payment method.","Valid for 90 days from the date of activation/issuance. | Redeemable only at participating MPJ Jewellers showrooms. | Applicable on: Gold Jewellery, Diamond Jewellery, Platinum Jewellery, Silver Jewellery | Not valid on Gold Coins and Silver Coins. | Gift Voucher is single-use only. | Partial redemption is not allowed. Any unused balance will be forfeited. | Cannot be redeemed or exchanged for cash. | Balance and expiry details can be checked at MPJ Jewellers billing counters. | MPJ Jewellers is not responsible for lost, stolen, or unauthorized use of the voucher. | Gift Vouchers cannot be cancelled, refunded, or returned once issued. | Delivery is generally instant but may take up to 24–48 hours due to technical issues. | MPJ Jewellers reserves the right to modify the Terms & Conditions without prior notice. | All disputes are subject to the jurisdiction of courts in Kolkata, West Bengal.",2026-07-26
Dominos,Dominos,507,https://www.maximize.money/gift-cards/Dominos/507,not_scraped,,,No,,,,,,,,,,,No,No,No,,,,2026-07-26
Dominos,Dominos,1017,https://www.maximize.money/gift-cards/Dominos/1017,active,Online,250 / 500 / 750 / 1000 / 1500,Yes,100-10000,4,18.0% off / 18.25% earn,16.75% off / 17.0% earn,16.1% off / 16.35% earn,15.65% off / 15.9% earn,15.75% off / 16.0% earn,15.75% off / 16.0% earn,UPI,18.0,No,Yes,No,Valid for upto 6 months,"Log on to Dominos App. | Add the items in the cart and proceed to checkout. | Click on E Vouchers Tab to add the Gift Cards. Enter Gift Card PIN Only and click on submit. | Pay balance amount at the time of delivery. | Alternative way to redeem - | Open the GyFTR ePay app, add the voucher to your ePay balance, tap Redeem ePay, enter the amount, and confirm the redemption. | Your unique custom ePay code will be generated. | Open the Domino's app, select your product and add it to the cart, go to the cart to view payment options, and choose Gift Card/e-Voucher to enter the voucher code. | If any balance remains after applying the voucher, select Pay in Cash to complete the payment.","This is a Domino’s Pizza GV (Gift Voucher)/e-Pay that will be accepted only on the Domino's India Mobile APP. GV/e-Pay cannot be redeemed directly at the Domino’s outlet. | The person who has the GV/e-Pay is deemed to be the beneficiary. | Multiple GVs cannot be used in one bill/transaction, however you can convert multiple GVs to a single GV via the Gyftr E-Pay app. | Once added to the e-Pay balance, it can be used until exhausted or expired. - https://brandpts.com/dominos | Once the GV gets added to the e-Pay balance, it can be utilized till the balance gets exhausted or expires. No credit note or refund for the unused balance amount will be given. | Partial activation is not allowed. This GV/e-Pay can be activated only once & is not reloadable/cannot be revalidated. | In case the value of the product/items exceeds the value of GV/e-Pay, the difference shall be paid by the customer. | GV/e-Pay cannot be exchanged for cash/gift cards/credit notes. | GV/e-Pay cannot be combined with existing offers and with Domino’s wallet balance. GV/e-Pay cannot be redeemed on specific block-out dates as may be intimated/updated by Jubilant FoodWorks Ltd./Domino’s on its website from time to time. | The GV can be converted into e-Pay as per the holder's convenience. | The GV/e-Pay balance cannot be transferred to another e-Pay account, exchanged for cash, or converted into any other form of currency. | The e-Pay balance must be linked to the registered mobile number. | After conversion into e-Pay balance, this GV is valid for partial redemption. The balance would remain in the e-Pay balance and can be used for multiple transactions within the validity period. | Jubilant FoodWorks Ltd./Domino's may add or delete any date(s)/period(s) at its sole discretion without any liability. | Any dispute related to the GV/e-Pay should be referred to Jubilant FoodWorks Ltd./Domino’s, and the decision of Jubilant FoodWorks Ltd./Domino’s shall be final. In case of any legal disputes, the courts in Delhi shall have the exclusive jurisdiction. | Jubilant FoodWorks Ltd./Domino’s shall, on a best effort basis, attempt to accept GV/e-Pay, but on account of any technical reason or for any reason beyond its control, Domino’s GV/e-Pay may not get accepted on the website, and Domino’s shall have no liability for the same. | If a GV/e-Pay gets blocked on account of a technical issue, it would get enabled in 72 hours. In case of transaction failures after GV/e-Pay is applied, the amount would be automatically refunded to the same cards within 48 hours. | Jubilant FoodWorks Ltd./Domino’s reserves the right to edit/change the terms and conditions for the GV/e-Pay at any time without any notice or liability. | Jubilant FoodWorks Ltd./Domino’s has the final authority on the interpretation of these rules. | Jubilant FoodWorks Ltd./Domino’s reserves the right to withdraw the GV/e-Pay scheme/offer before the completion of the validity period without any notice or liability at its sole discretion. | Jubilant FoodWorks Ltd./Domino’s reserves the right to deny accepting any GV/e-Pay if it suspects that there is duplicity of cards. | In no event shall the liability of Jubilant FoodWorks Ltd./Domino’s for any claims exceed the value of the GV/e-Pay in dispute. | Jubilant FoodWorks Ltd./Domino's is not responsible if the GV is lost, stolen, or used without permission. | The GV/e-Pay CANNOT be revalidated once expired or canceled under any circumstances. | For any queries or issues related to GV/e-Pay, raise a request at https://www.gvhelpdesk.com.",2026-07-26
TA iServeU Gift Card - Max Variant,TA iServeU Gift Card - Max Variant,1086,https://www.maximize.money/gift-cards/TA iServeU Gift Card - Max Variant/1086,not_scraped,,,No,,,,,,,,,,,No,No,No,,,,2026-07-26
TA iServeU Gift Card - Max Variant (Upto 1000),TA iServeU Gift Card - Max Variant (Upto 1000),1130,https://www.maximize.money/gift-cards/TA iServeU Gift Card - Max Variant (Upto 1000)/1130,not_scraped,,,No,,,,,,,,,,,No,No,No,,,,2026-07-26
DPauls,DPauls,812,https://www.maximize.money/gift-cards/DPauls/812,active,Online,1000 / 2000 / 5000 / 10000,No,,4,8.5% off / 8.5% earn,7.25% off / 7.25% earn,6.6% off / 6.6% earn,6.15% off / 6.15% earn,6.25% off / 6.25% earn,6.25% off / 6.25% earn,UPI,8.5,No,No,No,Valid for upto 12 months,"Go to https://dpauls.com | Choose & finalize your preferred services (Flight/ Hotel/ Packages, etc) that you want to buy | Choose the E-Gift Card option during the payment process and make the payment to buy the service.","DPauls E-Gift Cards are issued by DPauls Travel & Tours Ltd. and powered by Maximize. | Valid only for purchasing DPauls services via DPauls.com or at the DPauls office, New Delhi. | Gift Cards are valid for 11 months from the date of issue. | Gift Cards are for individual use only; distributor usage will lead to cancellation with no refund. | Only one Gift Card per invoice/order; multiple Gift Cards cannot be combined. | Cannot be clubbed with any other offer, discount, cashback, or promotion. | Gift Cards cannot be cancelled once purchased unless expressly permitted by DPauls. | Gift Cards cannot be replaced, refunded, revalidated, transferred, resold, or exchanged for cash or credit. | Customer must secure the Gift Card number and PIN; lost, stolen, or misused cards will not be reissued or reset. | DPauls may deny acceptance if duplicate or fraudulent usage is suspected. | Products and services are subject to availability and platform terms. | DPauls’ maximum liability shall not exceed the value of the Gift Card. | Gift Cards are subject to RBI & KYC guidelines; incorrect or insufficient KYC may result in cancellation and data sharing with authorities. | For order cancellations within validity, the amount will be refunded to the same Gift Card; no refund if expired. | Disputes are subject to Delhi jurisdiction; DPauls’ decision is final; support at 011-66211111 / 011-66777111",2026-07-26
Charles and Keith,Charles and Keith,312,https://www.maximize.money/gift-cards/Charles and Keith/312,active,In-store,500 / 1000 / 1500 / 2000 / 2500 / 3000 / 5000 / 7500 / 10000,Yes,100-10000,4,11.75% off / 12.25% earn,10.5% off / 11.0% earn,9.85% off / 10.35% earn,9.4% off / 9.9% earn,9.5% off / 10.0% earn,9.5% off / 10.0% earn,UPI,11.75,Yes,Yes,Yes,Valid for upto 6 months,Check the outlet locator for a store nearby you that accepts the Gift Voucher. | Choose your product. | Share your Gift Voucher at the time of billing & pay rest by cash or card if required.,"This Gift Voucher (GV)/e-Pay and would be accepted at Aldo, Charles & Keith, Call it Spring, Beverly Hills Polo Club, Inglot, Victoria's Secret, Victoria's Secret beauty , Bath & Body works & R&B stores only. | The holder of the GV/e-Pay is deemed to be the beneficiary. | The GV can be converted into e-Pay, as per convenience of the holder. | Multiple GVs can be clubbed and added to a e-Pay balance. | Only valid GVs/e-Pay, at the sole discretion of Apparel group, shall be accepted for redemption. | The e-Pay balance must be linked to the registered mobile number. | The e-Pay cannot be transferred to another e-Pay account, exchanged for cash, or any other form of currency. | GV/e-Pay cannot be revalidated once it expires. | Apparel group, GyFTR, or its affiliates shall not be responsible if the beneficiary shares the GV number or account credentials resulting in unauthorized use of the GV/e-Pay balance. | In case of a technical issue leading to the blockage of GV/e-Pay, it shall be reactivated within 72 hours. | Any dispute should be referred to the company from where the GV/e-Pay has been received, and the company's decision shall be final. | Apparel group or GyFTR may terminate or suspend Apparel group GV/e-Pay if any fraudulent or unauthorized activities are detected. | Apparel group or GyFTR reserves the right to modify or update the terms and conditions of the Apparel group GV/e-Pay at any time. | For any queries/issues related to GV/e-Pay, please raise a request at https://www.gvhelpdesk.com",2026-07-26
Titan Eye Plus,Titan Eye Plus,1048,https://www.maximize.money/gift-cards/Titan Eye Plus/1048,active,In-store,200 / 500 / 1000 / 2000 / 5000 / 10000 / 20000 / 50000,Yes,100-50000,4,6.5% off / 6.75% earn,5.25% off / 5.5% earn,4.6% off / 4.85% earn,4.15% off / 4.4% earn,4.25% off / 4.5% earn,4.25% off / 4.5% earn,UPI,6.5,No,No,Yes,Valid for upto 6 months,"Visit any authorized Titan Eye+ store. | Select your preferred eyewear products. | Inform the cashier that you wish to pay using a Titan Eye+ Gift Card. | Share your Gift Card details at the billing counter. | If the purchase value exceeds the Gift Card amount, pay the remaining balance using another payment method. | Complete the transaction and collect your invoice.",Gift Card is valid for 6 months from the date of issuance. | Redeemable only at authorized Titan Eye+ stores. | Not applicable on discounted products. | Cannot be clubbed with any other store offer or promotion. | Partial redemption is not allowed. | Redeemable only once. | No refund or credit note will be issued for unused or partially used Gift Card value. | Multiple Gift Cards (up to 5) can be used in a single transaction. | Expired Gift Cards cannot be extended or revalidated.,2026-07-26
Nykaa,Nykaa,234,https://www.maximize.money/gift-cards/Nykaa/234,active,Online + In-store,250 / 500 / 1000 / 2000 / 5000 / 10000,Yes,250-10000,4,6.0% off / 6.1% earn,4.75% off / 4.85% earn,4.1% off / 4.2% earn,3.65% off / 3.75% earn,3.75% off / 3.85% earn,3.75% off / 3.85% earn,UPI,6.0,Yes,No,Yes,Valid for upto 12 months,"This Nykaa E-Gift Card is redeemable on the online ecommerce platforms of Nykaa group entities to include Nykaa.com, NykaaMan.com, NykaaFashion.com, and used at Nykaa Retail stores (Lux and On Trend formats). | Select the items you want to purchase and proceed to check out. | Choose Gift Card as the payment mode. | Enter your Card Number and PIN. The Gift Card amount will be deducted from the payable amount. | Pay any balance amount using available payment modes.","Nykaa Gift Cards are issued by Pine Labs Limited, authorised by RBI, and usage implies acceptance of these terms. | Cards can be purchased online (Credit/Debit Card, Net Banking, UPI) or offline at Nykaa stores, with no fees for purchase or redemption. | Gift Cards are issued via nykaa.com/giftcard/list , valid for 365 days, and are non-transferable, non-cancellable, and non-refundable. | Gift Cards cannot be used to buy other Gift Cards, and recipient email/mobile cannot be changed once issued. | Linking to Nykaa Wallet is optional; Wallet registration counts as card registration. | Gift Cards can be redeemed on nykaa.com, nykaaman.com, nykaafashion.com, and Nykaa stores. | Online redemption: if order exceeds card value, pay balance; if less, the remaining balance stays on card. | Offline redemption: if order exceeds card value, pay balance; if less, card cannot be applied. | Only 1 Gift Card per order is allowed, but registered users may add multiple cards to Wallet. | Wallet or Gift Cards cannot be used for Gold, Silver, or Jewellery, and cannot be redeemed for cash, credit, or reloaded; they can be combined with promo codes and other payments. | Nykaa may convert existing balances to Nykaa Cash at its discretion. | Fraudulent or invalid KYC purchases may be cancelled with refund to source; expired cards may be revalidated, and Nykaa/Pine Labs may share KYC/transaction data with regulators. | Customers must keep codes confidential; Nykaa is not liable for misuse, technical issues, errors, bugs, disrupted promotions, or delays; non-functional cards will be replaced for remaining value only; terms follow Indian law under Mumbai courts, and Nykaa may amend them anytime.",2026-07-26
Cleartrip Hotels,Cleartrip Hotels (Custom),227,https://www.maximize.money/gift-cards/Cleartrip Hotels (Custom)/227,active,Online,500 / 1000 / 1500 / 2000 / 2500 / 3000 / 5000,Yes,500-10000,4,16.4% off / 16.5% earn,15.15% off / 15.25% earn,14.5% off / 14.6% earn,14.05% off / 14.15% earn,14.15% off / 14.25% earn,14.15% off / 14.25% earn,UPI,16.4,Yes,No,Yes,Valid for upto 12 months,To redeem this gift card on https://www.cleartrip.com enter the 16 digit Gift card number and 6 digit pin before making payment | Up to 15 gift cards can be used in a single transaction. | Validity is available for a period of 12 months from the date of purchase,"Cleartrip Gift Cards (&ldquo;Gift Cards&rdquo;) are issued by Pine Labs Pvt. Ltd. (&quot;Pine Labs&quot;), a private limited company incorporated under the laws of India, and is authorized by the Reserve Bank of India (&quot;RBI&quot;) to issue such Gift Cards. The Gift cards are issued under the brand name of &ldquo;Qwikcilver&rdquo;. By purchasing the e-Gift Card(s), you are agreeing to and accept these Terms & Conditions. Your use of the e-Gift Cards shall be deemed to be your understanding of, and agreement, to each of the terms and conditions set forth below. | The Gift Cards can be redeemed online against bookings of Hotels as applicable on https://www.cleartrip.com or Cleartrip Mobile App (&quot;Platform&quot;) only. Please note that Gift Cards could be used for booking Hotel only on desktop/laptop on https://www.cleartrip.com. | Gift Cards can be purchased the Platform using the following payment modes only - Credit Card, Debit Card, UPI and Net Banking. | Gift Cards once purchased cannot be cancelled, unless expressly allowed to do so by Cleartrip. | Gift Cards cannot be clubbed with any other offer including but not limited to cashbacks, discounts etc. on a particular credit/debit card. | Any balance amount left on the used Gift Cards can be reused within the validity period. | Gift Cards are valid for a period of 12 months from the date of issuance. | The cardholder may request for revalidation of the expired Gift Card. Upon receipt of such request the Gift Card may be revalidated after due verification and maybe subject to additional terms and conditions. | Maximum amount of each Gift Card cannot exceed Rs.10,000/. | Cleartrip is not responsible if the Gift Card is lost, stolen or used without permission. Gift Card once issued cannot be re-issued nor can the PIN be reset. It is the responsibility of the customer to ensure that the Gift Card once purchased is not lost, stolen, or used without the purchaser&rsquo;s consent. | The Gift Cards cannot be replaced, refunded, or exchanged for cash. | If the order value exceeds the Gift Card amount, the balance must be paid by Credit Card, Debit Card, UPI, Net Banking or any other applicable payment mode. | If the order value is less than the amount of the Gift Card, the outstanding balance (after deduction of order value) will reflect under the same Gift Card and can be used for subsequent transactions. | Convenience Fee will be applicable for all Gift Card bookings (as how it&rsquo;s applicable for any payment method). | In case of transaction failures after Gift Card is applied, amount would be automatically refunded to the same cards as per the terms of use of the Cleartrip platform. | Cleartrip reserves the right to deny accepting any Gift Card if it suspects that there is fraud or duplicity of Gift Cards. | Products and services offered by Cleartrip are subject to availability and terms of use of the Cleartrip platform. | In no event the liability of Cleartrip for any claims arising by the purchase or usage of Gift Cards shall exceed the value of the respective Gift Card. | You shall be responsible for maintaining strict confidentiality of the Gift Card pin/ Gift Card unique number issued to you. Cleartrip shall not be responsible to provide you new Gift Cards in the event this confidentiality obligation is breached by you. Any misuse/unauthorised disclosure of Gift Cards shall result in cancellation of the booking of the flight ticket/hotel, as applicable, without any liability of Cleartrip. | Gift Cards are for individual use only, Travel agents found using Gift Cards would lead to cancellation of booking and no refund would be made. | You can combine a maximum of 15 Gift Cards in a single booking for Hotels booking. | Gift Card balance and transactions can be viewed. https://cleartripgcbal.qwikcilver.com/QwikCilver/sclp.ssa/welcome.aspx?orgname=Cleartrip | Credit and Debit Cards issued outside India cannot be used to purchase Gift Cards | Gift Cards cannot be used to purchase other Gift Cards | Gift Cards cannot be redeemed for Cash or Credit. | Gift Cards cannot be reloaded or resold. | Any offer on Gift Cards including offers by banks and instant cash backs could be withdrawn anytime at the sole discretion of Cleartrip/ Pine Labs. | Gift Cards are subject to the relevant RBI guidelines and other statutory guidelines. Cleartrip at any point of times reserves the right to request from You to provide relevant ID proof and other documents as required under law from time to time. In case You are unable to provide the same, then Gift Cards issued to you may be suspended and/or terminated. You expressly agree and acknowledge that You shall have no claims against us for the balance forfeited from Your Gift Card due to such reason. | Pine Labs Pvt. Ltd./Cleartrip reserves the right to cancel the Gift Card if the same have been found to be purchased with fraudulent means and/or the beneficiary/Know Your Customer (&quot;KYC&quot;) details as per RBI Guidelines are found to be incorrect/insufficient. In such cases, the funds shall be credited back to the same source from where these were received. | Cleartrip at its sole discretion reserves the right to change or revise the above terms and conditions. You shall be responsible to update yourself on the revised terms and conditions and Terms of Use at the time of accessing or using Gift Cards. | You agree and understand that Gift Cards are a pre-paid payment Instrument subjected to regulations by RBI Under the RBI guidelines, Cleartrip/ Pine Labs may be required to share KYC details of the purchaser/ redeemer of the Gift Card and/or any other information with relation to the purchase of the Gift Cards and/or transaction undertaken using the Gift Card with RBI or such statutory authorities. Cleartrip/ Pine Labs may contact the purchaser/redeemer of the GC for any such information.There is no fee or other charges associated with Gift Card purchase. | There is no fee or other charges associated with Gift Card purchase. | Dispute Resolution: | Please refer the Customer Grievance policy for dispute resolution, unauthorized transactions and liability related aspects at https://www.qwikcilver.com/grievance-policy/.com and Phone No. +91 95 95 333 333 | Any disputes concerning Gift Cards shall be subject to jurisdiction in Bangalore and you by purchasing Gift Card agree and submit to such jurisdiction. | By purchasing this gift voucher, you consent to sharing your PII ( Name, Email ID, Telephone Number if available ) with the issuer ( PineLabs ), as per the guidelines of PPI.",2026-07-26
Flipkart -,Flipkart - (Custom),410,https://www.maximize.money/gift-cards/Flipkart - (Custom)/410,active,Online,1000 / 2000 / 5000 / 10000,Yes,100-10000,4,1.25% off / 1.8% earn,0.5% off / 0.55% earn,,,,,UPI,1.25,Yes,Yes,Yes,Valid for upto 12 months,"Go to flipkart.com and select the items you want to purchase. | When you are ready to checkout, click 'Proceed To Pay'. | Select the 'Pay By Gift Card' option. | Enter your 16-digit gift card number and PIN number. | Pay the balance amount using other available payment modes if needed.","Flipkart Gift Cards are issued by Pine Labs Pvt. Ltd, authorized by RBI. | Redeemable online on Flipkart website, app, or m-site. | Can be purchased using Credit Card, Debit Card, or Net Banking only. | Cannot be used to purchase other Gift Cards or Flipkart First subscriptions. | Cannot be used for bulk purchases. | If order exceeds GC value, pay balance using card/net banking (No COD). | Remaining balance after partial use stays on the same Gift Card. | Expired cards can be revalidated upon request, subject to terms. | Gift Cards cannot be redeemed for cash or credit. | Gift Cards from product issues (damaged/missing) cannot be transferred. | User is responsible for the security of Gift Card details. | Loss or misuse of GC PIN due to user fault is not Flipkart/Pine Labs’ liability. | Maximum 15 Gift Cards can be used per order unless added to wallet. | Flipkart/Pine Labs are not liable for products bought using Gift Cards. | Gift Cards cannot be canceled post purchase, unless at sole discretion. | Limit: 100 Gift Cards or ₹1,00,000 per month; excess gets auto-cancelled. | Cards bought via fraudulent means will be canceled; money returned to source. | Incorrect/incomplete KYC details may lead to cancellation. | May be required to share KYC/purchase info with RBI or authorities. | No additional fee or charge on purchase. | Gift Cards cannot be reloaded or resold. | Any promotional offer may be withdrawn anytime at sole discretion. | For disputes or liability, refer to grievance policy at https://www.qwikcilver.com/grievance-policy/",2026-07-26
Nestasia,Nestasia,1082,https://www.maximize.money/gift-cards/Nestasia/1082,active,In-store,500 / 1000 / 2000 / 5000 / 10000,No,,4,12.25% off / 12.5% earn,11.0% off / 11.25% earn,10.35% off / 10.6% earn,9.9% off / 10.15% earn,10.0% off / 10.25% earn,10.0% off / 10.25% earn,UPI,12.25,Yes,Yes,Yes,Valid upto 12 Months from purchase,"Visit a participating Nestasia store. | Select your preferred products. | Share your registered mobile number with the cashier during billing. | The cashier will verify the available Gift Voucher/e-Pay balance. | Confirm the amount you wish to redeem. | Pay the remaining balance, if any, through another payment method. | The cashier will complete the billing and redemption process.","The Gift Voucher is redeemable only at participating Nestasia stores. | The Gift Voucher can be converted into e-Pay balance. | Once converted to e-Pay, the balance can be used partially across multiple transactions during the validity period. | The Gift Voucher can be used on all products and services available at Nestasia stores. | Gift Vouchers can be clubbed with existing offers and discounts. | Multiple Gift Vouchers can be combined and added to the e-Pay balance. | The e-Pay balance must be linked to the registered mobile number. | The Gift Voucher cannot be revalidated once expired. | The Gift Voucher balance cannot be exchanged for cash or transferred to another account. | Nestasia is not responsible for lost, stolen, or unauthorized use of Gift Vouchers. | In case of technical issues, blocked vouchers may be reactivated within 72 hours. | Nestasia reserves the right to modify or withdraw the offer without prior notice. | For support, raise a request at https://www.gvhelpdesk.com.",2026-07-26
FITPASS,FITPASS,275,https://www.maximize.money/gift-cards/FITPASS/275,active,Online,500 / 1000 / 2000,Yes,100-10000,4,20.5% off / 21.0% earn,19.25% off / 19.75% earn,18.6% off / 19.1% earn,18.15% off / 18.65% earn,18.25% off / 18.75% earn,18.25% off / 18.75% earn,UPI,20.5,No,Yes,Yes,Valid for upto 6 months,"Download FITPASS App. | On the screen, select GyFTR Voucher and validate the mobile number through OTP. | Add the Gift Voucher to your Pay Balance. Click on Proceed and it gets added to your FITCASH.","This is a FITPASS Gift Voucher (GV) and would be accepted on the FITPASS app. | The person who has the FITPASS GV is deemed to be the beneficiary. | Single/Multiple GV’s can be clubbed in one bill/transaction. | This is a One-time use GV with an expiration date. | No credit note/refund for the unused balance amount of the GV will be given. | Any such unused balance amount shall stand lapsed automatically. | FITPASS GV CANN anOT be revalidated once expired or cancelled undery situations. | FITPASS GV can be clubbed with any one of the existing offers. | FITPASS GV cannot be redeemed on specific block out dates as may be intimated/updated by FITPASS from time to time. FITPASS may add or delete any date(s)/period(s) on its sole discretion without any liability. | Any dispute related to the GV should be referred to the issuing company and the decision of the issuing company shall be final. | For any queries/issues related to GV, raise a request at https://www.gvhelpdesk.com.",2026-07-26
Fastrack Bags,Fastrack Bags,273,https://www.maximize.money/gift-cards/Fastrack Bags/273,active,In-store,500 / 1000 / 1500 / 2000 / 5000,No,,4,8.25% off / 8.5% earn,7.0% off / 7.25% earn,6.35% off / 6.6% earn,5.9% off / 6.15% earn,6.0% off / 6.25% earn,6.0% off / 6.25% earn,UPI,8.25,No,No,No,Valid for a range of 6 - 12 months,Use the outlet locator to locate the nearest outlet that accepts this Gift Voucher. | Select your choice of Fastrack Bag. | Share your Gift Voucher with the cashier at the time of billing & pay the remaining amount by cash or card if required.,"This is a Fastrack Bags Gift Voucher (GV) / Gift Card (GC) and it can be redeemed at World of Titan & Fastrack stores only. | The holder of the voucher is deemed to be the beneficiary. | Beneficiary should announce the intent of using the voucher before making a purchase. | Only valid vouchers at the sole discretion of TITAN shall be accepted for redemption. | A Maximum of 5 Gift vouchers can be clubbed for a single purchase. | Partial redemption is not allowed, single-time usage only. | No refund or credit note would be issued against unused or partially used voucher. | Not valid for in-store offers. | This Instant Gift Voucher can be redeemed at listed Titan stores across India. | Voucher cannot be revalidated once expired. | TITAN/ affiliates are not responsible on account of the beneficiary sharing the voucher number and the voucher getting redeemed on that account. | The Brand may ask for a valid Government identity proof at the time of redeeming the voucher. | Vouchers will be accepted across all outlets mentioned, but TITAN at its sole discretion may add or remove an outlet from the list without giving any prior notice. | TITAN makes full efforts to accept voucher, but on account of any technical/administrative reasons an outlet may refuse to accept a voucher. | This voucher cannot be redeemed on specific block out dates. TITAN may add or delete any date at its sole discretion. | TITAN or any of its partners would not be liable for any form of compensation on account of an outlet not being able to accept the voucher. The customer would be liable to settle the invoice. | If a voucher gets blocked on account of a technical issue, the voucher would be usable only post 72 hours. | Any dispute should be referred to the company from where the voucher has been received; decision of the TITAN shall be final. | For any queries/issues related to GV/GC, raise a request at https://www.gvhelpdesk.com.",2026-07-26
Tata Cliq,Tata Cliq,887,https://www.maximize.money/gift-cards/Tata Cliq/887,active,Online,250 / 1000 / 2000 / 5000 / 7500,No,,4,10.75% off / 10.9% earn,9.5% off / 9.65% earn,8.85% off / 9.0% earn,8.4% off / 8.55% earn,8.5% off / 8.65% earn,8.5% off / 8.65% earn,UPI,10.75,Yes,No,Yes,Valid upto 12 Months from purchase,"Gift Cards may only be redeemed toward the purchase of eligible products on https://www.tatacliq.com | Login to your Tata CLiQ account | Click on Your Account | Select the CLiQ Cash option | Enter the Gift Card number | Enter the PIN | Click on Add Card to Wallet to add the balance to Tata CLiQ Wallet | While purchasing a product, on the payments page, select CLiQ Cash to redeem the wallet balance","Gift Cards may be redeemed only on: https://www.tatacliq.com , luxury.tatacliq.com and palette.tatacliq.com | Not applicable on purchase of bullions | Not applicable on purchase of gold jewellery from 20th June 2025 onwards | Purchases are deducted from the redeemer’s CLiQ Cash balance | Unused CLiQ Cash balance remains linked to the same tatacliq.com account and applied based on earliest expiry | If purchase amount exceeds CLiQ Cash balance, remaining amount must be paid via credit card, debit card or net banking | No fees or charges apply to Gift Cards | Gift Cards and unused balances expire one year from date of issuance | Gift Cards cannot be used to purchase other gift cards | Gift Cards cannot be reloaded, resold, transferred for value or redeemed for cash | Unused Gift Card balances cannot be transferred to another Tata CLiQ account | No interest is payable on Gift Cards or balances",2026-07-26
Steve Madde-Luxe,Steve Madde-Luxe,901,https://www.maximize.money/gift-cards/Steve Madde-Luxe/901,active,Online + In-store,1000 / 2000 / 2500 / 5000 / 10000,Yes,1000-10000,4,10.0% off / 13.75% earn,10.0% off / 12.5% earn,10.0% off / 11.85% earn,10.0% off / 11.4% earn,10.0% off / 11.5% earn,10.0% off / 11.5% earn,UPI,10.0,No,No,Yes,Valid for upto 12 months,"Visit a participating brand outlet of your choice. | Provide the digital Luxe Gift Card to the cashier at the time of billing. | An OTP will be sent to your registered mobile number during the redemption process. | Share the OTP along with the gift card details to complete the redemption. | To activate your Luxe Gift Card, SMS: ACT <16-digit Card Number> <6-digit Card PIN> to 9704200300 | For balance or validity check, SMS: BAL <16-digit Card Number> to 9704200300","These Terms & Conditions apply to the electronic version of the Luxe Gift Card. | The Luxe Gift Card is issued by Pine Labs Limited (formerly Pine Labs Private Limited) and is valid for 12 months from the date of purchase. | The Luxe Gift Card can be redeemed across 45+ participating brands in India. For store locations, visit: https://www.luxegiftcard.com/brands#store_location | The Luxe Gift Card is not redeemable at airport stores. | The Gift Card can also be redeemed online at the brand websites | The Luxe Gift Card is valid for one-time use only until expiry. If the purchase value exceeds the Gift Card value, the balance amount must be paid by the customer. No refund or credit note will be issued for any unused balance. | Users are advised to protect the Gift Card details. RBL Bank or Pine Labs shall not be liable in case of loss, theft, or misuse of the Gift Card or PIN. The Gift Card will not be replaced or refunded in such cases. | Multiple Luxe Gift Cards can be used in a single transaction. | Once issued, the Luxe Gift Card cannot be cancelled or blocked. | The Gift Card can be redeemed only on full-priced merchandise and is not applicable on discounted items unless specified otherwise. | To activate the Gift Card, send an SMS in the format: ACT <16-digit card number><6-digit PIN> to 9704200300 | Alternatively, activation can be done via the portal: https://bit.ly/4072sdb | For balance enquiry and validity, SMS the 16-digit card number to 9704200300 or visit any participating merchant location. | For complete Terms & Conditions, participating brands, and store locations, visit: https://www.luxegiftcard.com | For bulk enquiries or support, contact: info@luxegiftcard.com | Users can change the SMS transaction alert language by writing to gcsupport.woohoo@pinelabs.com , mentioning the registered mobile number and preferred language (Hindi, Telugu, Tamil, Kannada, Marathi, Bengali, Gujarati, Odia, Punjabi, Malayalam, Assamese). | Pine Labs may take up to 15 working days to update the language preference. Once updated, all future SMS alerts for the Luxe Gift Card will be sent in the selected language.",2026-07-26
Hugo Boss-Luxe,Hugo Boss-Luxe,899,https://www.maximize.money/gift-cards/Hugo Boss-Luxe/899,active,Online + In-store,2000 / 5000 / 10000,Yes,1000-10000,4,10.0% off / 13.75% earn,10.0% off / 12.5% earn,10.0% off / 11.85% earn,10.0% off / 11.4% earn,10.0% off / 11.5% earn,10.0% off / 11.5% earn,UPI,10.0,No,No,Yes,Valid for upto 12 months,"Visit a participating brand outlet of your choice. | Provide the digital Luxe Gift Card to the cashier at the time of billing. | An OTP will be sent to your registered mobile number during the redemption process. | Share the OTP along with the gift card details to complete the redemption. | To activate your Luxe Gift Card, SMS: ACT <16-digit Card Number> <6-digit Card PIN> to 9704200300 | For balance or validity check, SMS: BAL <16-digit Card Number> to 9704200300","These Terms & Conditions apply to the electronic version of the Luxe Gift Card. | The Luxe Gift Card is issued by Pine Labs Limited (formerly Pine Labs Private Limited) and is valid for 12 months from the date of purchase. | The Luxe Gift Card can be redeemed across 45+ participating brands in India. For store locations, visit: https://www.luxegiftcard.com/brands#store_location | The Luxe Gift Card is not redeemable at airport stores. | The Gift Card can also be redeemed online at the brand websites | The Luxe Gift Card is valid for one-time use only until expiry. If the purchase value exceeds the Gift Card value, the balance amount must be paid by the customer. No refund or credit note will be issued for any unused balance. | Users are advised to protect the Gift Card details. RBL Bank or Pine Labs shall not be liable in case of loss, theft, or misuse of the Gift Card or PIN. The Gift Card will not be replaced or refunded in such cases. | Multiple Luxe Gift Cards can be used in a single transaction. | Once issued, the Luxe Gift Card cannot be cancelled or blocked. | The Gift Card can be redeemed only on full-priced merchandise and is not applicable on discounted items unless specified otherwise. | To activate the Gift Card, send an SMS in the format: ACT <16-digit card number><6-digit PIN> to 9704200300 | Alternatively, activation can be done via the portal: https://bit.ly/4072sdb | For balance enquiry and validity, SMS the 16-digit card number to 9704200300 or visit any participating merchant location. | For complete Terms & Conditions, participating brands, and store locations, visit: https://www.luxegiftcard.com | For bulk enquiries or support, contact: info@luxegiftcard.com | Users can change the SMS transaction alert language by writing to gcsupport.woohoo@pinelabs.com , mentioning the registered mobile number and preferred language (Hindi, Telugu, Tamil, Kannada, Marathi, Bengali, Gujarati, Odia, Punjabi, Malayalam, Assamese). | Pine Labs may take up to 15 working days to update the language preference. Once updated, all future SMS alerts for the Luxe Gift Card will be sent in the selected language.",2026-07-26
Ratnadeep Retail,Ratnadeep Retail,925,https://www.maximize.money/gift-cards/Ratnadeep Retail/925,active,In-store,1000 / 2000 / 5000 / 10000 / 20000 / 50000,Yes,500-50000,4,4.0% off / 4.0% earn,2.75% off / 2.75% earn,2.1% off / 2.1% earn,1.65% off / 1.65% earn,1.75% off / 1.75% earn,1.75% off / 1.75% earn,UPI,4.0,No,No,No,Valid upto 12 Months from purchase,Visit the outlet near you. | Before making the purchase confirm about the acceptance of Gift Card at the store. | Choose the products you would like to buy. | Show your Gift Card details to the cashier at the time of billing & pay any balance amount by cash or card.,"Ratnadeep Retail E-Gift Card is powered by Qwikcilver Solutions Private Limited | Gift Cards can be purchased for variable denominations up to ₹50,000 | Valid Gift Card or E-Gift Card must be presented in original form at the time of purchase | E-Gift Card must be redeemed in full and partial redemption is not allowed | Gift Card is valid only at Ratnadeep Retail outlets in Hyderabad, Secunderabad, Bangalore, and Guntur | Gift Card carries a card number and PIN which are required for redemption | E-Gift Card is a bearer instrument and no OTP will be sent at the time of redemption | Gift Card balance must be used within 365 days from the date of issue | Unused balance cannot be transferred or redeemed for cash | Gift Card is equivalent to cash and should be kept safely by the bearer | Ratnadeep Retail, Qwikcilver, or affiliates are not responsible for lost, stolen, or unauthorized use of the card | No refund, replacement, or cashback will be provided against the Gift Card | Defaced, spoiled, or cancelled physical Gift Cards will be treated as invalid | Any dispute will be referred to Ratnadeep Retail and the company’s decision will be final | All disputes are subject to the jurisdiction of courts in Secunderabad / Hyderabad, India | Ratnadeep Retail reserves the right to amend the terms and conditions at any time | Balance enquiry and expiry details can be checked by sending SMS RSMBAL <16-digit card number> to 9901772377",2026-07-26
Yatra - 1500,Yatra - 1500,605,https://www.maximize.money/gift-cards/Yatra - 1500/605,active,Online,1500 / 1500,No,,,35.0% off / 35.25% earn,33.75% off / 34.0% earn,33.1% off / 33.35% earn,32.65% off / 32.9% earn,32.75% off / 33.0% earn,32.75% off / 33.0% earn,UPI,35.0,No,No,No,Valid for upto 6 months,"Visit https://www.yatra.com or open the Yatra mobile app. | Search and select your preferred flight. | Review your booking and enter passenger details. | Proceed to the payment page. | Select Gift Voucher as the payment method. | Enter the Gift Card number and redeem the voucher. | Pay the remaining amount, if any, using another payment method. | Complete the booking and receive your confirmation.","The Gift Card is valid only for flight bookings on the Yatra website and mobile app. | This is a one-time use Gift Card. | Only one Gift Card can be used per booking. | Unused balance, if any, will be forfeited after redemption. | The Gift Card cannot be clubbed with any other offer, discount, cashback, or promotion. | If the booking amount exceeds the Gift Card value, the balance must be paid separately. | The Gift Card cannot be revalidated once expired or cancelled. | In case of customer-initiated cancellation, the Gift Card value will be forfeited. | Gift Cards are non-refundable, non-transferable, and cannot be exchanged for cash. | Yatra is not responsible for lost, stolen, damaged, or unauthorized use of Gift Cards. | If a Gift Card is blocked due to technical issues, it may be reactivated within 72 hours. | Travel agents are not permitted to use these Gift Cards. | All disputes are subject to the jurisdiction of courts in Gurgaon, Haryana. | For support, raise a request at https://www.gvhelpdesk.com.",2026-07-26
EatSure,EatSure,616,https://www.maximize.money/gift-cards/EatSure/616,active,Online,100 / 250 / 500 / 1000 / 1500 / 2000,No,,4,10.0% off / 10.25% earn,8.75% off / 9.0% earn,8.1% off / 8.35% earn,7.65% off / 7.9% earn,7.75% off / 8.0% earn,7.75% off / 8.0% earn,UPI,10.0,Yes,No,No,Valid for upto 12 months,"Open the EatSure app on your Android or iOS device. | Browse & add items you wish to purchase to your cart. | Proceed to checkout and fill in your delivery address. | Choose “Pay by Gift Card” as your payment method. | Enter your Alphanumeric PIN In Giftcard Code section, 6 digit pin not required | If the order value exceeds the card balance, pay the remaining amount using other available payment modes.","Can only be redeemed on the EatSure Android/iOS app. | Valid for 12 months from date of issue. | Must be added to your EatSure user account using the 16-digit code & mPIN during checkout. | Can be used multiple times until the balance is exhausted. | Only 1 Gift Card can be used per order. | If the order exceeds the gift card value, pay the remaining amount via other payment methods. | If an order is cancelled, the used amount is credited back to the EatSure Gift Card. | Can only be bought via Indian debit/credit cards (not by cash or wallets). | Cannot be reloaded once the value is used. | No cash withdrawal or exchange allowed. | No duplicate card issued if lost or stolen. | Cards bought with fraudulent methods will be blocked and refunded to source. | For issues, contact goodness@eatsure.com.",2026-07-26
Tira Beauty,Tira Beauty,1119,https://www.maximize.money/gift-cards/Tira Beauty/1119,active,Online + In-store,200 / 500 / 1000 / 2000 / 5000 / 10000,Yes,100-10000,4,3.0% off / 3.25% earn,1.75% off / 2.0% earn,1.1% off / 1.35% earn,0.65% off / 0.9% earn,0.75% off / 1.0% earn,0.75% off / 1.0% earn,UPI,3.0,Yes,Yes,Yes,Valid upto 12 Months from purchase,"Visit the Tira Beauty website, app, or any participating Tira Beauty store. | Browse and select your preferred beauty products. | At checkout, choose Gift Card as the payment option. | Enter the Gift Card details (or present them at the store billing counter). | If your purchase exceeds the Gift Card value, pay the remaining balance using another accepted payment method.","Redeemable only on the Tira Beauty website, app, and participating Tira Beauty stores. | Valid for 365 days from the date of purchase/issuance. | Gift Cards can be clubbed with ongoing offers and promotions. | Can be used to purchase eligible products available on Tira Beauty. | If the purchase value exceeds the Gift Card balance, the remaining amount must be paid using another payment method. | Cannot be redeemed for cash or refunded. | Lost, stolen, damaged, or expired Gift Cards will not be replaced. | Tira Beauty reserves the right to modify the Terms & Conditions without prior notice.",2026-07-26
Marks &amp; Spencer,Marks &amp; Spencer,957,https://www.maximize.money/gift-cards/Marks &amp; Spencer/957,active,In-store,1000 / 2000 / 5000 / 7500 / 10000,Yes,1000-10000,4,13.25% off / 13.5% earn,12.0% off / 12.25% earn,11.35% off / 11.6% earn,10.9% off / 11.15% earn,11.0% off / 11.25% earn,11.0% off / 11.25% earn,UPI,13.25,No,No,No,Valid for upto 12 months,Show the GC at the billing counter for redemption on offline store,"E-Gift Voucher is redeemable only at all Marks and Spencer stores within the territory of India. | E-Gift Voucher is redeemable only once and only by the bearer. | E-Gift Voucher is valid for a period of 1 year from the date of issue. | E-Gift Voucher must be used in full. In case the value of the merchandise exceeds the value of the E-Gift Voucher, the difference shall be paid by the bearer. | No refunds or credit notes shall be issued for any unused portion of the E-Gift Voucher. | Marks and Spencer Reliance India Pvt. Ltd. (MSR) shall not assume any liability in case the E-Gift Voucher PIN is stolen or compromised. | MSR shall neither replace the E-Gift Voucher nor refund cash. | Once the E-Gift Voucher is issued, no request for cancellation will be entertained. | Any redemption by the bearer shall be considered as a valid discharge of Marks and Spencer’s liability. | MSR reserves the right to alter any or all of the terms and conditions of this E-Gift Voucher at any time without prior notice. | E-Gift Voucher validity cannot be extended and no new E-Gift Voucher will be issued after expiry. | All returns and refunds are subject to Marks & Spencer’s exchange and return policy. | Marks and Spencer Reliance India Pvt. Ltd. reserves the right to amend the terms and conditions of the Gift Card at any time and to take appropriate action, including cancellation of the card, at its discretion if it deems such action necessary. This does not affect your legal rights.",2026-07-26
Marks &amp; Spencer,Marks &amp; Spencer,279,https://www.maximize.money/gift-cards/Marks &amp; Spencer/279,active,Online + In-store,1000 / 2000 / 5000 / 7500 / 10000,Yes,100-10000,4,10.0% off / 12.25% earn,8.75% off / 11.0% earn,8.1% off / 10.35% earn,7.65% off / 9.9% earn,7.75% off / 10.0% earn,7.75% off / 10.0% earn,UPI,10.0,No,Yes,Yes,Valid for 6 - 12 months,"Gift Vouchers are ACCEPTED on the website, app, and all listed outlets. | Gift Vouchers CAN be used during Sale. | More than one GV / GC can be used in one bill. | Once the Vouchers are added to e-Pay online, they cannot be used in Retail Stores.","This is a Marks & Spencer Gift Voucher (GV)/e-Pay and can be redeemed for any product on the listed stores/mobile app/at https://www.marksandspencer.in/. | The person with the Marks & Spencer GV/ e-Pay is deemed the beneficiary. | Once the Vouchers are added to e-Pay online, they cannot be used in Retail Stores. | The GV/e-Pay cannot be revalidated once it expires. | The GV can be converted into e-Pay, and then it can be used partially at the holder's convenience. | GV/e-Pay is non-refundable, may not be exchanged, transferred, or resold, and may not be redeemed for cash. | Multiple GVs can be combined and added to the e-Pay balance. | The GV/e-Pay can be clubbed with ongoing sales. | Marks & Spencer/GyFTR is not responsible for lost, damaged, or stolen GV/e-Pay. | Any dispute should be referred to the company and the decision of the company shall be final. | GV/e-Pay has been issued subject to the terms of the company. | Marks and Spencer makes full efforts to accept GV/e-Pay but on account of any technical/administrative reasons an outlet may refuse to accept the same. | For any concerns or issues related to GV / GC, raise a request at https://www.gvhelpdesk.com.",2026-07-26
Armani Exchange-Luxe,Armani Exchange-Luxe,451,https://www.maximize.money/gift-cards/Armani Exchange-Luxe/451,active,Online + In-store,2000 / 5000 / 10000,Yes,1000-10000,4,10.0% off / 13.0% earn,10.0% off / 11.75% earn,10.0% off / 11.1% earn,10.0% off / 10.65% earn,10.0% off / 10.75% earn,10.0% off / 10.75% earn,UPI,10.0,No,No,Yes,Valid for upto 12 months,"Redeem your Luxe Gift Card at a participating brand of your choice by providing the digital gift card. | An OTP will be generated and sent to your registered mobile number at the time of redemption. | Use your Luxe Gift Card along with the OTP to complete the redemption. | To activate the gift card, SMS the activation details to 9704200300. | For balance enquiry and validity, SMS the relevant details to 9704200300.","These Terms & Conditions apply to the electronic version of the Luxe Gift Card. | The Luxe Gift Card is issued by Pine Labs Limited (formerly Pine Labs Private Limited) and is valid for 12 months from the date of purchase. | The Luxe Gift Card can be redeemed across 45+ participating brands in India. For store locations, visit: https://www.luxegiftcard.com/brands#store_location | The Luxe Gift Card is not redeemable at airport stores. | The Gift Card can also be redeemed online at the brand websites | The Luxe Gift Card is valid for one-time use only until expiry. If the purchase value exceeds the Gift Card value, the balance amount must be paid by the customer. No refund or credit note will be issued for any unused balance. | Users are advised to protect the Gift Card details. RBL Bank or Pine Labs shall not be liable in case of loss, theft, or misuse of the Gift Card or PIN. The Gift Card will not be replaced or refunded in such cases. | Multiple Luxe Gift Cards can be used in a single transaction. | Once issued, the Luxe Gift Card cannot be cancelled or blocked. | The Gift Card can be redeemed only on full-priced merchandise and is not applicable on discounted items unless specified otherwise. | To activate the Gift Card, send an SMS in the format: ACT <16-digit card number><6-digit PIN> to 9704200300 | Alternatively, activation can be done via the portal: https://bit.ly/4072sdb | For balance enquiry and validity, SMS the 16-digit card number to 9704200300 or visit any participating merchant location. | For complete Terms & Conditions, participating brands, and store locations, visit: https://www.luxegiftcard.com | For bulk enquiries or support, contact: info@luxegiftcard.com | Users can change the SMS transaction alert language by writing to gcsupport.woohoo@pinelabs.com , mentioning the registered mobile number and preferred language (Hindi, Telugu, Tamil, Kannada, Marathi, Bengali, Gujarati, Odia, Punjabi, Malayalam, Assamese). | Pine Labs may take up to 15 working days to update the language preference. Once updated, all future SMS alerts for the Luxe Gift Card will be sent in the selected language.",2026-07-26
Amazon Prime Voucher - 3 months Membership,Amazon Prime Voucher - 3 months Membership,550,https://www.maximize.money/gift-cards/Amazon Prime Voucher - 3 months Membership/550,active,Online,599 / 599,No,,,15.0% off / 17.75% earn,13.75% off / 16.5% earn,13.1% off / 15.85% earn,12.65% off / 15.4% earn,12.75% off / 15.5% earn,12.75% off / 15.5% earn,UPI,15.0,No,No,No,Valid for upto 12 months,"Visit: https://www.amazon.in/vouchers | Enter Code: Use the 13-digit voucher code in the ""Add new"" section. | Click: Tap on the ""Add"" button to load the voucher.","The voucher is issued by Pine Labs Private Limited, co-branded with Amazon Pay (India) Pvt. Ltd.. | Cannot be used for: Global Store products, bill payments, recharges, tickets, financial products. | Cannot be used for: Buying Amazon Pay pre-loaded gift cards. | Cannot be used for: Mixed orders (if even one item is ineligible). | Cannot be used for: Redeeming on Amazon Business accounts. | Cannot be used by: Users with telecom-activated Prime memberships (e.g., via Airtel, Jio, VI). | Cannot be used by: Existing Prime users who subscribed via Google Play. | Not transferable, non-refundable, and cannot be cancelled once issued. | Voucher cannot be reused and only one can be applied per customer. | Credit/Debit cards issued outside India cannot be used to purchase this voucher. | Pine Labs, Amazon, or affiliates are not liable if the voucher is lost, stolen, or misused. | Expiry: 12 months from the date of activation. | Amazon Prime memberships activated via this voucher cannot be cancelled. | Terms may change without prior notice. | Trademarks of Amazon and Pine Labs are IP of respective owners. | Use of the voucher is subject to Amazon and Pine Labs’ terms.",2026-07-26
Chumbak,Chumbak,239,https://www.maximize.money/gift-cards/Chumbak/239,active,In-store,250 / 500 / 1000 / 1500 / 2000,No,,4,13.0% off / 13.25% earn,11.75% off / 12.0% earn,11.1% off / 11.35% earn,10.65% off / 10.9% earn,10.75% off / 11.0% earn,10.75% off / 11.0% earn,UPI,13.0,No,No,Yes,Valid for upto 12 months,"Visit Chumbak listed outlet. Share the registered mobile number with cashier, once products are scanned for invoicing | Cashier will confirm the available Gift Voucher and its balance Or share the voucher code with the cashier | Confirm the amount to be used for redemption and proceed further. You can make the balance payment by any other payment mode.","This is a CHUMBAK Insta Gift Voucher (GV) / Gift Card (GC) and would be accepted at the stores. | The holder of the Instant Gift Voucher is deemed to be the beneficiary. | Beneficiary should announce the intent of using the Instant Gift Voucher before making a purchase. | Only valid Instant Gift Vouchers at the sole discretion of CHUMBAK shall be accepted for redemption. | This is a ONE time use GV / GC. | Multiple vouchers can be used against one bill. | Instant Gift Voucher cannot be revalidated once expired. | CHUMBAK or its affiliates are not responsible on account of the beneficiary sharing the Instant Gift voucher number and the voucher getting redeemed on that account. | The Brand may ask for a valid Government identity proof at the time of redeeming the voucher. | Instant Gift Vouchers will be accepted across all mentioned outlets at its sole discretion. The brand may add or remove an outlet from the list without giving any prior notice. | CHUMBAK makes full efforts to accept all Instant Gift Vouchers but on account of technical / administrative reasons, an outlet may refuse to accept vouchers. | This Instant Gift Voucher cannot be redeemed on specific block out dates. CHUMBAK may add or delete any date on its sole discretion. Instant Gift Voucher cannot be redeemed during EOSS. | CHUMBAK or any of its partners would not be liable to pay any form of compensation etc on account of an outlet not being able to accept Instant Gift Voucher. The customer would be liable to settle the bill. | If an Instant Gift Voucher gets blocked on account of technical issue, it would get activated in 72 hours. | Any dispute should be referred to the company from where the Instant Gift Voucher has been received, decision of the company shall be final. | For any queries / issues related to GV / GC, raise a request at https://www.gvhelpdesk.com",2026-07-26
YouMee,YouMee,1050,https://www.maximize.money/gift-cards/YouMee/1050,active,In-store,1000 / 2000 / 5000 / 10000 / 20000 / 50000,Yes,500-50000,4,8.5% off / 8.75% earn,7.25% off / 7.5% earn,6.6% off / 6.85% earn,6.15% off / 6.4% earn,6.25% off / 6.5% earn,6.25% off / 6.5% earn,UPI,8.5,No,No,No,Valid upto 6 Months from purchase,"Visit a participating YouMee or Lite Bite Foods outlet. | Enjoy your meal through dine-in or takeaway. | At the time of billing, inform the cashier that you would like to redeem a Gift Card. | Share the Gift Card number and PIN with the cashier. | The cashier will validate and redeem the Gift Card. | Pay any remaining balance, if applicable. | Collect the final invoice.","Redeemable across participating Lite Bite Foods outlets. | Valid only for dine-in and takeaway orders. | Not valid on 31st December. | Gift Card validity is 6 months from the date of issue. | Only one Gift Card can be used per bill. | Cannot be clubbed with any other ongoing offer or promotion. | Gift Card is valid for one-time redemption only. | Gift Card is non-transferable and cannot be resold, exchanged, or encashed. | Prior reservation is recommended. | Lite Bite Foods reserves the right to reject or cancel the Gift Card in case of misuse or breach of terms. | Lost or deleted Gift Cards can be reported via corpsales@lbf.co.in.",2026-07-26
Trends Women,Trends Women,947,https://www.maximize.money/gift-cards/Trends Women/947,active,In-store,200 / 500 / 1000 / 2000 / 5000 / 10000,Yes,100-10000,4,5.0% off / 5.25% earn,3.75% off / 4.0% earn,3.1% off / 3.35% earn,2.65% off / 2.9% earn,2.75% off / 3.0% earn,2.75% off / 3.0% earn,UPI,5.0,No,Yes,Yes,Valid upto 12 Months from purchase,Visit a Trends Women store near you | Confirm acceptance of the Gift Voucher at the store before purchase | Select the products you wish to buy | Present the Gift Voucher details to the cashier at the time of billing | Pay any remaining balance using cash or card,"This Gift Voucher is issued by Reliance Retail Limited | Gift Voucher is valid for 12 months from the date of receipt | Gift Voucher can be redeemed only against the purchase of eligible products from Trends Women stores in India | Gift Voucher cannot be exchanged for cash | Gift Voucher is one-time redeemable only | Gift Voucher is not valid for the purchase of gold or silver coins | Gift Voucher cannot be redeemed partially and must be redeemed for full value | No extension of validity or refund will be provided if the voucher is not used within the validity period | Reliance Retail is not responsible for loss or misuse of the Gift Voucher and no duplicate or compensation will be provided | Reliance’s overall liability shall not exceed the value of the Gift Voucher | Gift Vouchers can be used to purchase discounted products | Multiple Gift Vouchers can be used in a single bill | Gift Vouchers are accepted at all listed outlets on storelocator.ril.com/Retail | Gift Vouchers cannot be used online | The bearer of the Gift Voucher is deemed to have read, understood, and accepted all terms and conditions | The bearer of the Gift Voucher is deemed to be the beneficiary | Reliance Retail shall not be liable for any loss, damage, expense, or third-party liability arising from use of the Gift Voucher | Product warranty, guarantee, and quality issues must be addressed to the respective manufacturer or brand owner | Reliance Retail reserves the right to amend the terms and conditions at any time without prior notice | For store-related issues, customers may contact the customer service desk or call 1800 891 0001 or email customerservice@ril.com | For voucher receipt issues, customers may contact Pine Labs at rrlsupport@pinelabs.com | Gift Voucher usage is subject to applicable laws of India | All disputes are subject to the jurisdiction of courts at Mumbai only",2026-07-26
Nua Women,Nua Women,806,https://www.maximize.money/gift-cards/Nua Women/806,active,Online,200 / 500 / 1000 / 2000 / 5000 / 10000,Yes,100-10000,4,26.75% off / 27.5% earn,25.5% off / 26.25% earn,24.85% off / 25.6% earn,24.4% off / 25.15% earn,24.5% off / 25.25% earn,24.5% off / 25.25% earn,UPI,26.75,Yes,No,Yes,Valid upto 6 Months from purchase,"Visit nuawoman.com | Add products to cart and proceed to checkout | Select GyFTR e-Pay as the payment option | Enter the voucher code under “Gift Voucher – ePay” and click Add | Use the available balance or add multiple vouchers if needed | Complete the order using e-Pay balance (pay extra amount, if any)","Redeemable only on Nua official website: https://nuawoman.com | Voucher holder is considered the beneficiary | Valid for all products & services on Nua website except subscriptions | GV can be converted into e-Pay balance at user’s convenience | After conversion, partial redemption allowed | Remaining balance stays in e-Pay and can be used for multiple transactions within validity | e-Pay balance must be linked to the registered mobile number | Balance cannot be transferred, exchanged for cash, or other currency | Expired or cancelled GV/e-Pay cannot be revalidated | Redemption subject to Nua’s sole discretion | Not responsible for lost, stolen, or unauthorized use | If blocked due to a technical issue, it will be reactivated within 72 hours | Any dispute decision by the issuing company will be final | Nua/Maximize can modify or withdraw the offer without prior notice | GV can be used over and above existing website discounts",2026-07-26
American Tourister,American Tourister,235,https://www.maximize.money/gift-cards/American Tourister/235,active,In-store,1000 / 2000,Yes,100-10000,4,6.25% off / 6.5% earn,5.0% off / 5.25% earn,4.35% off / 4.6% earn,3.9% off / 4.15% earn,4.0% off / 4.25% earn,4.0% off / 4.25% earn,UPI,6.25,No,Yes,Yes,Valid for upto 6 months,Use the outlet locator to locate the nearest outlet that accepts this Gift Voucher. | Select your choice of merchandise | Share your Gift Voucher with the cashier at the time of billing & pay the remaining amount by cash or card if required.,"This is a American Tourister Insta Gift Voucher and would be accepted at the store | The person who has the American Tourister GV Code is deemed to be the beneficiary | Multiple GV's can be used in one single purchase | GV will be Valid for redemption only on products on discount upto 30% in case of Samsonite and upto 50% on American Tourister respectively. | American Tourister GV is a One-Time use Gift Voucher | No credit note/ Refund for the unused amount of the GV will be given | The GV's are neither transferable nor redeemable in cash nor negotiable | No replacement will be given for any misplaced voucher. | American Tourister Gift Voucher CANNOT be revalidated once expired | Partial redemption of the voucher is not permitted. | If the order value exceeds the e-Gift Card amount, the balance must be paid by another payment option. | All disputes shall be governed by Indian laws and are subject to the exclusive jurisdiction of the competent courts/tribunals of Mumbai | The participation in the offer is entirely voluntary and it is understood, that the participation shall be deemed to have been made on a voluntary basis | In all matters relating to the Offer, the decision of Samsonite South Asia Private Limited shall be final and binding in all respects. | The discount is not available wherever prohibited and/or on products/services for which such offers cannot be made available for any reason whatsoever | For any queries / issues related to GV / GC, raise a request at https://www.gvhelpdesk.com",2026-07-26
Mia By Tanishq,Mia By Tanishq,345,https://www.maximize.money/gift-cards/Mia By Tanishq/345,active,In-store,500 / 1000 / 2500 / 5000 / 10000 / 25000 / 50000 / 500,Yes,500-100000,,4.0% off / 4.1% earn,2.75% off / 2.85% earn,2.1% off / 2.2% earn,1.65% off / 1.75% earn,1.75% off / 1.85% earn,1.75% off / 1.85% earn,UPI,4.0,No,No,No,Valid for upto 6 months,"Make your selection of the products and provide the Gift card number and PIN to the store staff at participating Mia and Tanishq showrooms | After successful payment, the gift card is redeemed for product purchase","This e-Gift card is activated once issued. | This e-Gift Card is valid for 180 days from the date of issuance and it can not be further re-validated for any reason whatsoever. | This e-Gift card is valid only on Mia Studded Products at the participating Mia by Tanishq Authorised Showrooms in India. | This e-Gift card allowed for one-time redemption only. | Any unused balance on the e-Gift card, will not be refunded or credited. | Tanishq will not replace or reimburse the value of your e-Gift card, if it is misused or expired. | This e-Gift Card is non-encashable. | Bearer is responsible if an e-Gift Card is used without bearer’s permission. | These terms and conditions shall be governed by the laws of India and you agree to submit to the exclusive jurisdiction of the courts at Bangalore. | These terms & conditions are subject to change at any time, without any prior notice. | This e Gift card is only entitlement to use to the extent of the load value of the Gift card and is non- encashable. | If the value of the purchase is less than the value of the Gift card, the balance is non-refundable. | For load value of e-Gift Card & Expiry check, SMS - TNQBAL <16 Digit card number> to 8861208222 or check at the Tanishq store’s cash counter. | This Gift card is not a legal tender. | Make your selection of the products and provide the Gift card number and PIN to the store staff at participating Mia and Tanishq showrooms | After successful payment, the gift card is redeemed for product purchase.",2026-07-26
Microsoft Office,Microsoft Office,1129,https://www.maximize.money/gift-cards/Microsoft Office/1129,active,Online,6899 / 8199 / 10999,No,,4,4.0% off / 4.25% earn,2.75% off / 3.0% earn,2.1% off / 2.35% earn,1.65% off / 1.9% earn,1.75% off / 2.0% earn,1.75% off / 2.0% earn,UPI,4.0,No,No,No,Valid upto 6 Months from purchase,Visit Office.com/setup and sign in with your Microsoft account (or create one if you don't have one). | Enter your 25-character Product Key received with the Gift Voucher. | Review your Microsoft 365 subscription details. | Confirm your subscription and download OfficeSetup.exe. | Click Install Office to complete the installation on your device.,"Redeemable only online at Office.com/setup. | Valid for one Microsoft 365 subscription only. | Only one Gift Voucher can be used per subscription. | One-time redemption only. | Cannot be clubbed with any existing offers or promotions. | AI features (Microsoft Copilot) require an eligible Microsoft 365 Personal or Family subscription. | Copilot in Excel requires files to be saved in OneDrive with AutoSave enabled. | Copilot in Outlook is supported only for Outlook.com, Hotmail, Live, and MSN accounts. | App availability and features may vary by device and operating system. | Voucher is non-refundable, non-transferable, non-resalable, and cannot be exchanged for cash. | Expired or cancelled vouchers cannot be revalidated. | Microsoft and GyFTR are not responsible for lost, stolen, or damaged vouchers. | For additional Microsoft terms, refer to Microsoft's official Gift Card Terms.",2026-07-26
Kimirica,Kimirica,846,https://www.maximize.money/gift-cards/Kimirica/846,active,Online,200 / 500 / 1000 / 2000 / 5000 / 10000,Yes,100-10000,4,14.75% off / 15.25% earn,13.5% off / 14.0% earn,12.85% off / 13.35% earn,12.4% off / 12.9% earn,12.5% off / 13.0% earn,12.5% off / 13.0% earn,UPI,14.75,Yes,Yes,Yes,Valid upto 6 Months from purchase,"Visit https://www.kimirica.shop , add products to your cart, and proceed to Checkout. | Click on “Use e-Pay Voucher”, enter your Gift Voucher Code, and select “Add Gift Voucher to e-Pay.” | If there is a remaining payable amount, complete the payment using any other available payment method.","This is a Kimirica Gift Voucher (GV) / e-Pay, redeemable only on https://www.kimirica.shop . | The holder of the GV/e-Pay is the beneficiary. | GV/e-Pay can be used for all products and services on the Kimirica website and can be clubbed with existing discounts/offers. | The GV can be converted into e-Pay at the holder’s convenience, and multiple GVs can be combined into the e-Pay balance. | The e-Pay balance must be linked to the registered mobile number. | After conversion, partial redemption is allowed; unused balance remains in the e-Pay wallet and can be used across multiple transactions within validity. | GV/e-Pay cannot be transferred, exchanged for cash, or converted into any other currency. | Only valid GV/e-Pay, at the sole discretion of Kimirica, will be accepted for redemption. | GV/e-Pay cannot be revalidated once expired or cancelled under any circumstances. | Kimirica/GyFTR is not responsible for lost, stolen, or unauthorised use of GV/e-Pay. | If GV/e-Pay is blocked due to a technical issue, it will be enabled within 72 hours. | Kimirica/Maximize reserves the right to modify, withdraw, or cancel the offer anytime; disputes must be referred to the issuing company (decision final), and support requests can be raised at https://www.gvhelpdesk.com .",2026-07-26
Mokobara,Mokobara,622,https://www.maximize.money/gift-cards/Mokobara/622,active,Online + In-store,5000 / 10000 / 20000,Yes,2500-30000,4,8.0% off / 8.25% earn,6.75% off / 7.0% earn,6.1% off / 6.35% earn,5.65% off / 5.9% earn,5.75% off / 6.0% earn,5.75% off / 6.0% earn,UPI,8.0,Yes,No,Yes,Valid for upto 6 months,Use the gift card at checkout on website or share the gift card details with store team during retail store purchase.,"Mokobara Lifestyle Private Limited E- Gift Card is redeemable only on https://www.mokobara.com and exclusive brand retail stores. | This E-Gift Card cannot be used to purchase other gift cards. | Multiple E-Gift Cards can be combined in a single order. E-Gift Cards cannot be redeemed for cash or credit and cannot be reloaded. | If the order value exceeds the E-Gift Card amount, the balance must be paid by Credit Card, Debit Card, Internet Banking, or Cash on Delivery/Cash. | If the order value is less than the amount of the E-Gift Card, the remaining balance will reflect under the same E-Gift Card and can be used for subsequent transactions. | Mokobara Lifestyle Pvt Ltd is not responsible if the Gift Card is lost, stolen, or used without permission. | Mokobara Lifestyle Private Limited, along with its sellers, reserves the right to change the terms and conditions of the E-Gift Card, including extensions. Note: For any assistance on how to use the voucher, please call 7975298840 or email support@mokobara.com",2026-07-26
Cosmopolitan India,Cosmopolitan India,835,https://www.maximize.money/gift-cards/Cosmopolitan India/835,active,Online,1800 / 1800,No,,,39.75% off / 41.0% earn,38.5% off / 39.75% earn,37.85% off / 39.1% earn,37.4% off / 38.65% earn,37.5% off / 38.75% earn,37.5% off / 38.75% earn,UPI,39.75,No,No,No,Valid upto 6 Months from purchase,Visit https://bit.ly/33H3ZHM | Select the magazine and enter your details. | Enter the gift voucher in ENTER PROMOCODE TAB and click on order summary to confirm. Once the order gets confirmed you will receive the confirmation message.,These promo codes are only valid on given links only | There will be no refund once the payment has been made | For other T&C please refer: http://subscriptions.intoday.in/subscriptions/digitalsubscriptions/tnc-carnival.jsp | Please contact bit.ly/2CsY6BX or call 18001033314 for any acceptance issue or for any immediate help.,2026-07-26
Samsonite,Samsonite,251,https://www.maximize.money/gift-cards/Samsonite/251,active,In-store,2000 / 5000 / 10000,Yes,100-10000,4,6.25% off / 6.5% earn,5.0% off / 5.25% earn,4.35% off / 4.6% earn,3.9% off / 4.15% earn,4.0% off / 4.25% earn,4.0% off / 4.25% earn,UPI,6.25,No,Yes,Yes,Valid for upto 6 months,Use the outlet locator to locate the nearest outlet that accepts this Gift Voucher. | Select your choice of merchandise. | Share your Gift Voucher with the cashier at the time of billing & pay the remaining amount by cash or card if required.,"This is a Samsonite Insta Gift Voucher and would be accepted at the store. | The person who has the Samsonite GV Code is deemed to be the beneficiary. | Multiple GV's can be used in one single purchase. | GV will be valid for redemption only on products on discount up to 30% in case of Samsonite and up to 50% on American Tourister respectively. | Samsonite GV is a one-time use Gift Voucher. | No credit note/ refund for the unused amount of the GV will be given. | The GV's are neither transferable nor redeemable in cash nor negotiable. | No replacement will be given for any misplaced voucher. | Samsonite Gift Voucher CANNOT be revalidated once expired. | Partial redemption of the voucher is not permitted. | If the order value exceeds the e-Gift Card amount, the balance must be paid by another payment option. | All disputes shall be governed by Indian laws and are subject to the exclusive jurisdiction of the competent courts/tribunals of Mumbai. | The participation in the offer is entirely voluntary and it is understood that the participation shall be deemed to have been made on a voluntary basis. | In all matters relating to the offer, the decision of Samsonite South Asia Private Limited shall be final and binding in all respects. | The discount is not available wherever prohibited and/or on products/services for which such offers cannot be made available for any reason whatsoever. | For any queries / issues related to GV / GC, raise a request at https://www.gvhelpdesk.com.",2026-07-26
Muro QC,Muro QC,653,https://www.maximize.money/gift-cards/Muro QC/653,active,In-store,2000 / 5000 / 10000 / 20000 / 50000 / 100000,Yes,1000-100000,4,7.75% off / 8.25% earn,6.5% off / 7.0% earn,5.85% off / 6.35% earn,5.4% off / 5.9% earn,5.5% off / 6.0% earn,5.5% off / 6.0% earn,UPI,7.75,No,No,No,Valid for upto 6 months,"To redeem the offer, customers must present the code at the Restaurant","Vouchers are valid at Muro Outlet, Bangalore. | Each code is valid until the expiration date specified. | To redeem the offer, customers must present the code at the Restaurant. | Codes can be used for Dine-in Only. | Offers cannot be combined. | In the event of any discrepancy, the decision of Muro will be final and binding. | E-Gift Cards are normally delivered instantly. But sometimes, due to system issues, the delivery can be delayed up to 24–48 hours. | No returns and no refunds on gift cards, e-gift cards, and gift vouchers shipped by Muro.",2026-07-26
Myntra,Myntra (Custom),363,https://www.maximize.money/gift-cards/Myntra (Custom)/363,active,Online,100 / 500 / 1000 / 2000 / 2500 / 100,Yes,100-10000,,2.0% off / 5.75% earn,2.0% off / 4.5% earn,2.0% off / 3.85% earn,2.0% off / 3.4% earn,2.0% off / 3.5% earn,2.0% off / 3.5% earn,UPI,2.0,No,Yes,Yes,Valid for upto 12 months,Login to the website: https://www.myntra.com/ or Myntra Application. | Click on the 'Manage Gift Cards' option. | Click on 'Add Gift Card' and enter the Gift Card number and PIN. | Click on 'Gift Card' or 'Myntra Credit' at the time of payment.,"Myntra E-Gift Card is issued by Pine Labs Pvt. Ltd, which is authorized by the Reserve Bank of India (RBI) to issue such Gift Cards under the brand name Qwikcilver. | This E-Gift Card is redeemable only on the Myntra marketplace platform. | This E-Gift Card shall have a validity period of 1 year. | This E-Gift Card cannot be used to purchase other gift cards. | Multiple E-Gift Cards can be clubbed in a single order. | E-Gift Cards cannot be redeemed for cash or credit and cannot be reloaded. | This E-Gift Card can be redeemed online against sellers listed on https://www.myntra.com or the Myntra Mobile App only. | In cases where the order is cancelled, the E-Gift Card amount shall be refunded to the source E-Gift Card, not to the user's cashback account. | If the order value exceeds the E-Gift Card amount, the balance must be paid by Credit Card, Debit Card, Internet Banking, or Cash on Delivery. | If the order value is less than the E-Gift Card amount, the balance will remain on the same card for future use. | Extra VAT may apply on certain products, but the final price will not exceed the M.R.P. | All taxes, duties, and other charges must be borne by the customer. | E-Gift Cards can be purchased on https://www.myntra.com or the Myntra App using Credit Card, Debit Card, and Net Banking only. | Gift Cards can be redeemed by selecting the payment mode as Gift Card. | Customers are responsible for the safety and security of the E-Gift Cards. Myntra.com and Pine Labs are not liable if the card is lost, stolen, or misused. | Customers must protect the E-Gift Card PIN and number. No refunds will be issued for misuse due to user fault. | Myntra and Pine Labs are not responsible for the quality of products purchased using the E-Gift Card. Product warranty is governed by respective manufacturers. | Myntra and Pine Labs reserve the right to cancel cards purchased fraudulently or with incorrect/insufficient KYC details. Funds will be returned to the source. | E-Gift Cards are prepaid instruments regulated by RBI. Myntra/Pine Labs may be required to share purchaser/redeemer KYC and transaction details with RBI or authorities. | Pine Labs/Myntra may contact purchasers/redeemers for such information as required by regulatory authorities. | Purchasing companies must keep Gift Card PINs and passwords confidential. | Myntra reserves the right to change, extend, or withdraw these terms without notice. | Orders are subject to availability and governed by Myntra's standard terms. For returns, refer to the Return Policy or write to returns@myntra.com. | All disputes are subject to the jurisdiction of courts in Bangalore only. | Gift Cards are not valid for purchases from the following sellers: Titan Company Ltd, Bluestone Jewellery & Lifestyle Pvt. Ltd., and Aditya Birla Fashion & Retail Ltd. | This E-Gift Card can be redeemed against all sellers except those mentioned above. | No fees or charges apply to E-Gift Cards. | E-Gift Card value must be added to the Myntra Wallet/User Account for redemption. This constitutes registration. | Myntra will honor requests for blocking E-Gift Cards only from registered users. | For disputes, unauthorized transactions, and liabilities, refer to the Customer Grievance Policy at https://www.qwikcilver.com/grievance-policy/ | Cardholders may request revalidation of expired E-Gift Cards, which may be granted after verification and could be subject to additional terms. | By purchasing this gift card, you consent to share your PII (Name, Email ID, Telephone Number if available) with Pine Labs as per PPI guidelines.",2026-07-26
Makemytrip Holiday,Makemytrip Holiday,478,https://www.maximize.money/gift-cards/Makemytrip Holiday/478,active,Online,500 / 1000 / 2000 / 5000 / 10000 / 20000 / 50000 / 100000 / 200000,Yes,250-200000,3,10.25% off / 10.5% earn,9.0% off / 9.25% earn,8.35% off / 8.6% earn,7.9% off / 8.15% earn,8.0% off / 8.25% earn,8.0% off / 8.25% earn,UPI,10.25,Yes,No,Yes,Valid for upto 12 months,"Redemption steps: Select a Holiday package and proceed to the payment page. | On website: Click ""More options"" and select ""Gift Card"" as the payment mode. | On app: Select ""Gift Card"" as payment mode directly. | Enter the 16-digit card number and 6-digit PIN. | Pay any balance using other available payment modes. | Offline redemption available by: Calling 0124-4628747 between 9 AM – 9 PM OR Writing to: giftvouchers@makemytrip.com OR Visiting MakeMyTrip Branches.","Valid for purchases made only on MakeMyTrip, for a period of 12 months from the date of purchase. | Applicable for Holiday package bookings only. (Not valid for Flights, Hotels, Bus, Rail, Homestays, Visa, Experiences, Car bookings, or myBiz platform.) | Can be redeemed online at https://www.makemytrip.com or via the MakeMyTrip Android/iOS App. | Up to 3 gift cards can be used in a single booking. | Cannot be clubbed with any other offer, discount, cashback, or promotion. | Valid for individual use only. Use by travel agents will lead to cancellation without refund. | Partial redemption allowed; balance stays until card expires. | Not exchangeable for cash; cannot be cancelled or extended. | In case of transaction failures, the amount will be automatically refunded to the same card within 24 hours. | For cancellations: If done within validity, refund goes to the same card (retain card number & PIN). | For cancellations: If card has expired, no refund will be processed. | User must provide card code and ID proof for offline redemption. | MakeMyTrip is not responsible for lost, stolen, or misused cards. | MakeMyTrip may deny acceptance if card duplicity is suspected. | Liability of MakeMyTrip will not exceed the card’s value. | All disputes are subject to the courts of New Delhi. | For assistance, email: giftvouchers@makemytrip.com.",2026-07-26
MakeMyTrip Hotel E Pay,MakeMyTrip Hotel E Pay,208,https://www.maximize.money/gift-cards/MakeMyTrip Hotel E Pay/208,active,Online,1000 / 2000 / 5000 / 7500 / 10000,No,,8,12.0% off / 12.1% earn,10.75% off / 10.85% earn,10.1% off / 10.2% earn,9.65% off / 9.75% earn,9.75% off / 9.85% earn,9.75% off / 9.85% earn,UPI,12.0,No,No,No,Valid for upto 6 months,"MakeMyTrip Hotel e-Pay can be used online at https://www.makemytrip.com, Android app, or iOS app. | This is a MakeMyTrip Hotel e-Pay and not a regular MakeMyTrip Gift Card. On the payment page, under 'Gift Cards, Wallets & More', select 'MakeMyTrip Gift Card' and then the third option 'MMT e-Pay gift card' to enter the 16-digit PIN only. | To know more about the redemption process visit https://gftr.it/3kov | MakeMyTrip Hotel e-Pay can only be used for HOTEL BOOKINGS. | MakeMyTrip Hotel e-Pay cannot be clubbed with ongoing offers. | A maximum of 3 MakeMyTrip Hotel e-Pay cards can be used in one transaction.","This is a MakeMyTrip Hotel e-Pay Gift Card that is valid for purchases made from MakeMyTrip APP/Website for Hotel bookings only. | To check MakeMyTrip Hotel e-Pay Gift Card balance & validity, please log on to - https://www.makemytrip.com/gift-cards/?popup=checkbalance | MakeMyTrip Hotel e-Pay Gift Card can be redeemed Online at https://www.makemytrip.com or on MakeMyTrip Android & IOS app for Make My Trip Hotels bookings only. | MakeMyTrip Hotel e-Pay Gift Card is valid for partial redemption. The balance would remain in the Gift Card till the validity period and can be reused for multiple transactions. | Maximum 3 MakeMyTrip Hotel e-Pay Gift Cards can be combined and used in 1 booking. | Products and services are subject to availability. | This Gift Card cannot be redeemed Offline for Flights and Holidays. | This Gift Card is not valid on Cab, Bus, Activities, Rail, and VISA. | This Gift Card is not valid on bookings through myBiz. | This Gift Card is not applicable to the Pay Later Payment option. | Cannot be clubbed with any other ongoing offer, discount, cashback or promotion on the app or website. | The Gift Card cannot be cancelled or exchanged for cash. | The Gift Card validity cannot be extended under any circumstances. | MakeMyTrip is not responsible if the Gift Card is lost, stolen, or used without permission. | In case of cancellation of bookings made using the Gift Card within validity, the amount will be reversed to the same Gift Card. | Users are required to save the Gift Card number to utilize the refunded amount as no new number will be reissued. | In case of cancellations where the Gift Card validity has expired, no refund will be processed. | In case of transaction failures after applying the Gift Card, the amount will be refunded to the same card within 24 hours. | MakeMyTrip and Gyftr are the final authorities on the interpretation of these rules. | MakeMyTrip reserves the right to deny accepting any Gift Card if duplication is suspected. | In no event shall MakeMyTrip's liability exceed the value of the Gift Card. | In the event of a dispute, jurisdiction lies with the courts of New Delhi. | This is for individual use only. Travel agents using the card will result in booking cancellation with no refund. | For any issues or queries, write to giftvouchers@makemytrip.com or visit https://www.gvhelpdesk.com | This Gift card/voucher cannot be clubbed with any other ongoing offer discount/cash back/promotion run by Makemytrip.com on app or website.",2026-07-26
MakeMyTrip Bus,MakeMyTrip Bus,222,https://www.maximize.money/gift-cards/MakeMyTrip Bus/222,active,Online,250 / 500 / 1000,Yes,250-1000,4,8.25% off / 8.5% earn,7.0% off / 7.25% earn,6.35% off / 6.6% earn,5.9% off / 6.15% earn,6.0% off / 6.25% earn,6.0% off / 6.25% earn,UPI,8.25,Yes,No,No,Valid for 12 months from date of purchase,"Can be redeemed online at https://www.makemytrip.com or on MakeMyTrip Android & IOS app. Please follow the steps listed below: | Select your itinerary and fill required details till you reach the payment page. | On Website, click on &quot;More options&quot; and Select &quot;Gift Card&quot; as your Payment Mode. On Android and IOS app, choose Gift Card as the payment option | Enter your Gift Card/ Card No. (16 Digit) and 6 Digit Pin No. | Click on &quot;Make Payment&quot; and Pay the Balance amount (if any) using other Payment Modes Listed","The Gift card is valid for purchases made from MakeMyTrip only and is valid for a period of 12 Months from the date of Purchase. | To check your voucher balance & validity, please log on to - https://www.makemytrip.com/gift-cards/ | For Bus booking: | Can be redeemed online at https://www.makemytrip.com or on MakeMyTrip Android & IOS app. Please follow the steps listed below: | Select your itinerary and fill required details till you reach the payment page. | On Website, click on &quot;More options&quot; and Select &quot;Gift Card&quot; as your Payment Mode. On Android and IOS app, choose Gift Card as the payment option | Enter your Gift Card/ Card No. (16 Digit) and 6 Digit Pin No. | Click on &quot;Make Payment&quot; and Pay the Balance amount (if any) using other Payment Modes Listed. | This Gift card is only applicable on Bus bookings. | The Gift Card is not valid on bookings through myBiz. | This Gift card is not applicable with the Pay Later Payment option (Book Now Pay Later/Reserve Now Pay Later) | Gift cards are valid on bookings made through MMT Mobile App or Website. | In case of transaction failures after Gift Card is applied, amount would be automatically refunded to the same cards within 48 hours. | This Gift card is valid for partial redemption. Balance would remain in the Gift Card till the validity period and can be reused for multiple transactions. | Multiple Gift Cards (up to 3) can be combined and used in 1 booking. | Products and services are subject to availability. | The Gift card cannot be cancelled or exchanged for cash. | The Gift card validity cannot be extended under any circumstances. | Gift Card code/Physical copy or both to be provided at the time of booking along with an ID proof for the offline redemption. | MakeMyTrip is not responsible if the Gift card is lost, stolen or used without permission. | In case of cancellation of bookings made using the gift card within the validity period, the amount will be reversed to the same card as used at the time of booking. | Users are required to save the gift card number and PIN to utilize this refunded amount as we will not be able to reset the PIN or reissue a new gift card number. | In case of cancellations where the gift card validity has expired, no refund will be processed for the amount paid by the gift card. | MakeMyTrip is the final authority on the interpretation of these rules | MakeMyTrip reserves the right to deny accepting any Gift card if it suspects that there is duplicity of cards. | In no event the liability of MakeMyTrip for any claims shall exceed the value of the card. | In the event of any dispute, parties agree to exclusive jurisdiction of courts of New Delhi. | This is for individual use only, Travel agents found using the card would lead to cancellation of booking and no refund would be made. | For any issue or query regarding Gift card, please write to Giftvouchers@makemytrip.com or call on 0124- 4628747 between 9 AM to 9 PM. | This Gift card/voucher cannot be clubbed with any other ongoing offer discount/cash back/promotion run by Makemytrip.com on app or website.",2026-07-26
Palmonas,Palmonas,1014,https://www.maximize.money/gift-cards/Palmonas/1014,active,Online,200 / 500 / 1000 / 2000 / 5000 / 10000,Yes,100-10000,4,12.5% off / 12.75% earn,11.25% off / 11.5% earn,10.6% off / 10.85% earn,10.15% off / 10.4% earn,10.25% off / 10.5% earn,10.25% off / 10.5% earn,UPI,12.5,Yes,Yes,Yes,Valid upto 12 Months from purchase,"Open the URL https://palmonas.com | and select your preferred product and click on “Proceed to Checkout.” | On the checkout page, enter the voucher code and click on Apply. | Select the e-Pay Balance to be utilised and click on Apply. The e-Pay amount gets deducted from the total amount.","This is a Palmonas GV (Gift Voucher)/e-Pay that will be accepted on the Palmonas website at https://palmonas.com. | It cannot be cancelled/blocked once issued under any circumstances. | The holder of the GV/e-Pay is deemed to be the beneficiary. | The Gift Voucher GV/e-Pay can be used over and above any discounts offered by the brand on its website. | The GV/e-Pay can be used for all purchases of products and services at the Palmonas website. | The GV/e-Pay can be converted into e-Pay as per the holder's convenience. | The e-Pay balance must be linked to the registered mobile number. | After conversion into e-Pay balance, this GV is valid for partial redemption. The balance would remain in the e-Pay balance and can be used for multiple transactions within the validity period. | GV/e-Pay balance is non-refundable, may not be exchanged, transferred, or resold, and may not be redeemed for cash or converted into any other form of currency. | Only valid GV/e-Pay at the sole discretion of Palmonas/GyFTR shall be accepted for redemption. | The GV/e-Pay CANNOT be revalidated once expired or cancelled under any circumstances. | GyFTR/Palmonas is not responsible for lost, damaged, or stolen GV/e-Pay. Palmonas, GyFTR, or its affiliates shall not be responsible if the beneficiary shares the GV/GC number, pin, or account credentials, resulting in unauthorized use of the GV/e-Pay balance. | GyFTR/Palmonas India reserves the right to add, alter, amend, and revise the terms and conditions without prior notice, and without assigning any reasons. | Palmonas/GyFTR reserves the right to withdraw, modify, cancel, or change the offer at any point without prior notice and at its sole discretion. | Palmonas/GyFTR reserves the right to deny accepting any GV/e-Pay if it suspects that there is a duplicity of cards. | If GV/e-Pay gets blocked on account of a technical issue, it will be enabled in 72 hours. | Any dispute should be referred to the company from which the GV/e-Pay has been received, and the company's decision shall be final. | For any queries/issues related to GV/e-Pay, please raise a request at https://www.gvhelpdesk.com.",2026-07-26
Ketan Diamonds - Gold Jewellery,Ketan Diamonds - Gold Jewellery,243,https://www.maximize.money/gift-cards/Ketan Diamonds - Gold Jewellery/243,active,Online,500 / 1000 / 2000 / 2500 / 5000 / 7500,Yes,100-10000,4,4.85% off / 5.25% earn,3.6% off / 4.0% earn,2.95% off / 3.35% earn,2.5% off / 2.9% earn,2.6% off / 3.0% earn,2.6% off / 3.0% earn,UPI,4.85,No,Yes,Yes,Valid for upto 12 months,"Visit the website, select the product of your choice & add to cart. | Enter the voucher number in 'Voucher Number' tab and click on 'Apply' button to redeem the same. | Select your mode of payment. | Click on Proceed to checkout.","This is Ketan Diamonds Insta Gift Voucher (GV) / Gift Card (GC) and would only be accepted at Ketan Diamonds website i.e. https://www.ketandiamonds.com and not on any other products/services. | The person who has the Ketan Diamonds GV / GC Code is deemed to be the beneficiary. | Ketan Diamonds is not responsible if the Gift card is lost, stolen or used without permission. | More than one GV / GC can be used in one bill/transaction. | This is a one-time use GV / GC with an expiration date. | No credit note / refund for the unused balance amount of the GV / GC will be given. | Any such unused balance amount shall stand lapsed automatically. | Ketan Diamonds GV / GC CANNOT be revalidated once expired or cancelled under any situations. | Ketan Diamonds GV / GC can be clubbed with on-going promotions & offers. | Ketan Diamonds GV / GC cannot be redeemed on specific block out dates. | Any dispute related to the GV / GC should be referred to the issuing company and the decision of the issuing company shall be final. In case of any legal disputes, the courts at Mumbai shall have the exclusive jurisdiction. | Ketan Diamonds shall on best effort basis attempt to accept Insta Gift Vouchers (GV) / Gift Card (GC), but on account of any technical reason or for any reason beyond control of Ketan Diamonds, GV / GC may not get accepted and Ketan Diamonds shall have no liability for the same. | If an Insta Gift Voucher (GV) / Gift Card (GC) gets blocked on account of technical issue, it would get enabled in 72 hours. In case of transaction failures after Insta Gift Voucher (GV) / Gift Card (GC) is applied, the amount would be automatically refunded to the same cards within 48 hours. | Ketan Diamonds may add or delete any date(s)/period(s) at its sole discretion without any liability. | Ketan Diamonds reserves the right to edit/change the terms and conditions for the Insta Gift Voucher (GV) / Gift Card (GC) at any time without any notice or liability. | Ketan Diamonds has the final authority on the interpretation of these rules. | Ketan Diamonds Gold Coin Insta Gift Voucher (GV) / Gift Card can only be used to purchase Gold Coins. | Ketan Diamonds Gold Jewellery Insta Gift Voucher (GV) / Gift Card can only be used to purchase Gold Jewellery. | Ketan Diamonds Diamond Jewellery Insta Gift Voucher (GV) / Gift Card can only be used to purchase Diamond Jewellery. | Ketan Diamonds reserves the right to withdraw Insta Gift Voucher (GV) / Gift Card (GC) scheme/offer before the completion of validity period without any notice or liability at its sole discretion. | Ketan Diamonds reserves the right to deny accepting any Insta Gift Voucher (GV) / Gift Card (GC), if it suspects that there is duplicity of cards. | In no event the liability of Ketan Diamonds for any claims shall exceed the value of the Insta Gift Voucher (GV) / Gift Card (GC) in dispute. | For any queries / issues related to GV / GC, raise a request at https://www.gvhelpdesk.com",2026-07-26
Riot League of Legends 2900,Riot League of Legends 2900,1023,https://www.maximize.money/gift-cards/Riot League of Legends 2900/1023,active,Online,2900 / 2900,No,,,2.25% off / 2.5% earn,1.0% off / 1.25% earn,0.35% off / 0.6% earn,,,,UPI,2.25,No,No,No,Valid upto 12 Months from purchase,"For instructions on how to redeem, go to prepaidcards.riotgames.com. | © 2025 Riot Games, Inc. LEAGUE OF LEGENDS, TEAMFIGHT TACTICS, LEGENDS OF RUNETERRA, VALORANT and 2XKO are trademarks, service marks and/or registered trademarks of Riot Games Inc. | This code is only redeemable in India only.","This Riot Games (""RG"") Virtual Currency (""VC"") code (this ""Code"") permits you to purchase VC to the value of the amount printed on the front of this Code for use only at the Riot Games online stores and Riot Games clients listed at prepaidcards.riotgames.com. | Except as required by law, the value of this Code will not be replaced if lost, stolen, destroyed or used without permission. | For the full terms and conditions governing the use of this code, please visit prepaidcards.riotgames.com.",2026-07-26
Riot League of Legends 4150,Riot League of Legends 4150,1024,https://www.maximize.money/gift-cards/Riot League of Legends 4150/1024,active,Online,4150 / 4150,No,,,2.25% off / 2.5% earn,1.0% off / 1.25% earn,0.35% off / 0.6% earn,,,,UPI,2.25,No,No,No,Valid upto 12 Months from purchase,"For instructions on how to redeem, go to prepaidcards.riotgames.com. | © 2025 Riot Games, Inc. LEAGUE OF LEGENDS, TEAMFIGHT TACTICS, LEGENDS OF RUNETERRA, VALORANT and 2XKO are trademarks, service marks and/or registered trademarks of Riot Games Inc. | This code is only redeemable in India only.","This Riot Games (""RG"") Virtual Currency (""VC"") code (this ""Code"") permits you to purchase VC to the value of the amount printed on the front of this Code for use only at the Riot Games online stores and Riot Games clients listed at prepaidcards.riotgames.com. | Except as required by law, the value of this Code will not be replaced if lost, stolen, destroyed or used without permission. | For the full terms and conditions governing the use of this code, please visit prepaidcards.riotgames.com.",2026-07-26
Riot League of Legends 1660,Riot League of Legends 1660,1022,https://www.maximize.money/gift-cards/Riot League of Legends 1660/1022,active,Online,1660 / 1660,No,,,2.25% off / 2.5% earn,1.0% off / 1.25% earn,0.35% off / 0.6% earn,,,,UPI,2.25,No,No,No,Valid upto 12 Months from purchase,"For instructions on how to redeem, go to prepaidcards.riotgames.com. | © 2025 Riot Games, Inc. LEAGUE OF LEGENDS, TEAMFIGHT TACTICS, LEGENDS OF RUNETERRA, VALORANT and 2XKO are trademarks, service marks and/or registered trademarks of Riot Games Inc. | This code is only redeemable in India only.","This Riot Games (""RG"") Virtual Currency (""VC"") code (this ""Code"") permits you to purchase VC to the value of the amount printed on the front of this Code for use only at the Riot Games online stores and Riot Games clients listed at prepaidcards.riotgames.com. | Except as required by law, the value of this Code will not be replaced if lost, stolen, destroyed or used without permission. | For the full terms and conditions governing the use of this code, please visit prepaidcards.riotgames.com.",2026-07-26
Ketan Diamonds - Gold Coin,Ketan Diamonds - Gold Coin,242,https://www.maximize.money/gift-cards/Ketan Diamonds - Gold Coin/242,active,Online,500 / 1000 / 2000 / 2500 / 5000 / 7500 / 9999,Yes,100-10000,4,2.4% off / 2.5% earn,1.15% off / 1.25% earn,0.5% off / 0.6% earn,0.05% off / 0.15% earn,0.15% off / 0.25% earn,0.15% off / 0.25% earn,UPI,2.4,No,Yes,Yes,Valid for upto 12 months,"Visit the website, select the product of your choice & add to cart. | Enter the voucher number in 'Voucher Number' tab and click on 'Apply' button to redeem the same. | Select your mode of payment. | Click on Proceed to checkout.","This is Ketan Diamonds Insta Gift Voucher (GV) / Gift Card (GC) and would only be accepted at Ketan Diamonds website i.e. https://www.ketandiamonds.com and not on any other products/services. | The person who has the Ketan Diamonds GV / GC Code is deemed to be the beneficiary. | Ketan Diamonds is not responsible if the Gift card is lost, stolen or used without permission. | More than One GV / GC can be used in one bill/transaction. | This is a One-time use GV / GC with an expiration date. | No credit note / refund for the unused balance amount of the GV / GC will be given. | Any such unused balance amount shall stand lapsed automatically. | Ketan Diamonds GV / GC CANNOT be revalidated once expired or cancelled under any situations. | Ketan Diamonds GV / GC can be clubbed with on-going promotions & offers. | Ketan Diamonds GV / GC cannot be redeemed on specific block out dates. | Any dispute related to the GV / GC should be referred to the issuing company and the decision of the issuing company shall be final. In case of any legal disputes, the courts at Mumbai shall have the exclusive jurisdiction. | Ketan Diamonds shall on best effort basis attempt to accept Insta Gift Vouchers (GV) / Gift Card (GC), but on account of any technical reason or for any reason beyond control of Ketan Diamonds, GV / GC may not get accepted and Ketan Diamonds shall have no liability for the same. | If an Insta Gift Voucher (GV) / Gift Card (GC) gets blocked on account of technical issue, it would get enabled in 72 hours. In case of transaction failures after Insta Gift Voucher (GV) / Gift Card (GC) is applied, the amount would be automatically refunded to the same cards within 48 hours. | Ketan Diamonds may add or delete any date(s)/period(s) on its sole discretion without any liability. | Ketan Diamonds reserves the rights to edit/change the terms and conditions for the Insta Gift Voucher (GV) / Gift Card (GC) at any time without any notice or liability. | Ketan Diamonds has the final authority on the interpretation of these rules. | Ketan Diamonds Gold Coin Insta Gift Voucher (GV) / Gift Card can only be used to purchase Gold Coins. | Ketan Diamonds Gold Jewellery Insta Gift Voucher (GV) / Gift Card can only be used to purchase Gold Jewellery. | Ketan Diamonds Diamond Jewellery Insta Gift Voucher (GV) / Gift Card can only be used to purchase Diamond Jewellery. | Ketan Diamonds reserves the right to withdraw Insta Gift Voucher (GV) / Gift Card (GC) scheme/offer before the completion of validity period without any notice or liability at its sole discretion. | Ketan Diamonds reserves the right to deny accepting any Insta Gift Voucher (GV) / Gift Card (GC), if it suspects that there is duplicity of cards. | In no event the liability of Ketan Diamonds for any claims shall exceed the value of the Insta Gift Voucher (GV) / Gift Card (GC) in dispute. | For any queries / issues related to GV / GC, raise a request at https://www.gvhelpdesk.com",2026-07-26
Riot League of Legends 830,Riot League of Legends 830,1021,https://www.maximize.money/gift-cards/Riot League of Legends 830/1021,active,Online,830 / 830,No,,,2.25% off / 2.5% earn,1.0% off / 1.25% earn,0.35% off / 0.6% earn,,,,UPI,2.25,No,No,No,Valid upto 12 Months from purchase,"For instructions on how to redeem, go to prepaidcards.riotgames.com. | © 2025 Riot Games, Inc. LEAGUE OF LEGENDS, TEAMFIGHT TACTICS, LEGENDS OF RUNETERRA, VALORANT and 2XKO are trademarks, service marks and/or registered trademarks of Riot Games Inc. | This code is only redeemable in India only.","This Riot Games (""RG"") Virtual Currency (""VC"") code (this ""Code"") permits you to purchase VC to the value of the amount printed on the front of this Code for use only at the Riot Games online stores and Riot Games clients listed at prepaidcards.riotgames.com. | Except as required by law, the value of this Code will not be replaced if lost, stolen, destroyed or used without permission. | For the full terms and conditions governing the use of this code, please visit prepaidcards.riotgames.com.",2026-07-26
Surat Diamonds Solitaire,Surat Diamonds Solitaire,1108,https://www.maximize.money/gift-cards/Surat Diamonds Solitaire/1108,active,Online,500 / 1000 / 2500 / 5000 / 10000 / 25000,No,,4,2.0% off / 2.0% earn,0.75% off / 0.75% earn,0.1% off / 0.1% earn,,,,UPI,2.0,No,No,No,Valid for upto 12 months,"Visit the Surat Diamonds Solitaire website. | Browse and select your preferred solitaire jewellery. | Add the selected product(s) to your cart. | Proceed to Checkout. | Log in or enter your shipping and billing details. | Enter your Gift Card/Voucher Code and click Apply. | If your order value exceeds the Gift Card value, pay the remaining balance using another available payment method. | Complete the payment to place your order.","Valid for 12 months from the date of issue. | Redeemable only on the Surat Diamonds Solitaire website (https://ringdesign.suratdiamond.com/Default.aspx). | Applicable only on eligible solitaire jewellery available on the Solitaire website. | Cannot be redeemed on the Surat Diamonds main website or other promotional websites. | Cannot be clubbed with any other offers or promotions. | Enter the Gift Card code during checkout to avail the discount. | Cannot be redeemed for cash or cheque. | If the purchase value exceeds the Gift Card value, the remaining amount can be paid using another payment method. | Manufacturing defects can be reported within 15 days for a replacement or refund, as per the brand's policy. | For assistance, contact Surat Diamond Jewellery Customer Support.",2026-07-26
Trends Junior,Trends Junior,942,https://www.maximize.money/gift-cards/Trends Junior/942,active,In-store,200 / 500 / 1000 / 2000 / 5000 / 10000,Yes,100-10000,4,5.35% off / 5.45% earn,4.1% off / 4.2% earn,3.45% off / 3.55% earn,3.0% off / 3.1% earn,3.1% off / 3.2% earn,3.1% off / 3.2% earn,UPI,5.35,No,Yes,Yes,Valid upto 12 Months from purchase,Visit a Trends Junior / Trends Kids store near you | Confirm acceptance of the Gift Voucher at the store before purchase | Select the products you wish to buy | Present the Gift Voucher details to the cashier at the time of billing | Pay any remaining balance using cash or card,"This Gift Voucher is issued by Reliance Retail Limited | Gift Voucher is valid for 12 months from the date of receipt | Gift Voucher can be redeemed only against the purchase of qualified products from Trends Junior / Trends Kids stores in India | Gift Voucher cannot be exchanged for cash | Gift Voucher is one-time redeemable only | Gift Voucher is not valid for the purchase of gold or silver coins | Gift Voucher cannot be redeemed partially and must be redeemed for full value | No extension of validity or refund will be provided if the voucher is not used within the validity period | Reliance Retail is not responsible for loss or misuse of the Gift Voucher and no duplicate or compensation will be provided | Reliance’s overall liability shall not exceed the value of the Gift Voucher | Gift Vouchers can be used to buy discounted products | Multiple Gift Vouchers can be used in a single bill | Gift Vouchers are accepted at all listed outlets available on storelocator.ril.com/Retail | Gift Vouchers cannot be used online | The bearer of the Gift Voucher is deemed to have read, understood, and accepted all terms and conditions | The bearer of the Gift Voucher is deemed to be the beneficiary | Reliance Retail shall not be liable for any loss, damage, expense, or third-party liability arising from the use of the Gift Voucher | Product-related warranty, guarantee, or quality issues must be addressed to the respective manufacturer or brand owner | Reliance Retail reserves the right to amend the terms and conditions at any time without prior notice | For in-store issues, customers may contact the store customer service desk or call 1800 891 0001 or email customerservice@ril.com | For voucher receipt issues, customers may contact Pine Labs at rrlsupport@pinelabs.com | Gift Voucher usage is subject to applicable laws of India | All disputes are subject to the jurisdiction of courts at Mumbai only",2026-07-26
Skullcandy,Skullcandy,289,https://www.maximize.money/gift-cards/Skullcandy/289,active,Online,500 / 1000 / 2000 / 3000 / 5000,Yes,100-10000,4,17.5% off / 18.25% earn,16.25% off / 17.0% earn,15.6% off / 16.35% earn,15.15% off / 15.9% earn,15.25% off / 16.0% earn,15.25% off / 16.0% earn,UPI,17.5,Yes,No,Yes,Valid for upto 6 months,"Visit : https://shop.brandeyes.in. Select the product , qty , color and click on Add to Cart. On the Cart page, click on Proceed to Checkout. Fill in the details. | Select GyFTR on the payment page and click on Place Order and enter the OTP | Click on Add Voucher option to the voucher that is linked with your mobile number. You can also add the voucher manually if the same is not linked with your mobile number. You can pay for the balance amount if any by using any of the payment modes available.","This is a Skullcandy Insta Gift Voucher (GV) / Gift Card (GC) and would be accepted on https://shop.brandeyes.in | The person who has the Skullcandy GV / GC Code is deemed to be the beneficiary. | Skullcandy is not responsible if the Gift card is lost, stolen or used without permission. | Skullcandy Pay balance is a sum of all balances associated with the GCs in your Skullcandy.in account. | No credit note / refund for the unused balance amount of the GV / GC will be given. | Once the voucher gets added to the EPay balance, it can be utilized till the balance gets exhausted or expires. No credit note or refund for the unused balance amount will be given. | Skullcandy GV / GC CANNOT be revalidated once expired or cancelled under any situations. | Skullcandy GV / GC cannot be redeemed on specific block out dates as may be intimated / updated by Skullcandy on its website from time to time. Skullcandy may add or delete any date(s)/period(s) on its sole discretion without any liability. | Any dispute related to the GV / GC should be referred to the issuing company and the decision of the issuing company shall be final. In case of any legal disputes, the courts at Delhi shall have the exclusive jurisdiction. | Skullcandy shall on best effort basis attempt to accept Insta Gift Vouchers (GV) / Gift Card (GC), but on account of any technical reason or for any reason beyond control of Skullcandy, GV / GC may not get accepted on the website and Skullcandy shall have no liability for the same. | In no event the liability of Skullcandy for any claims shall exceed the value of the Insta Gift Voucher (GV) / Gift Card (GC) in dispute. | Skullcandy reserves the rights to edit/change the terms and conditions for the Insta Gift Voucher (GV) / Gift Card (GC) at any time without any notice or liability. | Skullcandy has the final authority on the interpretation of these rules. | Skullcandy reserves the right to withdraw Insta Gift Voucher (GV) / Gift Card (GC) scheme/offer before the completion of validity period without any notice or liability at its sole discretion. | Skullcandy reserves the right to deny accepting any Insta Gift Voucher (GV) / Gift Card (GC), if it suspects that there is duplicity of cards. | For any queries/issues related to GV / GC, raise a request at https://www.gvhelpdesk.com",2026-07-26
Wendy's,Wendy's,704,https://www.maximize.money/gift-cards/Wendy's/704,active,Online,250 / 500 / 1000 / 1500 / 2000,Yes,100-10000,4,10.0% off / 10.5% earn,8.75% off / 9.25% earn,8.1% off / 8.6% earn,7.65% off / 8.15% earn,7.75% off / 8.25% earn,7.75% off / 8.25% earn,UPI,10.0,Yes,No,Yes,Valid for upto 6 months,"Visit EatSure App/Website, enter your mobile number, and complete OTP verification. | Select your product(s), add them to the cart, and proceed to payment. | All vouchers linked to your number will be visible → click Redeem to add the gift card amount to your EatSure Wallet. | If the order amount exceeds the wallet balance, pay the remaining amount using Credit/Debit Card or UPI on EatSure.","Gift Vouchers (GV) are valid only for online orders placed through the EatSure application/website at https://www.eatsure.com. | The holder of the GV is deemed to be the beneficiary. | GVs will be converted into EatSure Wallet balance, which can be used partially. | Multiple GVs can be combined and added to the EatSure Wallet balance. | Wallet balance must be linked to the registered mobile number. | GV is different from promotional coupon codes. | GV cannot be transferred to another wallet account, exchanged for cash, or converted to any other currency. | Rebel Foods Pvt. Ltd., GyFTR, or its affiliates are not responsible if the beneficiary shares the GV number/account credentials resulting in unauthorized use. | Once purchased, GV is non-refundable, non-cancellable, and non-exchangeable. | Lost GVs will not be refunded; expired balances cannot be revalidated. | If the order value exceeds wallet balance, the remaining amount must be paid using other available modes. | Rebel Foods Pvt. Ltd. / GyFTR reserves the right to amend, modify, add, or delete any terms and conditions without prior notice. | GV may be denied if abuse or suspicious activity is detected, without any explanation to the customer. | GV is applicable across all available cities.",2026-07-26
Neerus,Neerus,885,https://www.maximize.money/gift-cards/Neerus/885,active,In-store,500 / 1000 / 5000 / 10000 / 15000 / 20000 / 25000,No,,4,8.75% off / 9.0% earn,7.5% off / 7.75% earn,6.85% off / 7.1% earn,6.4% off / 6.65% earn,6.5% off / 6.75% earn,6.5% off / 6.75% earn,UPI,8.75,No,No,No,Valid upto 6 Months from purchase,Visit the nearest Neeru’s store using the store locator: https://www.neerus.com/pages/storelocator | Present and redeem the gift voucher at the store,"This Gift Voucher is valid only at Neeru’s Exclusive outlets and cannot be redeemed at partner stores | The voucher is valid for 6 months from the date of issue; expired vouchers will not be accepted | Can be redeemed against any fashion apparel or accessories (Yuva) available in-store | Cannot be exchanged for cash, credit, or another gift voucher | If the bill amount exceeds the voucher value, the balance must be paid using another payment method | If the bill amount is less than the voucher value, the remaining balance will not be refunded or carried forward | Lost, stolen, or damaged vouchers will not be replaced or reimbursed | Neeru’s reserves the right to amend or withdraw the gift voucher scheme or its terms without prior notice",2026-07-26
Linen Club,Linen Club,455,https://www.maximize.money/gift-cards/Linen Club/455,active,In-store,200 / 500 / 1000 / 2000 / 5000 / 10000 / 20000 / 50000 / 100000,Yes,100-100000,4,10.25% off / 10.5% earn,9.0% off / 9.25% earn,8.35% off / 8.6% earn,7.9% off / 8.15% earn,8.0% off / 8.25% earn,8.0% off / 8.25% earn,UPI,10.25,No,No,No,Valid for upto 12 months,"Gift card can be redeemed only at exclusive Linen Club showrooms across India. | To locate your nearest Linen Club showroom, visit- https://www.linenclub.com","The gift card can be redeemed only at exclusive Linen Club showrooms across India. To locate your nearest Linen Club showroom, visit- https://www.linenclub.com | o redeem the gift card, the card no and card PIN should be given to the cashier before making the bill. | The gift card is valid for 365 days from the date of activation | This gift card redemption cannot be combined with any existing discount or offer. Valid on MRP sale only | The gift card cannot be redeemed or exchanged for cash. | The gift card can be redeemed only once and should be used for full value. | No refunds/credit note shall be issued for the part utilization of the gift Card. | The gift card is freely transferrable. | To check the gift card balance visit- https://www.woohoo.in/balenq | For any assistance on gift card write to us at – linenclub@adityabirla.com | In case of any dispute, the decision of Linen Club will be final.",2026-07-26
PinePerksRupayPrime-WH,PinePerksRupayPrime-WH,413,https://www.maximize.money/gift-cards/PinePerksRupayPrime-WH/413,active,Online,1000 / 2000 / 5000 / 10000,No,,4,1.1% off / 1.2% earn,,,,,,UPI,1.1,Yes,No,No,Valid for upto 12 months,Register on https://www.pineperks.in or Pine Perks mobile app using your name & registered mobile number. | Add your Gift Card to the 'My Cards' section using the 'Add Card' link. | Enter card details and set a new PIN. Your Gift Card will be activated. | OR set a unique 4-digit PIN by sending an SMS with the format: 'PERKS <SPACE> PIN <SPACE> 16-digit CARD NUMBER <SPACE> 4-DIGIT NUMERIC PIN' to 575758. Your Gift Card will be activated.,"Minimum activation amount is ₹1,000 and maximum is ₹10,000 per card. | Activation TAT (Turnaround Time) is 3–4 days. | Annual activation limit is ₹1,00,000 per mobile number. | A standard activation format must be followed to activate the cards. | Pine Perks RuPay Gift Card can be used at any POS and e-commerce merchants in India where RuPay is accepted. | PIN can be generated using the specified methods.",2026-07-26
PhonePe (Fixed),PhonePe (Fixed),219,https://www.maximize.money/gift-cards/PhonePe (Fixed)/219,active,Online,100 / 250 / 500 / 1000 / 2000 / 3000 / 5000 / 7500 / 10000,No,,4,,,,,,,,,Yes,No,Yes,Valid for upto 12 months,"Steps to link your PhonePe Gift Card to your PhonePe account Once you buy or receive a PhonePe Gift Card, link it with your PhonePe account via My Profile> All payment methods> PhonePe Gift Card> Claim now. | Enter the gift card number and PIN to add the Gift Card to your balance. | Steps to pay using your PhonePe Gift Card | If you have linked Gift Card balance in your account, the Gift Card balance will be automatically made available for payments towards eligible merchant transactions. | Gift Card balance is selected as a default mode for making the payment, you may choose to deselect this option if you do not wish to pay via Gift Card for a particular transaction. | In cases where you may have multiple Gift Cards linked to your account, PhonePe automatically picks the Gift Card balance which will expire the soonest.","Validity -1 year from the date of issue. Validity of gift cards cannot be extended. | PhonePe Gift Card once bought cannot be cancelled. | PhonePe wallet balance or existing Gift Card balance cannot be used to purchase e-gift cards. | Any balance amount left on the used gift card can be reused within the validity period. | You are solely responsible for the safety and security of the e-gift cards. PhonePe is not responsible if the gift card details are lost, stolen or used without permission. | The gift cards cannot be replaced, refunded, revalidated or exchanged for cash. | PhonePe reserves the right to deny accepting any gift card if it suspects that there is duplicity of gift cards. | Any misuse of this gift card will result in cancellation of the gift card. | PhonePe is the final authority on the interpretation of these rules. | This is for individual use only. | PhonePe shall not be responsible for any fraudulent purchases or services that might be availed by customers using the e-gift cards purchased through PhonePe. | PhonePe Giftcards can be used as payment option across all Eligible PhonePe merchants and services. | This is for individual use only. An individual user can not utilize more than 50,000 worth of Gift cards in a month. | Disputes are subject to Bangalore jurisdiction. | In case of any cancellation of transactions paid using the gift cards within the validity period, the amount will be reversed to the Gift Card used at the time of the transaction. | In case the Gift Card validity has expired, then there will be no refund processed for the amount paid by the Gift Card. | For complete T&Cs, visit https://www.phonepe.com/en/terms.html#gift-vouchers",2026-07-26
Bikanervala,Bikanervala,368,https://www.maximize.money/gift-cards/Bikanervala/368,active,In-store,100 / 250 / 500 / 1000 / 2500 / 5000,No,,4,13.0% off / 13.5% earn,11.75% off / 12.25% earn,11.1% off / 11.6% earn,10.65% off / 11.15% earn,10.75% off / 11.25% earn,10.75% off / 11.25% earn,UPI,13.0,No,No,No,Valid for upto 6 months,Visit the Bikanervala outlet | Select the product you want to purchase | Share voucher card/Gift number with cashier at the time of billing | Share PIN with cashier | Voucher will be redeemed by cashier,"The gift card is not a legal tender or replacement of credit / debit card | The validity period of the Gift Cards will be 6 months unless otherwise specified | This card cannot be exchanged for cash or cheque in any event | The bearer of this card is deemed to be the beneficiary | This Gift Card is valid across all Bikanervala offline retail outlets only and not at online store – https://www.bikanervala.com | The Electronic Gift Card must be redeemed in full in one single invoice, no partial redemption is allowed | Minimum redemption amount cannot be less than ₹100 | One Gift Card can be redeemed against a single invoice in case of redemption at the store | No replacement or compensation is permissible for lost or mutilated or defaced Gift Card | Rights to amend these terms are reserved with Bikanervala without any prior notice | All disputes should be referred to Bikanervala customer support and the decision of the company shall be final | All redemption related issues must be addressed to Bikanervala customer care only | Gift card usage is subject to force majeure conditions | All disputes must be referred to New Delhi jurisdiction exclusively | E-Gift Cards are normally delivered instantly, but delivery can be delayed up to 24–48 hours due to system issues | No returns and no refunds on gift cards, e-gift cards and gift vouchers. Please check the refund policy at http://www.woohoo.in/faq for further details",2026-07-26
Forever New,Forever New,351,https://www.maximize.money/gift-cards/Forever New/351,active,Online + In-store,100 / 500 / 1000 / 2500 / 5000 / 10000,Yes,100-10000,4,8.75% off / 8.9% earn,7.5% off / 7.65% earn,6.85% off / 7.0% earn,6.4% off / 6.55% earn,6.5% off / 6.65% earn,6.5% off / 6.65% earn,UPI,8.75,No,No,Yes,Valid for upto 12 months,Online: Customer visits the website | Completes shopping | Goes to checkout and selects gift card tender | Enters card no and pin and clicks redeem | Any additional value is paid by customer using other tender modes,"This gift card (Gift Card) is issued by Forever New Apparel Private Limited (Forever New) and can be redeemed only against purchase of eligible products from retail outlets of Forever New or its website i.e. https://www.forevernew.co.in/. | The Gift Card once purchased are non-cancellation and non-refundable. | This Gift Card holds no value until activated with a minimum amount of Rs. 1,000/- and a maximum of Rs. 10,000/-. | This Gift Card cannot be recharged. | The Gift Card cannot be used to purchase other gift cards. | The Gift Card can be used till balance or validity. | Bearer of the Gift Card will have to present this Gift Card at the time of billing to redeem the value against purchase of products. The value of the Gift Card will deplete with every purchase made by the bearer. | Balance available on the Gift Card cannot be exchanged for cash and can be redeemed only against future purchases. | The Gift Card can only be used to make purchases up to the value of the Gift Card. If the bearer wishes to make purchases for an amount that exceeds the balance available on the Gift Card, the bearer will have to pay the amount exceeding the balance using another mode of payment. | Forever New may, at its sole discretion, pass on the benefits of consumer promotions to the bearer of Gift Card. | This Gift Card is not credit or debit or charge card and has no implied warranties. | This Gift Card is valid for a period of 12 months from the date of issue or the last transaction, whichever is later. | All refunds/exchanges of products purchased with the Gift Card will be made in accordance with refund policy of Forever New and reimbursed funds will not be reloaded on the Gift Card, unless otherwise determined by Forever New in its sole discretion. | Any unused balance on the Gift Card after expiry of the above validity period will not be refunded in cash or credit for redemption. | The bearer of the Gift Card will be considered the bonafide recipient of the benefits of redemption. | Lost or stolen or damaged Gift Card will not be replaced or the balance, if any, will not be refunded. | Forever New may use the information provided by the purchaser of the Gift Card for communicating new promotions, launch of products or similar other purposes. | Forever New reserves the right to cancel any Gift Card or the scheme pursuant to which this Gift Card has been issued, for any reason at any time without notice. Under such circumstances, Forever New may, at its sole discretion, either refund the balance value of the Gift Card to the bearer or replace the Gift Card of equivalent value. | Laws prevailing in India shall be applicable and courts in Delhi, India shall have exclusive jurisdiction. | This Gift Card is the property of Forever New and Forever New reserves the right to modify/alter/amend the terms and conditions without prior intimation. | Any person or bearer using this Gift Card shall be deemed to have accepted all the terms and conditions. | Forever New reserves the right to amend the list of the participating stores at its sole discretion. | The terms and conditions governing the Gift Card shall be in addition to and not in substitution/derogation to the other terms and conditions of the Forever New. | Forever New reserves the right to cancel an order placed by using Gift Card in case of any fraudulent activity done or any violation of the terms and conditions.",2026-07-26
NEXT,NEXT,972,https://www.maximize.money/gift-cards/NEXT/972,active,In-store,200 / 500 / 1000 / 2000 / 5000 / 10000,Yes,100-10000,4,,,,,,,,,Yes,Yes,No,Valid upto 6 Months from purchase,Visit a listed Next retail store and select your products. | Share your registered mobile number with the cashier after billing so they can check the available voucher balance. | Confirm the amount to be redeemed and pay the remaining balance (if any). | The cashier will then complete the invoicing and redemption.,"This Next GV/e-Pay is accepted at listed Next retail stores/outlets. | The person holding the GV/e-Pay is considered the beneficiary. | The GV/e-Pay can be clubbed with existing offers. | The voucher can be converted into e-Pay balance as per the holder’s convenience. | The GV/e-Pay balance cannot be transferred to another e-Pay account, exchanged for cash, or converted into any other form of currency. | The e-Pay balance must be linked to the registered mobile number. | After conversion into e-Pay balance, partial redemption is allowed and the remaining balance can be used for multiple transactions within the validity period. | Customers must add the GV/GC to the e-Pay wallet via https://brandpts.com/login | before visiting the cash counter. | The GV/e-Pay is valid for purchases of products and services at Next retail stores. | Only valid GV/e-Pay at Next’s sole discretion will be accepted for redemption. | The GV/e-Pay cannot be revalidated once expired or cancelled. | Next/GyFTR is not responsible for loss, theft, or unauthorized use. | If blocked due to technical issues, the GV/e-Pay will be enabled within 72 hours. | Any dispute must be referred to the issuing company and their decision will be final. | Next/GyFTR reserves the right to withdraw, modify, cancel, or change the offer without prior notice. | Multiple Gift Vouchers can be combined and added to the e-Pay balance. | For support, customers can contact 808082686 or raise a request at https://www.gvhelpdesk.com.",2026-07-26
Razorpay Money Bill,Razorpay Money Bill,1070,https://www.maximize.money/gift-cards/Razorpay Money Bill/1070,active,Online,200 / 500 / 1000 / 2000 / 5000 / 10000,Yes,100-10000,4,,,,,,,,,Yes,No,Yes,Valid upto 12 Months from purchase,"Option A – Bill Payments & Partner Merchants | Visit a supported partner merchant website (e.g., maximize.com). | Select your product or service and proceed to checkout. | Choose ""Pay by Gift Card"" on the Razorpay checkout page. | Enter your Voucher Number and PIN to redeem the voucher. | Option B – Razorpay Money Wallet | Visit https://money.razorpay.com and log in using your mobile number. | Add your Voucher Number and PIN to your Razorpay Money Wallet. | Shop on any participating online brand using the same mobile number. | At Razorpay Checkout, select your Razorpay Money Wallet balance. | If your order exceeds the wallet balance, pay the remaining amount using another available payment method.","Valid for 12 months from the date of issuance. | Available in denominations from ₹1 to ₹10,000. | Can be redeemed through only one of the following: | 1)Directly at a partner merchant checkout. | 2)Razorpay Money Wallet for participating shopping brands. | Once redeemed through one method, it cannot be switched to the other. | Supports multiple transactions through partial redemption within the selected redemption method. | Remaining balance stays available until expiry. | If a transaction fails, is cancelled, or reversed, the amount is refunded to the original voucher. | Voucher validity remains based on the original issue date. | Gift Voucher is non-refundable once purchased. | Cannot be redeemed for cash. | Voucher can be gifted to another person but cannot be resold for commercial purposes. | Once added to a Razorpay Money Wallet, the balance cannot be transferred to another wallet or mobile number. | For partner merchants, availability of split payment depends on the merchant. | For Razorpay Money Wallet purchases, any remaining amount can be paid using another payment method. | Razorpay is not responsible for lost, stolen, or unauthorized use of the voucher. | Razorpay reserves the right to modify the voucher terms, participating merchants, and validity policies without prior notice.",2026-07-26
Razorpay Money Flex,Razorpay Money Flex,945,https://www.maximize.money/gift-cards/Razorpay Money Flex/945,active,Online,200 / 500 / 1000 / 2000 / 5000 / 10000,Yes,100-10000,4,3.25% off / 3.5% earn,2.0% off / 2.25% earn,1.35% off / 1.6% earn,0.9% off / 1.15% earn,1.0% off / 1.25% earn,1.0% off / 1.25% earn,UPI,3.25,Yes,No,Yes,Valid upto 6 Months from purchase,Visit https://money.razorpay.com and log in or create an account. | Click on 'Add Funds' on the home screen. | Enter your Gift Voucher Code and PIN. | The voucher value will be instantly added to your Razorpay Money Wallet. | Use your wallet balance to browse and purchase gift cards or vouchers from 100+ brands available on https://money.razorpay.com.,"This is a Razorpay Money Flex Gift Voucher (GV) redeemable against gift cards and vouchers of 100+ brands across India which can be discovered on https://money.razorpay.com | The holder of the GV is deemed to be the beneficiary. | This GV is digital in nature and will be delivered electronically. No physical card will be issued. | The GV can be added to the Razorpay Money Wallet. Once added, the wallet balance is valid for one year from the date of addition. | The wallet balance can be used to exchange for gift cards or vouchers of your choice from the available brand catalogue. | The GV cannot be redeemed for cash, transferred to a bank account, or withdrawn from the wallet once added. | The GV cannot be reloaded once the balance is exhausted. | In case the value of the selected gift card or voucher exceeds the wallet balance, the difference shall be paid by the user through other available payment options. | Multiple GVs can be added to the wallet and the balance can be used across transactions. | The GV cannot be revalidated once expired. Users are advised to add the GV to their wallet before the voucher expiry date to ensure the one-year wallet validity applies. | Once issued, the GV cannot be cancelled, returned, or refunded. | The GV is not for resale and cannot be used for any purpose other than exchanging for brand gift cards or vouchers within the Razorpay Money platform. | Razorpay shall not be liable for any loss, theft, or misuse of the GV code. Please keep your voucher code confidential. | Razorpay reserves the right to modify these terms and conditions or discontinue the product at any time without prior notice. | For any queries or issues related to this Gift Voucher, please reach out to us at giftcards-support@razorpay.com.",2026-07-26
Sweet Bengal,Sweet Bengal,691,https://www.maximize.money/gift-cards/Sweet Bengal/691,active,In-store,250 / 500 / 1000 / 1500 / 2000 / 5000,No,,4,14.0% off / 14.5% earn,12.75% off / 13.25% earn,12.1% off / 12.6% earn,11.65% off / 12.15% earn,11.75% off / 12.25% earn,11.75% off / 12.25% earn,UPI,14.0,No,No,Yes,Valid for upto 6 months,Visit the restaurant mentioned on your GV/GC and inform the cashier before ordering. | Order food and enjoy your meal. | Provide the GV/GC to the cashier at billing and pay any remaining amount via card or cash if required.,"This Speciality Restaurants Insta Gift Voucher (GV) / Gift Card (GC) is accepted at listed outlets of Mainland China, Machaan, Sigree, Oh! Calcutta, and Sweet Bengal. | The person possessing the GV/GC code is considered the beneficiary. | GV/GC cannot be clubbed with any other offer or voucher. | Inform the cashier before billing if you plan to use GV/GC. | Only listed Speciality Restaurants outlets, at their discretion, accept GV/GC. Outlets may be added or removed without notice. | More than one GV/GC can be used in a single bill. | GV/GC is for one-time use only. | No credit note or refund will be issued for unused GV/GC amounts. | GV/GC cannot be revalidated once expired. | Valid only on food & non-alcoholic beverages. | Cannot be redeemed on specific blackout dates (dates may change at the restaurant’s discretion). | Any dispute should be referred to the issuing company; their decision is final. | While efforts are made to accept GV/GC, outlets may refuse due to technical/administrative reasons. | If blocked due to a technical issue, GV/GC will be re-enabled within 72 hours.",2026-07-26
INGLOT,INGLOT,313,https://www.maximize.money/gift-cards/INGLOT/313,active,In-store,500 / 1000 / 1500 / 2000 / 2500 / 3000 / 5000 / 7500 / 10000,Yes,100-10000,4,11.75% off / 12.25% earn,10.5% off / 11.0% earn,9.85% off / 10.35% earn,9.4% off / 9.9% earn,9.5% off / 10.0% earn,9.5% off / 10.0% earn,UPI,11.75,Yes,Yes,Yes,Valid for upto 6 months,Check the outlet locator for a store nearby you that accepts the Gift Voucher. | Choose your product. | Share your Gift Voucher at the time of billing & pay rest by cash or card if required.,"This Gift Voucher (GV)/e-Pay and would be accepted at Aldo, Charles & Keith, Call it Spring, Beverly Hills Polo Club, Inglot, Victoria's Secret, Victoria's Secret beauty , Bath & Body works & R&B stores only. | The holder of the GV/e-Pay is deemed to be the beneficiary. | The GV can be converted into e-Pay, as per convenience of the holder. | Multiple GVs can be clubbed and added to a e-Pay balance. | Only valid GVs/e-Pay, at the sole discretion of Apparel group, shall be accepted for redemption. | The e-Pay balance must be linked to the registered mobile number. | The e-Pay cannot be transferred to another e-Pay account, exchanged for cash, or any other form of currency. | GV/e-Pay cannot be revalidated once it expires. | Apparel group, GyFTR, or its affiliates shall not be responsible if the beneficiary shares the GV number or account credentials resulting in unauthorized use of the GV/e-Pay balance. | In case of a technical issue leading to the blockage of GV/e-Pay, it shall be reactivated within 72 hours. | Any dispute should be referred to the company from where the GV/e-Pay has been received, and the company's decision shall be final. | Apparel group or GyFTR may terminate or suspend Apparel group GV/e-Pay if any fraudulent or unauthorized activities are detected. | Apparel group or GyFTR reserves the right to modify or update the terms and conditions of the Apparel group GV/e-Pay at any time. | For any queries/issues related to GV/e-Pay, please raise a request at https://www.gvhelpdesk.com",2026-07-26
Wrangler,Wrangler,485,https://www.maximize.money/gift-cards/Wrangler/485,active,In-store,500 / 1000 / 2000 / 2500 / 5000,No,,4,8.5% off / 8.75% earn,7.25% off / 7.5% earn,6.6% off / 6.85% earn,6.15% off / 6.4% earn,6.25% off / 6.5% earn,6.25% off / 6.5% earn,UPI,8.5,Yes,No,Yes,Valid for upto 6 months,Visit a participating Wrangler store. | Share the gift card number with the store team. | Store staff will validate the gift card by entering an OTP to complete the redemption.,"Valid at listed Wrangler stores across India and issued by Ace Turtle Omni Private Limited. | Only the holder of the voucher is considered the beneficiary. | Inform store staff before making a purchase using the voucher. | Only valid vouchers will be accepted for redemption, at the sole discretion of the company. | Maximum of 5 vouchers can be used in one bill. | Cannot be used on discounted items during end-of-season sales. | Partial redemption is allowed, but no refund or credit note for unused balance. | Cannot be revalidated once expired or cancelled. | User is responsible for securing the voucher; the company is not liable for unauthorized access or misuse. | A valid government ID may be requested at the time of redemption. | Voucher can be redeemed across official Indian franchise outlets and webstores of Wrangler; this list may change without notice. | Acceptance of the voucher may be refused due to technical/administrative issues; the company is not liable in such cases. | If blocked due to technical issues, the voucher may take up to 72 hours to reactivate. | Cannot be exchanged for cash, cheque, or credit under any circumstances. | No replacement or compensation for lost, mutilated, or defaced vouchers. | Terms and conditions are subject to change at the company’s discretion without prior notice. | Vouchers may not be redeemable on blackout dates as defined by the company/outlet. | If an order is cancelled, only the non-voucher portion will be refunded; voucher value is reactivated only if within validity. | The company’s liability is limited to the face value of the voucher. | Legal disputes are subject to the jurisdiction of courts in Bengaluru. | a private limited company incorporated and subsisting under the laws of India” (about Ace Turtle Omni Pvt Ltd) | Beneficiaries should communicate the intent of using the Instant Gift Voucher before making a purchase at Store. | The GC will expire in 12 month period from the date of activation. | Refund policy detail: “the amount refunded will be the total order amount minus the value amount of the Instant Gift Card. | E-Gift Cards are normally delivered instantly. But sometimes due to system issues, the delivery can be delayed up-to 48-72 hours. | No returns and no refunds on gift cards, E-gift cards and gift vouchers.",2026-07-26
Bakingo,Bakingo,493,https://www.maximize.money/gift-cards/Bakingo/493,active,Online,250,No,,4,14.0% off / 14.5% earn,12.75% off / 13.25% earn,12.1% off / 12.6% earn,11.65% off / 12.15% earn,11.75% off / 12.25% earn,11.75% off / 12.25% earn,UPI,14.0,No,No,No,Valid for upto 6 months,"Sign In Visit bakingo.com, click Sign In, and log in with your email and mobile number. | Select your item, add it to cart, fill delivery details, and proceed to Review Order. | In the ""Enter Coupon Code"" section, input your Gift Voucher Code and click APPLY.","Valid only on the Bakingo website: https://www.bakingo.com | Cannot be redeemed at physical Bakingo outlets. | Cannot be combined with any other offer on the website. | No partial redemption – must be used in full. | Cannot be revalidated after expiry. | Bakingo may change category/product eligibility without notice. | Cannot be redeemed on block-out dates (as defined by Bakingo). | Only one GV/GC allowed per bill. | Non-refundable and non-transferable. | For issues, raise a ticket at: https://www.gvhelpdesk.com",2026-07-26
Rangriti,Rangriti,326,https://www.maximize.money/gift-cards/Rangriti/326,active,Online,500 / 1000 / 1500 / 2000 / 4000 / 5000,No,,4,7.5% off / 7.6% earn,6.25% off / 6.35% earn,5.6% off / 5.7% earn,5.15% off / 5.25% earn,5.25% off / 5.35% earn,5.25% off / 5.35% earn,UPI,7.5,No,No,No,Valid for a range of 6 - 12 months,Sign In/ Sign Up using your email id or mobile number. | Add the products to your cart. Select proceed to buy option. | Select 'Pay with GyFTR' option & enter your voucher details.,"This is a Rangriti Gift Voucher (GV)/e-Pay and would be accepted online only on Rangriti website. | The holder of the Rangriti GV/e-Pay is deemed to be the beneficiary. | The GV can be converted into e-Pay, as per convenience of the holder. | Multiple GVs can be clubbed and added to the Rangriti e-Pay balance. | Only valid Rangriti GVs/e-Pay, at the sole discretion of Rangriti, shall be accepted for redemption. | The Rangriti e-Pay balance must be linked to the registered mobile number. | The Rangriti e-Pay cannot be transferred to another e-Pay account, exchanged for cash, or any other form of currency. | Rangriti GV/e-Pay cannot be revalidated once it expires. | Rangriti, GyFTR, or its affiliates shall not be responsible if the beneficiary shares the GV number or account credentials resulting in unauthorized use of the GV/e-Pay balance. | In case of a technical issue leading to the blockage of Rangriti GV/e-Pay, it shall be reactivated within 72 hours. | Any dispute should be referred to the company from where the Rangriti GV/e-Pay has been received, and the company's decision shall be final. | Rangriti or GyFTR may terminate or suspend Rangriti GV/e-Pay if any fraudulent or unauthorized activities are detected. | Rangriti or GyFTR reserves the right to modify or update the terms and conditions of the Rangriti GV/e-Pay at any time. | For any queries/issues related to Rangriti GV/e-Pay, please raise a request at https://www.gvhelpdesk.com",2026-07-26
Unicorn Apple Premium Partner,Unicorn Apple Premium Partner,798,https://www.maximize.money/gift-cards/Unicorn Apple Premium Partner/798,active,In-store,200 / 500 / 1000 / 2000 / 5000 / 10000 / 20000 / 50000 / 100000,Yes,100-100000,4,2.5% off / 2.6% earn,1.25% off / 1.35% earn,0.6% off / 0.7% earn,0.15% off / 0.25% earn,0.25% off / 0.35% earn,0.25% off / 0.35% earn,UPI,2.5,No,No,No,Valid upto 12 Months from purchase,"Step 1: Visit any Unicorn Infosolutions Pvt Ltd (UIPL) retail store. | Step 2: Select the Apple product and accessory of your choice. | Step 3: At the billing counter, inform the cashier that you would like to pay using a Pine Labs Gift Voucher. | Step 4: Provide the Gift Voucher code/PIN at checkout. The voucher amount will be deducted from your final bill. | Step 5: If the bill exceeds the voucher value, pay the balance using other accepted payment modes.","This Gift Voucher is issued by Unicorn Infosolutions Pvt Ltd (UIPL). | The Gift Voucher is redeemable only at Unicorn Retail stores across India. | The Gift Voucher is valid for a period of 12 months from the date of issue. | The voucher cannot be clubbed with any other Unicorn offers. | A Gift Voucher is redeemable for a single transaction only. | This Gift Voucher cannot be exchanged for cash, bank credit, or transferred to another account. | Partial redemption is not allowed. Once redeemed, any unused balance will lapse. | This gift voucher can be redeemed on any Apple product sold at Unicorn stores. | No extension of validity or refund will be provided if the voucher is not used within the validity period. | UIPL shall not be responsible for loss, theft, or unauthorized use of the Gift Voucher. | No duplicate or compensation will be issued in such cases. | Liability of UIPL is limited to the value of the Gift Voucher. | Bearer of the Gift Voucher code is considered the rightful beneficiary. Any redemption using the code shall be treated as valid discharge of UIPL’s obligations. | UIPL reserves the right to amend or withdraw these terms at its sole discretion, without prior notice. | Any dispute related to product quality, warranty, or service shall be addressed directly to the respective manufacturer/brand. UIPL’s liability will be limited to facilitating redemption as per policy. | In case of issues during redemption, customers may contact Unicorn Customer Support at 1800 267 7888 or customersupport@unicornstore.in | The Gift Voucher is governed by the laws of India. All disputes are subject to the jurisdiction of courts at Delhi only. | E-Gift Vouchers are normally delivered instantly but, in rare cases, delivery may take up to 24–48 hours due to system delays. | No returns, cancellations, or refunds will be permitted once the voucher has been purchased and issued.",2026-07-26
Unipin- BGMI Voucher,Unipin- BGMI Voucher,1105,https://www.maximize.money/gift-cards/Unipin- BGMI Voucher/1105,active,Online,250 / 380 / 500 / 750 / 1000 / 1500 / 1900 / 2000 / 2500 / 3800,No,,4,5.75% off / 6.0% earn,4.5% off / 4.75% earn,3.85% off / 4.1% earn,3.4% off / 3.65% earn,3.5% off / 3.75% earn,3.5% off / 3.75% earn,UPI,5.75,No,No,No,Valid for upto 12 months,Visit https://www.unipin.com. | Select BGMI from the list of supported games. | Enter your BGMI User ID. | Select the desired UC denomination. | Choose UniPin Voucher as the payment method. | Enter your voucher details and complete the payment. | Restart BGMI if required. Your UC will be credited to your game account.,"Redeemable only on the UniPin India website. | Valid only for BGMI (Indian region). | Voucher is valid for 12 months from the date of issue. | User must have BGMI installed on their device. | This is a one-time use voucher; partial redemption is not allowed. | Voucher is non-refundable, non-returnable, non-reloadable, and cannot be exchanged for cash. | Gift Card cannot be cancelled once purchased or delivered. | Recipient email ID or mobile number cannot be changed after purchase. | Voucher details are delivered digitally via email. | UC may reflect after restarting the BGMI game. | UniPin reserves the right to modify the terms and conditions without prior notice.",2026-07-26
Unipin,Unipin,1104,https://www.maximize.money/gift-cards/Unipin/1104,active,Online,380 / 500 / 750 / 1500 / 1900 / 3800,No,,4,6.25% off / 6.5% earn,5.0% off / 5.25% earn,4.35% off / 4.6% earn,3.9% off / 4.15% earn,4.0% off / 4.25% earn,4.0% off / 4.25% earn,UPI,6.25,No,No,No,Valid for upto 12 months,"Visit https://www.unipin.com. | Select your preferred game top-up or game voucher. | For game top-ups, enter your Game User ID and select the desired denomination. | Choose UniPin Voucher as the payment method. | Enter the Voucher Serial Number and PIN. | Click Confirm to complete the transaction. | For game vouchers, the voucher will be delivered to your registered email. | Registered UniPin users can also add voucher balance to their UniPin account for future purchases.","Valid only for users residing in India and purchases made on https://www.unipin.com. | Valid for 12 months from the date of purchase. | Can be used only for game top-ups and game vouchers available in India. | Each Gift Voucher can be redeemed only once. | Any unused balance will be forfeited after redemption or expiry. | Cannot be reloaded, refunded, exchanged for cash, transferred, or resold. | Cannot be combined with other UniPin Vouchers or payment methods. | Lost, stolen, or unauthorized use of vouchers is not the responsibility of UniPin. | Non-functional vouchers due to technical issues may be replaced with the remaining balance. | UniPin reserves the right to modify these terms at any time. | For support, visit https://www.unipin.com/support or email CS.in@unipin.com.",2026-07-26
Tanishq Gold Coin,Tanishq Gold Coin,358,https://www.maximize.money/gift-cards/Tanishq Gold Coin/358,active,Online + In-store,500 / 1000 / 2500 / 5000 / 10000 / 25000 / 50000,Yes,500-100000,2,1.0% off / 1.1% earn,,,,,,UPI,1.0,No,No,Yes,Valid for upto 6 months,"Walk in-to Tanishq store. | Select the applicable Tanishq product, based on the Gift card type (refer terms & conditions). | At the Billing Counter, inform the cashier about the choice of making payment using Gift Cards. | Cashier selects Gift Card as payment mode, submits Gift Card & PIN details in the system and completes the billing process.","This e-Gift card is activated once issued. | This e-Gift Card is valid for 180 days (6 months) from the date of activation/issuance and it can not be further re-validated. | This e-Gift card is valid on all products, at the participating Tanishq Showrooms in India. For list of stores visit - https://stores.tanishq.co.in/ | This e-Gift card can be redeemed on the Tanishq website. A maximum value of Rs.10,000 can be redeemed per transaction on the website. | This e-Gift card is allowed for one-time redemption only. | Any unused balance on the e-Gift card will not be refunded or credited. | Balance / expiry may be checked at the Tanishq cash counters. | Tanishq will not replace or reimburse the value of your e-Gift card if it is lost, stolen, or expired. | This e-Gift Card is non-encashable. | Bearer is responsible if an e-Gift Card is lost, stolen, destroyed or used without permission. | For this e-Gift Card, Indian law is applicable and jurisdiction shall be Bangalore. | These terms & conditions are subject to change at any time, without any prior notice. | This e Gift card is only entitlement to credit to the extent of the load value of the Gift card and is non-encashable. | If the value of the purchase is less than the value of the Gift card, the balance is non-refundable. | For Balance & Expiry Check, SMS - TNQBAL to 8861208222 | This Gift card is not a legal tender",2026-07-26
Tanishq Gold Jewellery,Tanishq Gold Jewellery,1045,https://www.maximize.money/gift-cards/Tanishq Gold Jewellery/1045,active,In-store,1000 / 2000 / 5000 / 10000 / 20000 / 50000 / 100000,Yes,500-100000,2,2.25% off / 2.5% earn,0.4% off / 0.65% earn,0.35% off / 0.6% earn,,,,UPI,2.25,No,Yes,Yes,Valid for upto 6 months,"Walk into a participating Tanishq store. | Select eligible Tanishq products as per the Gift Card terms. | At the billing counter, inform the cashier that you would like to pay using a Gift Card. | Provide the Gift Card number and PIN to the cashier. | The cashier will process the Gift Card and complete the billing transaction.","This e-Gift Card is activated once issued. | Valid for 180 days (6 months) from the date of issuance and cannot be revalidated. | Redeemable on Gold Jewellery only and not valid on Gold Coins. | Valid at participating Tanishq stores across India. | One-time redemption only. | Any unused balance after redemption will not be refunded or credited. | Balance and expiry can be checked at Tanishq cash counters. | Tanishq will not replace or reimburse lost, stolen, expired, or misused Gift Cards. | This Gift Card is non-encashable. | The bearer is responsible for the security and usage of the Gift Card. | Indian law shall apply and jurisdiction shall be Bangalore. | Terms & Conditions may change without prior notice. | This Gift Card is only an entitlement to the loaded value and is not legal tender. | If the purchase value is less than the Gift Card value, the remaining balance will be forfeited. | For Balance & Expiry Check, SMS TNQBAL to 8861208222.",2026-07-26
Tanishq Diamond,Tanishq Diamond,1053,https://www.maximize.money/gift-cards/Tanishq Diamond/1053,active,In-store,1000 / 2000 / 5000 / 10000 / 20000 / 50000 / 100000,Yes,500-100000,2,4.0% off / 4.1% earn,2.15% off / 2.25% earn,2.1% off / 2.2% earn,1.25% off / 1.35% earn,1.75% off / 1.85% earn,1.75% off / 1.85% earn,UPI,4.0,No,No,No,Valid for upto 6 months,"Walk into a participating Tanishq showroom. | Select eligible studded jewellery products as per the Gift Card terms. | Inform the cashier that you would like to pay using a Tanishq Studded E-Gift Card. | Provide the Gift Card number and PIN at the billing counter. | The cashier will validate the Gift Card and process the redemption. | Pay any remaining balance, if applicable. | Collect your invoice and jewellery.","Gift Card is activated upon issuance. | Valid for 180 days (6 months) from the date of issuance. | Valid only on studded jewellery purchases at participating Tanishq showrooms in India. | Not valid on gold coins. | One-time redemption only. | Unused balance will not be refunded or credited. | Balance and expiry can be checked at Tanishq cash counters. | Tanishq is not responsible for lost, stolen, expired, or unauthorized use of the Gift Card. | Gift Card cannot be exchanged for cash and is non-encashable. | If the purchase value is lower than the Gift Card value, the remaining balance will be forfeited. | Validity cannot be extended or revalidated. | Terms & Conditions may be changed without prior notice. | Indian law applies and all disputes are subject to Bangalore jurisdiction. | For balance and expiry check, SMS TNQBAL to 8861208222. | Gift Card is not a legal tender.",2026-07-26
Snitch,Snitch (Custom),848,https://www.maximize.money/gift-cards/Snitch (Custom)/848,active,Store Locator,1000 / 2000 / 5000 / 10000 / 20000,Yes,500-25000,4,6.25% off / 6.5% earn,5.0% off / 5.25% earn,4.35% off / 4.6% earn,3.9% off / 4.15% earn,4.0% off / 4.25% earn,4.0% off / 4.25% earn,UPI,6.25,Yes,No,Yes,Valid upto 12 Months from purchase,Open SNITCH app / website and go to the accounts section | Select Gift Cards | Select Redeem Gift Card | Enter the 16-digit Gift Card number and 4-digit PIN | Amount is instantly added to your Wallet balance | This wallet balance can be utilised against purchases made on SNITCH app / website or stores,"SNITCH Gift Cards are valid for 12 months from the date of purchase and cannot be extended | Gift cards can be redeemed into the SNITCH Wallet on the SNITCH app or website (https://www.snitch.com). The wallet balance can then be used for purchases across the SNITCH app, website, or any SNITCH store | You can use your Wallet balance partially and combine it with other payment methods such as UPI, cards, or COD. Multiple Gift Cards can be redeemed into a single SNITCH wallet | Gift cards cannot be recharged, topped up, or reused once the balance is exhausted | Purchases made using wallet balance are refundable, with the refunded amount credited back to the wallet | Gift cards once purchased cannot be cancelled, refunded, or exchanged for cash | SNITCH is not responsible for lost or stolen cards or incorrect email / phone numbers entered by the recipients | Any misuse or suspicious redemption activity may result in the suspension or cancellation of the Gift Card or Wallet",2026-07-26
Street Food by Punjab,Street Food by Punjab,1049,https://www.maximize.money/gift-cards/Street Food by Punjab/1049,active,In-store,1000 / 2000 / 5000 / 10000 / 20000 / 50000,Yes,500-50000,4,8.5% off / 8.75% earn,7.25% off / 7.5% earn,6.6% off / 6.85% earn,6.15% off / 6.4% earn,6.25% off / 6.5% earn,6.25% off / 6.5% earn,UPI,8.5,No,No,No,Valid upto 6 Months from purchase,"Visit a participating Lite Bite Foods outlet. | Enjoy your meal through dine-in or takeaway. | At the time of billing, inform the cashier that you would like to redeem a Gift Card. | Share the Gift Card number and PIN with the cashier. | The cashier will validate and redeem the Gift Card. | Pay any remaining balance, if applicable. | Collect the final invoice.","Redeemable across participating Lite Bite Foods outlets. | Valid only for dine-in and takeaway orders. | Not valid on 31st December. | Gift Card validity is 6 months from the date of issue. | Only one Gift Card can be used per bill. | Cannot be clubbed with any other ongoing offer or promotion. | Gift Card is valid for one-time redemption only. | Gift Card is non-transferable and cannot be resold, exchanged, or encashed. | Prior reservation is recommended. | Lite Bite Foods reserves the right to reject or cancel the Gift Card in case of misuse or breach of terms. | Lost or deleted Gift Cards can be reported via corpsales@lbf.co.in.",2026-07-26
Punjab Grill,Punjab Grill,951,https://www.maximize.money/gift-cards/Punjab Grill/951,active,In-store,1000 / 2000 / 5000 / 10000 / 20000 / 50000,Yes,500-50000,4,8.5% off / 8.75% earn,7.25% off / 7.5% earn,6.6% off / 6.85% earn,6.15% off / 6.4% earn,6.25% off / 6.5% earn,6.25% off / 6.5% earn,UPI,8.5,No,No,No,Valid upto 6 Months from purchase,"Visit any participating LBF outlet | Complete your dine-in or takeaway order | At the time of billing, present the Gift Card number and PIN to the cashier | If valid, the cashier will redeem the voucher in the POS system | Collect your invoice","Redeemable across all Lite Bite Foods (LBF) outlets including Punjab Grill, Street Foods by Punjab Grill, Asia Seven, YOÜMEE, and Zambar in India | Valid only for dine-in and takeaway | Not valid on 31st December | Valid for 6 months from the date of issue | Voucher type is Digital | Voucher can be redeemed only once | Only one voucher can be redeemed per bill | Voucher cannot be clubbed with any other offer running at outlets | Voucher is non-transferable and cannot be resold, exchanged, or encashed | Intended recipient only can use the voucher | Prior reservation is recommended | Lite Bite Foods reserves the right to reject or cancel the voucher if terms are breached | Voucher holder shall have no claim against Lite Bite Foods in case of rejection or cancellation | If voucher is misplaced or deleted, customer may email corpsales@lbf.co.in",2026-07-26
Blaupunkt,Blaupunkt,500,https://www.maximize.money/gift-cards/Blaupunkt/500,active,Online,500 / 1000 / 2000 / 5000,No,,4,18.0% off / 18.5% earn,16.75% off / 17.25% earn,16.1% off / 16.6% earn,15.65% off / 16.15% earn,15.75% off / 16.25% earn,15.75% off / 16.25% earn,UPI,18.0,Yes,No,Yes,Valid for upto 6 months,"Go to blaupunktaudio.in | Select your desired product and add to cart | At checkout, choose e-Pay option and apply your gift voucher","Redeemable only on https://blaupunktaudio.in/ | The voucher holder is the beneficiary. | Cannot be revalidated once expired. | GV can be converted into e-Pay and used partially. | Non-refundable, non-transferable, cannot be exchanged for cash. | Multiple vouchers can be added to the same e-Pay wallet. | No responsibility for lost/damaged/stolen vouchers. | Blaupunkt will attempt to accept GV/e-Pay on best-effort basis. | In case of technical issues: Reactivated in 72 hours | In case of technical issues: Refund (on transaction failure) processed in 48 hours | e-Pay balance is linked to registered mobile number. | Cannot be clubbed with any other discounts or promotions. | Not valid on block-out dates as per Blaupunkt policy. | Disputes subject to courts in New Delhi. | Blaupunkt reserves the right to modify/withdraw the voucher scheme anytime.",2026-07-26
Apollo Diagnostics,Apollo Diagnostics,1092,https://www.maximize.money/gift-cards/Apollo Diagnostics/1092,active,Online,500 / 1000 / 1500 / 2000 / 2500 / 5000,No,,4,12.25% off / 12.5% earn,11.0% off / 11.25% earn,10.35% off / 10.6% earn,9.9% off / 10.15% earn,10.0% off / 10.25% earn,10.0% off / 10.25% earn,UPI,12.25,No,No,No,Valid for upto 12 months,"Visit the Apollo 24|7 App or https://www.apollo247.com/lab-tests. | Select your preferred diagnostic test or health check package. | Add the selected test/package to your cart and proceed to checkout. | Navigate to All Coupons & Vouchers and select Gift Voucher. | Enter your Voucher Code (and PIN, if applicable). | Apply the voucher and complete the booking. | If the booking amount exceeds the voucher value, pay the remaining balance using any available payment method.","Redeemable only on the Apollo 24|7 App and https://www.apollo247.com/lab-tests. | Valid only for Diagnostic Tests and Health Check Packages. | Valid for one-time use only. | If the booking value is less than the voucher amount, the unused balance will be forfeited. | If the booking value exceeds the voucher amount, the remaining balance must be paid using another payment method. | Cannot be clubbed with any other offers, discounts, promo codes, or promotional schemes. | Voucher is valid for 12 months (365 days) from the date of activation. | Voucher is non-transferable, non-refundable, and cannot be exchanged for cash. | Applicable only for eligible diagnostic services listed on Apollo 24|7. | Apollo reserves the right to modify eligible services or terms without prior notice.",2026-07-26
Pronto,Pronto,1033,https://www.maximize.money/gift-cards/Pronto/1033,active,Online,200 / 500 / 1000 / 2000 / 5000 / 10000,Yes,100-10000,4,16.5% off / 17.0% earn,15.25% off / 15.75% earn,14.6% off / 15.1% earn,14.15% off / 14.65% earn,14.25% off / 14.75% earn,14.25% off / 14.75% earn,UPI,16.5,No,No,No,Valid upto 12 Months from purchase,"Open the GyFTR ePay app or login to https://brandpts.com/ and select 'PRONTO' | Add the voucher PIN, Tap Redeem ePay, enter the amount, and confirm. Your amount will be added in Pronto Money Wallet. OR | Open the Pronto app and go to Profile. | Go to Pronto Money and select Claim a gift card. | Enter your voucher code and the amount gets added to your Pronto Money balance.","This is a Pronto GV (Gift Voucher)/e-Pay that will be accepted on the Pronto App (Android/iOS). | The person who has the GV/e-Pay is deemed to be the beneficiary. | Multiple GVs can be used in one bill/transaction. | The GV/e-Pay cannot be clubbed with the existing offers. | Partial activation is not allowed. This GV/e-Pay can be activated only once & is not reloadable/ cannot be revalidated. | In case the value of the product/items exceeds the value of GV/e-Pay, the difference shall be paid by the customer. | GV/e-Pay cannot be exchanged for cash/gift cards/credit notes. | Once the GV gets added to the e-Pay balance, it can be utilized till the balance gets exhausted or expires. No credit note or refund for the unused balance amount will be given. | The GV can be converted into e-Pay as per the holder's convenience. | The GV/e-Pay balance cannot be transferred to another e-Pay account, exchanged for cash, or converted into any other form of currency. | The e-Pay balance must be linked to the registered mobile number. | After conversion into e-Pay balance, this GV is valid for partial redemption. The balance would remain in the e-Pay balance and can be used for multiple transactions within the validity period. | Only valid GV/e-Pay at the sole discretion of Pronto shall be accepted for redemption. | Pronto/GyFTR may add or delete any date(s)/period(s) at its sole discretion without any liability. | If a GV/e-Pay gets blocked on account of a technical issue, it would get enabled in 72 hours. In case of transaction failures after GV/e-Pay is applied, the amount would be automatically refunded to the same cards within 48 hours. | Pronto/GyFTR reserves the right to edit/change the terms and conditions for the GV/e-Pay at any time without any notice or liability. | The GV/e-Pay CANNOT be revalidated once expired or canceled under any circumstances. | Pronto/GyFTR is not responsible if the GV/e-Pay is lost, stolen, or used without permission. | For any queries or issues related to GV/e-Pay, raise a request at https://www.gvhelpdesk.com.",2026-07-26
Points for Good,Points for Good,935,https://www.maximize.money/gift-cards/Points for Good/935,active,Online,250 / 500 / 1000 / 2500 / 5000,No,,4,2.25% off / 2.5% earn,1.0% off / 1.25% earn,0.35% off / 0.6% earn,,,,UPI,2.25,No,No,No,Valid for upto 6 months,"Visit https://www.pointsforgood.org | Click Donate/Redeem button | Login/Register with either Mobile or Email id OTP | Enter all the mandatory fields on the profile page. | Please note all these fields required for completing the donation/redemption process. | Go to Donor Option and Select Redeem button. Select Qwikcilver-Amazon Gift Card, Enter the voucher code. Select the charity partner, cause and project for which you would like to redeem your voucher. Tick on I agree with terms and conditions box and Select Proceed for successful redemption.","This is a one-time use E-Gift Card | The full value of the E-Gift Card will be directly donated to the selected charity or cause | Donations of ₹500 and above are eligible for 50% tax exemption under Section 80G | A Redemption Certificate will be sent to the registered email address | To claim tax exemption, users must email info@pointsforgood.org with PAN number, order number, and transaction date, or register on the website and share donation details | The 80G certificate will be issued within 3–5 weeks after receipt of required details and confirmation of payment | Refunds are not applicable on this E-Gift Card | Points for Good reserves the right to modify or change the terms and conditions at any time by updating them on its website | For any queries related to the E-Gift Card, users may write to info@pointsforgood.org | The individual who purchases the Points for Good E-Gift Card is deemed to be the donor | Points for Good is not responsible if the E-Gift Card is lost, stolen, or used without permission",2026-07-26
Boat,Boat,554,https://www.maximize.money/gift-cards/Boat/554,active,Online,1000 / 2000 / 5000,Yes,500-5000,4,7.0% off / 7.1% earn,5.75% off / 5.85% earn,5.1% off / 5.2% earn,4.65% off / 4.75% earn,4.75% off / 4.85% earn,4.75% off / 4.85% earn,UPI,7.0,Yes,Yes,Yes,Valid for upto 12 months,"Go to My Account on the boAt website - https://www.boat-lifestyle.com/ | Choose boAt Credits. | Under ""Add Balance"", enter the 16-digit alphanumeric Gift Card code along with the Security PIN, then submit. | The Gift Card amount will be added to your boAt Credits wallet. | Add your favorite products to the cart. | Click on Pay Now. If the order value exceeds your wallet balance, pay the remaining amount using other available payment methods. | You can use your wallet balance (boAt Credits) for payment.","The Gift Card is redeemable only in India and exclusively on https://www.boat-lifestyle.com. | Gift Cards can be clubbed with selected offers and promotions. | To redeem, users must add the Gift Card amount to their boAt Credits on the website. | Gift Cards cannot be exchanged, revalidated, reissued, or replaced. | Validity is 1 year from the date of issue. Expired cards cannot be extended or replaced. | If an order placed using a Gift Card is exchanged, refunded, or cancelled, the amount will be refunded to the boAt wallet. | Lost or stolen Gift Cards will not be replaced, and boAt is not liable. | The cardholder is responsible for the safe custody of the card and its credentials. | boAt Lifestyle reserves the right to amend these terms without prior notice. | For customer support, contact info@imaginemarketingindia.com or call 022-6918-1920. | Gift Cards are usually delivered instantly but may be delayed by 24 - 48 hours due to system issues. | Any other terms and conditions listed on boAt Lifestyle for its products/services will also apply.",2026-07-26
Roblox,Roblox,795,https://www.maximize.money/gift-cards/Roblox/795,active,Online,940 / 1880,No,,4,5.9% off / 6.0% earn,4.65% off / 4.75% earn,4.0% off / 4.1% earn,3.55% off / 3.65% earn,3.65% off / 3.75% earn,3.65% off / 3.75% earn,UPI,5.9,No,No,No,Valid upto 12 Months from purchase,"Log in to the Roblox website or mobile site → Click the Robux symbol → Select “Redeem Roblox Codes” from the drop-down menu. | Enter the voucher code → Accept the T&Cs → Click Redeem, then click Continue on the Credit Conversion pop-up. | After successful redemption, the voucher amount will reflect in the Robux dropdown.","This is a Roblox Membership Gift Voucher/Gift Card (GV/GC). It can only be redeemed on https://www.roblox.com for Roblox credits, which can be used to buy Robux or a Roblox Premium Subscription (pricing may change; check https://www.roblox.com/upgrades/robux ). | The person holding the GV/GC is considered the beneficiary. | By purchasing, accepting, or redeeming this GV/GC, you (or your parent/guardian if under 18) accept these T&Cs and the Roblox Terms of Use (https://www.roblox.com/termsofuse ) | Once purchased, the GV/GC cannot be cancelled or blocked. | The GV/GC cannot be revalidated after expiry. | To redeem, you must have internet access and a registered Roblox account. | GV/GC is non-refundable, non-transferable, cannot be exchanged or resold, and cannot be redeemed for cash. | This GV/GC is issued by Roblox Prepaid Company, LLC. Full T&Cs including arbitration and class action waiver are at https://www.roblox.com/giftcardterms . | Roblox/Maximize is not responsible for lost, damaged, or stolen GV/GC. | GV/GC cannot be used on the Roblox App.",2026-07-26
GoIbibo Hotel,GoIbibo Hotel,479,https://www.maximize.money/gift-cards/GoIbibo Hotel/479,active,Online,500 / 1000 / 2000 / 5000 / 10000 / 20000 / 50000 / 100000,Yes,250-100000,3,10.25% off / 10.5% earn,9.0% off / 9.25% earn,8.35% off / 8.6% earn,7.9% off / 8.15% earn,8.0% off / 8.25% earn,8.0% off / 8.25% earn,UPI,10.25,Yes,No,Yes,Valid for upto 12 months,"On the payments page, select the Gift Card option and enter your Go-Ibibo Gift Card Number and PIN. | Click on ‘Add to my account’. Once the gift card is added, you can proceed to pay for your selected booking using this Gift Card.","Valid for purchases only on Goibibo and only for hotel bookings | Valid for 12 months from the date of purchase | To check balance/validity/status, visit: https://www.goibibo.com/user/gift-cards/ | Can be redeemed on https://www.goibibo.com or on the Goibibo Android/iOS app | Not valid for Flights, Holiday Packages, Homestays, Bus, Rail, VISA, Experiences, Car bookings | Not applicable with “Pay Later” option | Cannot be clubbed with any other ongoing offer/discount/cashback | Valid for partial redemption; remaining balance can be reused within validity | Maximum 3 Gift Cards can be combined in a single transaction | Cannot be cancelled, exchanged for cash, or extended | Not responsible if lost/stolen/used without permission | Refunds (in case of cancellations within validity) will go back to the same Gift Card | No refunds if validity expires before cancellation | Users must retain card number and PIN - they cannot be reset or reissued | Subject to availability of products/services | Goibibo’s liability is limited to the card value | In case of disputes, jurisdiction lies with courts in New Delhi | For individual use only-travel agent use will result in booking cancellation with no refund | For assistance, call: +91 124 6280407 or visit the gift card portal linked above.",2026-07-26
GIVA Silver Coin,GIVA Silver Coin (Custom),742,https://www.maximize.money/gift-cards/GIVA Silver Coin (Custom)/742,active,Online + In-store,500 / 1000 / 1500 / 2500 / 5000 / 10000,Yes,500-100000,4,4.0% off / 4.1% earn,2.75% off / 2.85% earn,2.1% off / 2.2% earn,1.65% off / 1.75% earn,1.75% off / 1.85% earn,1.75% off / 1.85% earn,UPI,4.0,No,Yes,Yes,Valid for upto 6 months,"Online Redemption | Visit us at https://www.giva.co/ or download the GIVA Jewellery App. | Select the products of your choice. | Proceed to checkout and enter your 16-digit gift card number and 6-digit PIN in the 'Apply Gift Card' field. | Redeem the amount of your choice. | Offline Redemption | Visit a GIVA store near you (or visit https://www.giva.co/pages/store-locator to find the nearest store). | Select the products of your choice. | While billing, prompt the store team about redeeming your gift card. | Punch in the details as requested by them. | Redeem the amount of your choice.","Valid at GIVA website, app, and stores – Silver Coins Collection . | Validity: 6 months from the date of issue. | Not applicable on Gold Jewellery or Gold Coins. | The user holding the GC is deemed the beneficiary. | Once activated, it cannot be transferred to another user. | Not for resale or cash redemption. | GIVA is not responsible if the card is lost, stolen, or used without permission. | Multiple GCs can be used for a single order. | One-time use only, with expiration date. | Cannot be revalidated once expired or cancelled. | Can be clubbed with existing offers on the website. | GIVA may withdraw, modify, or cancel the offer anytime without notice. | E-Gift Cards are usually delivered instantly, but may be delayed up to 24–48 hours. | No returns or refunds on GCs shipped by Maximize",2026-07-26
GIVA Silver Coin,GIVA Silver Coin,520,https://www.maximize.money/gift-cards/GIVA Silver Coin/520,active,Online + In-store,500 / 1000 / 2000,No,,4,5.75% off / 5.9% earn,4.5% off / 4.65% earn,3.85% off / 4.0% earn,3.4% off / 3.55% earn,3.5% off / 3.65% earn,3.5% off / 3.65% earn,UPI,5.75,No,Yes,Yes,Valid for upto 6 months,"Online - Visit https://www.giva.co or use the GIVA app | Add products to your cart, proceed to checkout, and enter: 16-digit Gift Card Number & 6-digit PIN | Offline -Locate a GIVA store | Select your product | Provide the GV code at billing | Pay any remaining amount by card or cash","The GV/GC is valid only on Silver Coins via GIVA website, app, or stores. | The person holding the GV/GC is considered the beneficiary. | Up to 10 GV/GCs can be used in a single transaction. | GV/GC can be clubbed with existing offers on the GIVA website. | Cannot be used for Gold Jewellery or Gold Coins. | Non-transferable once activated. | GV/GC cannot be resold, exchanged for cash, or refunded. | If lost, stolen, or misused, GIVA/GyFTR bears no responsibility. | It is a one-time use gift card with a specific expiration date. | Cannot be revalidated once expired or cancelled. | GIVA/GyFTR can change, withdraw, or cancel the offer at any time without notice. | For issues, contact: https://www.gvhelpdesk.com OR care@giva.co",2026-07-26
PCJ Gold Coin,PCJ Gold Coin,909,https://www.maximize.money/gift-cards/PCJ Gold Coin/909,active,In-store,500 / 1000 / 2000 / 2500 / 5000 / 7500 / 10000,Yes,1000-100000,4,0.75% off / 0.86% earn,,,,,,UPI,0.75,Yes,No,Yes,Valid for a range of 6 - 12 months,Use the outlet locator to locate the nearest outlet that accepts this Gift Voucher. | Select your choice of product. | Share your Gift Voucher with the cashier at the time of billing & pay the remaining amount by cash or card if required.,"The e-Gift Card is valid only after activation. | It can be purchased for denominations up to ₹1,00,000. | The card must be presented in its original form at the time of purchase. | Multiple transactions are allowed until the card balance is fully used. | Gold Coin Cards can be used to purchase gold coins, gold jewellery, and diamond jewellery. | Each e-Gift Card comes with a card number and PIN; no OTP is required for redemption. | The card is valid at all PC Jeweller stores. | The card balance must be used within 1 year from the date of issue; any unused balance will expire thereafter. | Gift Cards are non-transferable and cannot be redeemed for cash. | PC Jeweller and its partners are not responsible for lost, stolen, or misused cards. | No refunds, replacements, or cashback are allowed against Gift Cards. | Disputes, if any, will be subject to New Delhi jurisdiction, and PC Jeweller’s decision will be final. | PC Jeweller reserves the right to amend these terms at any time. | Gift Card usage is subject to government-prescribed limits.",2026-07-26
Euphoria Jewellery Silver Coin,Euphoria Jewellery Silver Coin,270,https://www.maximize.money/gift-cards/Euphoria Jewellery Silver Coin/270,active,Online,500 / 1000 / 2000 / 5000 / 10000,Yes,100-10000,4,4.5% off / 4.6% earn,3.25% off / 3.35% earn,2.6% off / 2.7% earn,2.15% off / 2.25% earn,2.25% off / 2.35% earn,2.25% off / 2.35% earn,UPI,4.5,No,Yes,Yes,Valid for upto 12 months,Visit: [euphoriajewellery.in](https://euphoriajewellery.in) | Select your product & add to cart. | Enter the Gift Voucher Code & click on Redeem Now. Enter coupon code manually and click on Apply GyFTR Coupon.,"This is an Euphoria Jewellery (TM) Insta Gift Voucher (GV) / Gift Card (GC) and would be accepted online at https://euphoriajewellery.in/ and can be used to purchase Silver coins only. | The person who has the Euphoria Jewellery (TM) GV / GC Code is deemed to be the beneficiary. | More than one GV / GC can be used in one bill. | This is a ONE-time use GV / GC. | No Credit note / Refund for the unused amount of the GV / GC will be given. | Euphoria Jewellery (TM) GV / GC CANNOT be revalidated once expired. | Euphoria Jewellery (TM) GV / GC can be clubbed with any ongoing promotions on the website. However, the Insta GV / GC cannot be clubbed with any other coupon/s. | Any dispute related to the GV / GC should be referred to the issuing company and the decision of the issuing company shall be final. | If an Insta Gift Voucher (GV) / Gift Card (GC) gets blocked on account of a technical issue, it would get enabled in 72 hours. | For any queries/issues related to GV / GC, raise a request at https://www.gvhelpdesk.com.",2026-07-26
Blue Tokai Coffe,Blue Tokai Coffe,71,https://www.maximize.money/gift-cards/Blue Tokai Coffe/71,active,Online + In-store,100 / 250 / 500 / 1000 / 2000,No,,4,13.0% off / 13.5% earn,11.75% off / 12.25% earn,11.1% off / 11.6% earn,10.65% off / 11.15% earn,10.75% off / 11.25% earn,10.75% off / 11.25% earn,UPI,13.0,Yes,No,Yes,Valid for upto 12 months,"For dine-in / pick-up at a café: Download the Blue Tokai app, Register with your phone number. | Tap Wallet > Redeem a Gift Card, Enter Gift Card Number and PIN. | Amount gets added to your wallet. | Visit a café and order via the app (Cafés menu), At checkout, choose BTC Wallet to pay. | For delivery from the roastery (App): Download the app and register, Go to Wallet > Redeem Gift Card. | Enter Gift Card Number and PIN, Amount adds to your wallet. | Tap Shop, add products to cart, At checkout, select BTC Wallet to pay. | For delivery from the roastery (Website): Visit the Blue Tokai website, Add items to cart. | Check “Pay via Gift Cards” and click “Check Out.” Enter Gift Card Number and PIN > Add Gift Card. Add more cards if needed. | Click “Validate Gift Cards” to see balance. Enter amount to redeem > click “Redeem Cards.”","Redeemable on the Blue Tokai website, app, and stores. | Valid for 1 year from the date of purchase. | Can be used across multiple transactions. | Cannot be converted into cash or transferred. | No refunds, returns, or cancellations. | Balance cannot be withdrawn. | Lost/misplaced cards will not be replaced. | Only applicable for purchases at Blue Tokai. | Customer support available via email. | Terms subject to change without notice.",2026-07-26
Brooks Brothers-Luxe,Brooks Brothers-Luxe,376,https://www.maximize.money/gift-cards/Brooks Brothers-Luxe/376,active,Online + In-store,2000 / 5000 / 10000,Yes,1000-10000,4,10.0% off / 13.0% earn,10.0% off / 11.75% earn,10.0% off / 11.1% earn,10.0% off / 10.65% earn,10.0% off / 10.75% earn,10.0% off / 10.75% earn,UPI,10.0,No,No,Yes,Valid for upto 12 months,"Redeem your Luxe Gift Card at a participating brand of your choice by providing the Digital gift card. | An OTP will be generated and sent to you on your registered mobile number at the time of redemption. | Please use your Luxe Gift Card and OTP to redeem this gift card. To activate this gift card, SMS to 9704200300 For balance enquiry & validity, SMS to 9704200300","These Terms & Conditions apply to the electronic version of the Luxe Gift Card. | The Luxe Gift Card is issued by Pine Labs Limited (formerly Pine Labs Private Limited) and is valid for 12 months from the date of purchase. | The Luxe Gift Card can be redeemed across 45+ participating brands in India. For store locations, visit: https://www.luxegiftcard.com/brands#store_location | The Luxe Gift Card is not redeemable at airport stores. | The Gift Card can also be redeemed online at the brand websites | The Luxe Gift Card is valid for one-time use only until expiry. If the purchase value exceeds the Gift Card value, the balance amount must be paid by the customer. No refund or credit note will be issued for any unused balance. | Users are advised to protect the Gift Card details. RBL Bank or Pine Labs shall not be liable in case of loss, theft, or misuse of the Gift Card or PIN. The Gift Card will not be replaced or refunded in such cases. | Multiple Luxe Gift Cards can be used in a single transaction. | Once issued, the Luxe Gift Card cannot be cancelled or blocked. | The Gift Card can be redeemed only on full-priced merchandise and is not applicable on discounted items unless specified otherwise. | To activate the Gift Card, send an SMS in the format: ACT <16-digit card number><6-digit PIN> to 9704200300 | Alternatively, activation can be done via the portal: https://bit.ly/4072sdb | For balance enquiry and validity, SMS the 16-digit card number to 9704200300 or visit any participating merchant location. | For complete Terms & Conditions, participating brands, and store locations, visit: https://www.luxegiftcard.com | For bulk enquiries or support, contact: info@luxegiftcard.com | Users can change the SMS transaction alert language by writing to gcsupport.woohoo@pinelabs.com , mentioning the registered mobile number and preferred language (Hindi, Telugu, Tamil, Kannada, Marathi, Bengali, Gujarati, Odia, Punjabi, Malayalam, Assamese). | Pine Labs may take up to 15 working days to update the language preference. Once updated, all future SMS alerts for the Luxe Gift Card will be sent in the selected language.",2026-07-26
ColorPlus,ColorPlus,325,https://www.maximize.money/gift-cards/ColorPlus/325,active,In-store,500 / 1000 / 1500 / 2000 / 2500 / 3000 / 5000 / 7500 / 10000,No,,4,10.75% off / 11.0% earn,9.5% off / 9.75% earn,8.85% off / 9.1% earn,8.4% off / 8.65% earn,8.5% off / 8.75% earn,8.5% off / 8.75% earn,UPI,10.75,No,No,No,Valid for a range of 6 - 12 months,"Visit https://brandpts.com/login or download the GyFTR ePay app. Search for ColorPlus. View your ePay balance and available gift vouchers. Tap (+) to add a voucher to your wallet or enter the voucher code manually. | Share the registered mobile number with the cashier, once products are scanned for invoicing by the cashier. Cashier to inform the available Gift Voucher and its balance. | Customer to confirm the amount to be used for redemption and proceed further for balance payment, if any.","This is ColorPlus Insta Gift Voucher (GV) / Gift Card (GC) and would be accepted at listed outlets. For listed outlets visit https://www.gyftr.com/the-raymond-shop | The person who has the GV / GC Code is deemed to be the beneficiary. | Beneficiary should announce the intent of using the Instant Gift Voucher before making a purchase. | Only the listed outlets at their sole discretion accept the GV / GC. The Raymond Shop may add or remove an outlet without giving any prior notice. | More than one GV / GC can be used in one bill. | Partial redemption is allowed but no refund or credit note would be issued against an unused or partially used Instant Gift Voucher. Any unused amount shall remain as EPay balance which can be utilized till the balance gets exhausted or expires. | The ColorPlus GV / GC cannot be revalidated once expired. | GV/e-Pay can be used during the End of Season Sale (EOSS), but they cannot be applied to discounted products during the sale. | The ColorPlus GV / GC can only be used to purchase ready-made products. | The ColorPlus GV / GC will not be applicable for Custom Tailoring bills. | The ColorPlus GV / GC cannot be redeemed on specific block out dates. ColorPlus may add or delete any date at its sole discretion. | Any dispute related to the GV / GC should be referred to the issuing company and the decision of the issuing company shall be final. | ColorPlus makes full efforts to accept Insta Gift Vouchers (GV) / Gift Card (GC), but on account of any technical or administrative reasons an outlet may refuse to accept the same. | Instant Gift Voucher cannot be revalidated once expired and cannot be cancelled under any circumstances. | For any queries or issues related to GV / GC, raise a request at https://www.gvhelpdesk.com",2026-07-26
Beverly Hills Polo Club,Beverly Hills Polo Club,311,https://www.maximize.money/gift-cards/Beverly Hills Polo Club/311,active,In-store,500 / 1000 / 1500 / 2000 / 2500 / 3000 / 5000 / 7500 / 10000,Yes,100-10000,4,11.75% off / 12.25% earn,10.5% off / 11.0% earn,9.85% off / 10.35% earn,9.4% off / 9.9% earn,9.5% off / 10.0% earn,9.5% off / 10.0% earn,UPI,11.75,No,Yes,Yes,Valid for upto 6 months,Check the outlet locator for a store nearby you that accepts the Gift Voucher. | Choose your product. | Share your Gift Voucher at the time of billing & pay rest by cash or card if required.,"This Gift Voucher (GV)/e-Pay and would be accepted at Aldo, Charles & Keith, Call it Spring, Beverly Hills Polo Club, Inglot, Victoria's Secret, Victoria's Secret beauty , Bath & Body works & R&B stores only. | The holder of the GV/e-Pay is deemed to be the beneficiary. | The GV can be converted into e-Pay, as per convenience of the holder. | Multiple GVs can be clubbed and added to a e-Pay balance. | Only valid GVs/e-Pay, at the sole discretion of Apparel group, shall be accepted for redemption. | The e-Pay balance must be linked to the registered mobile number. | The e-Pay cannot be transferred to another e-Pay account, exchanged for cash, or any other form of currency. | GV/e-Pay cannot be revalidated once it expires. | Apparel group, GyFTR, or its affiliates shall not be responsible if the beneficiary shares the GV number or account credentials resulting in unauthorized use of the GV/e-Pay balance. | In case of a technical issue leading to the blockage of GV/e-Pay, it shall be reactivated within 72 hours. | Any dispute should be referred to the company from where the GV/e-Pay has been received, and the company's decision shall be final. | Apparel group or GyFTR may terminate or suspend Apparel group GV/e-Pay if any fraudulent or unauthorized activities are detected. | Apparel group or GyFTR reserves the right to modify or update the terms and conditions of the Apparel group GV/e-Pay at any time. | For any queries/issues related to GV/e-Pay, please raise a request at https://www.gvhelpdesk.com",2026-07-26
Pure Home &amp; Living,Pure Home &amp; Living,604,https://www.maximize.money/gift-cards/Pure Home &amp; Living/604,active,Online + In-store,250 / 500 / 1000 / 2000 / 5000 / 10000,Yes,100-10000,4,9.0% off / 9.5% earn,7.75% off / 8.25% earn,7.1% off / 7.6% earn,6.65% off / 7.15% earn,6.75% off / 7.25% earn,6.75% off / 7.25% earn,UPI,9.0,Yes,Yes,Yes,Valid for upto 6 months,"Visit the website, log in, choose your product, and click Add to Cart. | Select ""Pay via e-Pay / Gift Vouchers"" option. | Add vouchers to your e-Pay balance; your available balance will be displayed. | Use the Outlet Locator, select your product, share the Gift Voucher at billing, and pay any remaining balance if needed.","This is a Pure Home + Living GV (Gift Voucher) / e-Pay, and it can be redeemed offline at listed stores and online at purehomeandliving.com. | The person holding the GV / e-Pay is considered the beneficiary. | GV / e-Pay is non-refundable, non-transferable, non-resellable, and cannot be redeemed for cash. | GV / e-Pay can be clubbed with ongoing discounts offered by Pure Home + Living. | GV / e-Pay cannot be revalidated once expired or cancelled. | The GV can be converted into e-Pay at the beneficiary’s convenience. | GV / e-Pay balance cannot be transferred, exchanged for cash, or any other currency. | Once converted to e-Pay, it is valid for partial redemptions. Remaining balance can be used in multiple transactions within validity. | The e-Pay balance must be linked to a registered mobile number. | Only valid GV / e-Pay, at Pure Home + Living's sole discretion, will be accepted for redemption. | GV / e-Pay can be used on all products and services offered by Pure Home + Living. | Pure Home + Living / GyFTR is not responsible for lost, stolen, or unauthorized use of the GV / e-Pay. | If the beneficiary shares GV / e-Pay details or account credentials, the responsibility lies with them. | In case of technical blockage, GV / e-Pay will be reactivated within 72 hours. | Disputes should be referred to the issuing company, and their decision will be final. | Pure Home + Living reserves the right to withdraw or modify the offer without prior notice. | For assistance, raise a request at https://www.gvhelpdesk.com. | The GV / e-Pay can be redeemed offline at listed stores and online at purehomeandliving.com.",2026-07-26
BlueStone Diamond,BlueStone Diamond,817,https://www.maximize.money/gift-cards/BlueStone Diamond/817,active,Online + In-store,500 / 2000 / 5000,No,,4,6.75% off / 7.0% earn,5.5% off / 5.75% earn,4.85% off / 5.1% earn,4.4% off / 4.65% earn,4.5% off / 4.75% earn,4.5% off / 4.75% earn,UPI,6.75,No,No,Yes,Valid for upto 6 months,Visit BlueStone website at BlueStone.com or visit BlueStone listed outlet | Share the voucher code with the cashier. You can make the balance payment by any other payment mode. | Click on Voucher Card/Gift Card & Enter the voucher details and click on Apply and Proceed for payment,"This BlueStone Gift Card(s) can be redeemed online- https://www.bluestone.com and listed outlets. | The person who has the BlueStone GV / GC Code is deemed to be the beneficiary. | Multiple Gift Card(s) can be used in a single transaction. Gift Card(s) can be combined with any other payment type on BlueStone.com and at the store. | Gift cards cannot be redeemed partially. | Gift card can be redeemed ONLY on Diamond Studded Jewellery or Diamond and Gemstone Jewellery. This gift card is not valid for redemption on Gold coins, Plain Gold Jewellery, Solitaires and Preset Solitaires. | Gift cards cannot be used to purchase another Gift Card. | Gift cards are valid for a period of 6 months from the date of issuance to the recipient. | Payment mode will be Net Banking, Credit/Debit Card, Blue Cash. | Gift Card(s) once bought online, shall be considered as sold and cannot be Cancelled, Exchanged or Refunded. | If lost or misused, the Gift Card(s) cannot be replaced. Gift cards are void if resold and cannot be exchanged for credit(s) or cash and cannot be re-validated once past expiry date. | In addition to these Terms and Conditions, BlueStone Gift Card(s) and their use on our website are also subject to BlueStone's general Terms of Use & BlueStone's decision will be final in case of any dispute. | BlueStone may change (add to, delete, or amend) these terms from time to time. Unless stated otherwise, the changes will apply to any new BlueStone gift card. Any gift cards that you purchase are for personal, non-commercial use and enjoyment only. The same may be shared with family and friends, but may not be advertised, sold or used as promotional items by the purchaser or anyone else without BlueStone's prior written consent. | All disputes, with respect to the products and services offered in this connection, are subject to Bangalore jurisdiction.",2026-07-26
Joyalukkas Diamond,Joyalukkas Diamond,464,https://www.maximize.money/gift-cards/Joyalukkas Diamond/464,active,Online + In-store,1000 / 2000 / 5000 / 10000 / 20000 / 50000,Yes,500-50000,4,4.65% off / 4.75% earn,3.4% off / 3.5% earn,2.75% off / 2.85% earn,2.3% off / 2.4% earn,2.4% off / 2.5% earn,2.4% off / 2.5% earn,UPI,4.65,No,No,No,Valid for upto 6 months,"Walk in-to Joayalukkas store. | Select the applicable Joayalukkas product, based on the Gift card type (refer terms & conditions). | At the Billing Counter, inform the cashier about the choice of making payment using Gift Cards. | Cashier selects Gift Card as payment mode, submits Gift Card & PIN details in the system and completes the billing process.","Redeemable only in diamond ornaments in Joyalukkas outlets. | This eGift Card needs to be presented to the cashier at the store before final billing of your purchase(s). | This eGift Card is valid at Joyalukkas outlets in India. | This eGift Card cannot be exchanged for cash. | The bearer of this eGift Card is the title holder and is entitled to exchange it for jewellery as per value indicated. | This eGift Card cannot be redeemed for gold/ silver bars/coins. | Joyalukkas gift cards often require an activation period after purchase. | The activation time typically ranges from 30 minutes to 12 hours, and in some cases, up to 24 hours. | EGVs issued by Joyalukkas can be redeemed partially and used multiple times on the Joyalukkas India website or mobile app until the full value is exhausted or the card validity expires. However, EGVs cannot be redeemed partially in offline stores.",2026-07-26
Lifestyle Online,Lifestyle Online,572,https://www.maximize.money/gift-cards/Lifestyle Online/572,active,Online,1000,No,,4,9.25% off / 9.5% earn,8.0% off / 8.25% earn,7.35% off / 7.6% earn,6.9% off / 7.15% earn,7.0% off / 7.25% earn,7.0% off / 7.25% earn,UPI,9.25,Yes,Yes,Yes,Valid for upto 6 months,Visit: https://www.lifestylestores.com or use the Lifestyle iOS/Android app | Add your desired products to the cart | Click on the ‘Buy Now’ button | Select “Have a gift card?” | Enter the 16-digit Gift Card number and 4-digit PIN | Complete remaining payment using any available mode,"Issued by Landmark Online India Private Limited. | Redeemable only on the online platforms of lifestylestores.com and homecentre.in. | Not valid at physical stores. | Can be partially redeemed and used multiple times till the full value is consumed. | If purchase value exceeds card balance, user must pay the difference. | Cannot be exchanged for cash under any condition. | Balance inquiries at lifestylestores.com. Customer Care: 18001231555. | Redemption requires both Card Number and PIN. | Valid on all offers and discounts online. | No replacement for lost/damaged cards. | No cancellation post issue. No liability for misuse or fraud; no reissue in such cases. | Use of the card will be seen as legal discharge of liability. | Redemption is on an as-is, as-available basis. | Company reserves the right to amend or withdraw the program without notice. | Customers must safeguard their card info and indemnify Landmark for losses due to misuse. | Any dispute will be governed by the courts in Bangalore. | E-Gift Cards are usually delivered instantly but may take up to 24–48 hours due to system issues.",2026-07-26
Pantaloons,Pantaloons,660,https://www.maximize.money/gift-cards/Pantaloons/660,active,In-store,250 / 500 / 1000 / 1500 / 2000 / 2500 / 3000 / 4000 / 5000 / 7500,Yes,100-10000,4,7.75% off / 8.0% earn,6.5% off / 6.75% earn,5.85% off / 6.1% earn,5.4% off / 5.65% earn,5.5% off / 5.75% earn,5.5% off / 5.75% earn,UPI,7.75,No,Yes,Yes,Valid for upto 12 months,Use the outlet locator to locate the nearest outlet that accepts this Gift Voucher. | Select your choice of product. | Share your Gift Voucher with the cashier at the time of billing and pay the remaining amount by cash or card if required.,"This is a Pantaloons Insta Gift Voucher (GV) / Gift Card (GC) and can be redeemed for any product at participating Pantaloons stores across India. | Pantaloons GV/GC can only be redeemed AFTER 4 HOURS from the time of purchase across listed Pantaloons outlets. | The person who has the Pantaloons GV / GC is deemed to be the beneficiary. | More than one GV / GC can be used in one bill. | Pantaloons GV / GC can be used during sale. | Validity period of the E-Gift Voucher will not be extended under any circumstances. | Pantaloons Insta Gift Voucher (GV) / Gift Card (GC) is redeemable only once and only by the bearer. | Pantaloons Insta Gift Voucher (GV) / Gift Card (GC) is not valid at shop-in-shops & on jewellery. | Pantaloons Insta Gift Voucher (GV) / Gift Card (GC) must be redeemed in full and partial redemption is not allowed. | Pantaloons Insta Gift Voucher (GV) / Gift Card (GC) is not redeemable for cash or credit nor can be exchanged for a gift voucher/gift card. | No duplicate will be issued if Pantaloons E-Gift Voucher is lost or misplaced. | The bearer of the E-Gift Voucher shall protect the E-Gift Voucher number and PIN to avoid misuse. Pantaloons shall not assume any liability in case the E-Gift Voucher PIN gets stolen/compromised. Pantaloons shall neither replace the e-GC nor refund cash. | Any dispute should be referred to the company and decision of the company shall be final. | Pantaloons Insta Gift Voucher (GV) / Gift Card (GC) has been issued subject to the terms of the company. | Dispute arising in respect of the E-Gift Voucher shall be subject to the exclusive jurisdiction of the Mumbai Court. | Pantaloons makes full efforts to accept Insta Gift Vouchers (GV) / Gift Card (GC) but on account of any technical / administrative reasons an outlet may refuse to accept the same. | For any concern, write to customercare@abfrl.aditybirla.com | and for any queries / issues related to GV / GC, raise a request at https://www.gvhelpdesk.com.",2026-07-26
Valorant,Valorant,953,https://www.maximize.money/gift-cards/Valorant/953,active,Online,475 / 950 / 1425 / 1900 / 2375 / 3325 / 4750 / 7600 / 9500 / 475,No,,,6.25% off / 6.5% earn,5.0% off / 5.25% earn,4.35% off / 4.6% earn,3.9% off / 4.15% earn,4.0% off / 4.25% earn,4.0% off / 4.25% earn,UPI,6.25,Yes,No,No,Valid for upto 12 months,"Launch Valorant on your PC and log into your Riot Games account. | Click on the Valorant Points (VP) icon located at the top-right corner of the screen. | Select “Prepaid Cards & Codes” from the payment options. | Enter your gift card code carefully without spaces. | Click “Submit” to redeem the code. | Once accepted, the corresponding Valorant Points will be added instantly to your account. | A confirmation message will appear showing your updated VP balance.","These Terms & Conditions govern the purchase, redemption, and use of Valorant gift cards. | The cards are issued under the authority of Riot Games, Inc. and are subject to all applicable platform, account, and service policies. | By purchasing, redeeming, or using a gift card, you agree to these Terms & Conditions and Riot Games’ Terms of Service. | Gift cards may only be redeemed in regions officially supported by Riot Games. | Riot Games may deny or restrict redemption in cases of suspicious, unauthorized, or fraudulent activity. | Each gift card provides Valorant Points (VP) or in-game benefits based on its denomination. | Gift cards do not expire unless required under applicable regional law. | Gift cards must be redeemed through the official Riot Games redemption portal or authorized platforms. | Once redeemed, Valorant Points are non-refundable, non-transferable, and cannot be exchanged for cash or non-Riot items. | All gift card purchases are final and cannot be refunded, cancelled, or exchanged after issuance. | Stolen, lost, altered, duplicated, or fraudulently obtained cards may be suspended or voided without notice. | All trademarks, artwork, logos, characters, and related content associated with Valorant are the property of Riot Games, Inc. or their respective rights holders. | Valorant gift cards are provided “as-is” without warranties of any kind. | Riot Games is not liable for indirect, incidental, or consequential damages arising from gift card purchase or use. | These Terms are governed by the laws of the State of California, USA, or other applicable jurisdictions. | Riot Games may update or modify these Terms at any time without prior notice. | For support related to gift cards, users must contact Riot Games Support through official channels.",2026-07-26
Peora Fashions,Peora Fashions,876,https://www.maximize.money/gift-cards/Peora Fashions/876,not_scraped,,,No,,,,,,,,,,,No,No,No,,"Walk in-to Peora Store. | Select the applicable Peora product, based on the Gift card type (refer terms & conditions).(How to use the Gift card- Physical and E-Gift card) | At the Billing Counter, inform the cashier about the choice of making payment using Gift Cards. | Cashier selects Gift Card as payment mode, submits Gift Card in the system and completes the billing process.","This E-Gift Card is Redeemable on Any Jewellery at Peora Fashion Jewellery Pvt Ltd Stores in India. | This E-Gift Card Valid for 364 days from issue | E-Gift Cards cannot be exchanged for cash | E-Gift Card can be redeemed only once | Vouchers would not be revalidated beyond the validity period. | E-Gift Card has to be presented in the store in original condition | E-Gift Card is valid at only Peora Fashions Pvt Ltd Stores in India | No Photocopy/Reproduction of the E-Gift Card will be accepted | No Duplicate E-Gift Card will be issued in case of the same being misplaced or lost. | E-Gift Card is not a legal tender. | This voucher cannot be clubbed with Package invoices and Special Priced Items | In case of any store redemption issue, customers can reach out to Peora support number 9930497566.",2026-07-26
Toscano,Toscano,1117,https://www.maximize.money/gift-cards/Toscano/1117,active,In-store,2000 / 5000 / 10000 / 20000,Yes,1000-30000,4,13.0% off / 13.25% earn,11.75% off / 12.0% earn,11.1% off / 11.35% earn,10.65% off / 10.9% earn,10.75% off / 11.0% earn,10.75% off / 11.0% earn,UPI,13.0,No,No,No,Valid upto 12 Months from purchase,"Visit any participating Toscano Restaurant. | Inform the restaurant staff that you will be paying using a Toscano E-Gift Card. | Present the Gift Card to the restaurant concierge upon arrival for a seamless experience. | Enjoy your meal and redeem the Gift Card during billing. | If your bill exceeds the Gift Card value, pay the remaining amount using another accepted payment method.","Valid for 12 months from the date of purchase/activation. | Applicable for Dine-in only. | Redeemable at all participating Toscano Restaurants. | Valid for one-time redemption only. | Any unused balance after redemption will be forfeited. | Cannot be redeemed for cash or refunded. | The Gift Card should be presented to the restaurant concierge upon arrival. | If the bill amount exceeds the Gift Card value, the balance must be paid using another payment method. | Lost, stolen, or expired Gift Cards will not be replaced or revalidated. | Toscano reserves the right to amend the Terms & Conditions without prior notice.",2026-07-26
Zouk,Zouk,1043,https://www.maximize.money/gift-cards/Zouk/1043,active,Online,200 / 500 / 1000 / 2000 / 5000 / 10000,Yes,100-10000,4,12.0% off / 12.25% earn,10.75% off / 11.0% earn,10.1% off / 10.35% earn,9.65% off / 9.9% earn,9.75% off / 10.0% earn,9.75% off / 10.0% earn,UPI,12.0,Yes,Yes,Yes,Valid upto 6 Months from purchase,"Visit https://zouk.co.in, log in, add your favorite items to the cart, and click Checkout. | On the payment page, select Add Balance to your GyFTR e-Pay & Use and enter your voucher code. | The voucher amount will be instantly added to your GyFTR e-Pay balance. | Complete your purchase using the available e-Pay balance.","This is a Zouk Gift Voucher (GV)/e-Pay redeemable only on the Zouk website. | The person holding the GV/e-Pay is deemed to be the beneficiary. | The GV/e-Pay can be used for all products and services, including discounted products. | The GV/e-Pay can be clubbed with existing offers available on the website. | Multiple Gift Vouchers can be combined and added to the GyFTR e-Pay balance. | The GV can be converted into e-Pay as per the holder's convenience. | The e-Pay balance must be linked to the registered mobile number. | Once converted to e-Pay, the balance can be used partially across multiple transactions until expiry. | The GV/e-Pay balance cannot be transferred to another account, exchanged for cash, or converted into any other form of currency. | The GV/e-Pay cannot be revalidated once expired or cancelled. | Zouk/GyFTR is not responsible for lost, stolen, or unauthorized use of the GV/e-Pay. | If the GV/e-Pay is blocked due to a technical issue, it will be re-enabled within 72 hours. | Any dispute shall be referred to the issuing company, whose decision shall be final. | Zouk/GyFTR reserves the right to modify, withdraw, or cancel the offer at its sole discretion without prior notice. | For any queries, contact 808082686 or raise a request at gvhelpdesk.com.",2026-07-26
Beyoung,Beyoung,498,https://www.maximize.money/gift-cards/Beyoung/498,active,Online,500 / 1000 / 1500 / 2000,Yes,100-10000,4,23.0% off / 23.5% earn,21.75% off / 22.25% earn,21.1% off / 21.6% earn,20.65% off / 21.15% earn,20.75% off / 21.25% earn,20.75% off / 21.25% earn,UPI,23.0,Yes,No,Yes,Valid for upto 6 months,Download the 'GyFTR ePay' App. | Login with the registered mobile number. Select 'BeYoung' voucher | Add the voucher code & PIN genearated | Enter the same registered mobile number on BeYoung while booking | ePay option and choose the Gift Voucher / e-pay option and the balance should be automatically visible. | You can also try by logging in here - https://www.brandpts.com/ | Search for BeYoung | Add only the PIN generated | Enter the same registered mobile number on BeYoung while booking | Select ePay option and choose the Gift Voucher / e-pay option and the balance should be automatically visible.,"Valid only on https://www.beyoung.in. | The person holding the voucher is considered the beneficiary. | Multiple vouchers can be used in a single transaction. | Partial redemption is allowed. Unused amount stays in your ePay balance until expiry. | GVs cannot be revalidated after expiry and are non-cancellable. | Cash on Delivery (COD) cannot be used with a gift voucher. | Beyoung is not responsible for unauthorized redemption if the GV code is shared. | If blocked due to technical issues, it will be reactivated in 72 hours. | Raise a request at - https://www.gvhelpdesk.com. | Visit gftr.it/bog to add/activate your ePay code.",2026-07-26
The Bear House,The Bear House,875,https://www.maximize.money/gift-cards/The Bear House/875,active,Online,1000 / 2000 / 5000 / 10000 / 20000,Yes,500-20000,4,8.25% off / 8.5% earn,7.0% off / 7.25% earn,6.35% off / 6.6% earn,5.9% off / 6.15% earn,6.0% off / 6.25% earn,6.0% off / 6.25% earn,UPI,8.25,No,No,Yes,Valid upto 6 Months from purchase,Step 1: Visit the Bear house website at https://thebearhouse.com/ | Step 2: Add the desired products to the cart. | Step 3: Proceed to checkout. | Step 4: Select Gift Card as the payment option. | Step 5: Enter the Gift Card number and PIN. | Step 6: Click Redeem to apply the Gift Card.,"This Gift Voucher is issued by Bear House Clothing Private Limited. | It is redeemable and valid for 180 days from the date of receipt. | This E-Gift Card cannot be used to purchase other gift cards. | Multiple E-Gift Cards can be used in a single order. | E-Gift Cards cannot be redeemed for cash or credit and cannot be reloaded. | If the order value exceeds the E-Gift Card amount, the balance must be paid via Credit Card, Debit Card, Internet Banking, or Cash on Delivery. | If the order value is less than the E-Gift Card amount, the remaining balance will stay on the same card for future use. | Bear House Clothing Private Limited is not responsible for lost, stolen, or unauthorized use of the Gift Card. | Bear House Clothing Private Limited and its sellers reserve the right to modify the terms and conditions, including validity extensions. | For assistance, contact 88844 77728 or support@thebearhouse.com No returns or refunds on gift cards, e-gift cards, or vouchers.",2026-07-26
Ovenstory,Ovenstory,659,https://www.maximize.money/gift-cards/Ovenstory/659,not_scraped,,,No,,,,,,,,,,,No,No,No,,"Open the EatSure app on your Android or iOS device. | Browse & add items you wish to purchase to your cart. | Proceed to checkout and fill in your delivery address. | Choose “Pay by Gift Card” as your payment method. | Enter your Alphanumeric PIN In Giftcard Code section, 6 digit pin not required | If the order value exceeds the card balance, pay the remaining amount using other available payment modes.","The Oven Story Gift Card is redeemable only on the EatSure iOS/Android app. | It is issued by Pine Labs Private Limited (Pine Labs), authorized by the Reserve Bank of India (RBI), under the brand name Qwikcilver. | Every holder of a Gift Card must add its value to their EatSure user account. | The Oven Story Gift Card is a pre-paid payment instrument regulated by RBI guidelines. | Rebel Marketplace India Private Limited / Pine Labs may be required to share purchaser/redeemer KYC details or transaction info with RBI or relevant authorities. | If KYC details are found incorrect/insufficient, Rebel Marketplace India Private Limited / Pine Labs reserves the right to cancel the Gift Card. | Only users registered with EatSure as per terms can request blocking of Gift Cards. | Gift Cards can be purchased using debit or credit cards issued by Indian banks. | Gift Cards cannot be purchased using cash or prepaid wallets. | A Gift Card cannot be used to buy another Oven Story Gift Card. | No cash withdrawals are allowed against the Gift Card. | Gift Cards purchased with fraudulent means may be cancelled; funds will be credited back to the original payment source. | If an order paid with a Gift Card is cancelled (per the cancellation policy), the amount will be refunded back to the same Gift Card. | Cardholders can request revalidation of expired Gift Cards, subject to verification and additional terms. | To redeem, users must enter the 16-digit Gift Card number and MPIN on the payment/checkout page. | If the order value exceeds the Gift Card balance, the difference must be paid using other payment modes. | Gift Cards can be redeemed multiple times until the balance is exhausted. | Only one Gift Card can be used per order. | No additional fees or charges apply to purchasing the Gift Card. | Delivery charges and applicable taxes are extra. | Gift Cards cannot be reloaded or topped up. | The validity of the Gift Card is 12 months from the date of issue. | Users are solely responsible for the safety of their Gift Cards. | Rebel Marketplace India Private Limited / Pine Labs are not responsible if a Gift Card is lost, stolen, or misused. | No duplicate card will be issued under any circumstance. | EatSure is not liable for unauthorized or fraudulent purchases using a Gift Card. | Gift Cards are non-returnable, non-refundable, and cannot be exchanged for cash. | Gift Cards are usually delivered instantly via email/SMS, but may take up to 24 hours in case of system delays. | In case of disputes, EatSure reserves the right to verify the authenticity of the Gift Card. | EatSure may change the terms & conditions without prior notice. | For enquiries, contact: goodness@eatsure.com | Refer to the Customer Grievance Policy for issues at: https://www.qwikcilver.com/grievance-policy | All disputes related to the Gift Card fall under the exclusive jurisdiction of courts in Bangalore. | No returns or refunds are available on gift cards/e-gift cards/gift vouchers shipped by Woohoo.in. See refund policy at: http://www.woohoo.in/faq",2026-07-26
Discovery Plus,Discovery Plus,509,https://www.maximize.money/gift-cards/Discovery Plus/509,active,Online,499,No,,4,38.0% off / 41.25% earn,36.75% off / 40.0% earn,36.1% off / 39.35% earn,35.65% off / 38.9% earn,35.75% off / 39.0% earn,35.75% off / 39.0% earn,UPI,38.0,No,No,No,Valid for upto 12 months,Go to discoveryplus.in and click on Buy Plan | Click on Apply voucher | Enter your voucher code to activate the plan,Redeemable only at https://www.discoveryplus.in or the Discovery+ Android app | Cannot be activated on the iOS app. You can stream on iOS after activating the voucher on Android/Web. | Valid only for new subscribers (not usable on existing subscriptions) | Grants 1-year Discovery+ Premium subscription | One-time use voucher; not reusable or re-loadable | Cannot be clubbed with other offers or redeemed for cash | Expired/unused vouchers will not be replaced or extended | Not replaceable if lost or stolen | User must be 18+ and a resident of India | Covered by Discovery+ Terms - https://www.discoveryplus.in/terms-of-use | Support: https://www.gvhelpdesk.com,2026-07-26
Flower Aura,Flower Aura,516,https://www.maximize.money/gift-cards/Flower Aura/516,active,Online,500 / 1000 / 2000,No,,4,14.0% off / 14.5% earn,12.75% off / 13.25% earn,12.1% off / 12.6% earn,11.65% off / 12.15% earn,11.75% off / 12.25% earn,11.75% off / 12.25% earn,UPI,14.0,No,No,No,Valid for upto 6 months,"Go to FlowerAura.com | Sign in using email, name, and mobile number with OTP | Select a product, add to cart, and proceed to “Payment & Order Summary” | Click on “Have a Coupon Code?” | Enter your GV/GC code in the box and click Apply | Pay any balance amount using standard payment options","This GV/GC is valid only on the FlowerAura website: https://www.floweraura.com | GV/GCs cannot be redeemed at FlowerAura physical outlets | Only one GV/GC can be used per bill | GV/GC is for one-time use only; no partial redemption allowed | GV/GC cannot be clubbed with existing offers | GV/GC is not redeemable for cash and cannot be resold or exchanged | GV/GC cannot be revalidated once expired or cancelled | GV/GC cannot be used on select third-party products in Gift and Rakhi categories | FlowerAura is not responsible if the GV/GC is lost, stolen, or misused | FlowerAura may add or remove products/categories without prior notice | GV/GC cannot be used on block-out dates; FlowerAura may update these dates at its discretion | Any dispute should be referred to the issuing company; their decision is final | For any issues, queries can be raised at: https://www.gvhelpdesk.com",2026-07-26
The Good Bowl,The Good Bowl,697,https://www.maximize.money/gift-cards/The Good Bowl/697,active,Online,250 / 500 / 1000 / 1500 / 2000,Yes,100-10000,4,9.75% off / 10.5% earn,8.5% off / 9.25% earn,7.85% off / 8.6% earn,7.4% off / 8.15% earn,7.5% off / 8.25% earn,7.5% off / 8.25% earn,UPI,9.75,Yes,No,Yes,Valid for upto 6 months,"Visit EatSure App/Website → Enter mobile number → Verify with OTP. | Select product(s), add to cart → Proceed to Pay. | All vouchers linked to your number will show → Tap Redeem → GV amount gets added to EatSure Wallet. | If payable amount remains → Pay via Credit/Debit Card or UPI.","Gift Vouchers (GV) are valid for online orders placed through the EatSure App/Website at https://www.eatsure.com/. | The holder of the GV is deemed the beneficiary. | GVs will be converted into EatSure Wallet balance, which can be used partially. | Multiple GVs can be combined and added to the EatSure Wallet balance. | Wallet balance must be linked to the registered mobile number. | GV differs from Promotional Coupon Codes. | GV cannot be transferred to another wallet, exchanged for cash, or any other currency. | Rebel Foods, GyFTR, or affiliates are not responsible if the GV/account credentials are shared, resulting in unauthorized use. | Once purchased, GV is non-refundable, non-cancellable, and non-exchangeable. | Lost or expired GV will not be refunded or revalidated. | If order value exceeds wallet balance, the remaining must be paid via other available modes. | Rebel Foods/GyFTR may modify or withdraw T&Cs without prior notice. | GV may be denied if misuse/abuse is suspected. | GV is valid across all available cities.",2026-07-26
Urban Space,Urban Space,751,https://www.maximize.money/gift-cards/Urban Space/751,active,Online,500 / 1000 / 2500 / 5000 / 500,Yes,100-10000,,7.75% off / 8.0% earn,6.5% off / 6.75% earn,5.85% off / 6.1% earn,5.4% off / 5.65% earn,5.5% off / 5.75% earn,5.5% off / 5.75% earn,UPI,7.75,Yes,Yes,Yes,Valid for upto 6 months,"Visit Urban Space website. | Add products to your cart and proceed to checkout. | Under payment, tap “Apply” on GyFTR ePay Balance → enter your voucher code, click “Add”, and repeat via “Add Balance” for multiple vouchers.","This GV/e-Pay is accepted only on Urban Space Website . | The person holding the GV/e-Pay is considered the beneficiary. | It can be used over and above any discounts offered on the website. | The GV/e-Pay can be converted into e-Pay at the holder’s convenience. | After conversion, it allows partial redemption. | The remaining balance stays in the e-Pay account and can be used for multiple transactions within validity. | The e-Pay balance must be linked to a registered mobile number. | GV/e-Pay cannot be returned or refunded once issued. | Only valid GV/e-Pay, at Urban Space’s discretion, will be accepted for redemption. | It can be used for all products and services on the Urban Space website. | Urban Space/GyFTR is not responsible if the GV/e-Pay is lost, stolen, or misused. | Urban Space, GyFTR, or affiliates are not liable for unauthorized use if the beneficiary shares GV/e-Pay details.",2026-07-26
TA iServeU Gift Card - Generic Variant,TA iServeU Gift Card - Generic Variant,940,https://www.maximize.money/gift-cards/TA iServeU Gift Card - Generic Variant/940,active,Online,100 / 250 / 500 / 1000 / 1500 / 2000 / 5000 / 10000 / 100,Yes,100-10000,,,,,,,,,,No,No,No,Valid for upto 12 months,"Click the voucher link available in your profile, email, or SMS. | Enter your registered mobile number and verify using the OTP sent to your number. | Once verified, you can access your card details. | The IserveU RuPay E-Gift Card can be used for online payments on websites that accept RuPay cards.","This E-Gift Card can be used only for online transactions on websites that accept RuPay cards. | The card cannot be used to purchase other gift cards. | The card is valid for up to 1 years from the date of issuance or until the expiry date mentioned. No extension or replacement after card is expired. | Once issued, the E-Gift Card cannot be cancelled, returned, or refunded. | The card is non-reloadable, non-transferable, and cannot be resold, exchanged for cash, or redeemed for cash. Cash withdrawal is not allowed. | In case incorrect or incomplete user details are provided, iServeU and Maximize reserves the right to cancel the card and forfeit the balance without any liability. | All applicable fees, charges, and taxes shall be borne by the user. Any surcharge on transactions will be deducted from the card balance. Transactions will fail if sufficient balance is not available. | Any request for change in cardholder details cannot be fulfilled. | The card is issued as a secure URL and can be accessed using OTP sent to the registered mobile number. | OTP is valid for 5 minutes. Entering incorrect OTP 3 consecutive times or requesting OTP more than 5 times will result in temporary blocking for 15 minutes. | No PIN is required. All transactions are authenticated via OTP sent to the registered mobile number. | Balance can be checked through the url provided. | The card cannot be downloaded as a PDF. It can be accessed via URL or saved as a screenshot. Each access requires OTP verification. | The card will be issued instantly usually but may take upto 3 working days in some cases. | iserveU and Maximize does not provide any warranties, express or implied, including but not limited to merchantability or fitness for a particular purpose. | iserveU and Maximize shall not be liable for any misuse, loss, or unauthorized transactions involving the card. | The Purchaser shall indemnify, defend and hold harmless iServeU and Maximize, including their affiliates, directors, officers, employees and agents, from and against any and all third-party claims, liabilities, losses, damages, costs and expenses, including reasonable legal fees, arising out of or in connection with any breach of these terms, or any negligence, wilful misconduct or fraud by the Purchaser or its employees or agents. | There are a few merchant categories wherein the iServeU Cards cannot be redeemed | Any disputes will be handled by iserveU and Maximize and are subject to the laws of India. | By purchasing or using the iServeU E-Gift Card, the user agrees to be bound by these Terms & Conditions. | For detailed terms and conditions, please refer to the full Terms available at https://www.maximize.money/terms-and-conditions#iserveu-generic-tnc",2026-07-26
TA iServeU Gift Card - Generic (Upto 2000),TA iServeU Gift Card - Generic (Upto 2000),1131,https://www.maximize.money/gift-cards/TA iServeU Gift Card - Generic (Upto 2000)/1131,not_scraped,,,No,,,,,,,,,,,No,No,No,,"Click the voucher link available in your profile, email, or SMS. | Enter your registered mobile number and verify using the OTP sent to your number. | Once verified, you can access your card details. | The IserveU RuPay E-Gift Card can be used for online payments on websites that accept RuPay cards.","This E-Gift Card can be used only for online transactions on websites that accept RuPay cards. | The card cannot be used to purchase other gift cards. | The card is valid for up to 1 years from the date of issuance or until the expiry date mentioned. No extension or replacement after card is expired. | Once issued, the E-Gift Card cannot be cancelled, returned, or refunded. | The card is non-reloadable, non-transferable, and cannot be resold, exchanged for cash, or redeemed for cash. Cash withdrawal is not allowed. | In case incorrect or incomplete user details are provided, iServeU and Maximize reserves the right to cancel the card and forfeit the balance without any liability. | All applicable fees, charges, and taxes shall be borne by the user. Any surcharge on transactions will be deducted from the card balance. Transactions will fail if sufficient balance is not available. | Any request for change in cardholder details cannot be fulfilled. | The card is issued as a secure URL and can be accessed using OTP sent to the registered mobile number. | OTP is valid for 5 minutes. Entering incorrect OTP 3 consecutive times or requesting OTP more than 5 times will result in temporary blocking for 15 minutes. | No PIN is required. All transactions are authenticated via OTP sent to the registered mobile number. | Balance can be checked through the url provided. | The card cannot be downloaded as a PDF. It can be accessed via URL or saved as a screenshot. Each access requires OTP verification. | The card will be issued instantly usually but may take upto 3 working days in some cases. | iserveU and Maximize does not provide any warranties, express or implied, including but not limited to merchantability or fitness for a particular purpose. | iserveU and Maximize shall not be liable for any misuse, loss, or unauthorized transactions involving the card. | The Purchaser shall indemnify, defend and hold harmless iServeU and Maximize, including their affiliates, directors, officers, employees and agents, from and against any and all third-party claims, liabilities, losses, damages, costs and expenses, including reasonable legal fees, arising out of or in connection with any breach of these terms, or any negligence, wilful misconduct or fraud by the Purchaser or its employees or agents. | There are a few merchant categories wherein the iServeU Cards cannot be redeemed | Any disputes will be handled by iserveU and Maximize and are subject to the laws of India. | By purchasing or using the iServeU E-Gift Card, the user agrees to be bound by these Terms & Conditions. | For detailed terms and conditions, please refer to the full Terms available at https://www.maximize.money/terms-and-conditions#iserveu-generic-tnc",2026-07-26
TA iServeU Gift Card - Limited (Upto 2000),TA iServeU Gift Card - Limited (Upto 2000),1132,https://www.maximize.money/gift-cards/TA iServeU Gift Card - Limited (Upto 2000)/1132,active,Online,100 / 250 / 500 / 1000 / 1500 / 2000 / 100,Yes,100-2000,,1.25% off / 1.25% earn,0.7% off / 0.7% earn,,,,,UPI,1.25,No,No,No,Valid for upto 12 months,"Redeemeable on select categories https://www.maximize.money/terms-and-conditions#iserveu-limited-variant-tnc | Click the voucher link available in your profile, email, or SMS. | Enter your registered mobile number and verify using the OTP sent to your number. | Once verified, you can access your card details. | The IserveU RuPay E-Gift Card can be used for online payments on websites that accept RuPay cards.","This E-Gift Card can be used only for online transactions on platforms accepting RuPay cards, except restricted merchant categories as defined by iServeU. https://www.maximize.money/terms-and-conditions#iserveu-limited-variant-tnc | The card cannot be used to purchase other gift cards. | The card is valid for up to 1 years from the date of issuance or until the expiry date mentioned. No extension or replacement after card is expired. | The card is non-reloadable, non-transferable, and cannot be resold, exchanged for cash, or redeemed for cash. Cash withdrawal is not permitted. | In case incorrect or incomplete user details are provided, iServeU and Maximize reserves the right to cancel the card and forfeit the balance without any liability. | All applicable fees, charges, and taxes shall be borne by the cardholder. Any surcharge applicable on transactions will be deducted from the available balance. Transactions will be declined if sufficient balance is not available. | Any request for change in cardholder details cannot be fulfilled. | The E-Gift Card is issued in the form of a secure URL and can be accessed using an OTP sent to the registered mobile number. Each access attempt will require OTP authentication. | OTP is valid for 5 minutes. Entering incorrect OTP 3 consecutive times or requesting OTP more than 5 times will result in temporary blocking for 15 minutes. | The card does not support PIN-based transactions and is enabled only for OTP-based online transactions. | Balance enquiry and transaction details can be accessed through the url provided. | The card will be issued instantly usually but may take upto 3 working days in some cases. | Once issued, the E-Gift Card cannot be cancelled, returned, or refunded. | iServeU and Maximize does not provide any warranties, express or implied, including but not limited to merchantability or fitness for a particular purpose. | iServeU and Maximize shall not be liable for any misuse, loss, or unauthorized transactions involving the card. | The Purchaser shall indemnify, defend and hold harmless iServeU and Maximize, including their affiliates, directors, officers, employees and agents, from and against any and all third-party claims, liabilities, losses, damages, costs and expenses, including reasonable legal fees, arising out of or in connection with any breach of these terms, or any negligence, wilful misconduct or fraud by the Purchaser or its employees or agents. | All disputes related to the E-Gift Card shall be subject to the laws of India and handled under the jurisdiction determined by iServeU and Maximize. | By purchasing or using the iServeU E-Gift Card, the user agrees to be bound by these Terms & Conditions. | For detailed terms and conditions, please refer to the full Terms available at https://www.maximize.money/terms-and-conditions#iserveu-limited-variant-tnc",2026-07-26
Park Avenue,Park Avenue,323,https://www.maximize.money/gift-cards/Park Avenue/323,active,In-store,500 / 1000 / 1500 / 2000 / 2500 / 3000 / 5000 / 7500 / 10000,No,,4,10.75% off / 11.0% earn,9.5% off / 9.75% earn,8.85% off / 9.1% earn,8.4% off / 8.65% earn,8.5% off / 8.75% earn,8.5% off / 8.75% earn,UPI,10.75,No,No,No,Valid for a range of 6 - 12 months,"Visit https://brandpts.com/login or download the GyFTR ePay app. Search for Park Avenue/Raymond. View your ePay balance and available gift vouchers. Tap (+) to add a voucher to your wallet or enter the voucher code manually. | Share the registered mobile number with the cashier, once products are scanned for invoicing by the cashier. Cashier to inform the available Gift Voucher and its balance. | Customer to confirm the amount to be used for redemption and proceed further for balance payment, if any.","This is Park Avenue Insta Gift Voucher (GV) / Gift Card (GC) and would be accepted at listed outlets. For listed outlets https://www.gyftr.com/the-raymond-shop | The person who has the GV / GC Code is deemed to be the beneficiary. | Beneficiary should announce the intent of using the Instant Gift Voucher before making a purchase. | Only the listed outlets at its sole discretion accept the GV / GC. The Raymond Shop may add or remove an outlet without giving any prior notice. | More than one GV / GC can be used in one bill. | Partial redemption is allowed but no refund or credit note would be issued against an unused or partially used Instant Gift Voucher. Any unused amount shall remain as EPay balance which can be utilized till the balance gets exhausted or expires. | The Park Avenue GV / GC CANNOT be revalidated once expired. | GV/e-Pay can be used during the End of Season Sale (EOSS), but they cannot be applied to discounted products during the sale. | The Park Avenue GV / GC can only be used to purchase ready-made products. | The Park Avenue GV / GC will not be applicable for Custom Tailoring bills. | The Park Avenue GV / GC cannot be redeemed on specific block out dates. Park Avenue may add or delete any date on its sole discretion. | Any dispute related to the GV / GC should be referred to the issuing company and the decision of the issuing company shall be final. | Park Avenue makes full efforts to accept Insta Gift Vouchers (GV) / Gift Card (GC), but on account of any technical / administrative reasons an outlet may refuse to accept the same. | Instant Gift Voucher CANNOT be revalidated once expired and cannot be cancelled under any circumstances. | For any queries / issues related to GV / GC, raise a request at https://www.gvhelpdesk.com,",2026-07-26
Paul and Shark - Luxe,Paul and Shark - Luxe,35,https://www.maximize.money/gift-cards/Paul and Shark - Luxe/35,active,In-store,1000 / 2000 / 5000 / 10000,No,,4,9.75% off / 12.5% earn,8.5% off / 11.25% earn,7.85% off / 10.6% earn,7.4% off / 10.15% earn,7.5% off / 10.25% earn,7.5% off / 10.25% earn,UPI,9.75,No,No,Yes,Valid for upto 6 months,Visit a Paul & Shark outlet. | Inform the cashier about using the E-Gift Card. | Provide the card details for redemption. | Complete the payment for any remaining amount using another method.,Redeemable at Paul & Shark outlets. | Cannot be redeemed for cash or credit. | Valid for a specific period from the date of issuance. | Non-transferable and cannot be combined with other offers. | The card value cannot be split across transactions.,2026-07-26
Euphoria Gold Coin,Euphoria Gold Coin,393,https://www.maximize.money/gift-cards/Euphoria Gold Coin/393,active,Online,1000 / 1500 / 2500 / 5000 / 10000 / 20000 / 35000 / 49999,Yes,1000-49999,4,5.0% off / 5.1% earn,3.75% off / 3.85% earn,3.1% off / 3.2% earn,2.65% off / 2.75% earn,2.75% off / 2.85% earn,2.75% off / 2.85% earn,UPI,5.0,No,No,No,Valid for 12 month only,"Visit https://www.euphoriajewellery.in | Select the required product and click on add to cart. Once complete with the shopping click on View Cart | Click on Qwikcilver Tab | Enter the Card Number, Pin and Amount | Respective amount will be deducted from the order value and the balance payable will be mentioned. | Click on proceed to checkout. Enter your Billing Details and click on place order.","This e-Gift card is activated once issued. | This e-Gift Card is valid for 1 year from the date of activation/issuance and it cannot be further re-validated. | This e-Gift card is valid on all products and can be redeemed online at https://www.euphoriajewellery.in only. | This e-Gift card is allowed for one-time redemption only. | Any unused balance on the e-Gift card will not be refunded or credited. | This e-Gift Card is non-encashable. | Bearer is responsible if an e-Gift Card is lost, stolen, destroyed or used without permission. | These terms & conditions are subject to change at any time, without any prior notice. | If the value of the purchase is less than the value of the Gift card, the balance is non-refundable. | Different Offers/vouchers cannot be combined.",2026-07-26
Euphoria Diamond,Euphoria Diamond,781,https://www.maximize.money/gift-cards/Euphoria Diamond/781,active,Online,1000 / 1500 / 2500 / 5000 / 10000 / 20000 / 35000 / 49999,Yes,1000-49999,4,6.25% off / 6.5% earn,5.0% off / 5.25% earn,4.35% off / 4.6% earn,3.9% off / 4.15% earn,4.0% off / 4.25% earn,4.0% off / 4.25% earn,UPI,6.25,Yes,No,Yes,Valid for 12 month only,"Visit https://www.euphoriajewellery.in | Select the required product and click on add to cart. Once complete with the shopping click on View Cart | Click on Qwikcilver Tab | Enter the Card Number, Pin and Amount | Respective amount will be deducted from the order value and the balance payable will be mentioned. | Click on proceed to checkout. Enter your Billing Details and click on place order.","This e-Gift card is activated once issued. | This e-Gift Card is valid for 1 year from the date of activation/issuance and it cannot be further re-validated. | This e-Gift card is valid on all Diamond Jewellery products and not on Gold jewellery and Gold/Silver coins. It can be redeemed online at https://www.euphoriajewellery.in only. | This e-Gift card is allowed for one-time redemption only. | Any unused balance on the e-Gift card will not be refunded or credited. | This e-Gift Card is non-encashable. | Bearer is responsible if an e-Gift Card is lost, stolen, destroyed or used without permission. | These terms &amp; conditions are subject to change at any time, without any prior notice. | If the value of the purchase is less than the value of the Gift card, the balance is non-refundable. | Different Offers/vouchers cannot be combined. | E-Gift Cards are normally delivered instantly. But sometimes due to system issues, the delivery can be delayed up-to 24 - 48 hours. | No returns and no refunds on gift cards, e-gift cards and gift vouchers shipped by woohoo.in. Please check the refund policy at http://www.woohoo.in/faq for further details.",2026-07-26
Puma,Puma,669,https://www.maximize.money/gift-cards/Puma/669,active,In-store,500 / 1000 / 1500 / 2000 / 5000 / 10000,No,,4,10.75% off / 11.0% earn,9.5% off / 9.75% earn,8.85% off / 9.1% earn,8.4% off / 8.65% earn,8.5% off / 8.75% earn,8.5% off / 8.75% earn,UPI,10.75,No,Yes,No,Valid for upto 12 months,"Visit any ‘Full price’ PUMA store | Choose any merchandise available in the store | Show the E-Gift Card to the cashier | Pay pending amount (If any), to purchase the product","Puma Vouchers can only be redeemed at any ‘full price’ PUMA stores. | Puma Vouchers cannot be redeemed in ‘Factory Outlets’, ‘Multi Brand Outlets’ or puma.com | This Voucher can be redeemed within 12 months from the day of receiving coupon code | Puma Vouchers can be clubbed with the on-going offers/ schemes. | Multiple vouchers cannot be combined in a single transaction. | Voucher can be used in full or parts by the customer. | PUMA loyalty points cannot be used in the offer transaction. | For any return of the product bought using the voucher, the exchanges will be given for the value paid by the customer plus the voucher value. | Refund of money against the voucher will not be entertained.",2026-07-26
Hush Puppies - Fixed,Hush Puppies - Fixed,822,https://www.maximize.money/gift-cards/Hush Puppies - Fixed/822,active,In-store,3000 / 4000 / 5000 / 6000 / 7000 / 7500,No,,4,9.75% off / 10.0% earn,8.5% off / 8.75% earn,7.85% off / 8.1% earn,7.4% off / 7.65% earn,7.5% off / 7.75% earn,7.5% off / 7.75% earn,UPI,9.75,No,Yes,Yes,Valid for upto 6 months,"Use outlet locator to find a store that accepts the GV. Store Locator link - https://www.gyftr.com/hush-puppies | Select your product. | At checkout, share your GV code with the cashier. Pay any remaining amount by cash/card.","This is a Hush Puppies Insta Gift Voucher (GV) / Gift Card (GC) valid at listed outlets only (check https://www.gyftr.com/hush-puppies for outlet list). | The person holding the GV/GC is considered the beneficiary. | Inform the cashier before billing that you intend to use the GV/GC. | Redemption is allowed only at listed outlets (outlets may be added or removed without notice). | Up to 7 GVs/GCs can be used in one bill. | This is a one-time use voucher. | No refunds or credit notes for unused balance. | Vouchers cannot be revalidated once expired. | GVs/GCs can be used during sale periods. | Vouchers may not be accepted on specific block-out dates (subject to brand discretion). | In case of technical issues, blocked GVs/GCs will be re-enabled within 72 hours. | Any disputes will be resolved by the issuing company, and their decision will be final. | For assistance, visit https://www.gvhelpdesk.com.",2026-07-26
INOX Cinemas - GYFTR,INOX Cinemas - GYFTR,1006,https://www.maximize.money/gift-cards/INOX Cinemas - GYFTR/1006,active,Online,250 / 500 / 1000 / 2000 / 2500 / 5000,No,,4,20.25% off / 21.0% earn,19.0% off / 19.75% earn,18.35% off / 19.1% earn,17.9% off / 18.65% earn,18.0% off / 18.75% earn,18.0% off / 18.75% earn,UPI,20.25,No,Yes,Yes,Valid for upto 12 months,"Visit the PVR INOX website, INOX website, or the PVR INOX Mobile App. | Select your city, movie, theatre, showtime, and preferred seats. | Proceed to the payment page. | Select the GyFTR Gift card PIN payment option. | Enter your Alphanumeric PIN. | Apply the voucher and pay the remaining balance (if any) using another payment method. | Complete your booking and enjoy your movie.","Gift Voucher is redeemable only on the PVR INOX website, INOX website, PVR app, and INOX app. | Valid only for movie ticket bookings or combined movie ticket + food bookings in a single transaction. | Cannot be used for food-only purchases. | This is a one-time use Gift Voucher. Any unused balance will be forfeited. | Multiple Gift Vouchers can be used in a single booking. | Gift Voucher can be clubbed with existing offers except the APP100 coupon code. | Redemption may be restricted on selected blackout dates. | Gift Voucher cannot be exchanged for cash, transferred, refunded, or resold. | Expired or cancelled Gift Vouchers cannot be revalidated. | Blocked vouchers due to technical issues may be reactivated within 72 hours. | PVR INOX reserves the right to modify or withdraw the offer without prior notice. | Lost, stolen, or damaged Gift Vouchers will not be replaced. | For support, visit https://www.gvhelpdesk.com.",2026-07-26
PVR Cinemas - GYFTR,PVR Cinemas - GYFTR,1125,https://www.maximize.money/gift-cards/PVR Cinemas - GYFTR/1125,active,Online,250 / 500 / 1000 / 2000 / 2500 / 5000,No,,4,20.25% off / 21.0% earn,19.0% off / 19.75% earn,18.35% off / 19.1% earn,17.9% off / 18.65% earn,18.0% off / 18.75% earn,18.0% off / 18.75% earn,UPI,20.25,No,Yes,Yes,Valid for upto 12 months,"Visit the PVR INOX website, INOX website, or the PVR INOX Mobile App. | Select your city, movie, theatre, showtime, and preferred seats. | Proceed to the payment page. | Select the GyFTR Gift Voucher PIN payment option. | Enter your Alphanumeric PIN. | Apply the voucher and pay the remaining balance (if any) using another payment method. | Complete your booking and enjoy your movie.","Gift Voucher is redeemable only on the PVR INOX website, INOX website, PVR app, and INOX app. | Valid only for movie ticket bookings or combined movie ticket + food bookings in a single transaction. | Cannot be used for food-only purchases. | This is a one-time use Gift Voucher. Any unused balance will be forfeited. | Multiple Gift Vouchers can be used in a single booking. | Gift Voucher can be clubbed with existing offers except the APP100 coupon code. | Redemption may be restricted on selected blackout dates. | Gift Voucher cannot be exchanged for cash, transferred, refunded, or resold. | Expired or cancelled Gift Vouchers cannot be revalidated. | Blocked vouchers due to technical issues may be reactivated within 72 hours. | PVR INOX reserves the right to modify or withdraw the offer without prior notice. | Lost, stolen, or damaged Gift Vouchers will not be replaced. | For support, visit https://www.gvhelpdesk.com.",2026-07-26
Wildcraft,Wildcraft,449,https://www.maximize.money/gift-cards/Wildcraft/449,active,In-store,500 / 1000 / 2500 / 5000 / 6000 / 6500 / 7000 / 7500 / 8000 / 9000 / 10000,No,,4,8.5% off / 8.75% earn,7.25% off / 7.5% earn,6.6% off / 6.85% earn,6.15% off / 6.4% earn,6.25% off / 6.5% earn,6.25% off / 6.5% earn,UPI,8.5,No,No,Yes,Valid for upto 6 months,"Reach out to the nearest Wildcraft store (check store locator: https://wildcraft.com/store-locator). | Before making a purchase, inform the cashier that you would like to pay using a Wildcraft Gift Card. | A maximum of five gift cards can be redeemed against one single invoice. | Once the invoice is prepared for the selected merchandise, the cashier selects gift card as the payment method. | The cashier submits the gift card details for validation. | On successful validation, the system displays the available balance on the gift card. | Upon customer confirmation, the cashier submits the gift card for redemption. | On successful redemption, the total invoice value is adjusted with the redeemed gift card amount. | If the invoice amount exceeds the redeemed gift card value, the customer must pay the remaining balance using any other accepted payment method. | Once the full payment is completed, the invoice is closed.","The Wildcraft Gift Card is not legal tender and cannot replace a credit or debit card. | It cannot be exchanged for cash or cheque. | The holder of the card is considered the beneficiary. | The Gift Card is valid only at Wildcraft offline stores across India, not on their e-commerce portal. | The card is valid for 180 days from the date of activation. | A maximum of five gift cards can be redeemed against a single invoice. | No replacement or compensation is allowed for lost, mutilated, or defaced cards. | Any disputes must be referred to Wildcraft customer support; the company’s decision will be final. | For any redemption-related issues, customers should contact Wildcraft customer care only. | All legal disputes are subject to the jurisdiction of courts in Bangalore.",2026-07-26
SOTC Travel,SOTC Travel,1103,https://www.maximize.money/gift-cards/SOTC Travel/1103,active,In-store,1000 / 2000 / 5000 / 10000 / 20000 / 50000 / 100000,Yes,500-100000,4,4.25% off / 4.5% earn,3.0% off / 3.25% earn,2.35% off / 2.6% earn,1.9% off / 2.15% earn,2.0% off / 2.25% earn,2.0% off / 2.25% earn,UPI,4.25,No,No,No,Valid upto 12 Months from purchase,"Visit any SOTC branch in India. | Select your preferred holiday package or travel service. | Present your SOTC E-Gift Card email at the branch before making the payment. | The voucher value will be applied to your booking. | If your booking amount exceeds the Gift Card value, pay the remaining balance using another payment method.","Valid for 1 year from the date of activation. | Redeemable only at SOTC branches across India. | Gift Card can be redeemed only once and must be used in full. | Remaining balance, if any, will be forfeited after redemption. | If the booking value exceeds the Gift Card value, the balance can be paid via credit/debit card or net banking. | Cannot be used for Foreign Exchange, Visa, Insurance, or Tour Cost services. | Cannot be redeemed against group discounted holiday packages. | Cannot be clubbed with any other SOTC offers, promotions, or discounts. | Gift Card cannot be exchanged for cash, credit, or Holiday Vouchers. | Lost, stolen, damaged, or misplaced Gift Cards will not be replaced. | No duplicate Gift Card will be issued. | SOTC reserves the right to amend the terms and conditions without prior notice. | All disputes are subject to the jurisdiction of Mumbai courts.",2026-07-26
Razer Gold,Razer Gold,962,https://www.maximize.money/gift-cards/Razer Gold/962,active,Online,100 / 250 / 500 / 1000 / 2000 / 2500 / 3000 / 5000,No,,4,2.0% off / 2.1% earn,0.75% off / 0.85% earn,0.1% off / 0.2% earn,,,,UPI,2.0,No,No,No,Valid upto 12 Months from purchase,"Go to https://gold.razer.com and sign in using your Razer ID. If you do not have an account, please create one first. | Once logged in, click on your profile icon in the top-right corner and select “Reload Now”, or directly visit https://gold.razer.com/reload. | Under the “Select Payment Method” section, choose “Razer Gold PIN.” | Enter the 14-digit Razer Gold PIN code from your gift card in the required field. | Click on “Next”, verify the details, and follow the on-screen instructions to complete the redemption. | Upon successful redemption, the equivalent Razer Gold credits will be instantly added to your account balance, which can be viewed in the top-right corner of the dashboard. | Note: Ensure that the gift card is valid for your region, as Razer Gold PINs are region-specific and may not work outside the designated country or region.","These Terms & Conditions govern the use and redemption of Razer Gold gift cards, which are issued and managed by Razer Inc. and are subject to the official Razer Gold Terms of Service. By purchasing, redeeming, or using the gift card, users agree to comply with these terms along with Razer’s general Terms of Service and Privacy Policy. | Gift cards can be redeemed only on the official Razer Gold platform or its authorized partners, and users must have a valid Razer Gold account to complete redemption. | Each gift card provides Razer Gold credits equivalent to the value mentioned on the voucher. Gift cards generally do not expire unless otherwise specified or required by applicable laws. | Redemption must be completed through the official Razer Gold website (https://gold.razer.com | ) or approved redemption channels. Once redeemed, Razer Gold credits are non-transferable, non-refundable, and cannot be exchanged for cash or any other benefit. | All purchases of Razer Gold gift cards are final and non-cancellable. Razer shall not be responsible for lost, stolen, or unauthorized use of gift card codes. | Any fraudulent, suspicious, or abusive activity may result in deactivation of the gift card and possible suspension or termination of the user’s Razer account. Razer reserves the right to investigate and take appropriate action in such cases. | All trademarks, logos, and related intellectual property associated with Razer Gold remain the exclusive property of Razer Inc., and unauthorized use is strictly prohibited. | Gift cards and related services are provided “as-is” without any warranties, and Razer shall not be liable for any indirect, incidental, or consequential damages arising from their use. | These Terms & Conditions are governed by the laws of Singapore, and any disputes shall be subject to the exclusive jurisdiction of Singapore courts. Razer reserves the right to modify or update these terms at any time without prior notice, and continued use will be considered acceptance of the revised terms. | For support or inquiries related to Razer Gold gift cards, users may visit https://gold.razer.com/help.",2026-07-26
Urban Ladder,Urban Ladder,721,https://www.maximize.money/gift-cards/Urban Ladder/721,active,Online,1000 / 2000 / 3000 / 5000 / 6000 / 10000 / 12000 / 20000 / 24000 / 50000 / 100000,No,,4,6.0% off / 6.1% earn,4.75% off / 4.85% earn,4.1% off / 4.2% earn,3.65% off / 3.75% earn,3.75% off / 3.85% earn,3.75% off / 3.85% earn,UPI,6.0,Yes,No,Yes,Valid for upto 6 months,Visit https://www.urbanladder.com and choose the product you would like to buy. | Select Gift Card as the payment option. | Enter the Gift Card Code and PIN.,"Gift Cards once purchased cannot be cancelled or refunded. | Gift Card can be availed only for the serviceable locations of Reliance Retail Limited which can be checked on https://www.urbanlader.com | Gift Card Issuer or Reliance Retail Limited will not be held responsible in any circumstances if gift card is applied for a delivery at an unserviceable location | Gift Cards issued will be valid for 180 days from the date of activation | A maximum of 5 Gift Cards can be used in a single purchase | If a purchase exceeds the User’s Gift Card value, the remaining amount must be paid by the User. | Gift Cards cannot be transferred for value or redeemed for cash. Gift Cards cannot be refunded if lost, stolen, destroyed or used without permission. | RRL reserves the right to withdraw, change/modify these Gift Cards Terms from time to time in its sole discretion and without prior notice to the user. It is the User’s responsibility in such cases, to review the Terms of these Gift Cards, from time to time. | These Gift Cards are considered as closed system pre-paid payment instruments&#39; in terms of the Policy Guidelines on Issuance and Operation of Pre-Paid Payment Instruments in India issued by the Reserve Bank of India (“RBI”). These do not require approval or authorization by the RBI. | These Gift Cards and its Terms are governed by and construed in accordance with the laws of India, with exclusive jurisdiction of the courts in Mumbai in case of any disputes",2026-07-26
Archies Gallery,Archies Gallery,236,https://www.maximize.money/gift-cards/Archies Gallery/236,active,Online + In-store,100 / 250 / 500 / 750 / 1000 / 1500 / 2000 / 2500 / 5000,Yes,100-10000,4,16.0% off / 16.5% earn,14.75% off / 15.25% earn,14.1% off / 14.6% earn,13.65% off / 14.15% earn,13.75% off / 14.25% earn,13.75% off / 14.25% earn,UPI,16.0,No,No,Yes,Valid for upto 6 months,"Visit the website and log in with your credentials. | Choose the product of your choice and add it to the cart. | Select the Gyftr option to complete your payment using a gift card. | AT STORE: Visit the listed Archies outlets, choose your product, and share the voucher code with the cashier before billing.","The holder of the Instant Gift Voucher is deemed to be the beneficiary | The Gift Vouchers are acceptable at the outlet and online at archiesonline.com | At the outlet the beneficiary should announce the intent of using the Instant Gift Voucher before placing the order | Multiple Instant Gift Vouchers can be used against one bill at the outlet | Partial redemption is not allowed, and no refund or credit note would be issued against a unused or partially used Instant Gift Voucher at the outlet | Instant Gift Voucher cannot be revalidated once expired and cannot be cancelled under any circumstance | Only valid Instant Gift Vouchers at the sole discretion of Archies shall be accepted for redemption | Archies or its affiliates are not responsible on account of the beneficiary sharing the Instant Gift Voucher number and the Instant Gift Voucher getting redeemed on that account | Instant Gift Vouchers will be accepted across all outlets, but Archies at its sole discretion may add or remove an outlet from the list without giving any prior notice | Archies makes full efforts to accept all Instant Gift Vouchers but on account of technical /administrative reasons, an outlet may refuse to accept Instant Gift Voucher | This Instant Gift Voucher cannot be redeemed on specific block out dates. Archies may add or delete any date on its sole discretion | Archies or any of it partners would not be liable for any form of compensation etc. on account of an outlet not being able to accept Instant Gift Voucher. The customer would be liable to settle the bill | If an Instant Gift Voucher gets blocked on account of technical issue, it would get activated in 72 hours | Any dispute should be referred to the company from where the Instant Gift Voucher has been received, decision of the company shall be final | For any queries / issues related to GV / GC, raise a request at https://www.gvhelpdesk.com",2026-07-26
IRCTC,IRCTC,601,https://www.maximize.money/gift-cards/IRCTC/601,active,Online,100 / 250 / 500 / 1000,No,,4,,,,,,,,,Yes,No,Yes,Valid for upto 12 months,Download the 'GyFTR ePay' App. | Login with the registered mobile number. Select 'IRCTC' voucher | Add the voucher code & PIN genearated | Enter the same registered mobile number on IRCTC while booking | iPay option and choose the Gift Voucher / e-pay option and the balance should be automatically visible.,"This is an IRCTC Insta Gift Voucher (GV) / Gift Card (GC) and would be accepted only at the IRCTC website and app under the IRCTC iPay payment option. GV redemption is available in Autopay payment mode under iPay. | The holder of the Gift voucher is deemed to be the beneficiary. | Only valid Gift vouchers shall be accepted for redemption. | Gift voucher balance should be mapped with the registered mobile number; the transfer of balance is not possible, it will stand cancelled. | Multiple vouchers can be used against one transaction. | Once the Gift voucher gets added to the balance, it can be utilized till the balance gets exhausted or expires. No Credit note or refund for the unused balance amount will be given. | Gift voucher cannot be revalidated once expired. | IRCTC or its affiliates are not responsible on account of the beneficiary sharing the Gift voucher number and the voucher getting redeemed on that account. | If Gift Voucher gets blocked on account of a technical issue, it would get activated in 72 hours. | Any dispute should be referred to the company from where the Gift Voucher has been received, the decision of the company shall be final. | We offer Gift Cards with a validity between 3 to 12 months.",2026-07-26
Cordelia Cruises,Cordelia Cruises,1055,https://www.maximize.money/gift-cards/Cordelia Cruises/1055,active,Online,200 / 500 / 1000 / 2000 / 5000 / 10000,Yes,100-10000,4,12.0% off / 12.25% earn,10.75% off / 11.0% earn,10.1% off / 10.35% earn,9.65% off / 9.9% earn,9.75% off / 10.0% earn,9.75% off / 10.0% earn,UPI,12.0,Yes,Yes,Yes,Valid upto 6 Months from purchase,"Go to https://www.cordeliacruises.com and log in to your account. | Select your preferred cruise and click on Book Now. | Choose GyFTR Gift Card as the payment option. | Click Check Balance and verify using the OTP sent to your registered mobile number. | Enter the amount you wish to redeem from your e-Pay balance. | Review your booking details and proceed with the payment. | Pay any remaining amount using another payment method, if required.","This Gift Voucher/e-Pay is accepted only on the Cordelia Cruises website. | Gift Voucher cannot be cancelled or blocked once issued. | The holder of the voucher is considered the beneficiary. | The Gift Voucher can be converted into e-Pay balance. | The voucher can be used along with discounts available on the Cordelia website. | Valid for booking eligible products and services available on the Cordelia website. | e-Pay balance cannot be transferred, exchanged for cash, or converted into another form of currency. | After conversion to e-Pay balance, partial redemption is allowed. | Remaining balance can be used for multiple transactions within the validity period. | Multiple Gift Vouchers can be combined into a single e-Pay balance. | Expired vouchers cannot be revalidated. | Cordelia Cruises and GyFTR are not responsible for lost, stolen, or unauthorized usage. | In case of technical issues resulting in a blocked voucher, it will be re-enabled within 72 hours. | Cordelia Cruises reserves the right to modify or withdraw the offer without prior notice.",2026-07-26
Freecultr,Freecultr,517,https://www.maximize.money/gift-cards/Freecultr/517,active,Online,500,No,,4,21.0% off / 21.25% earn,19.75% off / 20.0% earn,19.1% off / 19.35% earn,18.65% off / 18.9% earn,18.75% off / 19.0% earn,18.75% off / 19.0% earn,UPI,21.0,No,No,No,Valid for upto 6 months,"Visit the Freecultr website and log in using your credentials. | Add your desired products to the cart. | In the “Discount” section, enter your 16-digit GV code. | On the payment page, under Gift Voucher / Discount Code, enter your code and apply. The remaining amount, if any, can be paid via available payment modes.","This is a Freecultr Instant Gift Voucher (GV) / Gift Card (GC) and is valid only on the Freecultr website. | Freecultr is not responsible if the GV/GC is lost, stolen, or used without permission. | The GV/GC cannot be redeemed on specific block-out dates as may be updated on the Freecultr website. | This is a one-time use GV/GC with a fixed expiration date. | No credit note or refund will be provided for any unused balance. Freecultr Gift Cards cannot be refunded or returned. | Any unused balance shall automatically lapse. | GV/GC cannot be revalidated once expired or cancelled. | Cannot be combined with ongoing offers on the website. Two discount codes cannot be applied together. | If GV/GC gets blocked due to technical issues, it will be re-enabled in 72 hours. | In case of failed transactions post redemption, the amount will be refunded within 48 hours after notifying the accounts/CRM team. | Freecultr reserves the right to modify the terms and conditions at any time without notice. | Freecultr has the final authority on interpreting these terms. | The GV/GC scheme/offer may be withdrawn before the validity period without notice. | GV/GC may be denied if duplication or abuse is suspected. | Freecultr’s liability for any claim will not exceed the value of the GV/GC. | Legal jurisdiction for disputes is Delhi. | For any queries/issues related to GV/GC, raise a request at: https://www.gvhelpdesk.com",2026-07-26
SIGREE,SIGREE,678,https://www.maximize.money/gift-cards/SIGREE/678,active,In-store,100 / 250 / 500 / 1000 / 1500 / 2000 / 2500 / 5000,No,,4,13.0% off / 13.5% earn,11.75% off / 12.25% earn,11.1% off / 11.6% earn,10.65% off / 11.15% earn,10.75% off / 11.25% earn,10.75% off / 11.25% earn,UPI,13.0,No,No,Yes,Valid for upto 12 months,"Visit the restaurant as per your Gift Voucher and inform the cashier before ordering food. | Order your food and enjoy your meal. | At billing, present the Gift Voucher and pay any remaining amount by card or cash.","This is a Speciality Restaurants (Mainland China, Machaan, Sigree, Oh! Calcutta, and Sweet Bengal) Insta Gift Voucher (GV) / Gift Card (GC) and is accepted only at listed outlets. | The person holding the GV / GC code is considered the beneficiary. | GV / GC cannot be combined with any other offer or voucher. | Inform the cashier about using the GV / GC before billing. | Only the listed outlets, at their discretion, accept the GV / GC. Outlets may be added or removed without prior notice. | More than one GV / GC can be used in a single bill. | GV / GC is for one-time use only. | No credit note or refund will be issued for any unused amount. | GV / GC cannot be revalidated after expiry. | Valid only for food and non-alcoholic beverages. | Cannot be redeemed on certain block-out dates (dates may be added or removed at the restaurant’s discretion). | Any disputes should be referred to the issuing company, whose decision will be final. | Although efforts are made to accept the GV / GC, an outlet may refuse due to technical/administrative reasons. | If the GV / GC is blocked due to a technical issue, it will be re-enabled within 72 hours.",2026-07-26
Prestige,Prestige,667,https://www.maximize.money/gift-cards/Prestige/667,active,Online + In-store,250 / 500 / 1000 / 2000 / 5000 / 10000,Yes,100-10000,4,,,,,,,,,No,Yes,Yes,Valid for upto 6 months,"Select products, add to cart, and proceed to checkout. | Log in via mobile number to use the gift card (powered by Vouchagram). Use your Gift Card balance or add the voucher manually. | Enter the amount you wish to use and pay the remaining balance via credit/debit card or net banking.","This is a Prestige Gift Voucher (GV) / Gift Card (GC) and is accepted at: Listed Prestige Smart Kitchen outlets, Prestige Lifestyle stores, Prestige website: shop.ttkprestige.com, Outlet list: https://www.gyftr.com/prestige | The person holding the GV/GC is considered the beneficiary. | Once a GV/GC is added to E-Pay, it can only be redeemed on the Prestige website and not at outlets. | Inform the cashier before billing if you intend to use a GV/GC. | Only listed outlets at Prestige’s discretion will accept the GV/GC; outlets may be added/removed without prior notice. | Can only be redeemed for products priced equal to or higher than the GV/GC value. | Multiple GV/GCs can be used in one bill. | This is a one-time use GV/GC. | No credit note or refund for any unused amount. | Cannot be revalidated once expired. | Can be used during sale periods. | Cannot be redeemed on specific block-out dates; dates may change at Prestige’s discretion. | Disputes must be referred to the issuing company; their decision is final. | Prestige will try to accept GV/GCs but may refuse due to technical/administrative reasons. | If blocked due to a technical issue, reactivation will take place within 72 hours.",2026-07-26
Future World - Apple Reseller,Future World - Apple Reseller,254,https://www.maximize.money/gift-cards/Future World - Apple Reseller/254,active,In-store,100 / 1000 / 2500 / 5000 / 7500 / 10000,No,,4,3.5% off / 3.65% earn,2.25% off / 2.4% earn,1.6% off / 1.75% earn,1.15% off / 1.3% earn,1.25% off / 1.4% earn,1.25% off / 1.4% earn,UPI,3.5,No,No,Yes,Valid for upto 6 months,"Share the Voucher code with the cashier along with your mobile number. | Share your mobile number with the cashier to check e-Pay balance and vouchers, confirm the amount, provide the OTP received, and pay the remaining balance using another payment method. | Pay the balance if any using any other payment mode.","The GV/GC will be accepted at the stores and on the website: https://www.futureworldindia.in. | The holder of the GV/GC is deemed to be the beneficiary. | GV/GCs are non-refundable, may not be exchanged, transferred, or resold, and may not be redeemed for cash. | GyFTR/FutureWorld is not responsible for lost, damaged, or stolen GV/GCs. | The GV can be converted into e-Pay, at the convenience of the holder. | Multiple GVs can be combined and added to the e-Pay balance. | GyFTR/FutureWorld India reserves the right to add, alter, amend, and revise the terms and conditions without prior notice, and without assigning any reasons. | GyFTR/FutureWorld India reserves the right to suspend, block, or terminate the rights and privileges attached to the GV/GC if it has reasonable grounds to suspect fraudulent or unauthorized use. | All disputes in connection with the GV/GC or its program shall be governed and construed in accordance with Indian Laws and are subject to the exclusive jurisdiction of Competent Courts in Haryana only. | GV/GCs are normally delivered instantly. But sometimes due to system issues, the delivery can be delayed up to 24 - 48 hours. | For any queries/issues related to GV/GC, please contact FutureWorld customer care or raise a request at contact@futureworldindia.co.in or https://www.gvhelpdesk.com.",2026-07-26
Forever21,Forever21,304,https://www.maximize.money/gift-cards/Forever21/304,active,In-store,500 / 1000 / 1500 / 2000 / 2500 / 3000 / 5000 / 7500 / 9999,No,,4,7.75% off / 8.0% earn,6.5% off / 6.75% earn,5.85% off / 6.1% earn,5.4% off / 5.65% earn,5.5% off / 5.75% earn,5.5% off / 5.75% earn,UPI,7.75,No,No,No,Valid for a range of 6 - 12 months,Use the outlet locator to locate the nearest outlet that accepts this Gift Voucher. | Select your choice of product. | Share your Gift Voucher with the cashier at the time of billing & pay the remaining amount by cash or card if required.,"This is a Forever 21 Gift Voucher (GV) / Gift Card (GC) and would be accepted at listed outlets. | The person who has the Forever 21 GV / GC Code is deemed to be the beneficiary. | Do inform the cashier that you plan to use the GV / GC to make payments before billing. | Customer can only redeem if they are registered as loyalty members. Non-CRM customers need to register before the voucher can be redeemed. | Only the listed Forever 21 outlets at its sole discretion accept the GV / GC. Forever 21 may add or remove an outlet without giving any prior notice. | In case the value of the merchandise exceeds the value of the GV / GC, the difference must be paid by cash, credit card, or debit card | More than one GV / GC can be used in one bill. | This is a one-time use GV / GC. | No Credit note / Refund for the unused amount of the GV / GC will be given. | This GV / GC CANNOT be revalidated once it expires. | This GV / GC can be used during sale. | GV / GC cannot be redeemed on specific block-out dates. Forever 21 may add or delete any date at its sole discretion. | Any dispute related to the GV / GC should be referred to the issuing company and the decision of the issuing company shall be final. | Forever 21 makes full efforts to accept GV / GC, but on account of any technical/administrative reasons, an outlet may refuse to accept the same. | If GV / GC gets blocked on account of a technical issue, it will get enabled in 3 working days. | Please contact the shop manager for any acceptance issue and if the issue is still not resolved, you can raise a request at https://www.gvhelpdesk.com.",2026-07-26
Holiday Tribe,Holiday Tribe,765,https://www.maximize.money/gift-cards/Holiday Tribe/765,active,In-store,25000 / 50000 / 100000 / 150000,No,,4,14.25% off / 14.5% earn,13.0% off / 13.25% earn,12.35% off / 12.6% earn,11.9% off / 12.15% earn,12.0% off / 12.25% earn,12.0% off / 12.25% earn,UPI,14.25,Yes,No,No,Valid for upto 12 months,"To redeem, contact our Holiday Experts at: Domestic & International Holidays: +91 7838350359(10 AM – 7 PM) OR | email at - maximise.money@holidaytribe.com OR | Visit Holiday Tribe branches - Gurgaon & Jaipur | Gurgaon Office: 4th floor, 378-379, Udyog Vihar Phase 4 Rd, Electronic City, Phase IV, Udyog Vihar, Sector 19, Gurugram, Haryana 122015 | Jaipur Office: 2nd Floor, Sky Corner, Park Ave Rd, behind WTP, D-Block, Malviya Nagar, Jaipur, Rajasthan 302017","Valid only for booking Holiday Packages (Hotels + Experiences + Transfers). | Not applicable to standalone services (Flights, Visas, Forex, Insurance, Hotels). | This voucher is not applicable for Maldives destination | Applicable for domestic and international destinations, excluding Maldives packages. | Valid for 12 months from the date of issuance. | A unique voucher code must be quoted/applied at the time of booking. | Gift Cards are valid on bookings made through the Holiday Tribe website or via Holiday Experts. | Voucher not valid with Pay Later Payment Options (Book Now Pay Later / Reserve Now Pay Later). | Cannot be clubbed with other offers, discounts, cashbacks, or promotions. | Partial redemption allowed – remaining balance stays active until voucher expiry. | Multiple Gift Cards can be used in a single booking. | If package cost exceeds voucher value, the balance can be paid via Net Banking, Cards (Debit/Credit), or Mobile Wallets. | All bookings subject to availability & standard Holiday Tribe booking T&Cs. | In case of cancellation, standard package-specific cancellation policies apply. Refunds will be issued as a credit note only. | No cash exchange or refund against this voucher. | Holiday Tribe is not responsible if a voucher is lost, stolen, or used without permission. | Products & services subject to availability. | The gift card applies only to new bookings/queries raised with Holiday Tribe and cannot be applied to payments that have already been made.",2026-07-26
Crossword,Crossword,770,https://www.maximize.money/gift-cards/Crossword/770,active,Online + In-store,500 / 1000 / 2000,Yes,250-2000,4,8.25% off / 8.5% earn,7.0% off / 7.25% earn,6.35% off / 6.6% earn,5.9% off / 6.15% earn,6.0% off / 6.25% earn,6.0% off / 6.25% earn,UPI,8.25,Yes,No,Yes,Valid for upto 12 months,"Redeeming on the website. | The customer goes to crossword.in. Selects the product of his choice. | Proceeds to the checkout page. | Click on “Crossword Gift Cards” | Enter the Card number and PIN and click on “Use Gift Card”. The card will be redeemed. In case there is any balance payment to be done, the customer can use the other payment modes. | Redeeming in Crossword Stores. | The customer comes to the cashpoint with the card. Gives the Card number PIN to the cashier | The cashier checks the balance. | The cashier informs the customer that the entire amount has to be consumed in a single transaction. | The cashier redeems the card the using the Gift card against the products. | The balance of the card has to be redeemed in a single transaction.","This E-Gift Card can be redeemed at select Crossword stores across India. Not Valid at Crossword Franchisee Stores. | This E-Gift Card can be redeemed only once in stores in a single transaction. | The E-Gift card can be redeemed multiple times on https://www.crossword.in. But it will get blocked once used in stores.This E-Gift Card cannot be used for a payment in case of home delivery. | If the order value exceeds the value of the E-Gift Card, the balance must be paid by Credit Card / Debit Card / Internet Banking or cash. | This E-Gift Card will expire 12 months from the date of activation. | This E-Gift Card cannot be exchanged for Cash or Credit Note. | Qwikcilver Solutions and Crossword are not responsible if the voucher is lost, stolen or used without permission. The holder of this Gift Card is solely responsible. Such lost, stolen or used without permission E-Gift Card cannot be replaced or re-issued. | Qwikcilver Solutions assumes no responsibility for the products purchased using E-Gift Cards and any liability there-of is expressly disclaimed. For all claims pertaining to defective products please contact the nearest Crossword bookstore or call customer care no on 85302 06759 | The validity of this E-Gift Card cannot be extended.",2026-07-26
Behrouz Biryani,Behrouz Biryani,497,https://www.maximize.money/gift-cards/Behrouz Biryani/497,active,Online,250 / 500 / 1000 / 1500 / 2000,Yes,,4,10.25% off / 10.5% earn,9.0% off / 9.25% earn,8.35% off / 8.6% earn,7.9% off / 8.15% earn,8.0% off / 8.25% earn,8.0% off / 8.25% earn,UPI,10.25,Yes,No,Yes,Valid for upto 6 months,"Log in to EatSure App/Website using mobile number + OTP. | Add items to cart and click “Proceed to Pay.” | Vouchers linked to your number will appear. Tap “Redeem” to add the amount to EatSure Wallet. | If the bill exceeds wallet balance, pay the difference via UPI/Card/etc.","Valid only on online orders via EatSure app or website. | Voucher gets converted into EatSure wallet balance. | Multiple vouchers can be added to your EatSure wallet. | Partial redemption is allowed from the wallet balance. | Balance must be linked to your registered mobile number. | Vouchers cannot be transferred, refunded, exchanged, or revalidated. | Lost or expired vouchers won’t be replaced. | Cannot be clubbed with other aggregator offers, but can be used on discounted products. | For help, raise a query at - https://www.gvhelpdesk.com.",2026-07-26
FirstCry,FirstCry,350,https://www.maximize.money/gift-cards/FirstCry/350,active,Online,100 / 250 / 500 / 750 / 1000 / 2000 / 2500 / 3000 / 5000,No,,4,6.75% off / 6.9% earn,5.5% off / 5.65% earn,4.85% off / 5.0% earn,4.4% off / 4.55% earn,4.5% off / 4.65% earn,4.5% off / 4.65% earn,UPI,6.75,Yes,No,No,Valid for upto 12 months,Go to FirstCry.com and select the items you want to purchase. | Add products to the cart | On the Cart page you will find two options 1- Coupon 2- Gift Certificate | Choose the Gift Certificate option and Enter your 14-digit Card Number in the field given and click on apply button. | You will get Gift Certificate applied option. | The Gift Card amount will be deducted from the payable amount. | Pay any balance amount using available payment modes.,"The E-Gift Card can be used against your purchase on FirstCry.com. | Customers must open a free account at FirstCry.com to redeem his or her E-Gift Card. | Every EGC has a unique code. To redeem the E-Gift Card, enter this code in your shopping cart. | Both EGC and credit card may be used to pay for your order. If both are used, we will charge the gift card first and the remaining balance will be charged to your credit card. | In cases where the order is cancelled, the Gift Card amount shall be refunded to the source Gift Card | Single E-Gift Card value can be redeemed in multiple purchases. | Multiple GCs cannot be applied for a single order | Unused E-Gift Card may not be redeemed for cash. | E-Gift Card are not replaceable if lost, stolen or expired. | E-Gift Card can be redeemed within a period of 1 year from the date of purchase. | E-Gift Card may only be redeemed for orders shipped in India. | E-Gift Card cannot be purchased through Cheque/Cash on Delivery. | E-Gift Cards are normally delivered instantly. But sometimes due to system issues, the delivery can be delayed up-to 48-72 hours. | The Gift Certificate/Voucher will get mapped to one FirstCry account after the customer has made the transaction using the Gift Certificate/Voucher and the rest of the amount, if any, can be redeemed through the same FirstCry account | In case you face any issues while redeeming the Gift Certificate, please reach out to FirstCry Customer Care at customercare@firstcry.com",2026-07-26
Porter,Porter,1042,https://www.maximize.money/gift-cards/Porter/1042,active,Online,1000 / 2500 / 5000 / 10000,No,,4,7.75% off / 8.0% earn,6.5% off / 6.75% earn,5.85% off / 6.1% earn,5.4% off / 5.65% earn,5.5% off / 5.75% earn,5.5% off / 5.75% earn,UPI,7.75,No,No,No,Valid upto 6 Months from purchase,"Download the Porter app, choose Packers & Movers option, then select “Shifting” service. Enter locations, add items, check price options, and confirm your pick-up slot. | Go to the Coupons & Offers section, enter your voucher code, and click Apply. The voucher amount will be applied to the bill directly. | Check your breakup under Payment Summary and pay the remaining amount using any payment mode.","This is a Porter Packers & Movers GV/GC (Gift Voucher/Gift Card) issued by Porter and can be redeemed only on the Porter app for Packers & Movers services. | This GV/GC is applicable only for Packers & Movers services and is not valid for booking Trucks, Two-Wheelers, or Enterprise business services on the Porter platform. | This is a one-time use only GV/GC, and it cannot be partially redeemed or revalidated once expired. | Multiple GV/GCs cannot be redeemed in a single booking/order. | The GV/GC cannot be clubbed with the existing offers. | The GV/GC is non-refundable, non-transferable, non-exchangeable, and cannot be redeemed for cash or credit. | In case the booking amount exceeds the GV/GC value, the balance amount must be paid by the user through available payment modes on the Porter platform. | Porter Packers & Movers liability in relation to the GV/GC shall be limited to the face value of the GV/GC. Liability arising out of the underlying Packers & Movers service shall be governed by the applicable service terms and conditions. | GyFTR/Porter Packers & Movers shall not be responsible for lost, damaged, stolen, or unauthorized use of the GV/GC. | Porter reserves the right to modify, amend, or withdraw the terms and conditions of the GV/GC at any time without prior notice. Such changes shall be binding on the user/beneficiary. | Any disputes regarding service quality, damage claims, delays, or service deficiencies arising from redemption of the GV/GC must be raised through Porter’s official support channels. | The GV/GC shall be governed by and construed in accordance with the applicable laws of India. All disputes shall be subject to the exclusive jurisdiction of the courts at Bangalore, Karnataka. | Porter reserves the right to cancel the GV/GC in case of suspected fraud, misuse, duplication, or unauthorised activity. | In case of technical failure attributable to Porter’s systems, Porter may, at its discretion, revalidate or reissue the GV/GC. | By purchasing, accepting, or redeeming the GV/GC, the user agrees to be bound by these Terms & Conditions. | For any concerns or issues related to the GV/GC, users may contact Porter customer support through the Porter app or official website. You can also raise a request at https://www.gvhelpdesk.com.",2026-07-26
Liberty Offline,Liberty Offline,789,https://www.maximize.money/gift-cards/Liberty Offline/789,active,Online,250 / 500 / 1000 / 2000 / 5000,No,,4,8.0% off / 9.0% earn,6.75% off / 7.75% earn,6.1% off / 7.1% earn,5.65% off / 6.65% earn,5.75% off / 6.75% earn,5.75% off / 6.75% earn,UPI,8.0,Yes,Yes,Yes,Valid for upto 6 months,"Share your registered mobile number with the cashier once your products are scanned for billing. The cashier will inform you about your available Gift Voucher(s) and balance. | Confirm the amount you wish to redeem, then proceed to pay any remaining balance (if applicable). | The cashier will then complete the invoicing process.","This is a Liberty Offline Gift Voucher (GV) or e-Pay, accepted at select Liberty stores across India. | The person holding the GV/e-Pay is deemed the beneficiary. | GV/e-Pay can be clubbed with existing offers. | GV/e-Pay can be used for all product and service purchases at the listed Liberty stores. | GV can be converted into e-Pay at the holder’s convenience. | GV/e-Pay balance cannot be transferred, exchanged for cash, or converted into any other currency. | e-Pay balance must be linked to the registered mobile number. | After conversion into e-Pay, the GV is valid for partial redemption. Any remaining balance stays in the e-Pay account and can be used for multiple transactions within its validity period. | Only valid GV/e-Pay will be accepted for redemption, at the sole discretion of Liberty. | GV/e-Pay cannot be revalidated once expired or canceled under any circumstances. | Liberty/GyFTR is not responsible if the GV/e-Pay is lost, stolen, or used without permission. | If a GV/e-Pay gets blocked due to a technical issue, it will be enabled within 72 hours. | Any dispute should be referred to the company from which the GV/e-Pay was received. The company’s decision shall be final and binding. | Liberty/Maximize reserves the right to withdraw, modify, cancel, or change the offer at any time without prior notice.",2026-07-26
Liberty Online,Liberty Online,752,https://www.maximize.money/gift-cards/Liberty Online/752,active,Online,250 / 500 / 1000 / 2000 / 5000,No,,4,8.75% off / 9.5% earn,7.5% off / 8.25% earn,6.85% off / 7.6% earn,6.4% off / 7.15% earn,6.5% off / 7.25% earn,6.5% off / 7.25% earn,UPI,8.75,Yes,Yes,Yes,Valid for upto 6 months,"Visit Liberty Shoes Online | Add products to your cart and proceed to checkout. | Under “Gift Voucher - ePay,” enter your voucher code, click “Add”, and the balance will update.","This GV/e-Pay is accepted only on https://www.libertyshoesonline.com . | The person holding the GV/e-Pay is deemed the beneficiary. | The GV/e-Pay can be clubbed with existing offers. | It can be used for all purchases of products and services on the Liberty Online website. | The GV can be converted into e-Pay as per the holder’s convenience. | The GV/e-Pay balance cannot be transferred, exchanged for cash, or converted into another currency. | After conversion, it is valid for partial redemption; the remaining balance stays in e-Pay and can be used for multiple transactions within validity. | Only valid GV/e-Pay, at Liberty’s sole discretion, will be accepted for redemption. | The GV/e-Pay cannot be revalidated once expired or canceled. | Liberty/Maximize is not responsible if the GV/e-Pay is lost, stolen, or used without permission. | If GV/e-Pay gets blocked due to technical issues, it will be reactivated within 72 hours. | Any dispute must be referred to the issuing company; their decision will be final. | Liberty/Maximize reserves the right to withdraw, modify, or cancel the offer anytime without notice.",2026-07-26
TRUEFITT and HILL,TRUEFITT and HILL,295,https://www.maximize.money/gift-cards/TRUEFITT and HILL/295,active,In-store,500 / 1000 / 1500 / 2000 / 2500,Yes,100-10000,4,24.75% off / 25.75% earn,23.5% off / 24.5% earn,22.85% off / 23.85% earn,22.4% off / 23.4% earn,22.5% off / 23.5% earn,22.5% off / 23.5% earn,UPI,24.75,No,No,Yes,Valid for upto 12 months,"Share the registered mobile number with cashier, once services are scanned for invoicing | Cashier will confirm the available Gift Voucher and its balance Or share the voucher code with the cashier | Confirm the amount to be used for redemption and proceed further. You can make the balance payment by any other payment mode.","This is a Truefitt & Hill Gift Voucher/Gift Card (GV/GC) and would be accepted at selected Truefitt & Hill stores (refer to the store locator to know more). | The holder of the GV/GC is deemed to be the beneficiary. | Beneficiaries should announce the intent of using the GV/GC before making a purchase. | The GV/GC cannot be clubbed with ongoing promotions/discounts. | Truefitt & Hill GV/GC is only applicable to paid services. GV/GCs do not apply to Truefitt & Hill products, memberships, gift cards, and combo packages. | Only valid GV/GC at the sole discretion of Truefitt& Hill shall be accepted for redemption. | Multiple Vouchers can be used against one bill. | GV/GC cannot be revalidated once expired. | GyFTR/Truefitt & Hill or its affiliates are not responsible for lost, damaged, or stolen GV/GCs. | Truefitt & Hill may ask for valid Government identity proof at the time of redeeming the GV/GC. | GV/GCs will be accepted across all mentioned outlets and at its sole discretion, Truefitt & Hill may add or remove an outlet from the list without giving any prior notice. | Truefitt & Hill make full efforts to accept all GV/GCs but on account of technical/administrative reasons, an outlet may refuse to accept GV/GCs. | This GV/GC cannot be redeemed on specific block-out dates. Truefitt & Hill may add or delete any date at its sole discretion. | GyFTR/Truefitt & Hill or any of its partners would not be liable to pay any form of compensation on account of an outlet not being able to accept GV/GC. The customer would be liable to settle the bill. | If a GV/GC gets blocked on account of a technical issue, it will get reactivated in 72 hours. | GV/GCs are non-refundable, and may not be exchanged, transferred, encashed, or resold. | Any dispute should be referred to the company from where the GV/GC has been received. The decision of the company shall be final. | For any service-related queries/issues, raise a request at https://www.gvhelpdesk.com and write an email to feedback@truefittandhill.in. | For any GV/GC related queries, raise a request to the Gyftr team at https://www.gvhelpdesk.com.",2026-07-26
Sweet Truth,Sweet Truth,692,https://www.maximize.money/gift-cards/Sweet Truth/692,active,Online,250 / 500 / 1000 / 1500 / 2000,Yes,100-10000,4,10.75% off / 11.0% earn,9.5% off / 9.75% earn,8.85% off / 9.1% earn,8.4% off / 8.65% earn,8.5% off / 8.75% earn,8.5% off / 8.75% earn,UPI,10.75,Yes,No,Yes,Valid for upto 6 months,"Login – Visit EatSure App/Website, enter your mobile number, and verify with OTP. | Shop – Select products, add to cart, and click Proceed to Pay. | Redeem Voucher – All vouchers linked to your number will appear; click Redeem to add the amount to your wallet. | Pay Balance – If the order exceeds your wallet balance, pay the remaining amount using Credit Card, Debit Card, or UPI.","Valid for online orders via the EatSure app/website (https://www.eatsure.com); applicable across all available cities. | Vouchers (GVs) convert into EatSure wallet balance, which can be used partially, over multiple transactions, and for any amount; multiple GVs can be combined. | Wallet balance must be linked to the registered mobile number; cannot be transferred to another account, exchanged for cash, or converted to any other currency. | EatSure GVs are different from promotional coupon codes; they can be used to buy discounted products but cannot be clubbed with other aggregator offers. | EatSure GVs issued by banking partners are accepted only on the EatSure app/website; brand GVs for Ovenstory, Faasos, Wendy's, Behrouz Biryani, Sweet Truth, Lunch Box & The Good Bowl are also valid on EatSure. | Rebel Foods Pvt. Ltd., GyFTR, or affiliates are not responsible for unauthorized use caused by sharing GV codes or account credentials. | Once purchased, GVs are non-refundable, non-cancellable, and non-exchangeable; lost vouchers will not be refunded, and expired balances cannot be revalidated. | If the order value exceeds the wallet balance, the remaining amount must be paid via other available payment modes (CC/DC/UPI). | Rebel Foods Pvt. Ltd./GyFTR reserves the right to amend, modify, add, or delete terms without notice; GV redemption may be denied if misuse or suspicious activity is detected.",2026-07-26
Vijay Sales,Vijay Sales,298,https://www.maximize.money/gift-cards/Vijay Sales/298,active,In-store,500 / 1000 / 1500 / 2000 / 2500 / 3000 / 5000 / 7500 / 10000,No,,4,2.5% off / 2.6% earn,1.25% off / 1.35% earn,0.6% off / 0.7% earn,0.15% off / 0.25% earn,0.25% off / 0.35% earn,0.25% off / 0.35% earn,UPI,2.5,No,No,Yes,Valid for a range of 6 - 12 months,"Step 1- -Share the registered mobile number with cashier, once products are scanned for invoicing by the cashier | Step 2- -Cashier to confirm the available Gift Voucher and its balance | Step 3- -Customer to confirm the amount to be used for redemption and proceed further for balance payment, if any -Cashier to proceed with invoicing","This is a Vijay Sales Insta Gift Voucher (GV) / Gift Card (GC) and would be accepted at the stores | The holder of the Instant Gift Voucher is deemed to be the beneficiary. | Beneficiary should announce the intent of using the Instant Gift Voucher before making a purchase. | Only valid Instant Gift Vouchers at the sole discretion of VIJAY SALES shall be accepted for redemption. Vijay Sales Insta Gift Voucher balance should be mapped with the registered mobile number and transfer of balance is not possible, it will stand cancelled. | Multiple vouchers can be used against one bill. | Only 5 vouchers can be combined for INR 500 and INR 1000 denominations. | Once the voucher gets added to the EPay balance, it can be utilized till the balance gets exhausted or expires. No credit note or refund for the unused balance amount will be given. | Instant Gift Voucher cannot be revalidated once expired. | VIJAY SALES or its affiliates are not responsible on account of the beneficiary sharing the Instant Gift Voucher number and the voucher getting redeemed on that account. | The Brand may ask for a valid Government identity proof at the time of redeeming the voucher. | Instant Gift Vouchers will be accepted across all mentioned outlets at its sole discretion.Brand may add or remove an outlet from the list without giving any prior notice. | VIJAY SALES makes full efforts to accept all Instant Gift Vouchers but on account of technical / administrative reasons, an outlet may refuse to accept vouchers. | This Instant Gift Voucher cannot be redeemed on specific block out dates. VIJAY SALES may add or delete any date on its sole discretion. | VIJAY SALES or any of its partners would not be liable to pay any form of compensation etc on account of an outlet not being able to accept Instant Gift Voucher. The customer would be liable to settle the bill. | If an Instant Gift Voucher gets blocked on account of technical issue, it would get activated in 72 hours. | Any dispute should be referred to the company from where the Instant Gift Voucher has been received, decision of the company shall be final. | For any queries / issues related to GV / GC, raise a request at gvhelpdesk.com",2026-07-26
Ode Spa Salon,Ode Spa Salon,775,https://www.maximize.money/gift-cards/Ode Spa Salon/775,active,Online + In-store,1000,Yes,500-10000,4,12.75% off / 13.25% earn,11.5% off / 12.0% earn,10.85% off / 11.35% earn,10.4% off / 10.9% earn,10.5% off / 11.0% earn,10.5% off / 11.0% earn,UPI,12.75,No,No,Yes,Valid for upto 6 months,Present the card at any ODE Spa outlet | Choose your desired service(s). | The card value will be adjusted against your bill total.,"The ODE Spa Gift Card is not a legal tender or a replacement for a credit or debit card. | This card cannot be exchanged for cash or cheque under any circumstances. | Each card carries a specific validity period — please check the same before use at ODE Spa outlets. | Card validity: 180 days from the date of activation. | The holder of this card is deemed to be the beneficiary. | This Gift Card is valid across all ODE Spa outlets. Please refer to the outlet list at https://www.woohoo.in/odespa-store-list. | A maximum of five gift cards can be redeemed against a single invoice. | Lost, mutilated, or defaced cards will not be replaced or compensated under any circumstances. | No returns and no refunds are permitted on Gift Cards, E-Gift Cards, or Gift Cards shipped by woohoo.in. Please refer to the refund policy at http://www.woohoo.in/faq for more details. | This card is not applicable on returned, refunded, or cancelled orders (if applicable). | Any redemption-related queries must be directed to Ode Spa Customer Care at 9247020202. | E-Gift Cards are normally delivered instantly; however, due to occasional system issues, delivery may be delayed up to 24 hours. | All disputes shall be referred to Masti Health and Beauty Pvt. Ltd. (operator of Ode Spa), and the company’s decision shall be final. | Subject to the foregoing, these terms and conditions are governed by the laws of India and fall under the jurisdiction of courts in Secunderabad / Hyderabad.",2026-07-26
Blissclub,Blissclub,712,https://www.maximize.money/gift-cards/Blissclub/712,active,Online,1000 / 2000 / 5000,Yes,100-10000,4,14.25% off / 14.5% earn,13.0% off / 13.25% earn,12.35% off / 12.6% earn,11.9% off / 12.15% earn,12.0% off / 12.25% earn,12.0% off / 12.25% earn,UPI,14.25,Yes,Yes,Yes,Valid for upto 6 months,Visit Blissclub.com → Add items to cart → Proceed to checkout. | Select “Pay via e-Pay / Gift Vouchers” option. | Add vouchers to your e-Pay balance → Pay using your available balance.,"This is a Blissclub GV/e-Pay, redeemable online only at https://www.blissclub.com . | Once issued, it cannot be cancelled or blocked under any circumstances. | The user holding the GV/e-Pay is deemed the beneficiary. | GV can be converted into e-Pay as per the user’s convenience. | e-Pay balance must be linked to the registered mobile number. | After conversion to e-Pay, the balance is valid for partial redemption. Any remaining balance stays in the e-Pay wallet and can be used for multiple transactions within validity. | Only valid GV/e-Pay at Blissclub’s discretion shall be accepted for redemption. | GV/e-Pay balance cannot be transferred, exchanged for cash, or any other form of currency. | GV/e-Pay cannot be revalidated once expired. | Can be used for all products and services available at Blissclub’s website. | Blissclub/Maximize is not responsible if lost, stolen, or used without permission. | In case of technical issues causing blockage, the GV/e-Pay will be reactivated within 72 hours. | Any dispute must be referred to the issuing company; their decision will be final. | Blissclub/Maximize reserves the right to withdraw/modify/cancel/change the offer anytime. | GV/e-Pay can be clubbed with existing offers on the Blissclub website.",2026-07-26
Discord,Discord,1081,https://www.maximize.money/gift-cards/Discord/1081,active,Online,950,No,,4,1.75% off / 1.9% earn,0.5% off / 0.65% earn,,,,,UPI,1.75,No,No,No,Valid for upto 6 months,"Visit posa.mintroute.com and select Discord. | Choose your preferred Discord Nitro subscription plan. | Enter your Gift Voucher code and email address. | Click on Redeem. | On the ""You've been gifted Nitro"" page, click ""Woo! Accept Gift"". | Your Discord Nitro activation link will be sent to your registered email address. | Follow the link to activate your Discord Nitro subscription.","The Gift Voucher can only be redeemed on the Discord website or app. | The voucher is valid only for Discord Nitro subscriptions. | The voucher cannot be used on an active Discord Nitro subscription. | This is a one-time use Gift Voucher. | Unused balance, if any, will be forfeited. | The voucher cannot be clubbed with any other offers, discounts, or promotions. | The voucher can be redeemed during sale periods. | The voucher is non-refundable, non-transferable, and cannot be exchanged for cash. | The voucher cannot be revalidated once expired. | Discord is not responsible for lost, stolen, or unauthorized use of Gift Vouchers. | If blocked due to a technical issue, the voucher may be reactivated within 72 hours. | For support, raise a request at https://www.gvhelpdesk.com.",2026-07-26
Westside,Westside,563,https://www.maximize.money/gift-cards/Westside/563,active,In-store,1000 / 2000 / 5000 / 10000 / 20000,Yes,500-49000,4,,,,,,,,,No,No,No,Valid for upto 12 months,"Visit a nearby Westside outlet. | Confirm at the store that the Gift Card is accepted before making a purchase. | Select your desired products. | At billing, show your Gift Card details (Card Number & PIN) to the cashier. | If your purchase exceeds the card value, pay the remaining balance via cash or card.","The gift card can be redeemed only after 8 hours from the time of purchase. | Validity: 1 year from the date of purchase. Validity cannot be extended. | Redeemable at all Westside outlets across India. | This card cannot be used on the Westside website. | Any unused balance will not be refunded or credited. | To check balance, SMS: WS <card number> to 09094774499. | No returns or refunds are allowed for this gift card purchased via Amazon.in. | This card cannot be exchanged for cash, other gift cards, or credit notes. | If your purchase exceeds the card value, pay the remaining balance via cash or card.",2026-07-26
Faasos,Faasos,537,https://www.maximize.money/gift-cards/Faasos/537,active,Online,250 / 500 / 1000 / 1500 / 2000,Yes,100-10000,4,10.0% off / 10.25% earn,8.75% off / 9.0% earn,8.1% off / 8.35% earn,7.65% off / 7.9% earn,7.75% off / 8.0% earn,7.75% off / 8.0% earn,UPI,10.0,Yes,No,Yes,Valid for upto 12 months,"Open the EatSure app on your Android or iOS device. | Browse & add items you wish to purchase to your cart. | Proceed to checkout and fill in your delivery address. | Choose “Pay by Gift Card” as your payment method. | Enter your Alphanumeric PIN In Giftcard Code section, 6 digit pin not required | If the order value exceeds the card balance, pay the remaining amount using other available payment modes.","GVs are valid only for online orders placed through the EatSure app or website. | The person who possesses the GV is considered the beneficiary. | GVs are converted into EatSure wallet balance, which can be used partially. | Multiple GVs can be added to the EatSure wallet balance. | Wallet balance must be linked to a registered mobile number. | GVs are not the same as promotional coupon codes. | GVs cannot be transferred, exchanged for cash, or converted to another currency. | Rebel Foods, GyFTR, or affiliates are not liable for unauthorized use due to shared credentials or GV codes. | GVs are non-refundable, non-cancellable, and non-exchangeable. | Lost GVs will not be refunded; expired balances cannot be revalidated. | If the order value exceeds the wallet balance, the remaining amount must be paid using other payment methods. | Rebel Foods/GyFTR may modify terms and conditions at any time without prior notice. | GVs may be denied in case of suspicion or abuse. | GVs are valid across available cities. | For support, visit: https://www.gvhelpdesk.com | Accepted only on the EatSure App/Web. | Valid across brands like Ovenstory, Faasos, Wendy's, Behrouz Biryani, Sweet Truth, Lunch Box, and The Good Bowl. | GVs cannot be clubbed with aggregator offers (like Zomato, Swiggy). | GVs can be used to purchase discounted items.",2026-07-26
Speedo,Speedo,926,https://www.maximize.money/gift-cards/Speedo/926,active,Online,100 / 250 / 500 / 1000 / 2000,Yes,250-50000,4,13.25% off / 13.5% earn,12.0% off / 12.25% earn,11.35% off / 11.6% earn,10.9% off / 11.15% earn,11.0% off / 11.25% earn,11.0% off / 11.25% earn,UPI,13.25,No,Yes,Yes,Valid for upto 12 months,Visit the Speedo e-commerce website at https://www.speedo.in | Register on the website or log in during checkout | Select the desired products and proceed to checkout | Choose Speedo Gift Card as the payment option | Enter the Gift Card number and PIN | Redeem the Gift Card successfully | Pay any remaining balance using other available payment modes | Please note that Speedo Gift Cards cannot be redeemed at offline Speedo exclusive brand outlets,"The holder of the E-Gift Card is deemed to be the beneficiary | Only full redemption of the E-Gift Card is allowed and partial redemption is not permitted | A maximum of three E-Gift Cards can be redeemed against a single invoice | The E-Gift Card cannot be exchanged for cash or cheque | No duplicate card will be issued if the E-Gift Card is lost or misplaced | The E-Gift Card cannot be validated once expired | No replacement or compensation will be provided for lost, mutilated, or defaced Gift Cards | Any dispute shall be referred to Page Industries Ltd and the company’s decision shall be final | The E-Gift Card is valid only on https://www.speedo.in | The E-Gift Card is redeemable on all products available on https://www.speedo.in | The E-Gift Card is not applicable at Exclusive Speedo stores, Multi Brand Speedo stores, or online marketplaces such as amazon.com or flipkart.com | The E-Gift Card is valid for 365 days from the date of activation | For any redemption-related issues, customers must contact Speedo customer care via https://www.speedo.in",2026-07-26
Costa Coffee,Costa Coffee,1038,https://www.maximize.money/gift-cards/Costa Coffee/1038,active,In-store,250 / 500 / 1000 / 2000 / 2500,No,,4,8.0% off / 8.25% earn,6.75% off / 7.0% earn,6.1% off / 6.35% earn,5.65% off / 5.9% earn,5.75% off / 6.0% earn,5.75% off / 6.0% earn,UPI,8.0,No,No,Yes,Valid for upto 6 months,Find the Costa Coffee shop near you that accepts gift cards. | Enjoy the coffee and snacks of your choice after placing the order. | Provide the Gift Card to the cashier at the time of billing and payment. | Pay the remaining amount via cash or card if applicable.,This Costa Coffee card (E-GC) is issued by Devyani International Limited (DIL) for making payments at participating Costa Coffee stores in India. | The person who has the E-Gift Card is deemed to be the beneficiary. | Do inform the cashier that you plan to use the E-Gift Card for making payments before billing. | This E-Gift Card is a one-time use card and any unused balance cannot be used again or exchanged for cash. | More than one E-Gift Card can be used in one bill in stores. | No cash refunds will be given against the card (including in case of loss or otherwise). | Any balance in this card is valid for 6 months from the date of issue and any unused balance will expire automatically. E-Gift Card cannot be revalidated once expired. | Rights to amend Terms & Conditions reserved with DIL without prior notice. | Only participating Costa Coffee stores would accept the E-Gift Card. DIL may add or remove an outlet without prior notice. | The user unconditionally accepts all T&C and shall not raise any disputes in this regard. Any dispute related to the E-Gift Card should be referred to the issuing company and the decision of the issuing company shall be final. | All disputes are subject to the exclusive jurisdiction of courts at New Delhi. | For balance and expiry check: SMS the 16-digit card number (e.g. 1234123412341234) to 55757575.,2026-07-26
Estele,Estele,514,https://www.maximize.money/gift-cards/Estele/514,active,Online,250 / 500 / 1000 / 2000,No,,4,20.0% off / 21.5% earn,18.75% off / 20.25% earn,18.1% off / 19.6% earn,17.65% off / 19.15% earn,17.75% off / 19.25% earn,17.75% off / 19.25% earn,UPI,20.0,Yes,No,Yes,Valid for upto 12 months,Visit https://www.estele.co and add desired products to your cart | Enter discount codes (if any) → fill in address and phone number | Apply up to 5 gift codes → Pay balance using Razorpay if needed (Unused balance remains valid for 1 year),"Only redeemable at: https://www.estele.co | Beneficiary is the person holding the voucher | Cannot be exchanged for cash/cheque | Not a legal tender or substitute for credit/debit cards | Up to 5 gift cards can be used per order | Valid for 1 year from activation/purchase | Lost or damaged cards will not be replaced | Disputes handled by Estele support; jurisdiction: Hyderabad | E-Gift cards are generally delivered instantly (may take up to 24 hours) | For issues, raise a request at https://www.gvhelpdesk.com",2026-07-26
Steam Wallet INR 150,Steam Wallet INR 150,861,https://www.maximize.money/gift-cards/Steam Wallet INR 150/861,active,Online,150,No,,4,4.25% off / 4.5% earn,3.0% off / 3.25% earn,2.35% off / 2.6% earn,1.9% off / 2.15% earn,2.0% off / 2.25% earn,2.0% off / 2.25% earn,UPI,4.25,Yes,No,Yes,Valid for upto 12 months,Login to your Steam account. | Go to the Steam Redeem page. | Enter the Code copied from your DigiStore.co.in Member account and click Continue. | The funds will be added to your account and be ready for use to buy games!,"Comes with 12 months validity. The gift card can be used only once and any unused balance will lapse. | The Gift Card cannot be clubbed with ongoing brand offers/discounts. | The gift card is valid on Steam website. | Gift cards, once purchased, cannot be cancelled or refunded.",2026-07-26
Steam Wallet INR 1680,Steam Wallet INR 1680,1128,https://www.maximize.money/gift-cards/Steam Wallet INR 1680/1128,active,Online,1680,No,,4,4.25% off / 4.5% earn,3.0% off / 3.25% earn,2.35% off / 2.6% earn,1.9% off / 2.15% earn,2.0% off / 2.25% earn,2.0% off / 2.25% earn,UPI,4.25,Yes,No,Yes,Valid for upto 12 months,Login to your Steam account. | Go to the Steam Redeem page. | Enter the Code copied from your DigiStore.co.in Member account and click Continue. | The funds will be added to your account and be ready for use to buy games!,"Comes with 12 months validity. The gift card can be used only once and any unused balance will lapse. | The Gift Card cannot be clubbed with ongoing brand offers/discounts. | The gift card is valid on Steam website. | Gift cards, once purchased, cannot be cancelled or refunded.",2026-07-26
Glam Studios,Glam Studios,825,https://www.maximize.money/gift-cards/Glam Studios/825,active,In-store,500 / 1000 / 2000 / 5000,Yes,250-5000,4,3.75% off / 4.0% earn,2.5% off / 2.75% earn,1.85% off / 2.1% earn,1.4% off / 1.65% earn,1.5% off / 1.75% earn,1.5% off / 1.75% earn,UPI,3.75,No,No,No,Valid upto 12 Months from purchase,Check the participating Glam Studios Store that accepts Gift Cards. | Call and book the appointment with the help of a toll-free number or the website | Your gift card will be redeemed in the store once the appointment is done. Partial redemption is not allowed .Enjoy your services in the salon,"Glam Studio E-Gift Cards are powered by Maximize Services Pvt. Ltd. and are valid only at selected participating outlets with prior appointment | Appointments can be booked via toll-free number 8010000444 or https://www.glamstudios.in ; apply the gift card at checkout | One-time use only and must be redeemed in full; partial redemption not allowed | Multiple gift cards cannot be clubbed in a single invoice/order | Gift Cards are valid for 1 year from the date of purchase/issue; unused balance expires and cannot be extended or revalidated | Gift Cards are non-refundable, non-returnable, non-resalable, and cannot be used to buy other gift cards or exchanged for cash | Glam Studio is not responsible for loss, misuse, or mishandling of the gift card | Glam Studio may amend T&Cs without notice; disputes subject to New Delhi jurisdiction",2026-07-26
Taco Bell,Taco Bell,856,https://www.maximize.money/gift-cards/Taco Bell/856,active,In-store,1000 / 2000,Yes,500-2000,4,8.75% off / 8.85% earn,7.5% off / 7.6% earn,6.85% off / 6.95% earn,6.4% off / 6.5% earn,6.5% off / 6.6% earn,6.5% off / 6.6% earn,UPI,8.75,Yes,No,No,Valid upto 12 Months from purchase,Customer will present gift card to store person post placing order at the Taco Bell ofline store. | Counter person will punch 16 digit card number and 6 digit PIN on POS and redeem.,"The card can be used multiple times until the balance is exhausted, | The card is valid for 1 year from date of purchase. | The card is available only in the denomination mentioned on site of purchase. | The card can be used only for purchase in Taco Bell restaurants in India. | Taco Bell shall not be liable if the Card cannot be used at any particular restaurant due to technical errors or other such operating system glitches. | The card can be used to purchase any Taco bell products at its restaurants only (It cannot be used on Taco Bell App, Kiosk or any third party app where Taco Bell products are listed). | To check your balance, please visit https://www.woohoo.in/balenq | The card can’t be exchanged for cash or any other tender. | Once the card has been purchased it is considered sold and cannot be cancelled, refunded ,exchanged or refilled. | No refund will be made for any lost card and no revalidation is allowed for expired gift card balance. | Maximum one card can be used per order. | Taco Bell at it’s own discretion may withdraw issuance/redemption of the card, without any prior notice in this regard. | Taco Bell’s maximum liability for any reason whatsoever shall not exceed the purchase value of the voucher. | Remaining balance in case if the order value is more than card value can be paid only through cash (No other mode of payment is acceptable) | For any further enquires, email at contact@burmanhospitality.com | The usage of the Card is subject to force majeure conditions including acts of God, strikes, war, riots, change of law, lockdowns, statutory prohibitions/ restrictions and on occurrence of any force majeure event. In such cases at the sole discretion of Taco Bell, the validity period of the Card maybe extended. | In case of any dispute or difference with respect to the promotion/offer, the decision of Taco Bell’s shall be final and binding on all concerned. | All disputes arising here from are subject to the exclusive jurisdiction of the courts at Delhi. | E-Gift Cards are normally delivered instantly. But sometimes due to system issues, the delivery can be delayed up-to 24 - 48 hours.",2026-07-26
World of Titan,World of Titan,1106,https://www.maximize.money/gift-cards/World of Titan/1106,active,Online + In-store,200 / 500 / 1000 / 2000 / 5000 / 10000 / 20000 / 50000,Yes,100-50000,2,8.0% off / 8.0% earn,6.75% off / 6.75% earn,6.1% off / 6.1% earn,5.65% off / 5.65% earn,5.75% off / 5.75% earn,5.75% off / 5.75% earn,UPI,8.0,No,No,Yes,Valid for upto 6 months,"Visit any authorized Titan World store. | Confirm that the outlet accepts Titan E-Gift Cards. | Select your preferred products. | Present your E-Gift Card at the billing counter. | If your purchase exceeds the Gift Card value, pay the remaining balance using another payment method.","Valid for 6 months from the date of issuance. | 24 hours delayed redemption | Redeemable at all company-authorized Titan World stores across India. | Can also be redeemed online at https://www.titan.co.in instantly. For offline redemption, the card becomes usable 8 hours after issuance. | Gift Card is single-use only. Partial redemption is not allowed. | Any unused balance will be forfeited after redemption. | Multiple Gift Cards (up to 5) can be used in a single transaction. | Not applicable on discounted products. | Cannot be clubbed with any other store offers or promotions. | Not valid for Titan Nebula collection watches. | No refund or credit note will be issued against unused or partially used Gift Cards.",2026-07-26
Titan,Titan,253,https://www.maximize.money/gift-cards/Titan/253,active,In-store,100 / 500 / 1000 / 1500 / 2000 / 2500 / 5000 / 7500 / 10000,Yes,100-10000,4,8.0% off / 8.5% earn,6.75% off / 7.25% earn,6.1% off / 6.6% earn,5.65% off / 6.15% earn,5.75% off / 6.25% earn,5.75% off / 6.25% earn,UPI,8.0,No,No,No,Valid for upto 6 months,Use the outlet locator to locate the nearest outlet that accepts this Gift Voucher. | Select your choice of product. | Share your Gift Voucher with the cashier at the time of billing & pay the remaining amount by cash or card if required. | Please ask the cashier to select MyGyFTR / VoucherGram / VG & Enter only pin,"The holder of the voucher is deemed to be the beneficiary. | Beneficiary should announce the intent of using the voucher before making a purchase. | Only valid vouchers at the sole discretion of TITAN shall be accepted for redemption. | Multiple vouchers (upto 5) can be used against single transaction. | Voucher partial redemption is not allowed, single time usage only. | No refund or credit note would be issued against unused or partially used voucher. | Voucher is not applicable on discounted products and cannot be clubbed with any other offer in the store. | Voucher cannot be redeemed for Titan Nebula collection of Watches. | Validity of the voucher is for a maximum of 6 months from the date of issuance. | This can't be used for already discounted products | Voucher cannot be revalidated once expired. | TITAN/affiliates are not responsible on account of the beneficiary sharing the voucher number and the voucher getting redeemed on that account. | The Brand may ask for a valid Government identity proof at the time of redeeming the voucher. | Vouchers will be accepted across all company authorized TITAN WORLD Stores, but TITAN at its sole discretion may add or remove an outlet from the list without giving any prior notice. | TITAN makes full efforts to accept voucher but on account of any technical / administrative reasons an outlet may refuse to accept a voucher. | This voucher cannot be redeemed on specific block out dates. TITAN may add or delete any date at its sole discretion. | TITAN or any of its partners would not be liable for any form of compensation etc. on account of an outlet not being able to accept the voucher. The customer would be liable to settle the Invoice. | If a voucher gets blocked on account of technical issue, the voucher would be usable only post 72 hours. | Any dispute should be referred to the company from where the voucher has been received; decision of the TITAN shall be final. | For any queries / issues related to GV / GC, raise a request at https://www.gvhelpdesk.com. | This Voucher can be redeemed at all company authorized TITAN WORLD Stores.",2026-07-26
World of Titan SmartWatch,World of Titan SmartWatch,581,https://www.maximize.money/gift-cards/World of Titan SmartWatch/581,active,Online + In-store,200 / 500 / 1000 / 2000 / 5000 / 10000 / 20000 / 50000 / 200,Yes,100-50000,,8.25% off / 8.5% earn,7.0% off / 7.25% earn,6.35% off / 6.6% earn,5.9% off / 6.15% earn,6.0% off / 6.25% earn,6.0% off / 6.25% earn,UPI,8.25,No,No,Yes,Valid for upto 6 months,"Visit any authorized Titan World store. | Confirm that the outlet accepts Titan E-Gift Cards. | Select your preferred smartwatch or eligible products. | Present your E-Gift Card at the billing counter. | If your purchase exceeds the Gift Card value, pay the remaining balance using cash or card.",Valid for 6 months from the date of issuance. | Redeemable online at https://www.titan.co.in instantly. | Redeemable at company-authorized Titan World Stores after 8 hours from the time of issuance. | Gift Card is single-use only; partial redemption is not allowed. | Any unused balance will be forfeited after redemption. | Multiple Gift Cards (up to 5) can be used in a single transaction. | Not applicable on discounted products. | Cannot be clubbed with any other store offers or promotions. | Not valid on Titan Nebula collection watches. | No refund or credit note will be issued for unused or partially used Gift Cards.,2026-07-26
TEGO,TEGO,840,https://www.maximize.money/gift-cards/TEGO/840,active,Online,1000 / 2000,No,,2,15.75% off / 16.0% earn,14.5% off / 14.75% earn,13.85% off / 14.1% earn,13.4% off / 13.65% earn,13.5% off / 13.75% earn,13.5% off / 13.75% earn,UPI,15.75,No,No,Yes,Valid upto 6 Months from purchase,"Select the product of your choice and add to cart | On the checkout page enter your Gift Voucher code in the Gift Card or Discount Code section | Pending payment if any, can be other available payment tender modes","This is a TEGO Insta Gift Voucher and would be accepted only across https://www.tego.fit on all products on (including all sale items). | The person who has the TEGO GV Code is deemed to be the beneficiary. | Multiple Gift Vouchers can be used in one single purchase. | TEGO Gift Voucher can be used during sale period | No Credit note / Refund for the unused amount of GV will be given | Gift Voucher CANNOT be revalidated once expired. | Gift cards are non-refundable, may not be exchanged, transferred or resold, and may not be redeemed for cash, except where required by law. | TEGO is not responsible for lost, damaged, or stolen gift cards.",2026-07-26
BuyWithEMI,BuyWithEMI,830,https://www.maximize.money/gift-cards/BuyWithEMI/830,active,Online,5000 / 10000 / 20000 / 50000 / 5000,Yes,2000-50000,,4.0% off / 4.15% earn,2.75% off / 2.9% earn,2.1% off / 2.25% earn,1.65% off / 1.8% earn,1.75% off / 1.9% earn,1.75% off / 1.9% earn,UPI,4.0,No,No,Yes,Valid upto 6 Months from purchase,Browse and add the desired products to your cart | Tap on the View Cart button located at the bottom right corner of the screen | Click on the Apply Voucher or Gift Card option | Enter the Voucher Number and PIN as mentioned on your gift card | Click on the Apply button to redeem the gift card amount | Add or confirm your delivery address then proceed to checkout | Select your preferred payment method and click Place Order to complete the purchase,"BuyWithEMI Gift Cards are redeemable online at https://www.buywithemi.com and at listed partner outlets; the holder of the GV/GC code is the beneficiary. | Gift Cards are valid only for Smartphone purchases and are NOT applicable for iPhones. | Multiple Gift Cards can be used in one transaction and can be combined with Net Banking, Credit/Debit Cards, or Cash. | Gift Cards must be redeemed in full (no partial redemption) and cannot be used to buy other gift cards. | Gift Cards are valid for 12 months from first use/activation and cannot be revalidated after expiry. | Once purchased, Gift Cards are non-cancellable, non-refundable, and non-exchangeable; lost or misused cards will not be replaced. | BuyWithEMI’s general Terms of Use apply, and BuyWithEMI’s decision in any dispute is final and binding. | BuyWithEMI may add, remove, or modify T&Cs at any time; Gift Cards are for personal use only and cannot be sold, advertised, or used for promotions without prior consent. | Any condition not explicitly covered will be at BuyWithEMI’s sole discretion at the time of transaction. | All disputes are subject to Hyderabad jurisdiction; for support, contact vatsadoshi@buywithemi.com",2026-07-26
The Collective,The Collective,728,https://www.maximize.money/gift-cards/The Collective/728,active,Online + In-store,1000 / 2000 / 5000 / 10000 / 20000 / 50000 / 100000,Yes,500-100000,4,3.0% off / 3.1% earn,1.75% off / 1.85% earn,1.1% off / 1.2% earn,0.65% off / 0.75% earn,0.75% off / 0.85% earn,0.75% off / 0.85% earn,UPI,3.0,Yes,No,Yes,Valid for upto 6 months,"Once customer receives the 16-digit E-gift card number and 6-digit PIN. As shown in below screenshot. Below are the steps to redeem in thecollective.in website. | Step 1: Customer should open this link https://wwwthecollective.in/myaccount/wallet from the browser | Step 2: If he is an existing customer they should login with e-mail ID / mobile number if he is a new customer they have to create an account. | Step 3: Once customer logged-in they will land on below page. And they should click on button which is on right hand side “ADD GIFT CARD” | Step 4: Once click of “ADD GIFT CARD” button a pop-up will appear where customer should enter the 16-digit e-gift card number and 6-digit PIN and click on “ADD TO ACCOUNT” button | Step 5: Once the card is validated, the amount will be added to American Eagle Credits which indicates the E-gift card redemption is successful | Step 6: Finally, customer can use this credits in checkout summary page in “APPLY COUPONS & PROMOTIONS” section. | Redemption Steps at Store | Step 1: Customer visit The Collective, Hackett London, Ted Baker, Fred Perry stores in India | Step 2: Customer completes shopping and proceeds to billing | Step 3: Customer presents e-gift card code (card no and Pin) to Cashier | Step 4: Cashier punches in bill","The Collective E-Gift voucher can be redeemed for any product at The Collective stores/website across India. | The Collective E-Gift voucher is valid for six months from the date of issue. | Validity period of the E Gift voucher will not be extended under any circumstances. | The Collective E-Gift voucher is redeemable multiple times, only by the bearer. | The Collective E-Gift Voucher is not redeemable for cash or credit nor can be exchanged for a gift voucher/gift card. | No duplicate will be issued if The Collective E Gift voucher is lost or misplaced. | Providing the correct Mobile no & E-mail Id will be customer's responsibility for trigger of E-GV Redemption Code. | Protect the E-Gift card number and PIN to avoid misuse. The Collective shall not assume any liability in case the e-GC PIN gets stolen/compromised, The Collective shall neither replace the e-GC nor refund cash. | Any dispute should be referred to any company and decision of the company shall be final. | The Collective E- voucher has been issued subject to the terms of the company. | The Collective management are subject to change at their discretion. | Litigation, if any, is subject to Jurisdiction of courts in Bangalore. | Add card to The Collective wallet by clicking https://www.thecollective.in/myaccount/wallet | E-Gift Cards are normally delivered instantly. But sometimes due to system issues, the delivery can be delayed up-to 24 hours. | No returns and no refunds on gift cards",2026-07-26
The Leela,The Leela,1118,https://www.maximize.money/gift-cards/The Leela/1118,active,In-store,10000,Yes,5000-10000,4,10.0% off / 10.25% earn,8.75% off / 9.0% earn,8.1% off / 8.35% earn,7.65% off / 7.9% earn,7.75% off / 8.0% earn,7.75% off / 8.0% earn,UPI,10.0,Yes,No,No,Valid upto 6 Months from purchase,"Visit any participating The Leela Hotel. | Select your preferred experience, including stay, dining, spa, or other eligible services. | Inform the hotel staff that you wish to redeem a The Leela E-Gift Card. | Present your E-Gift Card details at the time of billing. | If your bill exceeds the Gift Card value, pay the remaining amount using another accepted payment method.","Valid only at participating The Leela Hotels across India. | Can be redeemed for eligible hotel stays, dining, spa services, and other participating experiences. | Validity is as mentioned on the Gift Card. | The Gift Card cannot be exchanged for cash. | Lost, stolen, damaged, or expired Gift Cards will not be replaced or revalidated. | Any unused balance after expiry will be forfeited. | Additional payment is required if the purchase value exceeds the Gift Card balance. | The Leela reserves the right to amend the Terms & Conditions without prior notice.",2026-07-26
Citizen Watches,Citizen Watches,792,https://www.maximize.money/gift-cards/Citizen Watches/792,active,In-store,200 / 500 / 1000 / 2000 / 5000 / 10000,Yes,100-10000,4,14.0% off / 14.5% earn,12.75% off / 13.25% earn,12.1% off / 12.6% earn,11.65% off / 12.15% earn,11.75% off / 12.25% earn,11.75% off / 12.25% earn,UPI,14.0,Yes,Yes,Yes,Valid upto 6 Months from purchase,"Visit the official website. | Add your desired products to the cart and proceed to checkout. | Under “Gift Voucher - ePay”, enter your voucher details and click “Add”. Your balance will update — redeem or click “Add More” to combine multiple vouchers.","This is a Citizen Watches Gift Voucher (GV)/e-Pay, accepted only on the official website: https://www.citizenwatches.store/ | The person holding the GV/e-Pay is considered the beneficiary. | The GV/e-Pay can be clubbed with existing offers. | The GV/e-Pay can be used for all purchases of products and services on the Citizen Watches website. | The GV can be converted into e-Pay as per the holder’s convenience. | The GV/e-Pay balance cannot be transferred, exchanged for cash, or converted into any other currency. | e-Pay balance must be linked with the registered mobile number. | After conversion to e-Pay, the GV becomes valid for partial redemption. The remaining balance stays in the e-Pay wallet until expiry. | Only valid GV/e-Pay, at the sole discretion of Citizen Watches, will be accepted. | GV/e-Pay cannot be revalidated once expired or canceled. | Citizen Watches/Maximize is not responsible if the GV/e-Pay is lost, stolen, or used without permission. | If a GV/e-Pay is blocked due to a technical issue, it will be re-enabled within 72 hours. | Any dispute must be raised with the issuing company; its decision will be final. | Citizen Watches/Maximize reserve the right to withdraw, modify, or cancel the offer anytime without prior notice. | Citizen Watches/Maximize is not responsible if the GV/GC is lost, stolen, or used without authorization.",2026-07-26
Jos Alukkas Gold Coin,Jos Alukkas Gold Coin,483,https://www.maximize.money/gift-cards/Jos Alukkas Gold Coin/483,active,Online + In-store,1000 / 2000 / 5000 / 10000 / 20000 / 50000 / 100000 / 1000,Yes,500-100000,,1.1% off / 1.15% earn,,,,,,UPI,1.1,No,No,Yes,Valid for upto 12 months,"Online: | Visit https://www.josalukkasonline.com. | Select the jewellery you want to purchase. | At checkout, choose “Jos Alukkas Co-Branded Gift Card” as the payment method. | Enter your gift card number and PIN to redeem. | Offline: | Visit any Jos Alukkas store. | Select your product based on the type of gift card. | Inform the cashier you want to pay using a gift card. | The cashier will select gift card as the payment mode, enter the gift card and PIN details, and complete billing.","Validity: 1 year from the date of issue. | Redeemable at all Jos Alukkas stores in India, on https://www.josalukkasonline.com, and on the Jos Alukkas Mobile App. | Multiple e-Gift Cards can be used in a single transaction. | Cannot be exchanged for cash, gift cards, or credit notes. | Not returnable or refundable once purchased. | Can only be redeemed once. | Cannot be clubbed with redemption of Gold/Diamond Purchase Advance Schemes. | Photocopies or reproductions will not be accepted. | No duplicate e-Gift Cards will be issued if lost or misplaced. | For support, contact: support@woohoo.in or call 080 67181401. | E-Gift Cards are typically delivered instantly but may take up to 24–48 hours due to system delays. | No returns/refunds on gift cards or vouchers shipped by woohoo.in; see refund policy at woohoo.in/faq.",2026-07-26
Jos Alukkas Diamond,Jos Alukkas Diamond,852,https://www.maximize.money/gift-cards/Jos Alukkas Diamond/852,active,Online + In-store,1000 / 2000 / 5000 / 10000 / 20000 / 50000 / 100000 / 1000,Yes,500-100000,,4.0% off / 4.05% earn,2.75% off / 2.8% earn,2.1% off / 2.15% earn,1.65% off / 1.7% earn,1.75% off / 1.8% earn,1.75% off / 1.8% earn,UPI,4.0,No,No,Yes,Valid upto 6 Months from purchase,"Online | Visit https://www.josalukkasonline.com. | Select the Jewellery you wish to purchase. | At checkout, while choosing payment method, select Jos Alukkas Co-Branded gift card and enter your gift card number and pin number to redeem your gift card. | Offline | Walk in-to Jos Alukkas store. | Select the applicable Jos Alukkas product, based on the Gift card type (refer terms & conditions). | At the Billing Counter, inform the cashier about the choice of making payment using Gift Cards. | Cashier selects Gift Card as payment mode, submits Gift Card & PIN details in the system and completes the billing process.","The validity of the e-Gift Card is 6 months from the date of issue. | This e-Gift Card can be redeemed at any Jos Alukkas store in India, also at https://www.josalukkasonline.com and on Jos Alukkas Mobile App. Multiple e-Gift Cards may be applied to a single transaction. | This e-Gift Card can be used for the purchase of Diamond. | This e-Gift Card cannot be exchanged for cash/gift card/credit notes. | e-Gift Cards bought from Jos Alukkas cannot be returned/refunded. | e-Gift Cards can only be redeemed once. | This voucher cannot be clubbed with redemption of Gold/Diamond Purchase Advance Schemes. | Photocopy/Reproduction of the E-Gift Card will not be accepted. | No Duplicate E-Gift Card will be issued in case of the same being misplaced or lost. | For support, please write in to support@woohoo.in or call 080 67181401. | E-Gift Cards are normally delivered instantly. But sometimes due to system issues, the delivery can be delayed up-to 24 - 48 hours.",2026-07-26
Jos Alukkas Gold Jewellery,Jos Alukkas Gold Jewellery,344,https://www.maximize.money/gift-cards/Jos Alukkas Gold Jewellery/344,active,Online + In-store,500 / 1000 / 1500 / 2500 / 5000,Yes,500-100000,4,4.0% off / 4.1% earn,2.75% off / 2.85% earn,2.1% off / 2.2% earn,1.65% off / 1.75% earn,1.75% off / 1.85% earn,1.75% off / 1.85% earn,UPI,4.0,No,No,Yes,Valid for upto 12 months,"Online | Visit https://www.josalukkasonline.com. | Select the Jewellery you wish to purchase. | At checkout, while choosing payment method, select Jos Alukkas Co-Branded gift card and enter your gift card number and pin number to redeem your gift card. | Offline | Walk in-to Jos Alukkas store. | Select the applicable Jos Alukkas product, based on the Gift card type (refer terms & conditions). | At the Billing Counter, inform the cashier about the choice of making payment using Gift Cards. | Cashier selects Gift Card as payment mode, submits Gift Card & PIN details in the system and completes the billing process.","The validity of the e-Gift Card is 1 year from the date of issue. | This e-Gift Card can be redeemed at any Jos Alukkas store in India, also at https://www.josalukkasonline.com and on Jos Alukkas Mobile App. Multiple e-Gift Cards may be applied to a single transaction. | This e-Gift Card can be used for the purchase of Gold, Precious, and Platinum ornaments, except Gold Coins/Bars. | This e-Gift Card cannot be exchanged for cash/gift card/credit notes. | e-Gift Cards bought from Jos Alukkas cannot be returned/refunded. | e-Gift Cards can only be redeemed once. | This voucher cannot be clubbed with redemption of Gold/Diamond Purchase Advance Schemes. | Photocopy/Reproduction of the E-Gift Card will not be accepted. | No Duplicate E-Gift Card will be issued in case of the same being misplaced or lost. | For support, please write in to support@woohoo.in or call 080 67181401. | E-Gift Cards are normally delivered instantly. But sometimes due to system issues, the delivery can be delayed up-to 24 - 48 hours. | No returns and no refunds on gift cards, E-Gift cards and gift vouchers shipped by woohoo.in. Please check the refund policy at http://www.woohoo.in/faq for further details",2026-07-26
Cult,Cult,378,https://www.maximize.money/gift-cards/Cult/378,active,Online,200 / 500 / 1000 / 2000 / 5000 / 10000,Yes,100-10000,4,,,,,,,,,Yes,No,Yes,Valid for upto 12 months,"Download the Cult.fit app from the Google Play Store or Apple App Store and sign up. If you already have an account, simply log in. | Navigate to the “Referral, Vouchers and Gift Cards” section in your profile and select “Redeem Gift Card.” | Enter the unique gift card code received. | Once verified, the gift card value will be added to your Gift Card balance on the platform. | You can use the Gift Card balance as a payment method during checkout for services offered on the Cult.fit app only, and not on the website. | The Gift Card balance is applicable only for fitness services and cannot be used for Cult Store or Cult Sport products. | The value can only be added and used via the Cult.fit mobile app (Android/iOS) and cannot be redeemed for cash or transferred to another account. | For any issues or queries, contact hello@cult.fit.","These Terms & Conditions apply to Cult Gift Cards (GCs) and Gift Vouchers (GVs) issued by Pine Labs Limited. By purchasing, redeeming, or using a GC/GV, you agree to these terms. | GCs/GVs are valid only on the Cult mobile application and cannot be redeemed on the Cult website or Cult Store website. | GCs/GVs are applicable only for Cult fitness services (memberships) and cannot be used for any products on the Cult Store (app, website, or physical stores). | GCs/GVs can be purchased in denominations ranging from ₹1 to ₹10,000, or as determined by Pine Labs. | To redeem, the GC/GV value must first be added to the Cult app wallet, and the balance can be used across multiple transactions until fully utilized or expired. | Each GC/GV is valid for 1 year from the date of purchase. | Expired GCs/GVs may be revalidated upon request, subject to verification and additional terms. | No cash refunds or exchanges will be provided for unused balances. | The GC/GV holder is responsible for safekeeping, and Cult or Pine Labs will not be liable for lost, stolen, or unauthorized use. | Requests to block a GC/GV will be considered only for users who have added the card to their Cult account. | GCs/GVs cannot be exchanged for cash, bank credit, or transferred to another account. | GCs/GVs are non-returnable and non-refundable. | E-Gift Cards are generally delivered instantly but may take up to 24 hours due to system delays. | Cult reserves the right to cancel or suspend the GC/GV program without prior notice. | Pine Labs and Cult may close accounts or recover payments if a GC/GV is found to be fraudulently obtained or misused. | These terms are governed by the laws of India, and disputes are subject to the jurisdiction of courts in New Delhi. | No warranties, express or implied, are provided, including merchantability or fitness for a particular purpose. | If a GC/GV is non-functional, the sole remedy shall be replacement. | No interest is payable on GC/GV balances. | Pine Labs may revise these terms at any time without prior notice. | For support, contact 080-64534440 or email gcsupport.woohoo@pinelabs.com. | For grievance redressal, visit https://www.pinelabs.com/grievance-policy/prepaid-payment-instruments.",2026-07-26
Michael Kors-Luxe,Michael Kors-Luxe,583,https://www.maximize.money/gift-cards/Michael Kors-Luxe/583,active,Online + In-store,2000 / 5000 / 10000 / 2000,Yes,1000-10000,,10.0% off / 13.0% earn,10.0% off / 11.75% earn,10.0% off / 11.1% earn,10.0% off / 10.65% earn,10.0% off / 10.75% earn,10.0% off / 10.75% earn,UPI,10.0,No,No,Yes,Valid for upto 12 months,"Redeem your Luxe Gift Card at any participating brand by providing the digital gift card. | An OTP will be sent to your registered mobile number at the time of redemption. | Use your Luxe Gift Card and OTP to complete redemption. | To activate, SMS ACT <16-digit Card Number> <6-digit PIN> to 9704200300. | For balance and validity, SMS BAL <16-digit Card Number> to 9704200300.","These Terms & Conditions apply to the electronic version of the Luxe Gift Card. | The Luxe Gift Card is issued by Pine Labs Limited (formerly Pine Labs Private Limited) and is valid for 12 months from the date of purchase. | The Luxe Gift Card can be redeemed across 45+ participating brands in India. For store locations, visit: https://www.luxegiftcard.com/brands#store_location | The Luxe Gift Card is not redeemable at airport stores. | The Gift Card can also be redeemed online at the brand websites | The Luxe Gift Card is valid for one-time use only until expiry. If the purchase value exceeds the Gift Card value, the balance amount must be paid by the customer. No refund or credit note will be issued for any unused balance. | Users are advised to protect the Gift Card details. RBL Bank or Pine Labs shall not be liable in case of loss, theft, or misuse of the Gift Card or PIN. The Gift Card will not be replaced or refunded in such cases. | Multiple Luxe Gift Cards can be used in a single transaction. | Once issued, the Luxe Gift Card cannot be cancelled or blocked. | The Gift Card can be redeemed only on full-priced merchandise and is not applicable on discounted items unless specified otherwise. | To activate the Gift Card, send an SMS in the format: ACT <16-digit card number><6-digit PIN> to 9704200300 | Alternatively, activation can be done via the portal: https://bit.ly/4072sdb | For balance enquiry and validity, SMS the 16-digit card number to 9704200300 or visit any participating merchant location. | For complete Terms & Conditions, participating brands, and store locations, visit: https://www.luxegiftcard.com | For bulk enquiries or support, contact: info@luxegiftcard.com | Users can change the SMS transaction alert language by writing to gcsupport.woohoo@pinelabs.com , mentioning the registered mobile number and preferred language (Hindi, Telugu, Tamil, Kannada, Marathi, Bengali, Gujarati, Odia, Punjabi, Malayalam, Assamese). | Pine Labs may take up to 15 working days to update the language preference. Once updated, all future SMS alerts for the Luxe Gift Card will be sent in the selected language.",2026-07-26
Gas-Luxe,Gas-Luxe,399,https://www.maximize.money/gift-cards/Gas-Luxe/399,active,Online + In-store,1000 / 1500 / 2500 / 3000 / 5000 / 7500 / 10000,Yes,1000-10000,4,10.0% off / 13.0% earn,10.0% off / 11.75% earn,10.0% off / 11.1% earn,10.0% off / 10.65% earn,10.0% off / 10.75% earn,10.0% off / 10.75% earn,UPI,10.0,No,No,No,Valid for 12 month only,"Redeem your Luxe Gift Card at a participating brand of your choice by providing the Digital gift card. | An OTP will be generated and sent to you on your registered mobile number at the time of redemption. | Please use your Luxe Gift Card and OTP to redeem this gift card. | To activate this gift card, SMS to 9704200300. | For balance enquiry & validity, SMS to 9704200300.","These Terms & Conditions apply to the electronic version of the Luxe Gift Card. | The Luxe Gift Card is issued by Pine Labs Limited (formerly Pine Labs Private Limited) and is valid for 12 months from the date of purchase. | The Luxe Gift Card can be redeemed across 45+ participating brands in India. For store locations, visit: https://www.luxegiftcard.com/brands#store_location | The Luxe Gift Card is not redeemable at airport stores. | The Gift Card can also be redeemed online at the brand websites | The Luxe Gift Card is valid for one-time use only until expiry. If the purchase value exceeds the Gift Card value, the balance amount must be paid by the customer. No refund or credit note will be issued for any unused balance. | Users are advised to protect the Gift Card details. RBL Bank or Pine Labs shall not be liable in case of loss, theft, or misuse of the Gift Card or PIN. The Gift Card will not be replaced or refunded in such cases. | Multiple Luxe Gift Cards can be used in a single transaction. | Once issued, the Luxe Gift Card cannot be cancelled or blocked. | The Gift Card can be redeemed only on full-priced merchandise and is not applicable on discounted items unless specified otherwise. | To activate the Gift Card, send an SMS in the format: ACT <16-digit card number><6-digit PIN> to 9704200300 | Alternatively, activation can be done via the portal: https://bit.ly/4072sdb | For balance enquiry and validity, SMS the 16-digit card number to 9704200300 or visit any participating merchant location. | For complete Terms & Conditions, participating brands, and store locations, visit: https://www.luxegiftcard.com | For bulk enquiries or support, contact: info@luxegiftcard.com | Users can change the SMS transaction alert language by writing to gcsupport.woohoo@pinelabs.com , mentioning the registered mobile number and preferred language (Hindi, Telugu, Tamil, Kannada, Marathi, Bengali, Gujarati, Odia, Punjabi, Malayalam, Assamese). | Pine Labs may take up to 15 working days to update the language preference. Once updated, all future SMS alerts for the Luxe Gift Card will be sent in the selected language.",2026-07-26
Luzo,Luzo,1133,https://www.maximize.money/gift-cards/Luzo/1133,active,In-store,250 / 500 / 1000 / 1500 / 2000 / 2500 / 5000 / 10000 / 250,No,,,9.75% off / 9.75% earn,8.5% off / 8.5% earn,7.85% off / 7.85% earn,7.4% off / 7.4% earn,7.5% off / 7.5% earn,7.5% off / 7.5% earn,UPI,9.75,Yes,Yes,Yes,Valid upto 12 Months from purchase,"Download the LUZO App and sign up for an account. | Go to Account → Claim Gift Card. | Enter your Gift Voucher Code and tap Claim Gift Card to add the balance to your LUZO Wallet. | Book your appointment through the LUZO App. | Visit the selected salon, spa, or clinic for your appointment. | After the service, choose Use Gift Card on the payment page to redeem your LUZO Wallet balance.","Redeemable only through the LUZO App. | Gift Voucher must first be added to the LUZO Wallet before use. | Can be used for salon, spa, dermatology, and clinic services available through LUZO partner outlets. | Can be clubbed with existing offers and promotional discounts. | Can be redeemed during sale periods. | Once added to the LUZO Wallet, the balance can be used across multiple transactions until exhausted. | Multiple Gift Vouchers can be added to the same LUZO Wallet with no limit. | If the booking amount exceeds the LUZO Wallet balance, the remaining amount can be paid using another available payment method. | Gift Voucher balance cannot be transferred, exchanged for cash, or converted into any other form of currency. | Gift Voucher is non-refundable, non-transferable, non-resalable, and cannot be redeemed for cash. | Expired or cancelled Gift Vouchers cannot be revalidated. | Lost, stolen, or damaged Gift Vouchers are not the responsibility of Salonsurf Ventures Pvt. Ltd. or GyFTR. | If a Gift Voucher is blocked due to a technical issue, it will be reactivated within 72 hours. | LUZO reserves the right to modify or withdraw the Gift Voucher program and its terms at any time without prior notice.",2026-07-26
Elleven,Elleven,512,https://www.maximize.money/gift-cards/Elleven/512,active,In-store,500 / 1000 / 2000 / 5000,No,,4,9.0% off / 11.0% earn,7.75% off / 9.75% earn,7.1% off / 9.1% earn,6.65% off / 8.65% earn,6.75% off / 8.75% earn,6.75% off / 8.75% earn,UPI,9.0,No,No,No,Valid for upto 6 months,Locate a participating Elleven store | Select your merchandise | Share the GV at billing and pay any remaining amount via card or cash,"This is a one-time use GV/GC | More than one GV can be used in a single bill | Cannot be revalidated once expired | No refund or credit note for unused balance | Can be used during End-of-Season Sales | Not valid on blockout dates, which Elleven may update at its discretion | If blocked due to a technical issue, will be enabled within 72 hours | Not valid for online purchases | Disputes to be raised at: https://www.gvhelpdesk.com",2026-07-26
Wakefit,Wakefit,352,https://www.maximize.money/gift-cards/Wakefit/352,active,Online,500 / 1000 / 2500 / 5000 / 10000 / 20000 / 30000 / 50000,Yes,500-50000,4,,,,,,,,,No,No,No,Valid for upto 6 months,"The customer has to visit https://www.wakefit.co | Selects products and adds them to the cart. | Reaches to the checkout page. | Selects an E-gift card as a mode of payment. | Submits E-gift card details. | Click on Redeem button. | The system validates the card from the back end. | On successful redemption, the system will display a confirmation notification. | In case the total bill value goes higher than the gift card redemption value, the customer is requested to opt for other modes of payment like credit/debit or UPI, Net Banking, Wallet, etc. for balance payment.","The E-Gift Card is not a legal tender or replacement for a credit/debit card. | This E-Gift card cannot be exchanged for cash or cheque. | The holder of this card is deemed to be the beneficiary. | This E-Gift Card is valid only at the Wakefit website (https://www.wakefit.co) | This E-Gift card cannot be redeemed at any offline stores, Multi Brand Store, or any other websites (marketplaces) such as amazon.in or flipkart.com, etc. | ONLY ONE E-GIFT CARD CAN BE REDEEMED AGAINST ONE INVOICE | No replacement or compensation is permissible for lost or mutilated or defaced E-Gift Card | No returns and no refunds on the purchase of Gift Cards/E-gift Cards. | Any dispute should be referred to Wakefit customer support and the decision of the company shall be final. | For any redemption issues, related to queries customer needs to get in touch with Wakefit customer care only. | All disputes must be referred to Bengaluru jurisdiction and the decision of the company shall be final. | E-Gift Cards are normally delivered instantly. But sometimes due to system issues, the delivery can be delayed up to 24 hours.",2026-07-26
Third Wave Coffee,Third Wave Coffee,197,https://www.maximize.money/gift-cards/Third Wave Coffee/197,active,In-store,500 / 1000 / 2000 / 5000,Yes,250-5000,4,10.0% off / 10.25% earn,8.75% off / 9.0% earn,8.1% off / 8.35% earn,7.65% off / 7.9% earn,7.75% off / 8.0% earn,7.75% off / 8.0% earn,UPI,10.0,No,No,No,,"Open the Third Wave coffee app | Sign-in on the app and click on 'Pay' section followed by 'Redeem Gift Card' | Click on 'Redeem Gift Card' | Enter your gift card code and pin number | Wallet will be recharged as per the gift card value. | Your Third Wave Coffee eGift Card is ready for use, Tap on 'Pay' section and scan the barcode any Third Wave Coffee store to redeem your eGift card","Third Wave voucher code validity will be 6 months only, once the code is added to the Third Wave Wallet the user gets a 1-year validity to redeem. | The gift card is redeemable across all Third Wave Coffee stores in India. | The gift card can only be redeemed via the Third Wave Coffee India mobile app. | Gift cards cannot be returned/refunded once purchased. | All brand-funded offers can be clubbed during the purchase. | If the purchase value exceeds the value of the gift card, other payment modes can be used to pay the differential amount.",2026-07-26
MPJ&nbsp;Diamond Jewellery,MPJ&nbsp;Diamond Jewellery,1109,https://www.maximize.money/gift-cards/MPJ&nbsp;Diamond Jewellery/1109,not_scraped,,,No,,,,,,,,,,,No,No,No,,"Visit any participating MPJ Jewellers showroom. | Select your preferred diamond-studded jewellery. | Present your E-Gift Voucher at the billing counter before invoice generation. | The store executive will verify the voucher details, validity, expiry date, and available balance. | If your purchase value exceeds the voucher value, pay the remaining amount using another accepted payment method.","Valid for 90 days from the date of activation/issuance. | Redeemable only at participating MPJ Jewellers showrooms. | Applicable only on diamond-studded jewellery. | Not valid for gold coins, silver coins, or other excluded products. | Gift Voucher is single-use only. | Partial redemption is not allowed. Any unused balance will be forfeited. | Cannot be redeemed for cash or exchanged for cash. | Balance and expiry can be checked at MPJ Jewellers billing counters. | MPJ Jewellers is not responsible for lost, stolen, or unauthorized use of the voucher. | Gift Vouchers cannot be cancelled, refunded, or returned once issued. | Delivery is generally instant but may take up to 24–48 hours due to technical issues. | Terms & Conditions are subject to change without prior notice. | All disputes are subject to the jurisdiction of courts in Kolkata, West Bengal.",2026-07-26
Bhima Jewellery,Bhima Jewellery,933,https://www.maximize.money/gift-cards/Bhima Jewellery/933,active,In-store,1000 / 2000 / 5000 / 10000 / 20000 / 50000,Yes,500-50000,4,3.0% off / 3.1% earn,1.75% off / 1.85% earn,1.1% off / 1.2% earn,0.65% off / 0.75% earn,0.75% off / 0.85% earn,0.75% off / 0.85% earn,UPI,3.0,No,No,No,Valid for upto 12 months,"Visit a participating Bhima Jewellers store in India | Select eligible gold, silver, or platinum jewellery | Present the E-Gift Card at the billing counter | Redeem the E-Gift Card in full in a single transaction | Pay any excess amount using other accepted payment modes if the bill value exceeds the card value","The Bhima Jewellery E-Gift Card is activated immediately upon purchase | The E-Gift Card is valid for 330 days from the date of activation | The E-Gift Card is valid only for the purchase of gold, silver, and platinum jewellery | The E-Gift Card can be redeemed only at select Bhima Jewellers stores in India | The list of participating stores is available at https://www.bhimagold.com/stores | The E-Gift Card is allowed for one-time redemption only | If the bill amount exceeds the E-Gift Card value, the balance amount must be paid by the customer | If the purchase value is less than the E-Gift Card value, the remaining balance is non-refundable | The E-Gift Card cannot be redeemed for cash | Seasonal offers and anniversary discounts cannot be combined with E-Gift Card redemption | Any eligible discounts, if applicable, will be provided at the sole discretion of Bhima Jewellers | Lost or stolen E-Gift Cards will not be replaced and the balance will not be refunded | Bhima Jewellery is not responsible for lost, stolen, destroyed, or unauthorized use of the E-Gift Card | The terms and conditions are subject to change without prior notice | The E-Gift Card is distributed by Qwikcilver Solutions Pvt. Ltd. on behalf of Bhima Jewellers | E-Gift Cards are usually delivered instantly, but delivery may be delayed up to 48–72 hours due to system issues | No returns or refunds are applicable on Gift Cards or E-Gift Cards purchased via woohoo.in | For queries, customers may contact support@woohoo.in or call 1800-121-9076 (10 AM to 7 PM IST, all days)",2026-07-26
