Brand,Platform,URL,In Stock,Recommend,Saving % (UPI),Best Saving % (any method),Saving By Method,Denominations,Custom Amount,Confirm With Cashier,Cashback Only,MaxCoins Instead %,Order: Mixed Denominations,Works Online,Works In Store,Vouchers Per Bill,Balance Carries Over,Single Use,Stacks With Store Offers,Can Only Buy,Will Not Buy,Validity,Wait Before Use,Min Order,Max Spend,Monthly Buying Cap,Evidence: Vouchers Per Bill,Evidence: Stacks With Store Offers,Evidence: Can Only Buy,In Store Differs
 Paul Smith- Luxe Gift Card,gyftr,https://www.gyftr.com/luxe-gift-card---paul-smith,yes,yes,10.0,10.0,Credit Card: 10.0% | Debit Card: 10.0% | Net Banking: 10.0% | PAYTM UPI: 10.0% | UPI: 10.0% | e-Pay: 10.0%,5000 / 2000 / 1000 / 10000,no,yes,,,yes,no,yes,unlimited,no,yes,no,,location: Airport stores | Merchandise that is not full priced,,,,,,7. Multiple GV/GC can be used for one bill.,11. The GV/GC can be redeemed only against full priced merchandise.,,
109F,buyhatke,https://buyhatke.com/gift-cards/109f-gift-card,no,no,,,,500 / 1000 / 1500 / 2000,yes,,,,same denomination only,yes,no,,,,,,,6 months,,,,,,,,
Abraham & Thakore- Luxe Gift Card,gyftr,https://www.gyftr.com/abraham-and-thakore,yes,yes,10.0,10.0,Credit Card: 10.0% | Debit Card: 10.0% | Net Banking: 10.0% | PAYTM UPI: 10.0% | UPI: 10.0% | e-Pay: 10.0%,5000 / 2000 / 1000 / 10000,no,yes,,,yes,no,yes,unlimited,no,yes,no,,discounted merchandise | location: airport stores,,,,,,Multiple GV/GC can be used for one bill.,The GV/GC can be redeemed only against full priced merchandise.,,
Abraham Thakore Luxe In Store,buyhatke,https://buyhatke.com/gift-cards/abraham-thakore-luxe-(in-store)-gift-card,yes,yes,10.95,10.95,any: 10.95%,1000 / 2000 / 10000 / 50000,yes,yes,,,same denomination only,no,yes,unlimited,,yes,,Full-priced merchandise only,location: airport stores,1 year,,,,,This is a one-time use giftcard; multiple cards can be used in 1 transaction,,Luxe Gift Card can only be redeemed against full-priced merchandise,
Absolute Barbecues,buyhatke,https://buyhatke.com/gift-cards/absolute-barbecues-gift-card,yes,yes,9.14,9.14,any: 9.14%,500 / 1000 / 2000 / 5000,yes,yes,,,same denomination only,no,yes,,yes,no,yes,,,,,,,,,This GV can be used over and above any discounts offered at Absolute Barbeque offline restaurants.,,
Absolute Barbecues (Custom),maximize,https://www.maximize.money/gift-cards/Absolute Barbecues/388,yes,yes,8.5,8.5,Amazon pay: 6.5% | Amex: 6.25% | CC on UPI: 6.15% | Credit Card: 6.6% | Debit Card: 7.25% | Diners Club: 6.25% | Pay With Rewards: 5.2% | UPI: 8.5% | Wallets: 6.15%,200 / 500 / 1000 / 2000 / 5000 / 10000,yes,yes,,8.75,same denomination only,,yes,5,no,yes,no,,,365 days from the date of its issuance,,,,,A maximum of 5 GV / GC can be used in one bill.,"Can be clubbed with other offers? No, can't club with other offers / coupons",,
Absolute Barbecues In Store,buyhatke,https://buyhatke.com/gift-cards/absolute-barbecues-(in-store)-gift-card,yes,yes,7.34,7.34,any: 7.34%,100 / 500 / 2000 / 10000,yes,yes,,,same denomination only,no,yes,5,no,yes,,,,365 days from the date of its issuance,,,,,A maximum of 5 GV / GC can be used in one bill.,,,
Absolute Barbeque,gyftr,https://www.gyftr.com/absolute-barbeque,yes,yes,10.0,10.0,Amazon Pay: 8.5% | Credit Card: 8.5% | Debit Card: 8.5% | MobiKwik: 8.5% | Net Banking: 8.5% | PAYTM UPI: 10.0% | Paytm Wallet: 8.5% | UPI: 10.0% | e-Pay: 10.0%,1000 / 2000 / 5000 / 100 / 500,yes,yes,,,yes,no,yes,unlimited,yes,yes,yes,,,,,,,,Multiple Gift Vouchers CAN be combined & added to e-Pay balance.,Gift Vouchers/e-Pay CAN be clubbed with existing offers,,
Absolute Barbeque,maximize,https://www.maximize.money/gift-cards/Absolute Barbecues/791,yes,yes,10.0,10.0,Amazon pay: 8.0% | Amex: 7.75% | CC on UPI: 7.65% | Credit Card: 8.1% | Debit Card: 8.75% | Diners Club: 7.75% | Pay With Rewards: 6.7% | UPI: 10.0% | Wallets: 7.65%,500 / 1000 / 2000 / 5000,no,yes,,10.1,same denomination only,,yes,unlimited,yes,no,yes,,,Valid for upto 12 months,,,,,Can the cards be clubbed? Use several gift cards in one purchase,This GV can be used over and above any discounts offered at Absolute Barbeque offline restaurants.,,
Adani Meet and greet,buyhatke,https://buyhatke.com/gift-cards/adani-meet-and-greet-gift-card,no,no,,,,500 / 1000 / 1500 / 2000,yes,,,,same denomination only,yes,no,,,,no,Adani meet & greet services booked on the Adani One app or official website,,,,Bill value must match the value of the gift card,,,,The GV/GC cannot be combined with any other offer available on the Adani One platform.,"This is an Adani Meet & Greet GV(Gift Voucher)/GC (Gift Card), and it is applicable only for booking Adani meet & greet services from the Adani One app or official website.",
Adani Meet and Greet,gyftr,https://www.gyftr.com/adani-meet-and-greet,no,no,5.0,5.0,Amazon Pay: 4.0% | Credit Card: 4.0% | Debit Card: 4.0% | MobiKwik: 4.0% | Net Banking: 4.0% | PAYTM UPI: 5.0% | Paytm Wallet: 4.0% | UPI: 5.0%,,no,,,,yes,yes,no,,,,no,Adani Meet & Greet packages,,,,bill must be equal to or more than the voucher value,,,,GV/GC cannot be clubbed with other offers on Adani One.,"Adani Meet & Greet Gift Cards can be redeemed to purchase the Adani Meet & Greet packages, giving you access to premium airport services on arrival and departure of their national and international flights.",
Adidas Kids Luxe In Store,buyhatke,https://buyhatke.com/gift-cards/adidas-kids-luxe-(in-store)-gift-card,yes,yes,10.95,10.95,any: 10.95%,1000 / 2000 / 10000 / 50000,yes,yes,,,same denomination only,no,yes,unlimited,,yes,,Full-priced merchandise only,location: airport stores,1 year,,,,,This is a one-time use giftcard; multiple cards can be used in 1 transaction,,Luxe Gift Card can only be redeemed against full-priced merchandise,
Adidas Kids-Luxe Gift Card,gyftr,https://www.gyftr.com/adidas-kids-luxe-gift-card,yes,yes,10.0,10.0,Credit Card: 10.0% | Debit Card: 10.0% | MobiKwik: 10.0% | Net Banking: 10.0% | PAYTM UPI: 10.0% | UPI: 10.0% | e-Pay: 10.0%,5000 / 2000 / 1000 / 10000,no,yes,,,yes,no,yes,unlimited,no,yes,no,,discounted merchandise | location: airport stores,,,,,,Multiple GV/GC can be used for one bill.,The GV/GC can be redeemed only against full priced merchandise.,,
Adventra,gyftr,https://www.gyftr.com/adventra,yes,yes,15.0,15.0,Credit Card: 13.0% | Debit Card: 13.0% | MobiKwik: 13.0% | Net Banking: 13.0% | PAYTM UPI: 15.0% | UPI: 15.0% | e-Pay: 15.0%,2000 / 1000 / 5000 / 100,yes,,,,yes,yes,no,unlimited,yes,yes,yes,,,,,,,,Multiple Gift Vouchers CAN be combined & added to e-Pay balance.,The GV/e-Pay can be used over and above any discounts offered by the brand on its website.,,
Aeropostale BAGLINE,buyhatke,https://buyhatke.com/gift-cards/aeropostale-bagline-gift-card,yes,yes,10.09,10.09,any: 10.09%,1000 / 2500 / 5000 / 10000,yes,,,,same denomination only,yes,no,1,no,yes,,,,,Up to 24 hours,,,,Maximum 1 voucher can be in one transaction,,,
Aeropostale In Store,buyhatke,https://buyhatke.com/gift-cards/aeropostale-(in-store)-gift-card,yes,yes,7.13,7.13,any: 7.13%,500 / 1500 / 5000 / 50000,yes,yes,,,same denomination only,no,yes,,no,yes,,MRP products only during EOSS and promotions at local stores,,6 months,,,,,,,Payment through e-gift cards is valid during EOSS and promotions at local stores only on MRP products,
Aeropostale-BAGLINE,maximize,https://www.maximize.money/gift-cards/BAGLINE/588,yes,yes,13.25,13.25,Amazon pay: 11.25% | Amex: 11.0% | CC on UPI: 10.9% | Credit Card: 11.35% | Debit Card: 12.0% | Diners Club: 11.0% | Pay With Rewards: 9.95% | UPI: 13.25% | Wallets: 10.9%,1000 / 2500 / 5000 / 10000,no,,,13.5,same denomination only,yes,no,1,no,,no,,,Valid for upto 12 months,E-Gift cards are normally delivered instantly but may take up to 24 hours in case of system delays.,,,,Partial redemption and clubbing with other gift cards is not allowed.,"Can be clubbed with other offers? No, can't club with other offers / coupons",,
Affinity - Luzo Gift Card,gyftr,https://www.gyftr.com/affinity-luzo-gift-card,yes,yes,9.0,9.0,Credit Card: 7.0% | Debit Card: 7.0% | MobiKwik: 7.0% | Net Banking: 7.0% | PAYTM UPI: 9.0% | UPI: 9.0% | e-Pay: 9.0%,5000 / 10000 / 2500 / 500 / 250 / 1500 / 1000,no,,,,yes,,,,,,,,,,,,,,,,,
Air India,buyhatke,https://buyhatke.com/gift-cards/air-india-gift-card,yes,yes,3.63,3.63,any: 3.63%,1000 / 2000 / 5000 / 10000,yes,,,,same denomination only,yes,no,3,yes,,yes,Air India tickets and ancillary products on the Air India website and mobile app,travel insurance | upgrades | third-party goods/services,Until the date mentioned on the Gift Card; cannot be extended,,,,,Up to 3 Gift Cards can be used in a single transaction.,Gift Cards can be combined with ongoing offers on Air India’s website.,Gift Cards can be used only on Air India website and mobile app for tickets and ancillary products.,
Air India,gyftr,https://www.gyftr.com/air-india,yes,yes,5.0,5.0,Amazon Pay: 4.0% | Credit Card: 4.0% | Debit Card: 4.0% | MobiKwik: 4.0% | Net Banking: 4.0% | PAYTM UPI: 5.0% | Paytm Wallet: 4.0% | UPI: 5.0% | e-Pay: 5.0%,10000 / 7500 / 5000 / 2000 / 1000,no,,,,yes,yes,no,unlimited,yes,no,yes,Air India tickets and ancillary products,travel insurance | upgrades | group travel bookings,,,,,,there is no restriction on the number of GV/GCs that can be added to the wallet,"A GV/GC can be combined with any offer, such as a discount, cash back, or promotion, offered on Air India's website, www.airindia.com.","GV/GC can be used to buy Air India tickets and ancillary products on the Air India website and mobile app and cannot be used to avail travel insurance, upgrades, or any goods or services offered by any third party other than Air India.",
Air India,maximize,https://www.maximize.money/gift-cards/Air India/486,yes,yes,4.25,4.25,Amazon pay: 2.25% | Amex: 2.0% | CC on UPI: 1.9% | Credit Card: 2.35% | Debit Card: 3.0% | Diners Club: 2.0% | Pay With Rewards: 0.95% | UPI: 4.25% | Wallets: 1.9%,1000 / 2000 / 5000 / 7500 / 10000,no,,,4.5,same denomination only,yes,no,3,no,,yes,Tickets and ancillary products only,Upgrades | Travel insurance | 3rd party services | Group bookings,Valid for upto 12 months,,,,,"Up to 3 GVs/GCs can be used in one transaction. If 3 are used, the third must cover the full remaining payment, else only 2 can be used with another payment method.","Can be combined with offers, discounts, or promotions on Air India's website.","Redeemable for tickets and ancillary products only (not upgrades, travel insurance, or 3rd party services).",
Air India,maximize,https://www.maximize.money/gift-cards/Air India/409,yes,yes,5.0,5.0,Amazon pay: 3.0% | Amex: 2.75% | CC on UPI: 2.65% | Credit Card: 3.1% | Debit Card: 3.75% | Diners Club: 2.75% | Pay With Rewards: 1.7% | UPI: 5.0% | Wallets: 2.65%,5000 / 10000 / 20000 / 50000 / 100000 / 200000,yes,,,5.25,same denomination only,yes,no,3,yes,,yes,Tickets and ancillary products,Travel insurance | Upgrades | Third-party goods/services | Group travel,Valid for upto 12 months,,,,,Up to 3 Gift Cards can be used in a single transaction.,Gift Cards can be combined with ongoing offers on Air India's website.,Gift Cards can be used only on Air India website and mobile app for tickets and ancillary products.,
Air India Add-ons,gyftr,https://www.gyftr.com/air-india-add-ons,yes,yes,17.0,17.0,Credit Card: 15.0% | Debit Card: 15.0% | MobiKwik: 15.0% | Net Banking: 15.0% | PAYTM UPI: 17.0% | UPI: 17.0% | e-Pay: 17.0%,1000 / 2000 / 500 / 1500,no,,,,yes,yes,no,unlimited,yes,yes,yes,"Add-ons products - Seats, Baggage, Zip Ahead, and Sports Equipment",tickets/fares | travel insurance | upgrades | group travel | other Air India Gift Cards or eVouchers,,,,,,Multiple GV/GCs can be added to the Air India Wallet at giftcards.airindia.com/en-in/wallet/login.,"The GV/GC can be combined with any existing offer, discount, cash back, or promotion offered on the Air India website (except where the offer is tied to a specific payment method).","The GV/GC can be used only to purchase Add-ons products - Seats, Baggage, Zip Ahead, and Sports Equipment.",
Air India Ancillary,maximize,https://www.maximize.money/gift-cards/Air India/1089,yes,yes,18.0,18.0,Amazon pay: 16.0% | Amex: 15.75% | CC on UPI: 15.65% | Credit Card: 16.1% | Debit Card: 16.75% | Diners Club: 15.75% | Pay With Rewards: 14.7% | UPI: 18.0% | Wallets: 15.65%,1000 / 2000 / 5000,yes,,,18.25,same denomination only,yes,no,unlimited,yes,no,yes,"Seat Selection, Extra Baggage, ZipAhead, and Sports Equipment",Flight fare | Travel insurance | Upgrades | Third-party services | Group bookings,180 days from the date of activation,,,,,Multiple Gift Cards can be added to the Air India Wallet for easier redemption.,"Gift Cards can be combined with Air India promotional offers, except offers tied to a specific payment method.","Valid only for purchasing Seat Selection, Extra Baggage, ZipAhead, and Sports Equipment.",
Air India Domestic,maximize,https://www.maximize.money/gift-cards/Air India/1148,yes,yes,8.0,8.0,Amazon pay: 6.0% | Amex: 5.75% | CC on UPI: 5.65% | Credit Card: 6.1% | Debit Card: 6.75% | Diners Club: 5.75% | Pay With Rewards: 4.7% | UPI: 8.0% | Wallets: 5.65%,2000 / 5000 / 10000 / 20000,yes,,,8.25,same denomination only,yes,no,3,yes,no,yes,Eligible domestic Air India flights and applicable ancillary services,Air India Express flights (AI9XXX series) | Bookings to/from/via Srinagar (SXR) and Leh (IXL),Up to 30 September 2026,,,,,Up to 3 Gift Cards can be combined in a single transaction.,"Can be clubbed with other offers? Yes, clubbable with other offers / coupons",Valid only for eligible domestic Air India flights and applicable ancillary services.,
Air India Domestic Gift Card,gyftr,https://www.gyftr.com/air-india-domestic-gift-card,yes,yes,9.5,9.5,Credit Card: 8.0% | Debit Card: 8.0% | MobiKwik: 8.0% | Net Banking: 8.0% | PAYTM UPI: 9.5% | UPI: 9.5% | e-Pay: 9.5%,10000 / 7500 / 5000 / 2000,no,,,,yes,yes,no,3,yes,no,yes,Air India flights and ancillary services including seat selection and baggage,"Air India Express flights (AI 9XXX series) | bookings to, from, or via Srinagar (SXR) and Leh (IXL) | group bookings | flight upgrades",,,,,,A maximum of 3 GV/GCs can be used in one transaction.,The GV/GC can be clubbed with existing offers on the Air India website and app.,"The GV/GC is valid only for Air India flights and ancillary services including seat selection and baggage, and cannot be used for any third-party services including travel insurance or partner offerings.",
Air India Fly Rajasthan,gyftr,https://www.gyftr.com/air-india-fly-rajasthan,yes,yes,10.0,10.0,Credit Card: 8.0% | Debit Card: 8.0% | MobiKwik: 8.0% | Net Banking: 8.0% | PAYTM UPI: 10.0% | UPI: 10.0% | e-Pay: 10.0%,7500 / 10000 / 1000 / 2000 / 5000,no,,,,yes,yes,no,3,yes,yes,yes,one-way and return journeys on Domestic Flights between 1st May 2026 and 31st July 2026 on the listed Jaipur/Udaipur/Jodhpur routes only,travel insurance | upgrades | group travel | other Air India Gift Cards or eVouchers,,,,,,Up to 3 GV/GCs can be combined and used in a single transaction.,"The GV/GC can be combined with any existing offer, discount, cash back, or promotion offered on the Air India website (except where the offer is tied to a specific payment method).",The GV/GC is valid for one-way and return journeys on Domestic Flights between 1st May 2026 and 31st July 2026 on the following routes only:,
Air UK Route (1 Day Wait),buyhatke,https://buyhatke.com/gift-cards/air-uk-route-(1-day-wait)-gift-card,no,no,,,,500 / 1000 / 1500 / 2000,yes,,,,same denomination only,yes,no,3,yes,,yes,"One-way and return journeys to LHR, LGW and BHX airports originating and booked from India, on www.airindia.com",travel insurance | upgrades | goods and/or services offered by any third party other than Air India | group travel,Until the date mentioned on the Gift Card; cannot be extended,Redeemable 24 hours after issuance,,,,Multiple Gift Cards (up to a maximum of three (3)) can be combined and used in a single transaction.,"A Gift Card can be combined with any offer, such as a discount, cash back, or promotion, offered on Air India’s website, www.airindia.com.","The gift card is valid for all one-way and return journeys to LHR, LGW, and BHX airports, provided the journeys originate and is booked from India",
Airport Sim,maximize,https://www.maximize.money/gift-cards/Airport Sim/1138,yes,yes,13.0,13.0,Amazon pay: 11.0% | Amex: 10.75% | CC on UPI: 10.65% | Credit Card: 11.1% | Debit Card: 11.75% | Diners Club: 10.75% | Pay With Rewards: 9.7% | UPI: 13.0% | Wallets: 10.65%,1500,no,,,13.25,same denomination only,yes,,1,no,yes,no,,,Valid upto 6 Months from purchase,,,,,Can the cards be clubbed? Multiple cards can't be clubbed,"Can be clubbed with other offers? No, can't club with other offers / coupons",,
Airtel Xstream,gyftr,https://www.gyftr.com/airtel-xstream,no,no,0.0,0.0,Amazon Pay: 0.0% | Credit Card: 0.0% | Debit Card: 0.0% | MobiKwik: 0.0% | Net Banking: 0.0% | Payzapp: 0.0% | UPI: 0.0% | e-Pay: 0.0%,,no,,,,yes,yes,no,1,,,no,,,,,,,,Only one GV/GC can be used for one subscription.,The GV/GC cannot be clubbed with any existing offer on its website.,,
Ajio,buyhatke,https://buyhatke.com/gift-cards/ajio-gift-card,yes,yes,5.38,5.38,any: 5.38%,100 / 500 / 1000 / 2000 / 3000 / 5000 / 10000,yes,,,,same denomination only,yes,no,,yes,no,,,fine jewellery | silver | gold coins | H&M branded products | other gift cards,12 months from the date of issue,,,,,,,,
AJIO,gyftr,https://www.gyftr.com/ajio,yes,yes,5.0,5.0,Credit Card: 4.0% | Debit Card: 4.0% | Net Banking: 4.0% | PAYTM UPI: 5.0% | Paytm Wallet: 4.0% | UPI: 5.0% | e-Pay: 5.0%,5000 / 2000 / 500 / 1000,no,,,,yes,yes,no,,yes,yes,,,"Gold and/or Silver idols, coins, fine jewellery, and all other forms of precious metals | other Gift Cards on Ajio",,,,,,,,,
AJIO,maximize,https://www.maximize.money/gift-cards/Ajio/416,yes,yes,7.0,7.0,Amazon pay: 5.0% | Amex: 4.75% | CC on UPI: 4.65% | Credit Card: 5.1% | Debit Card: 5.75% | Diners Club: 4.75% | Pay With Rewards: 3.7% | UPI: 7.0% | Wallets: 4.65%,100 / 500 / 1000 / 2000 / 3000 / 5000,yes,,,7.1,same denomination only,yes,no,unlimited,yes,no,,,Fine jewellery | Silver | Gold coins | Other gift cards | H&M branded products,12 months from the date of issue,,,,,"Can the cards be clubbed? Yes, multiple gift cards can be added to AJIO Wallet",,,
Ajio Luxe,buyhatke,https://buyhatke.com/gift-cards/ajio-luxe-gift-card,yes,yes,4.99,4.99,any: 4.99%,2000 / 5000 / 20000 / 50000,yes,,,,same denomination only,yes,no,,yes,no,,Eligible AJIO Luxe products only,H&M products | gold or silver coins | fine jewellery | other Gift Cards,,,,,,,,The Gift Card is valid only for eligible AJIO Luxe products.,
Ajio Luxe,gyftr,https://www.gyftr.com/ajio-luxe,yes,yes,3.0,3.0,Credit Card: 1.5% | Debit Card: 1.5% | Net Banking: 1.5% | PAYTM UPI: 3.0% | Paytm Wallet: 1.5% | UPI: 3.0% | e-Pay: 3.0%,5000 / 2000 / 10000,no,,,,yes,yes,no,,yes,yes,,,"Gold and/or Silver idols, coins, fine jewellery, and all other forms of precious metals | other Gift Cards on AJIO Luxe",,,,,,,,,
Ajio Luxe,maximize,https://www.maximize.money/gift-cards/AJIO Luxe/733,yes,yes,3.75,3.75,Amazon pay: 1.75% | Amex: 1.5% | CC on UPI: 1.4% | Credit Card: 1.85% | Debit Card: 2.5% | Diners Club: 1.5% | Pay With Rewards: 0.45% | UPI: 3.75% | Wallets: 1.4%,5000 / 10000,no,,,4.5,same denomination only,yes,no,1,yes,yes,no,,Other gift cards,Valid for upto 12 months,,,,,Can the cards be clubbed? Multiple cards can't be clubbed,"Can be clubbed with other offers? No, can't club with other offers / coupons",,
Ajio Luxe,maximize,https://www.maximize.money/gift-cards/AJIO Luxe/700,yes,yes,7.0,7.0,Amazon pay: 5.0% | Amex: 4.75% | CC on UPI: 4.65% | Credit Card: 5.1% | Debit Card: 5.75% | Diners Club: 4.75% | Pay With Rewards: 3.7% | UPI: 7.0% | Wallets: 4.65%,5000 / 10000 / 20000 / 50000,yes,,,7.1,same denomination only,yes,no,unlimited,yes,no,yes,Eligible AJIO Luxe products only,H&M products | Gold or silver coins | Fine jewellery | Other Gift Cards,Valid for upto 12 months,,,,,Can the cards be clubbed? Use several gift cards in one purchase,"Can be clubbed with other offers? Yes, clubbable with other offers / coupons",The Gift Card is valid only for eligible AJIO Luxe products.,
ALDO,buyhatke,https://buyhatke.com/gift-cards/aldo-gift-card,yes,yes,12.88,12.88,any: 12.88%,500 / 1000 / 1500 / 2000 / 2500 / 3000 / 5000 / 7500 / 10000,yes,yes,,,same denomination only,yes,yes,unlimited,yes,no,yes,,,,,,,25000,Multiple GVs can be clubbed and added to the e-Pay balance.,The GV/e-Pay can be clubbed with the existing offers.,,
ALDO,gyftr,https://www.gyftr.com/aldo,yes,yes,10.0,10.0,Amazon Pay: 10.0% | Credit Card: 10.0% | Debit Card: 10.0% | MobiKwik: 10.0% | Net Banking: 10.0% | PAYTM UPI: 10.0% | Paytm Wallet: 10.0% | UPI: 10.0% | e-Pay: 10.0%,100 / 5000 / 5000 / 7500 / 10000 / 1500 / 10000 / 2500 / 500 / 500 / 7500 / 100 / 2500 / 3000 / 1000 / 1500 / 2000 / 2000 / 1000,yes,yes,,,yes,no,yes,unlimited,yes,yes,yes,"Charles & Keith, Call it Spring, Beverly Hills Polo Club, Inglot, Victoria's Secret, Victoria's Secret Beauty, Bath & Body Works & R&B stores only",,,,,,25000,Multiple GVs can be clubbed and added to the e-Pay balance.,The GV/e-Pay can be clubbed with the existing offers.,"This is an ALDO (GV)/e-Pay that will be accepted at Charles & Keith, Call it Spring, Beverly Hills Polo Club, Inglot, Victoria's Secret, Victoria's Secret Beauty, Bath & Body Works & R&B stores only.",
ALDO,maximize,https://www.maximize.money/gift-cards/ALDO/308,yes,yes,11.75,11.75,Amazon pay: 9.75% | Amex: 9.5% | CC on UPI: 9.4% | Credit Card: 9.85% | Debit Card: 10.5% | Diners Club: 9.5% | Pay With Rewards: 8.45% | UPI: 11.75% | Wallets: 9.4%,500 / 1000 / 1500 / 2000 / 2500 / 3000 / 5000 / 7500 / 10000,yes,yes,,12.25,same denomination only,,yes,unlimited,,no,,,,Valid for upto 6 months,,,,,Multiple GVs can be clubbed and added to a e-Pay balance.,,,
ALDO In Store,buyhatke,https://buyhatke.com/gift-cards/aldo-(in-store)-gift-card,yes,yes,7.55,7.55,any: 7.55%,500 / 1000 / 2000 / 3000 / 5000 / 10000,yes,yes,,,same denomination only,no,yes,unlimited,,,,,,6 months,,,,,Multiple Gift Vouchers CAN be combined & added to the e-Pay balance,,,
Aliste,buyhatke,https://buyhatke.com/gift-cards/aliste-gift-card,yes,yes,26.24,26.24,any: 26.24%,500 / 1000 / 1500 / 2000 / 3000 / 5000,yes,,,,same denomination only,yes,no,1,,yes,no,Aliste subscriptions on subscription.alistetechnologies.com only,,,,,,,Only one GV/GC can be used per subscription.,This GV/GC cannot be combined with any ongoing offers on the website.,This Gift Voucher/Gift Card (GV/GC) is valid only on subscription.alistetechnologies.com.,
Aliste,gyftr,https://www.gyftr.com/aliste,yes,no,0.0,0.0,Credit Card: 0.0% | Debit Card: 0.0% | MobiKwik: 0.0% | Net Banking: 0.0% | UPI: 0.0% | e-Pay: 0.0%,1000 / 1500 / 500 / 5000 / 100 / 3000 / 2000,yes,,,,yes,yes,no,1,,yes,yes,,,,,,,,Only One GV/GC can be used in one bill.,GV/GC CAN be clubbed with offers.,,
Aliste,maximize,https://www.maximize.money/gift-cards/Aliste/487,yes,no,0.0,0.0,Amazon pay: 0.0% | Amex: 0.0% | CC on UPI: 0.0% | Credit Card: 0.0% | Debit Card: 0.0% | Diners Club: 0.0% | Pay With Rewards: 0.0% | UPI: 0.0% | Wallets: 0.0%,500 / 1000 / 1500 / 2000 / 3000 / 5000,yes,,,30.75,same denomination only,yes,no,1,no,yes,no,,,Valid for upto 6 months,,,,,Only one GV/GC can be used per subscription.,This GV/GC cannot be combined with any ongoing offers on the website.,,
Aliste (In Store),buyhatke,https://buyhatke.com/gift-cards/aliste-(in-store)-gift-card,no,no,,,,500 / 1000 / 1500 / 2000,yes,yes,,,same denomination only,no,yes,unlimited,no,yes,,,,6 months,,,,,Multiple Gift Vouchers CAN be used in one bill,,,
Allen Solly,maximize,https://www.maximize.money/gift-cards/Allen Solly/589,yes,yes,3.0,3.0,Amazon pay: 1.0% | Amex: 0.75% | CC on UPI: 0.65% | Credit Card: 1.1% | Debit Card: 1.75% | Diners Club: 0.75% | Pay With Rewards: 0.0% | UPI: 3.0% | Wallets: 0.65%,1000 / 2000 / 5000 / 10000,yes,yes,,3.1,same denomination only,no,yes,unlimited,no,yes,no,Purchase of merchandise at participating Allen Solly exclusive stores only,,1 year from the date of issuance,"E-Gift Cards are normally delivered instantly, but due to system issues, delivery may be delayed up to 24 hours.",,,,Can the cards be clubbed? Use several gift cards in one purchase,"Can be clubbed with other offers? No, can't club with other offers / coupons",This E-Gift Card is solely for the purchase of merchandise at participating Allen Solly exclusive stores only.,
Allen Solly Gift Voucher,gyftr,https://www.gyftr.com/allen-solly-gift-voucher,yes,yes,2.0,2.0,Credit Card: 0.0% | Debit Card: 0.0% | MobiKwik: 0.0% | Net Banking: 0.0% | PAYTM UPI: 2.0% | UPI: 2.0% | e-Pay: 2.0%,1000 / 2000 / 3000 / 5000 / 500 / 1500 / 2500 / 250,no,yes,,,yes,no,yes,unlimited,no,yes,yes,,,,,,,,Multiple GV/GC can be used against one bill.,The GV/GC can be clubbed with the existing offers.,,
Allen Solly In Store,buyhatke,https://buyhatke.com/gift-cards/allen-solly-(in-store)-gift-card,yes,yes,2.13,2.13,any: 2.13%,250 / 500 / 1000 / 1500 / 2000 / 2500 / 3000 / 5000 / 7000 / 7500 / 9990 / 10000,yes,yes,,,same denomination only,no,yes,,,yes,,Merchandise at participating Allen Solly exclusive stores only,,1 year from the date of issuance,Up to 24 hours,,,,,,This E-Gift Card is solely for the purchase of merchandise at participating Allen Solly exclusive stores only.,
Amala Earth,buyhatke,https://buyhatke.com/gift-cards/amala-earth-gift-card,no,no,,,,500 / 1000 / 1500 / 2000,yes,,,,same denomination only,yes,no,1,no,yes,no,,,6 months,,,,,Only one voucher can be used per transaction and cannot be clubbed with ongoing promotions,Only one voucher can be used per transaction and cannot be clubbed with ongoing promotions,,
Amazon,gyftr,https://www.gyftr.com/amazon,yes,yes,0.75,0.75,Credit Card: 0.0% +fee | Debit Card: 0.0% +fee | PAYTM UPI: 0.75% | UPI: 0.75% | e-Pay: 0.0%,10000 / 5000 / 500 / 2000 / 250 / 100 / 1000,yes,,,,yes,yes,no,,yes,yes,,,apps | location: certain global store products | other Amazon Pay gift cards,365 days from the date of purchase,,,,50000,,,,
Amazon,maximize,https://www.maximize.money/gift-cards/Amazon/548,no,no,,,,,no,,,,same denomination only,,,,,,,,,,,,,,,,,
Amazon Fresh,buyhatke,https://buyhatke.com/gift-cards/amazon-fresh-gift-card,yes,yes,1.93,1.93,any: 1.93%,100 / 500 / 2000 / 10000,yes,,,,same denomination only,yes,no,,yes,,,Products listed on the Amazon Fresh page,,12 months from the date of activation,Up to 48 hours,,,,,,Amazon Fresh Voucher is a prepaid payment instrument that can be used to purchase products listed on Amazon Fresh page on Amazon Fresh,
Amazon Fresh,gyftr,https://www.gyftr.com/amazon-fresh,yes,yes,1.5,1.5,PAYTM UPI: 1.5% | UPI: 1.5% | e-Pay: 0.0%,1000 / 500 / 2000,no,,,,yes,yes,no,,yes,yes,,Eligible Amazon Fresh products on www.amazon.in/fresh only,Amazon Business marketplace,12 months from the date of activation,normally instant; delivery can be delayed up to 24-48 hours,,,,,,"Amazon Fresh Voucher GV/GC must be used only towards the purchase of eligible products mentioned above, on www.amazon.in/fresh only.",
Amazon Fresh Voucher,maximize,https://www.maximize.money/gift-cards/Amazon/448,yes,yes,1.5,1.5,Amex: 0.0% | CC on UPI: 0.0% | Credit Card: 0.0% | Debit Card: 0.25% | Diners Club: 0.0% | UPI: 1.5%,200 / 500 / 1000 / 2000 / 5000 / 10000,yes,,,1.65,same denomination only,yes,,1,,no,no,Products listed on the Amazon Fresh page on Amazon.in only,Amazon Business marketplace,12 months from the date of activation,Delivery is usually instant but may be delayed up to 24–48 hours due to system issues.,,,,Can the cards be clubbed? Multiple cards can't be clubbed,"Can be clubbed with other offers? No, can't club with other offers / coupons",Can only be used to purchase products listed on the Amazon Fresh page on Amazon.in.,
Amazon Pay,buyhatke,https://buyhatke.com/gift-cards/amazon-pay-gift-card,yes,no,,,,250 / 500 / 1000 / 2000 / 5000,yes,,yes,,same denomination only,yes,no,,,,,,,1 year,,,,10000,,,,
Amazon Prime,buyhatke,https://buyhatke.com/gift-cards/amazon-prime-gift-card,yes,yes,14.34,14.34,any: 14.34%,399 / 599 / 799 / 1490,yes,,,,same denomination only,yes,no,,,yes,,"Prime memberships (3/12 months, Prime Lite/Shopping Edition) or Amazon Pay Anytime Gift Cards",Amazon Business accounts | location: Global Store products | recharges | bill payments,12 months from activation,,,,,,,"Valid for purchasing Prime memberships (3/12 months, Prime Lite/Shopping Edition) or Amazon Pay Anytime Gift Cards.",
Amazon Prime 12 Months,buyhatke,https://buyhatke.com/gift-cards/amazon-prime-12-months-gift-card,yes,yes,10.0,10.0,any: 10.0%,1490,yes,,,,same denomination only,yes,no,1,,yes,,,Amazon Business marketplace,1 year,,,,,"Comes with 1 year validity, and only 1 Gift Card can be used in one transaction",,,
Amazon Prime 3 months,buyhatke,https://buyhatke.com/gift-cards/amazon-prime-3-months-gift-card,yes,yes,10.0,10.0,any: 10.0%,599,yes,,,,same denomination only,yes,no,1,,yes,,,location: Global Store products | bill payments | recharges | tickets | financial products | Amazon Pay pre-loaded gift cards | mixed orders | Amazon Business accounts,12 months from the date of activation,,,,,Maximum 1 voucher can be in one transaction,,,
Amazon Prime Lite Edition,buyhatke,https://buyhatke.com/gift-cards/amazon-prime-lite-edition-gift-card,yes,yes,13.63,13.63,any: 13.63%,799,yes,,,,same denomination only,yes,no,,,yes,,"Amazon Prime memberships (3/12 months, Prime Lite, Prime Shopping edition) or Amazon Pay Anytime Gift Cards on Amazon.in",physical or digital products | location: Global Store items | recharges | bill payments | ticket bookings | financial products | Amazon Pay gift cards | mixed orders with ineligible items | Amazon Business accounts,12 months from the date of activation,Up to 24 hours,,1799,,,,"Amazon Prime Voucher is issued by Pine Labs Private Limited (Qwikcilver) with Amazon Pay and can be used for Amazon Prime memberships (3/12 months, Prime Lite, Prime Shopping edition) or Amazon Pay Anytime Gift Cards (zero value) on Amazon.in.",
Amazon Prime Lite Edition,maximize,https://www.maximize.money/gift-cards/Amazon/547,yes,yes,15.0,15.0,Amex: 12.75% | CC on UPI: 12.65% | Credit Card: 13.1% | Debit Card: 13.75% | Diners Club: 12.75% | UPI: 15.0%,799,no,,,18.75,same denomination only,yes,,1,no,yes,no,"Amazon Prime memberships (3/12 months, Prime Lite, Prime Shopping edition) or Amazon Pay Anytime Gift Cards (zero value) on Amazon.in",Physical or digital products | location: Global Store items | Recharges | Bill payments | Ticket bookings | Financial products | Amazon Pay gift cards | Mixed orders with ineligible items | Amazon Business accounts,12 months from the date of activation,e-gift card delivery may take up to 24 hours,,₹1799 per voucher,,Can the cards be clubbed? Multiple cards can't be clubbed,"Can be clubbed with other offers? No, can't club with other offers / coupons","Amazon Prime Voucher is issued by Pine Labs Private Limited (Qwikcilver) with Amazon Pay and can be used for Amazon Prime memberships (3/12 months, Prime Lite, Prime Shopping edition) or Amazon Pay Anytime Gift Cards (zero value) on Amazon.in.",
Amazon Prime Membership,gyftr,https://www.gyftr.com/amazon-prime-membership,yes,yes,10.0,10.0,Credit Card: 10.0% | Debit Card: 10.0% | Net Banking: 10.0% | PAYTM UPI: 10.0% | Paytm Wallet: 10.0% | UPI: 10.0% | e-Pay: 10.0%,799 / 1499 / 399 / 599,no,,,,yes,yes,no,1,,yes,,"Amazon Prime memberships (3-months, 12-months, Prime Shopping edition or Prime Lite plan) or Amazon Pay Anytime Gift cards on Amazon.in",Amazon Business accounts | any other physical or digital product on Amazon.in,12 months from the date of activation,,,,,Only one GV/GC can be used for one subscription.,,"This is an Amazon Prime subscription GV (Gift Voucher)/GC (Gift Card) is a prepaid payment instrument that can be used to purchase Amazon Prime memberships (3-months, 12-months, Prime Shopping edition or Prime Lite plan) or Amazon Pay Anytime Gift cards (inactive zero value gift card) from Amazon.in.",
Amazon Prime Shopping Edition,buyhatke,https://buyhatke.com/gift-cards/amazon-prime-shopping-edition-gift-card,yes,yes,13.63,13.63,any: 13.63%,399,yes,,,,same denomination only,yes,no,,,yes,,"Amazon Prime memberships (3-months, 12-months, Prime Lite, Prime Shopping Edition) or Amazon Pay Anytime Gift Cards",location: Global Store items | bill payments | recharges | ticket bookings | financial products | Amazon Pay preloaded gift cards | mixed orders containing ineligible items | Amazon Business accounts,12 months from activation,Up to 24–48 hours,,1799,,,,"They are prepaid instruments used only for Amazon Prime memberships (3-months, 12-months, Prime Lite, Prime Shopping Edition) or Amazon Pay Anytime Gift Cards (zero value, inactive).",
Amazon Prime Voucher - 12 months Membership,maximize,https://www.maximize.money/gift-cards/Amazon/549,yes,yes,15.0,15.0,Amex: 12.75% | CC on UPI: 12.65% | Credit Card: 13.1% | Debit Card: 13.75% | Diners Club: 12.75% | UPI: 15.0%,1499,no,,,17.75,same denomination only,yes,,1,no,yes,no,"Amazon Prime Memberships (12-month) and Amazon Pay Anytime Gift Cards (inactive, zero-value)","location: Products on Amazon Global Store | Recharges, bill payments, ticket bookings, financial products | Amazon Pay gift cards (pre-loaded) | Mixed orders (with ineligible items) | Amazon Business accounts",12 months from activation,,,,,Can the cards be clubbed? Multiple cards can't be clubbed,"Can be clubbed with other offers? No, can't club with other offers / coupons",Valid for purchasing: Amazon Prime Memberships : 12-month,
Amazon Prime Voucher - 3 months Membership,maximize,https://www.maximize.money/gift-cards/Amazon Prime Voucher - 3 months Membership/550,yes,yes,15.0,15.0,Amex: 12.75% | CC on UPI: 12.65% | Credit Card: 13.1% | Debit Card: 13.75% | Diners Club: 12.75% | UPI: 15.0%,599,no,,,17.75,same denomination only,yes,,1,no,yes,no,,location: Global Store products | Bill payments | Recharges | Tickets | Financial products | Amazon Pay pre-loaded gift cards | Mixed orders (if even one item is ineligible) | Amazon Business accounts,12 months from the date of activation,,,,,Voucher cannot be reused and only one can be applied per customer.,"Can be clubbed with other offers? No, can't club with other offers / coupons",,
Amazon Shopping,buyhatke,https://buyhatke.com/gift-cards/amazon-shopping-gift-card,yes,yes,1.68,1.68,any: 1.68%,500 / 1000 / 2000 / 5000 / 10000,yes,,,,same denomination only,yes,no,,,,,All physical goods purchases on Amazon.in,"Kindle eBooks | Digital Content like e-Books, Video Games | Amazon Pay Gift Cards or Adding Money to Amazon Pay Balance | Brand Gift Cards designated Semi-Closed Loop (SCLP) Instruments | Recharges | Bill Payments | Ticket Bookings | Investments & Insurance | Utilities | Donations | Amazon Business marketplace",,,,,,,,Amazon Shopping voucher is redeemable across all physical goods purchase on Amazon.in.,
Amazon Shopping Voucher,gyftr,https://www.gyftr.com/amazon-shopping-voucher,yes,yes,1.25,1.25,Credit Card: 0.0% +fee | Debit Card: 0.0% +fee | PAYTM UPI: 1.25% | UPI: 1.25% | e-Pay: 0.0%,1000 / 10000 / 2000 / 100 / 250,yes,,,,yes,yes,no,,yes,yes,yes,Physical product categories on Amazon.in only,"digital content like e-books, video games | location: global store | recharges | bill payments | ticket booking | financial products | Amazon Pay gift cards | mixed item orders with a non-eligible item | prescription drugs and fresh products",,,,,50000,,Amazon Shopping Voucher can be used to buy discounted products.,"Amazon Shopping Vouchers are valid only on Amazon.in, across physical product categories.",
Amazon Shopping Voucher,maximize,https://www.maximize.money/gift-cards/Amazon/1084,yes,yes,1.25,1.25,Amex: 0.0% | CC on UPI: 0.0% | Credit Card: 0.0% | Debit Card: 0.0% | Diners Club: 0.0% | UPI: 1.25%,100 / 500 / 1000 / 2000 / 3000 / 5000 / 8000,yes,,,1.8,same denomination only,yes,no,1,yes,no,yes,,,Valid for upto 12 months,,,,,Cannot be redeemed for cash or combined with other gift cards.,"Can be clubbed with other offers? Yes, clubbable with other offers / coupons",,
AmazonPay (Gift Card),maximize,https://www.maximize.money/gift-cards/Amazon/1083,yes,no,0.0,0.0,Amex: 0.0% | CC on UPI: 0.0% | Credit Card: 0.0% | Debit Card: 0.0% | Diners Club: 0.0% | UPI: 0.0%,100 / 200 / 500 / 1000 / 2000 / 3000 / 5000 / 8000,yes,,,1.0,same denomination only,yes,,unlimited,yes,no,,,Other gift cards | location: Certain global store products,Valid for upto 12 months,,,,15000,No cap on the number of gift cards that can be added to an account.,,,
American Eagle,buyhatke,https://buyhatke.com/gift-cards/american-eagle-gift-card,yes,yes,2.13,2.13,any: 2.13%,500 / 1000 / 1500 / 2000 / 2500 / 5000 / 10000,yes,yes,,,same denomination only,yes,yes,,,yes,,,,1 year from the date of issuance,Up to 24 hours,,,,,,,
American Eagle,maximize,https://www.maximize.money/gift-cards/American Eagle/481,yes,yes,3.0,3.0,Amazon pay: 1.0% | Amex: 0.75% | CC on UPI: 0.65% | Credit Card: 1.1% | Debit Card: 1.75% | Diners Club: 0.75% | Pay With Rewards: 0.0% | UPI: 3.0% | Wallets: 0.65%,500 / 1000 / 1500 / 2000 / 2500 / 5000 / 10000,no,yes,,3.1,same denomination only,yes,yes,unlimited,no,yes,yes,,,1 year from the date of issuance,E-Gift Cards are generally delivered instantly but may be delayed up to 24 hours due to system issues.,,,,Can the cards be clubbed? Use several gift cards in one purchase,"Can be clubbed with other offers? Yes, clubbable with other offers / coupons",,
American Eagle Gift Voucher,gyftr,https://www.gyftr.com/american-eagle-gift-voucher,yes,yes,2.0,2.0,Amazon Pay: 0.0% | Credit Card: 0.0% | Debit Card: 0.0% | MobiKwik: 0.0% | Net Banking: 0.0% | PAYTM UPI: 2.0% | UPI: 2.0% | e-Pay: 2.0%,1000 / 5000 / 1500 / 2500 / 2000 / 250 / 500 / 3000,no,yes,,,yes,no,yes,unlimited,,yes,yes,,,,,,,,Multiple Gift Vouchers CAN be used in one bill at the Stores.,This GV / GC CAN be used during sale.,,
American Eagle In Store,buyhatke,https://buyhatke.com/gift-cards/american-eagle-(in-store)-gift-card,yes,yes,2.66,2.66,any: 2.66%,250 / 500 / 1000 / 1500 / 2000 / 2500 / 3000 / 5000 / 7500 / 9990,yes,yes,,,same denomination only,no,yes,1,,yes,,Purchasing merchandise at participating stores,,1 year,,,,,This is a 1 time use card and only 1 Card can be used in a single order,,This Gift Card is solely for the use of purchasing merchandise at participating stores,
American Tourister,gyftr,https://www.gyftr.com/american-tourister,yes,yes,5.5,5.5,Amazon Pay: 4.0% | Credit Card: 4.0% | Debit Card: 4.0% | MobiKwik: 4.0% | Net Banking: 4.0% | PAYTM UPI: 5.5% | UPI: 5.5% | e-Pay: 0.0%,2000 / 10000 / 7500 / 1000 / 5000 / 1000,yes,yes,,,yes,no,yes,unlimited,no,yes,yes,Only products discounted up to 30% (Samsonite) and up to 50% (American Tourister),,,,,,,Multiple Gift Vouchers CAN be used in one bill.,Gift Vouchers CAN be used during Sale.,GV will be Valid for redemption only on products on discount upto 30% in case of Samsonite and upto 50% on American Tourister respectively.,
American Tourister,maximize,https://www.maximize.money/gift-cards/American Tourister/235,yes,yes,6.25,6.25,Amazon pay: 4.25% | Amex: 4.0% | CC on UPI: 3.9% | Credit Card: 4.35% | Debit Card: 5.0% | Diners Club: 4.0% | Pay With Rewards: 2.95% | UPI: 6.25% | Wallets: 3.9%,1000 / 2000,yes,yes,,6.5,same denomination only,,yes,unlimited,no,yes,yes,Only products on discount upto 30% in case of Samsonite and upto 50% on American Tourister,,Valid for upto 6 months,,,,,Multiple GV's can be used in one single purchase,"Can be clubbed with other offers? Yes, clubbable with other offers / coupons",GV will be Valid for redemption only on products on discount upto 30% in case of Samsonite and upto 50% on American Tourister respectively.,
American Tourister In Store,buyhatke,https://buyhatke.com/gift-cards/american-tourister-(in-store)-gift-card,yes,yes,4.99,4.99,any: 4.99%,250 / 500 / 1000 / 2000 / 2500 / 4000 / 5000 / 7000 / 9000 / 10000,yes,yes,,,same denomination only,no,yes,unlimited,no,yes,,Only products on discount up to 30% (Samsonite) and up to 50% (American Tourister),,,,,,,Multiple GV's can be used in one single purchase,,GV will be Valid for redemption only on products on discount upto 30% in case of Samsonite and upto 50% on American Tourister respectively.,
Anita Dongre,buyhatke,https://buyhatke.com/gift-cards/anita-dongre-gift-card,no,no,,,,500 / 1000 / 1500 / 2000,yes,yes,,,same denomination only,yes,yes,,,yes,,,,1 year,,,,,,,,
Apollo Diagnostics,buyhatke,https://buyhatke.com/gift-cards/apollo-diagnostics-gift-card,yes,yes,9.98,9.98,any: 9.98%,500 / 1000 / 2000 / 5000,yes,,,,same denomination only,yes,no,,,yes,no,,,,,,,,,"The GV/GC cannot be clubbed with any other Voucher, coupon, or promotional offer.",,
APOLLO DIAGNOSTICS,gyftr,https://www.gyftr.com/apollo-diagnostics,yes,no,0.0,0.0,Amazon Pay: 0.0% | Credit Card: 0.0% | Debit Card: 0.0% | MobiKwik: 0.0% | Net Banking: 0.0% | Payzapp: 0.0% | UPI: 0.0% | e-Pay: 0.0%,5000 / 1000 / 2000,no,,,,yes,yes,,1,,yes,no,Diagnostic tests and services only,doctor consultation bookings | purchase of medicines | FMCG products | other healthcare products,,,,,,Multiple GV/GCs CANNOT be clubbed in a single bill.,"The GV/GC cannot be clubbed with any other voucher, coupon, or promotional offer.","GV/GC can only be redeemed against diagnostic tests and services. It cannot be used for doctor consultation bookings, purchase of medicines, FMCG products, or other healthcare products.",
Apollo Diagnostics,maximize,https://www.maximize.money/gift-cards/Apollo Diagnostics/1092,yes,yes,12.25,12.25,Amazon pay: 10.25% | Amex: 10.0% | CC on UPI: 9.9% | Credit Card: 10.35% | Debit Card: 11.0% | Diners Club: 10.0% | Pay With Rewards: 8.95% | UPI: 12.25% | Wallets: 9.9%,500 / 1000 / 1500 / 2000 / 2500 / 5000,no,,,12.5,same denomination only,yes,no,1,no,yes,no,Diagnostic Tests and Health Check Packages only,,12 months (365 days) from the date of activation,,,,,Can the cards be clubbed? Multiple cards can't be clubbed,"Cannot be clubbed with any other offers, discounts, promo codes, or promotional schemes.",Valid only for Diagnostic Tests and Health Check Packages.,
Apollo Healing,buyhatke,https://buyhatke.com/gift-cards/apollo-healing-gift-card,yes,yes,10.88,10.88,any: 10.88%,250 / 500 / 1000 / 2000 / 5000,yes,yes,,,same denomination only,yes,yes,,no,yes,no,,FMCG products | lab tests | consultations | insurance plans,,,,,,,"It cannot be combined with other offers, promotional codes, corporate credits Partial redemption is not allowed. If the bill is lower than the voucher amount, the balance will be forfeited",,
Apollo Pharmacy,gyftr,https://www.gyftr.com/apollo-pharmacy,yes,yes,11.0,11.0,Amazon Pay: 9.5% | Credit Card: 9.5% | Debit Card: 9.5% | MobiKwik: 9.5% | Net Banking: 9.5% | PAYTM UPI: 11.0% | UPI: 11.0% | e-Pay: 11.0%,2500 / 500 / 1000 / 2000 / 100 / 5000,no,yes,,,yes,yes,yes,1,yes,no,no,,lab tests | consultations | FMCG products | insurance plans,,,,,,Only one GV/GC can be used per bill.,"The GV/GC cannot be combined with other offers, promo codes, or corporate credits.",,
Apollo Pharmacy (In Store),buyhatke,https://buyhatke.com/gift-cards/apollo-pharmacy-(in-store)-gift-card,no,no,,,,500 / 1000 / 1500 / 2000,yes,yes,,,same denomination only,no,yes,2,no,yes,no,Pharma / Medicines only,FMCG | DPCO | Surgical | Apollo Brands | doctor consultations | lab tests | health checks,Decided by the issuer,,,,,Maximum 2 vouchers can be in one transaction,"Offers such as SSO, Value Deals, Monthly offers & Other Offers on Any FMCG, Apollo Brands, Surgical, Ayurvedic, and Holland & Barrett are not applicable.","This card can only be redeemed on Pharma/ Medicines/ and is not applicable on FMCG, DPCO, Surgical & Apollo Brands.",
App Store Code,gyftr,https://www.gyftr.com/app-store-code,no,no,0.0,0.0,Amazon Pay: 0.0% | Credit Card: 0.0% | Debit Card: 0.0% | MobiKwik: 0.0% | Net Banking: 0.0% | Payzapp: 0.0% | UPI: 0.0% | e-Pay: 0.0%,,no,,,,yes,yes,,,,,,,,,,,,,,,,
Apparel Group,gyftr,https://www.gyftr.com/apparel-group,yes,yes,10.0,10.0,Amazon Pay: 10.0% | Credit Card: 10.0% | Debit Card: 10.0% | MobiKwik: 10.0% | Net Banking: 10.0% | PAYTM UPI: 10.0% | Paytm Wallet: 10.0% | UPI: 10.0% | e-Pay: 10.0%,100 / 500 / 1000 / 2000 / 5000,yes,yes,,,yes,no,yes,unlimited,yes,,yes,"Aldo, Charles & Keith, Call it Spring, Beverly Hills Polo Club, Inglot, Victoria's Secret, Victoria's Secret beauty, Bath & Body works & R&B stores only",,,,,,25000,Multiple GVs can be clubbed and added to a e-Pay balance.,Gift Voucher/e-Pay CAN be used during the Sale.,"This Gift Voucher (GV)/e-Pay and would be accepted at Aldo, Charles & Keith, Call it Spring, Beverly Hills Polo Club, Inglot, Victoria’s Secret, Victoria’s Secret beauty , Bath & Body works & R&B stores only.",
Apple Premium 6M In Store 3 Day Wait,buyhatke,https://buyhatke.com/gift-cards/apple-premium-6m-(in-store%2C-3-day-wait)-gift-card,yes,yes,5.0,5.0,any: 5.0%,100 / 500 / 2000 / 10000,yes,yes,,,same denomination only,no,yes,unlimited,yes,no,,"All products excluding clearance sale & open box devices, at Apple Premium Partner / Premium Reseller / Authorised Reseller stores",clearance sale devices | open box devices | service centres | location: App Store | online platforms,6 months from the date of issuance,Usable 72 hours after code generation,,,,There is no limit on the number of Gift Voucher or total value of Gift Vocuhers that a customer can redeem in a single invoice.,,"The gift voucher can be used for eligible(all products excluding clearance sale & open box devices) products available at Apple Premium Partner, Apple Premium Reseller and Apple Authorised Reseller stores for product purchases and cannot be used at service centres, App Store or any other online platforms.",
Apple Premium In Store,buyhatke,https://buyhatke.com/gift-cards/apple-premium-(in-store)-gift-card,yes,yes,3.0,3.0,any: 3.0%,100 / 500 / 2500 / 1,yes,yes,,,same denomination only,no,yes,unlimited,yes,no,,"All products excluding clearance sale & open box devices, at Apple Premium Partner / Premium Reseller / Authorised Reseller stores",clearance sale devices | open box devices | service centres | location: App Store | online platforms,6 months from the date of issuance,,,,,There is no limit on the number of gift vouchers or total value of gift vouchers that a customer can redeem in a single invoice.,,"The gift voucher can be used for eligible (all products excluding clearance sale & open box devices) products available at Apple Premium Partner, Apple Premium Reseller and Apple Authorised Reseller stores for product purchases and cannot be used at service centres, App Store or any other online platforms.",
Appreciate (1 Day Wait),buyhatke,https://buyhatke.com/gift-cards/appreciate-(1-day-wait)-gift-card,no,no,,,,500 / 1000 / 1500 / 2000,yes,,,,same denomination only,yes,no,,no,yes,,"Appreciate App, Android users only",,6 months,Usable 24 hours after code generation,,,,,,Comes with 6 months validity and is valid for Android users only on Appreciate App,
AppyHigh Prime,buyhatke,https://buyhatke.com/gift-cards/appyhigh-prime-gift-card,yes,yes,15.07,15.07,any: 15.07%,2990,yes,,,,same denomination only,yes,no,1,no,yes,no,,,,,,,,Only one GV/GC per transaction.,Cannot be combined with other offers on the website.,,
AppyHigh Prime,maximize,https://www.maximize.money/gift-cards/AppyHigh Prime/491,yes,yes,17.0,17.0,Amazon pay: 15.0% | Amex: 14.75% | CC on UPI: 14.65% | Credit Card: 15.1% | Debit Card: 15.75% | Diners Club: 14.75% | Pay With Rewards: 13.7% | UPI: 17.0% | Wallets: 14.65%,2999,no,,,17.5,same denomination only,yes,no,1,no,yes,no,,,Valid for upto 6 months,,,,,Only one GV/GC per transaction.,Cannot be combined with other offers on the website.,,
Archies,buyhatke,https://buyhatke.com/gift-cards/archies-gift-card,yes,yes,9.89,9.89,any: 9.89%,100 / 200 / 250 / 500 / 1000 / 1500 / 2000 / 5000,yes,yes,,,same denomination only,yes,yes,unlimited,no,,,,,6 months,,,,,Multiple Instant Gift Vouchers can be used against one bill at the outlet.,,,
Archies Gallery,buyhatke,https://buyhatke.com/gift-cards/archies-gallery-gift-card,yes,yes,12.64,12.64,any: 12.64%,100 / 250 / 500 / 750 / 1000 / 1500 / 2000 / 2500 / 5000,yes,yes,,,same denomination only,yes,yes,unlimited,no,yes,,,,,,,,,Multiple Instant Gift Vouchers can be used against one bill at the outlet,,,
Archies Gallery,gyftr,https://www.gyftr.com/archies-gallery,yes,yes,15.0,15.0,Amazon Pay: 12.0% | Credit Card: 12.0% | Debit Card: 12.0% | MobiKwik: 12.0% | Net Banking: 12.0% | PAYTM UPI: 15.0% | Paytm Wallet: 12.0% | UPI: 15.0% | e-Pay: 15.0%,5000 / 1000 / 2000 / 100 / 100 / 100 / 500 / 250,yes,yes,,,yes,yes,yes,unlimited,no,yes,yes,,,,,,,,Multiple Vouchers can be used against one bill.,The GV/e-Pay can be clubbed with existing offers.,,
Archies Gallery,maximize,https://www.maximize.money/gift-cards/Archies Gallery/236,yes,yes,16.0,16.0,Amazon pay: 14.0% | Amex: 13.75% | CC on UPI: 13.65% | Credit Card: 14.1% | Debit Card: 14.75% | Diners Club: 13.75% | Pay With Rewards: 12.7% | UPI: 16.0% | Wallets: 13.65%,100 / 250 / 500 / 750 / 1000 / 1500 / 2000 / 2500 / 5000,yes,yes,,16.5,same denomination only,yes,yes,unlimited,no,,no,,,Valid for upto 6 months,,,,,Multiple Instant Gift Vouchers can be used against one bill at the outlet,"Can be clubbed with other offers? No, can't club with other offers / coupons",,
Armani Exchange Luxe,buyhatke,https://buyhatke.com/gift-cards/armani-exchange-luxe-gift-card,yes,yes,11.71,11.71,any: 11.71%,1000 / 2000 / 5000 / 10000,yes,yes,,,same denomination only,yes,yes,unlimited,no,yes,no,Full priced merchandise only,location: airport stores | discounted merchandise,12 months from the date of purchase,,,,,Multiple Luxe Gift Cards can be used in a single transaction.,Gift Vouchers CANNOT be used on discounted merchandise.,Luxe Gift Card can be redeemed only against full priced merchandise.,
Armani Exchange Luxe In Store,buyhatke,https://buyhatke.com/gift-cards/armani-exchange-luxe-(in-store)-gift-card,yes,yes,10.95,10.95,any: 10.95%,1000 / 2000 / 10000 / 50000,yes,yes,,,same denomination only,no,yes,unlimited,,yes,,Full-priced merchandise only,location: airport stores,1 year,,,,,This is a one-time use giftcard; multiple cards can be used in 1 transaction,,Luxe Gift Card can only be redeemed against full-priced merchandise,
Armani Exchange-Luxe,maximize,https://www.maximize.money/gift-cards/Armani Exchange-Luxe/451,yes,yes,10.0,10.0,Amex: 10.0% | CC on UPI: 10.0% | Credit Card: 10.0% | Debit Card: 10.0% | Diners Club: 10.0% | UPI: 10.0%,2000 / 5000 / 10000,yes,yes,,13.0,same denomination only,yes,yes,unlimited,no,yes,no,Full-priced merchandise only,location: Airport stores | Discounted items,12 months from the date of purchase,,,,,Multiple Luxe Gift Cards can be used in a single transaction.,The Gift Card can be redeemed only on full-priced merchandise and is not applicable on discounted items unless specified otherwise.,The Gift Card can be redeemed only on full-priced merchandise and is not applicable on discounted items unless specified otherwise.,
Armani Exchange-Luxe Gift Card,gyftr,https://www.gyftr.com/luxe-gift-card-armani-exchange,yes,no,0.0,0.0,Amazon Pay: 0.0% | Credit Card: 0.0% | Debit Card: 0.0% | MobiKwik: 0.0% | Net Banking: 0.0% | Payzapp: 0.0% | UPI: 0.0% | e-Pay: 0.0%,5000 / 2000 / 1000,no,yes,,,yes,yes,yes,unlimited,no,yes,no,,location: Airport stores | Merchandise that is not full priced,,,,,,7. Multiple GV/GC can be used for one bill.,11. The GV/GC can be redeemed only against full priced merchandise.,,
Arrow (In Store),buyhatke,https://buyhatke.com/gift-cards/arrow-(in-store)-gift-card,no,no,,,,500 / 1000 / 1500 / 2000,yes,yes,,,same denomination only,no,yes,5,no,yes,,MRP products only during EOSS and promotions at local stores,,6 months from the date of activation,,,,,Only 5 e-gift cards can be used in a single bill.,,Payment through e-gift cards is valid during EOSS and promotions at local stores only on MRP products,
Asia Seven Express,maximize,https://www.maximize.money/gift-cards/Asia Seven Express/453,yes,yes,8.5,8.5,Amazon pay: 6.5% | Amex: 6.25% | CC on UPI: 6.15% | Credit Card: 6.6% | Debit Card: 7.25% | Diners Club: 6.25% | Pay With Rewards: 5.2% | UPI: 8.5% | Wallets: 6.15%,1000 / 2000 / 5000 / 10000 / 20000 / 50000,yes,yes,,8.75,same denomination only,,yes,1,no,yes,no,Dine-in and takeaway orders only,Not valid on 31st December,6 months from the date of issue,,,,,Only one voucher can be redeemed per bill.,Cannot be combined with any other ongoing offers at the outlet.,Valid only for dine-in and takeaway orders.,
Asia Seven Express In Store,buyhatke,https://buyhatke.com/gift-cards/asia-seven-express-(in-store)-gift-card,yes,yes,7.89,7.89,any: 7.89%,500 / 1500 / 5000 / 50000,yes,yes,,,same denomination only,no,yes,1,,yes,no,Dine-in and takeaway orders only,,6 months from the date of issue,,,,,Only one voucher can be redeemed per bill.,Cannot be combined with any other ongoing offers at the outlet.,Valid only for dine-in and takeaway orders.,
Assembly,buyhatke,https://buyhatke.com/gift-cards/assembly-gift-card,yes,yes,15.63,15.63,any: 15.63%,100 / 500 / 1000 / 2000 / 2500 / 5000 / 10000,yes,,,,same denomination only,yes,no,,,yes,no,,,,,No minimum order value,,,,The offer cannot be clubbed with any offers or promotions on the website.,,
Assembly,gyftr,https://www.gyftr.com/assembly,yes,yes,14.0,14.0,Amazon Pay: 12.0% | Credit Card: 12.0% | Debit Card: 12.0% | MobiKwik: 12.0% | Net Banking: 12.0% | PAYTM UPI: 14.0% | Paytm Wallet: 12.0% | UPI: 14.0% | e-Pay: 14.0%,2000 / 500 / 5000 / 2500 / 1000 / 100,no,,,,yes,yes,,1,yes,,no,,,between 3 to 12 months,,,,,The Gift voucher can only be availed only once per transaction,The Gift voucher cannot be clubbed with any other offers or promotions,,
Assembly,maximize,https://www.maximize.money/gift-cards/Assembly/258,yes,yes,15.5,15.5,Amazon pay: 13.5% | Amex: 13.25% | CC on UPI: 13.15% | Credit Card: 13.6% | Debit Card: 14.25% | Diners Club: 13.25% | Pay With Rewards: 12.2% | UPI: 15.5% | Wallets: 13.15%,100 / 500 / 1000 / 2000 / 2500 / 5000 / 10000,no,,,16.25,same denomination only,yes,no,1,yes,no,no,,,Valid for upto 6 months,,,,,Can the cards be clubbed? Multiple cards can't be clubbed,The GV/e-Pay cannot be clubbed with any other offers or promotions.,,
Aurelia,gyftr,https://www.gyftr.com/aurelia,yes,yes,9.0,9.0,Amazon Pay: 9.0% | Credit Card: 9.0% | Debit Card: 9.0% | MobiKwik: 9.0% | Net Banking: 9.0% | PAYTM UPI: 9.0% | Paytm Wallet: 9.0% | UPI: 9.0% | e-Pay: 9.0%,2000 / 5000 / 1000 / 500 / 100 / 250,yes,yes,,,yes,no,yes,unlimited,no,yes,yes,,,usually 3-12 months,,,,,Multiple Gift Vouchers CAN be used in one bill,Aurelia GV or GC can be used during sale.,,
Aurelia,maximize,https://www.maximize.money/gift-cards/Aurelia/950,yes,yes,11.0,11.0,Amazon pay: 9.0% | Amex: 8.75% | CC on UPI: 8.65% | Credit Card: 9.1% | Debit Card: 9.75% | Diners Club: 8.75% | Pay With Rewards: 7.7% | UPI: 11.0% | Wallets: 8.65%,500 / 1000 / 2000 / 5000,yes,yes,,11.25,same denomination only,no,yes,unlimited,no,yes,no,,,6 months from the date of issue,,,,,Multiple E-Gift Vouchers can be used in one transaction,"Can be clubbed with other offers? No, can't club with other offers / coupons",,
Aurelia In Store,buyhatke,https://buyhatke.com/gift-cards/aurelia-(in-store)-gift-card,yes,yes,7.89,7.89,any: 7.89%,250 / 500 / 1000 / 2000 / 2500 / 3500 / 4000 / 5000,yes,yes,,,same denomination only,no,yes,unlimited,no,yes,yes,,,,,,,,More than one GV or GC can be used in one bill.,Aurelia GV or GC can be used during sale.,,
Auric,buyhatke,https://buyhatke.com/gift-cards/auric-gift-card,yes,yes,36.73,36.73,any: 36.73%,250 / 500,yes,,,,same denomination only,yes,no,1,no,yes,no,,Ghee purchases,,,,,,Only one voucher allowed per transaction.,Cannot be combined with any other coupon or voucher.,,
Auric,gyftr,https://www.gyftr.com/auric,yes,no,0.0,0.0,Amazon Pay: 0.0% | Credit Card: 0.0% | Debit Card: 0.0% | MobiKwik: 0.0% | Net Banking: 0.0% | Payzapp: 0.0% | UPI: 0.0% | e-Pay: 0.0%,250 / 500,no,,,,yes,yes,no,1,no,yes,no,,Ghee,,,,,,Only 1 Gift Voucher can be used in one transaction/order.,Vouchers cannot be clubbed with any other coupon or voucher.,,
Auric,maximize,https://www.maximize.money/gift-cards/Auric/492,yes,yes,36.75,36.75,Amazon pay: 34.75% | Amex: 34.5% | CC on UPI: 34.4% | Credit Card: 34.85% | Debit Card: 35.5% | Diners Club: 34.5% | Pay With Rewards: 33.45% | UPI: 36.75% | Wallets: 34.4%,250 / 500,no,,,37.0,same denomination only,yes,no,1,no,yes,no,,Ghee purchases,Valid for upto 6 months,,,,,Only one voucher allowed per transaction.,Cannot be combined with any other coupon or voucher.,,
AZA Fashions,buyhatke,https://buyhatke.com/gift-cards/aza-fashions-gift-card,no,no,,,,500 / 1000 / 1500 / 2000,yes,,,,same denomination only,yes,no,,,,,,,,,,,,,,,
Baazar Kolkata (In Store),buyhatke,https://buyhatke.com/gift-cards/baazar-kolkata-(in-store)-gift-card,no,no,,,,500 / 1000 / 1500 / 2000,yes,yes,,,same denomination only,no,yes,,no,yes,no,,,6 months,,,,,,This cannot be clubbed with existing offers at the store nor used in End of Sale Season,,
Bagline,buyhatke,https://buyhatke.com/gift-cards/bagline-gift-card,yes,yes,12.88,12.88,any: 12.88%,500 / 1000 / 2000 / 3000,yes,,,,same denomination only,yes,no,1,no,yes,yes,,,6 months,,,,,EGV can be clubbed with existing offers at website except bank offers. Multiple EGV’s cannot be used,EGV can be clubbed with existing offers at website except bank offers. Multiple EGV’s cannot be used,,
Bakingo,buyhatke,https://buyhatke.com/gift-cards/bakingo-gift-card,yes,yes,9.89,9.89,any: 9.89%,250 / 500 / 1000,yes,,,,same denomination only,yes,no,1,no,yes,no,,,,,,,,Only one GV/GC allowed per bill.,Cannot be combined with any other offer on the website.,,
Bakingo,gyftr,https://www.gyftr.com/bakingo,no,no,20.0,20.0,Credit Card: 18.0% | Debit Card: 18.0% | MobiKwik: 18.0% | Net Banking: 18.0% | PAYTM UPI: 20.0% | Paytm Wallet: 18.0% | UPI: 20.0% | e-Pay: 20.0%,,no,,,,yes,,no,1,,yes,no,,,usually 3 to 12 months,,,,,Only one Gift Voucher CAN be used against one bill.,GV/GC cannot be clubbed with other offers on the Bakingo website.,,
Bakingo,maximize,https://www.maximize.money/gift-cards/Bakingo/493,no,no,,,,,no,,,,same denomination only,,,,,,,,,,,,,,,,,
Balenciaga Luxe In Store,buyhatke,https://buyhatke.com/gift-cards/balenciaga-luxe-(in-store)-gift-card,yes,yes,10.95,10.95,any: 10.95%,1000 / 2000 / 5000 / 10000,yes,yes,,,same denomination only,no,yes,unlimited,,yes,,full-priced merchandise only,location: airport stores,1 year,,,,,This is a one-time use giftcard; multiple cards can be used in 1 transaction,,Luxe Gift Card can only be redeemed against full-priced merchandise,
Bally Luxe In Store,buyhatke,https://buyhatke.com/gift-cards/bally-luxe-(in-store)-gift-card,yes,yes,11.88,11.88,any: 11.88%,1000 / 2000 / 5000 / 10000,yes,yes,,,same denomination only,no,yes,unlimited,,yes,,,location: airport stores,1 year,,,,,Multiple gift cards can be used against 1 transaction,,,
Bally-Luxe Gift Card,gyftr,https://www.gyftr.com/bally-luxe-gift-card,yes,yes,10.0,10.0,Amazon Pay: 10.0% | Credit Card: 10.0% | Debit Card: 10.0% | MobiKwik: 10.0% | Net Banking: 10.0% | PAYTM UPI: 10.0% | UPI: 10.0% | e-Pay: 10.0%,5000 / 2000 / 1000,no,yes,,,yes,,yes,unlimited,,yes,no,,,,,,,,Multiple Gift Vouchers CAN be used in one bill.,Gift Vouchers CANNOT be used during Sale.,,
Barbeque Nation,gyftr,https://www.gyftr.com/barbeque-nation,yes,yes,5.0,5.0,Credit Card: 3.0% | Debit Card: 3.0% | MobiKwik: 3.0% | Net Banking: 3.0% | PAYTM UPI: 5.0% | Paytm Wallet: 3.0% | UPI: 5.0% | e-Pay: 5.0%,100 / 500 / 1000 / 1500 / 250,yes,yes,,,yes,no,yes,unlimited,no,yes,yes,Dine-in only,,,,,,,Multiple Gift Vouchers CAN be used in one bill.,Gift Vouchers CAN be clubbed with existing offers,The GV/GC is applicable for Dine-in only.,
Barbeque Nation,maximize,https://www.maximize.money/gift-cards/Barbeque Nation/459,yes,yes,8.25,8.25,Amazon pay: 6.25% | Amex: 6.0% | CC on UPI: 5.9% | Credit Card: 6.35% | Debit Card: 7.0% | Diners Club: 6.0% | Pay With Rewards: 4.95% | UPI: 8.25% | Wallets: 5.9%,1000 / 2000 / 5000 / 10000,yes,yes,,8.5,same denomination only,,yes,5,no,yes,no,Dine-in only,,12 months from the date of purchase,"E-Gift cards are normally delivered instantly. But sometimes due to system issues, the delivery can be delayed up-to 24 hours.",,,,Maximum 5 vouchers applicable in single bill.,"Can be clubbed with other offers? No, can't club with other offers / coupons",The voucher is applicable for Dine-in only.,
Barbeque Nation In Store,buyhatke,https://buyhatke.com/gift-cards/barbeque-nation-(in-store)-gift-card,yes,yes,5.88,5.88,any: 5.88%,100 / 500 / 2000 / 10000,yes,yes,,,same denomination only,no,yes,unlimited,,yes,,,"location: Kolhapur outlet | 25th December, 31st December and 1st January",6 months,,,,,This a one time use card and Multiple gift cards can be used against 1 bill,,,
Barbeque Nation Value Voucher,gyftr,https://www.gyftr.com/barbeque-nation-value-voucher,no,no,0.0,0.0,Amazon Pay: 0.0% | Credit Card: 0.0% | Debit Card: 0.0% | MobiKwik: 0.0% | Net Banking: 0.0% | Payzapp: 0.0% | UPI: 0.0% | e-Pay: 0.0%,,no,yes,,,yes,no,yes,,,,,,,,,,,,,,,
Bare Anatomy,buyhatke,https://buyhatke.com/gift-cards/bare-anatomy-gift-card,no,no,,,,500 / 1000 / 1500 / 2000,yes,,,,same denomination only,yes,no,unlimited,,,no,,,1 year,,,,,Multiple Gift Vouchers CAN be combined & added to the e-Pay balance,The GV/GC Cannot be clubbed with ongoing sales.,,
Baskin Robbins,gyftr,https://www.gyftr.com/baskin-robbins,yes,yes,17.0,17.0,Amazon Pay: 15.0% | Credit Card: 15.0% | Debit Card: 15.0% | MobiKwik: 15.0% | Net Banking: 15.0% | PAYTM UPI: 17.0% | Payzapp: 15.0% | UPI: 17.0% | e-Pay: 17.0%,100 / 100 / 500 / 50 / 1000 / 250,yes,yes,,,yes,no,yes,unlimited,yes,yes,no,,discounted items | merchandise | cakes | sticks | pre-packed sundaes,,,,,,Multiple GVs can be combined and added to the e-Pay balance.,GV/e-pay cannot be clubbed with store offers.,,
Baskin Robbins,maximize,https://www.maximize.money/gift-cards/Baskin Robbins/494,yes,yes,12.0,12.0,Amazon pay: 10.0% | Amex: 9.75% | CC on UPI: 9.65% | Credit Card: 10.1% | Debit Card: 10.75% | Diners Club: 9.75% | Pay With Rewards: 8.7% | UPI: 12.0% | Wallets: 9.65%,100 / 250 / 500 / 1000 / 1500 / 2000 / 2500,yes,yes,,12.5,same denomination only,no,yes,unlimited,yes,no,no,,Discounted items | Cakes | Sticks | Pre-packed sundaes | Merchandise | Non-connected parlors | location: Airports | Multiplexes | Shop-in-shops | Select food courts,Valid for upto 6 months,,,,,Multiple GVs can be added to the e-Pay balance.,Cannot be used with other offers or schemes.,,
Baskin Robbins In Store,buyhatke,https://buyhatke.com/gift-cards/baskin-robbins-(in-store)-gift-card,yes,yes,11.88,11.88,any: 11.88%,100 / 250 / 500 / 1000 / 1500 / 2000 / 2500,yes,yes,,,same denomination only,no,yes,unlimited,yes,no,no,,discounted items | merchandise | cakes | sticks | pre-packed sundaes,,,,,,Multiple GVs can be combined and added to the e-Pay balance.,GV/e-pay cannot be clubbed with store offers.,,
Bata,gyftr,https://www.gyftr.com/bata,yes,yes,7.0,7.0,Amazon Pay: 5.0% | Credit Card: 5.0% | Debit Card: 5.0% | MobiKwik: 5.0% | Net Banking: 5.0% | PAYTM UPI: 7.0% | Paytm Wallet: 5.0% | UPI: 7.0% | e-Pay: 7.0%,3000 / 5000 / 500 / 2000 / 2000 / 4000 / 100 / 1000,yes,yes,,,yes,no,yes,unlimited,yes,yes,yes,,,,,,,20000,Multiple Gift Vouchers CAN be combined & added to the e-Pay balance.,Gift Voucher/e-Pay CAN be used during the Sale.,,
Bata,maximize,https://www.maximize.money/gift-cards/Bata/819,no,no,,,,,no,,,,same denomination only,,,,,,,,,,,,,,,,,
Bata In Store,buyhatke,https://buyhatke.com/gift-cards/bata-(in-store)-gift-card,yes,yes,8.89,8.89,any: 8.89%,2000 / 3000 / 4000 / 5000,yes,yes,,,same denomination only,no,yes,unlimited,,,,,,,,,,20000,"Multiple GVs can be clubbed (up to ₹20,000) and added to your e-Pay wallet within 30 days.",,,
Bath & Body Works,gyftr,https://www.gyftr.com/bath-&-body-works,yes,yes,10.0,10.0,Amazon Pay: 10.0% | Credit Card: 10.0% | Debit Card: 10.0% | MobiKwik: 10.0% | Net Banking: 10.0% | PAYTM UPI: 10.0% | Paytm Wallet: 10.0% | UPI: 10.0% | e-Pay: 10.0%,2500 / 10 / 2000 / 7500 / 5000 / 100 / 10000 / 1500 / 100 / 500 / 1000 / 100 / 3000,yes,yes,,,yes,no,yes,unlimited,yes,yes,yes,"Aldo, Call it Spring, Charles & Keith, Beverly Hills Polo Club, Inglot, Victoria's Secret, Victoria's Secret Beauty & R&B stores only",,,,,,25000,Multiple Gift Vouchers CAN be combined & added to the e-Pay balance.,Gift Voucher/e-Pay CAN be used during the Sale.,"This is a Bath & Body Works (GV)/e-Pay that will be accepted at Aldo, Call it Spring, Charles & Keith, Beverly Hills Polo Club, Inglot, Victoria’s Secret, Victoria’s Secret Beauty & R&B stores only.",
Bath and Body Works,maximize,https://www.maximize.money/gift-cards/Bath and Body Works/309,yes,yes,11.75,11.75,Amazon pay: 9.75% | Amex: 9.5% | CC on UPI: 9.4% | Credit Card: 9.85% | Debit Card: 10.5% | Diners Club: 9.5% | Pay With Rewards: 8.45% | UPI: 11.75% | Wallets: 9.4%,500 / 1000 / 1500 / 2000 / 2500 / 3000 / 5000 / 7500 / 10000,yes,yes,,12.25,same denomination only,,yes,unlimited,,no,,,,Valid for upto 6 months,,,,,Multiple GVs can be clubbed and added to a e-Pay balance.,,,
Bath Body Works,buyhatke,https://buyhatke.com/gift-cards/bath-body-works-gift-card,yes,yes,12.88,12.88,any: 12.88%,500 / 1000 / 1500 / 2000 / 2500 / 3000 / 5000 / 7500 / 10000,yes,yes,,,same denomination only,yes,yes,unlimited,yes,no,yes,,,,,,,25000,"Multiple GVs can be clubbed and added to the e-Pay balance. The maximum cumulative GV value that can be added to the e-Pay balance in 30 days is Rs. 25,000.",The GV/e-Pay can be clubbed with the existing offers.,,
Bath Body Works In Store,buyhatke,https://buyhatke.com/gift-cards/bath-body-works-(in-store)-gift-card,yes,yes,7.55,7.55,any: 7.55%,500 / 1000 / 2000 / 3000 / 5000 / 10000,yes,yes,,,same denomination only,no,yes,unlimited,,,,,,6 months,,,,,Multiple Gift Vouchers CAN be combined & added to the e-Pay balance,,,
Bblunt - Luzo Gift Card,gyftr,https://www.gyftr.com/bblunt-luzo-gift-card,yes,yes,9.0,9.0,Credit Card: 7.0% | Debit Card: 7.0% | MobiKwik: 7.0% | Net Banking: 7.0% | PAYTM UPI: 9.0% | UPI: 9.0% | e-Pay: 9.0%,5000 / 10000 / 2500 / 500 / 250 / 1500 / 1000,no,,,,yes,yes,,unlimited,yes,no,yes,"Salon, spa and clinic services booked through the Luzo app at partner outlets",,,,,,,Multiple GV/GCs can be added to the Luzo wallet. There is no limit on the number of GV/GCs that can be added.,The GV/GC can be clubbed with existing offers.,"The GV/GC can be used for salon, spa, and clinic services booked through the Luzo app at partner outlets.",
Bear House,buyhatke,https://buyhatke.com/gift-cards/bear-house-gift-card,yes,yes,7.42,7.42,any: 7.42%,500 / 1500 / 5000 / 20000,yes,,,,same denomination only,yes,no,unlimited,yes,no,,,other gift cards,180 days from the date of receipt,,,,,Multiple E-Gift Cards can be used in a single order.,,,
Beer Cafe,buyhatke,https://buyhatke.com/gift-cards/beer-cafe-gift-card,yes,yes,5.88,5.88,any: 5.88%,100 / 500 / 2000 / 10000,yes,yes,,,same denomination only,yes,yes,unlimited,yes,no,no,,"block out dates — 25th Dec, 31st Dec, 1st Jan and 14th Feb",,,,,,Multiple GVs can be clubbed and added to the e-Pay balance.,The GV/e-Pay cannot be clubbed with ongoing promotions at the outlet.,,
Beer Cafe,gyftr,https://www.gyftr.com/beer-cafe,yes,yes,5.0,5.0,Amazon Pay: 4.0% | Credit Card: 4.0% | Debit Card: 4.0% | MobiKwik: 4.0% | Net Banking: 4.0% | PAYTM UPI: 5.0% | Paytm Wallet: 4.0% | UPI: 5.0% | e-Pay: 5.0%,2000 / 100 / 1000 / 250 / 500 / 100 / 100,yes,yes,,,yes,no,yes,unlimited,yes,,no,,,between three to 12 months,,,,,Multiple Gift Vouchers CAN be used in one bill.,The GV/e-Pay cannot be clubbed with ongoing promotions at the outlet.,,
Beer Cafe In Store,buyhatke,https://buyhatke.com/gift-cards/beer-cafe-(in-store)-gift-card,yes,yes,6.99,6.99,any: 6.99%,500 / 1000 / 1500 / 2000 / 2500 / 3000 / 5000,yes,yes,,,same denomination only,no,yes,unlimited,yes,no,no,,"block-out dates: 25th December, 31st December, 1st January, 14th February",,,,,,Multiple GVs/GCs can be used in one bill.,Cannot be clubbed with other ongoing promotions.,,
Behrouz Biryani,buyhatke,https://buyhatke.com/gift-cards/behrouz-biryani-gift-card,yes,yes,8.39,8.39,any: 8.39%,250 / 500 / 1000 / 1500 / 2000,yes,,,,same denomination only,yes,no,unlimited,yes,no,no,,,,,,,,Multiple vouchers can be added to your EatSure wallet.,"Cannot be clubbed with other aggregator offers, but can be used on discounted products.",,
Behrouz Biryani,gyftr,https://www.gyftr.com/behrouz-biryani,yes,yes,12.0,12.0,Amazon Pay: 10.0% | Credit Card: 10.0% | Debit Card: 10.0% | MobiKwik: 10.0% | Net Banking: 10.0% | PAYTM UPI: 12.0% | Paytm Wallet: 10.0% | UPI: 12.0% | e-Pay: 12.0%,100 / 1000 / 500 / 2000 / 250 / 1500,yes,,,,yes,yes,no,,yes,no,no,,,,,,,,,Gift Vouchers CANNOT be clubbed with other aggregator offers.,,
Behrouz Biryani,maximize,https://www.maximize.money/gift-cards/Behrouz Biryani/497,yes,yes,10.25,10.25,Amex: 8.0% | CC on UPI: 7.9% | Credit Card: 8.35% | Debit Card: 9.0% | Diners Club: 8.0% | UPI: 10.25%,250 / 500 / 1000 / 1500 / 2000,yes,,,10.5,same denomination only,yes,no,unlimited,yes,no,no,Online orders via EatSure app or website only,,Valid for upto 6 months,,,,,Multiple vouchers can be added to your EatSure wallet.,"Cannot be clubbed with other aggregator offers, but can be used on discounted products.",Valid only on online orders via EatSure app or website.,
Benetton (In Store),buyhatke,https://buyhatke.com/gift-cards/benetton-(in-store)-gift-card,no,no,,,,500 / 1000 / 1500 / 2000,yes,yes,,,same denomination only,no,yes,unlimited,,,,,,6 months,,,,,Multiple Gift Vouchers can be used in one bill,,,
Beverly Hills Polo Club,gyftr,https://www.gyftr.com/beverly-hills-polo-club,yes,yes,10.0,10.0,Amazon Pay: 10.0% | Credit Card: 10.0% | Debit Card: 10.0% | MobiKwik: 10.0% | Net Banking: 10.0% | PAYTM UPI: 10.0% | Paytm Wallet: 10.0% | UPI: 10.0% | e-Pay: 10.0%,100,yes,yes,,,yes,no,yes,unlimited,yes,yes,yes,"Aldo, Call it Spring, Charles & Keith, Inglot, Victoria's Secret, Victoria's Secret Beauty, Bath & Body Works & R&B stores only",,,,,,25000,Multiple Gift Vouchers CAN be combined & added to the e-Pay balance.,Gift Voucher/e-Pay CAN be used during the Sale.,"This is a Beverly Hills Polo Club (GV)/e-Pay that will be accepted at Aldo, Call it Spring, Charles & Keith, Inglot, Victoria’s Secret, Victoria’s Secret Beauty, Bath & Body Works & R&B stores only.",
Beverly Hills Polo Club,maximize,https://www.maximize.money/gift-cards/Beverly Hills Polo Club/311,yes,yes,11.75,11.75,Amazon pay: 9.75% | Amex: 9.5% | CC on UPI: 9.4% | Credit Card: 9.85% | Debit Card: 10.5% | Diners Club: 9.5% | Pay With Rewards: 8.45% | UPI: 11.75% | Wallets: 9.4%,500 / 1000 / 1500 / 2000 / 2500 / 3000 / 5000 / 7500 / 10000,yes,yes,,12.25,same denomination only,,yes,unlimited,,,,,,Valid for upto 6 months,,,,,Multiple GVs can be clubbed and added to a e-Pay balance.,,,
Beverly Hills Polo Club In Store,buyhatke,https://buyhatke.com/gift-cards/beverly-hills-polo-club-(in-store)-gift-card,yes,yes,10.82,10.82,any: 10.82%,500 / 1000 / 1500 / 2000 / 2500 / 3000 / 5000 / 7500 / 10000,yes,yes,,,same denomination only,no,yes,unlimited,,,,,,,,,,,Multiple GVs can be clubbed and added to a e-Pay balance.,,,
Beyoung,buyhatke,https://buyhatke.com/gift-cards/beyoung-gift-card,yes,yes,19.44,19.44,any: 19.44%,500 / 1000 / 1500 / 2000,yes,,,,same denomination only,yes,no,unlimited,yes,no,,,,,,,,,Multiple vouchers can be used in a single transaction.,,,
Beyoung,gyftr,https://www.gyftr.com/beyoung,yes,yes,23.0,23.0,Credit Card: 21.0% | Debit Card: 21.0% | MobiKwik: 21.0% | Net Banking: 21.0% | PAYTM UPI: 23.0% | Paytm Wallet: 21.0% | UPI: 23.0% | e-Pay: 23.0%,500 / 1500 / 1000 / 100 / 100 / 2000,yes,,,,yes,yes,no,unlimited,yes,no,yes,,,,,,,,Multiple vouchers can be used in one bill.,The GV/e-Pay can be clubbed with the existing offers.,,
Beyoung,maximize,https://www.maximize.money/gift-cards/Beyoung/498,yes,yes,23.0,23.0,Amazon pay: 21.0% | Amex: 20.75% | CC on UPI: 20.65% | Credit Card: 21.1% | Debit Card: 21.75% | Diners Club: 20.75% | Pay With Rewards: 19.7% | UPI: 23.0% | Wallets: 20.65%,500 / 1000 / 1500 / 2000,yes,,,23.5,same denomination only,yes,no,unlimited,yes,no,no,,,Valid for upto 6 months,,,,,Multiple vouchers can be used in a single transaction.,"Can be clubbed with other offers? No, can't club with other offers / coupons",,
BGMI UC Official Voucher,gyftr,https://www.gyftr.com/bgmi-uc-official-voucher,yes,yes,10.0,10.0,Amazon Pay: 8.0% | Credit Card: 8.0% | Debit Card: 8.0% | MobiKwik: 8.0% | Net Banking: 8.0% | PAYTM UPI: 10.0% | UPI: 10.0% | e-Pay: 10.0%,30 / 380 / 7500 / 15 / 1900 / 75 / 3800 / 750,no,,,,yes,yes,no,,yes,,,BGMI UC top-up on the UniPin platform,,,,,,,,,"BGMI Gift Cards can be redeemed on the UniPin platform to buy BGMI UC & top up your in-game UC wallet, which you can use to make in-game purchases for weapon upgrades, cosmetics, Royal Passes, and more",
BGMI UC Official Voucher,maximize,https://www.maximize.money/gift-cards/BGMI/1061,yes,yes,10.0,10.0,Amazon pay: 8.0% | Amex: 7.75% | CC on UPI: 7.65% | Credit Card: 8.1% | Debit Card: 8.75% | Diners Club: 7.75% | Pay With Rewards: 6.7% | UPI: 10.0% | Wallets: 7.65%,750 / 1900 / 3800 / 7500 / 16300,no,,,10.1,same denomination only,yes,no,1,no,yes,no,BGMI UC packs credited to the BGMI account linked to the entered User ID,,12 months from the date of issue,UC delivery is usually instant but may take up to 24 hours.,,,,Multiple vouchers cannot be clubbed in one order.,"Voucher cannot be combined with cashback, discounts, or promotional offers.",UC is credited directly to the BGMI account linked to the entered User ID.,
BGMI UniPin,buyhatke,https://buyhatke.com/gift-cards/bgmi-unipin-gift-card,yes,yes,5.84,5.84,any: 5.84%,75 / 100 / 380 / 500 / 750 / 1500 / 1900 / 2000 / 2500 / 3800,yes,,,,same denomination only,yes,no,,no,yes,,,,1 year,,,,,,,,
Bhima Jewellers - Coin,maximize,https://www.maximize.money/gift-cards/Bhima Jewellers - Coin/934,yes,yes,1.25,1.25,Amazon pay: 0.0% | Amex: 0.0% | CC on UPI: 0.0% | Credit Card: 0.0% | Debit Card: 0.0% | Diners Club: 0.0% | Pay With Rewards: 0.0% | UPI: 1.25% | Wallets: 0.0%,1000 / 2000 / 5000 / 10000 / 20000 / 50000 / 100000,yes,yes,,1.25,same denomination only,no,yes,1,no,yes,no,"Gold, silver, and platinum jewellery only",,330 days from the date of activation,"E-Gift Cards are usually delivered instantly, but delivery may be delayed up to 48–72 hours due to system issues",,,,Can the cards be clubbed? Multiple cards can't be clubbed,Seasonal offers and anniversary discounts cannot be applied along with E-Gift Card redemption,"The E-Gift Card is valid only for the purchase of gold, silver, and platinum jewellery",
Bhima Jewellers Coin In Store,buyhatke,https://buyhatke.com/gift-cards/bhima-jewellers-coin-(in-store)-gift-card,yes,yes,1.17,1.17,any: 1.17%,500 / 1500 / 5000 / 100000,yes,yes,,,same denomination only,no,yes,,no,yes,no,"gold, silver, and platinum jewellery only",,330 days from the date of activation,usually instant; may be delayed up to 48–72 hours,,,,,Seasonal offers and anniversary discounts cannot be applied along with E-Gift Card redemption,"The E-Gift Card is valid only for the purchase of gold, silver, and platinum jewellery",
Bhima Jewellers Jewellery In Store,buyhatke,https://buyhatke.com/gift-cards/bhima-jewellers-jewellery-(in-store)-gift-card,yes,yes,1.88,1.88,any: 1.88%,500 / 1500 / 5000 / 50000,yes,yes,,,same denomination only,no,yes,unlimited,,yes,,"gold, silver and platinum jewellery only",subscription schemes,11 months,,,,,Multiple gift cards can be used in 1 bill and cards is not valid for subscription schemes,,"This gift card is valid on the purchase of gold, silver and platinum jewellery only.",
Bhima Jewellery,maximize,https://www.maximize.money/gift-cards/Bhima Jewellery/933,yes,yes,3.0,3.0,Amazon pay: 1.0% | Amex: 0.75% | CC on UPI: 0.65% | Credit Card: 1.1% | Debit Card: 1.75% | Diners Club: 0.75% | Pay With Rewards: 0.0% | UPI: 3.0% | Wallets: 0.65%,1000 / 2000 / 5000 / 10000 / 20000 / 50000,yes,yes,,3.1,same denomination only,no,yes,1,no,yes,no,"Gold, silver, and platinum jewellery only",,330 days from the date of activation,"E-Gift Cards are usually delivered instantly, but delivery may be delayed up to 48–72 hours due to system issues",,,,Can the cards be clubbed? Multiple cards can't be clubbed,Seasonal offers and anniversary discounts cannot be combined with E-Gift Card redemption,"The E-Gift Card is valid only for the purchase of gold, silver, and platinum jewellery",
BIBA,buyhatke,https://buyhatke.com/gift-cards/biba-gift-card,yes,yes,6.88,6.88,any: 6.88%,500 / 1000 / 2000 / 5000,yes,,,,same denomination only,yes,no,unlimited,yes,no,yes,,,,,,,,Multiple GVs can be clubbed and added to the Biba e-Pay balance.,The GV/e-Pay can be clubbed with the existing offers.,,
BIBA,gyftr,https://www.gyftr.com/biba,yes,yes,8.0,8.0,Amazon Pay: 6.0% | Credit Card: 6.0% | Debit Card: 6.0% | MobiKwik: 6.0% | Net Banking: 6.0% | PAYTM UPI: 8.0% | Paytm Wallet: 6.0% | UPI: 8.0% | e-Pay: 8.0%,1000 / 500 / 5000 / 2000 / 100 / 100 / 250,yes,,,,yes,yes,no,unlimited,yes,,yes,,,3-12 months from the date of purchase,,,,,Multiple Gift Vouchers CAN be used in one bill,Gift Vouchers CAN be clubbed with any on-going promotions on website,,
Bigbasket,buyhatke,https://buyhatke.com/gift-cards/bigbasket-gift-card,yes,yes,3.08,3.08,any: 3.08%,100 / 250 / 500 / 750 / 1000 / 1500 / 2000 / 3000 / 5000 / 10000,yes,,,,same denomination only,yes,no,3,yes,no,,,"Gold or Silver Coins | any product from the electronics category | any products sold by third party sellers listed on the platform, like café, pharmacy | cigarettes, cigars, cheroots, beedis, cigarette tobacco, pipe tobacco and hookah tobacco, chewing tobacco, snuff, pan masala, gutka and/or tooth powder containing tobacco | infant food, infant milk substitute, and/or feeding bottles",up to 6 months from the date of its issue,,,,,Maximum 3 vouchers can be in one transaction,,,
BigBasket,gyftr,https://www.gyftr.com/bigbasket,yes,yes,3.0,3.0,Credit Card: 1.0% | Debit Card: 1.0% | MobiKwik: 1.0% | PAYTM UPI: 3.0% | Paytm Wallet: 1.0% | UPI: 3.0% | e-Pay: 3.0%,300 / 2000 / 250 / 1000 / 500,no,,,,yes,yes,,unlimited,yes,yes,yes,,"Gold or Silver Coins | any product from the electronics category | products sold by third-party sellers listed on the platform | cigarettes, tobacco products and pan masala | infant food, infant milk substitute, and/or feeding bottles",,,,,,Multiple Gift Vouchers CAN be used in one bill.,Gift Voucher CAN be clubbed with on-going promotions/offers.,,
Bigbasket,maximize,https://www.maximize.money/gift-cards/Bigbasket/1079,yes,yes,3.75,3.75,Amazon pay: 1.75% | Amex: 1.5% | CC on UPI: 1.4% | Credit Card: 1.85% | Debit Card: 2.5% | Diners Club: 1.5% | Pay With Rewards: 0.45% | UPI: 3.75% | Wallets: 1.4%,500 / 750 / 1000 / 1500 / 2000,no,,,3.9,same denomination only,yes,no,unlimited,yes,no,yes,,Gold and Silver coins,up to 12 months from the date of issue,"E-Gift Cards are normally delivered instantly. But sometimes, due to system issues, delivery can be delayed up to 24 hours.",,,,Can the cards be clubbed? Use several gift cards in one purchase,"Can be clubbed with other offers? Yes, clubbable with other offers / coupons",,
Bigbasket (Custom),maximize,https://www.maximize.money/gift-cards/Bigbasket (Custom)/342,yes,yes,3.25,3.25,Amazon pay: 1.25% | Amex: 1.0% | CC on UPI: 0.9% | Credit Card: 1.35% | Debit Card: 2.0% | Diners Club: 1.0% | Pay With Rewards: 0.0% | UPI: 3.25% | Wallets: 0.9%,100 / 500 / 1000 / 1500 / 2500 / 5000 / 10000,yes,,,3.5,same denomination only,yes,no,unlimited,yes,no,no,,Gold or silver coins | Electronics | Products sold by third-party sellers such as café and pharmacy categories | Tobacco and tobacco-related products | Infant food | Infant milk substitutes | Feeding bottles,up to 12 months from the date of issue,,,,,Can the cards be clubbed? Use several gift cards in one purchase,"Can be clubbed with other offers? No, can't club with other offers / coupons",,
Bikanervala,maximize,https://www.maximize.money/gift-cards/Bikanervala/368,yes,yes,13.0,13.0,Amazon pay: 11.0% | Amex: 10.75% | CC on UPI: 10.65% | Credit Card: 11.1% | Debit Card: 11.75% | Diners Club: 10.75% | Pay With Rewards: 9.7% | UPI: 13.0% | Wallets: 10.65%,100 / 250 / 500 / 1000 / 2500 / 5000,no,yes,,13.5,same denomination only,no,yes,1,no,yes,,,,6 months unless otherwise specified,,,,,Only one Gift Card can be redeemed against a single Invoice in case of redemption at thestore,,,
Bikanervala In Store,buyhatke,https://buyhatke.com/gift-cards/bikanervala-(in-store)-gift-card,yes,yes,12.63,12.63,any: 12.63%,100 / 250 / 500 / 1000 / 2500 / 5000,yes,yes,,,same denomination only,no,yes,1,no,yes,,,,6 months,normally instant; can be delayed up to 24–48 hours,₹100,,,One Gift Card can be redeemed against a single invoice in case of redemption at the store,,,
Birkenstock,buyhatke,https://buyhatke.com/gift-cards/birkenstock-gift-card,yes,yes,8.89,8.89,any: 8.89%,1000 / 2000 / 5000 / 20000,yes,,,,same denomination only,yes,no,5,yes,no,,,,1 year,,,,,Maximum 5 gift cards can be used in 1 transaction,,,
Birkenstock,maximize,https://www.maximize.money/gift-cards/Birkenstock/369,yes,yes,10.0,10.0,Amazon pay: 8.0% | Amex: 7.75% | CC on UPI: 7.65% | Credit Card: 8.1% | Debit Card: 8.75% | Diners Club: 7.75% | Pay With Rewards: 6.7% | UPI: 10.0% | Wallets: 7.65%,2000 / 5000 / 10000 / 20000,yes,,,10.25,same denomination only,yes,no,5,yes,no,yes,,Other gift cards,1 year from the date of issue,,,,,Customers can redeem up to 5 gift cards at the same time; any remaining balance will be saved for the next purchase against the last used gift cards,"Gift cards can be combined with promotional vouchers, but usage discretion lies with the Birkenstock India team",,
BIRYANI BY KILO,buyhatke,https://buyhatke.com/gift-cards/biryani-by-kilo-gift-card,no,no,,,,500 / 1000 / 1500 / 2000,yes,,,,same denomination only,yes,no,,,,,delivery/take away orders placed through BBK website & APP only,,,,,,,,,BBK Gift cards will be applicable on delivery/take away orders only placed through BBK website & APP only.,
Black + Decker,gyftr,https://www.gyftr.com/black-+-decker,no,no,,,,,no,,,,yes,,,,,,,,,,,,,,,,,
Black Decker,buyhatke,https://buyhatke.com/gift-cards/black-decker-gift-card,yes,yes,3.72,3.72,any: 3.72%,1000 / 2000,yes,,,,same denomination only,yes,no,10,no,yes,,,,6 months,,,,,A maximum of 10 Gift card can be used in one bill,,,
Blaupunkt,buyhatke,https://buyhatke.com/gift-cards/blaupunkt-gift-card,yes,yes,17.73,17.73,any: 17.73%,500 / 1000 / 2000 / 5000,yes,,,,same denomination only,yes,no,unlimited,yes,no,no,,block-out dates as per Blaupunkt policy,,,,,,Multiple vouchers can be added to the same e-Pay wallet.,Cannot be clubbed with any other discounts or promotions.,,
Blaupunkt,maximize,https://www.maximize.money/gift-cards/Blaupunkt/500,yes,yes,18.0,18.0,Amazon pay: 16.0% | Amex: 15.75% | CC on UPI: 15.65% | Credit Card: 16.1% | Debit Card: 16.75% | Diners Club: 15.75% | Pay With Rewards: 14.7% | UPI: 18.0% | Wallets: 15.65%,500 / 1000 / 2000 / 5000,no,,,18.5,same denomination only,yes,no,unlimited,yes,no,no,,,up to 6 months,,,,,Multiple vouchers can be added to the same e-Pay wallet.,Cannot be clubbed with any other discounts or promotions.,,
Blinkit,buyhatke,https://buyhatke.com/gift-cards/blinkit-gift-card,yes,yes,2.23,2.23,any: 2.23%,500 / 1000 / 2500 / 5000 / 10000,yes,,,,same denomination only,yes,no,unlimited,yes,no,,,other gift cards,one (1) year from the date of purchase,,,25000,,Multiple Gift Cards can be clubbed in a single order of purchase.,,,
Blinkit,maximize,https://www.maximize.money/gift-cards/Blinkit/903,yes,yes,2.75,2.75,Amex: 0.5% | CC on UPI: 0.4% | Credit Card: 0.85% | Debit Card: 1.5% | Diners Club: 0.5% | UPI: 2.75%,3000 / 5000,no,,,2.75,same denomination only,yes,no,1,yes,no,no,,"Delivery, packaging, tip, and other extra charges",up to 12 months,,,,,Only 1 GV/GC can be used per transaction.,"Cannot be clubbed with other discounts, promo codes, or bank offers.",,
Blinkit,maximize,https://www.maximize.money/gift-cards/Blinkit/749,no,no,,,,,no,,,,same denomination only,,,,,,,,,,,,,,,,,
Blinkit Gift Card,gyftr,https://www.gyftr.com/blinkit-gift-card,yes,yes,2.5,2.5,Credit Card: 0.0% | Debit Card: 0.0% | MobiKwik: 0.0% | Net Banking: 0.0% | PAYTM UPI: 2.5% | UPI: 2.5% | e-Pay: 2.5%,3000 / 5000 / 1000 / 2000 / 500 / 250,no,,,,yes,yes,,,yes,yes,,,,,,,,,,,,
Blissclub,buyhatke,https://buyhatke.com/gift-cards/blissclub-gift-card,yes,yes,12.64,12.64,any: 12.64%,1000 / 2000 / 5000,yes,,,,same denomination only,yes,no,,yes,no,yes,,,,,,,,,GV/e-Pay can be clubbed with existing offers on the Blissclub website.,,
Blissclub,gyftr,https://www.gyftr.com/blissclub,yes,yes,17.0,17.0,Amazon Pay: 16.0% | Credit Card: 16.0% | Debit Card: 16.0% | MobiKwik: 16.0% | Net Banking: 16.0% | PAYTM UPI: 17.0% | UPI: 17.0% | e-Pay: 17.0%,2000 / 5000 / 100 / 1000 / 500 / 50,yes,yes,,,yes,yes,yes,unlimited,yes,yes,yes,,,,,,,,Multiple Gift Vouchers CAN be combined & added to the e-Pay balance.,The GV/GC CAN be clubbed with ongoing sales.,,
Blissclub,maximize,https://www.maximize.money/gift-cards/Blissclub/712,yes,yes,18.0,18.0,Amazon pay: 16.0% | Amex: 15.75% | CC on UPI: 15.65% | Credit Card: 16.1% | Debit Card: 16.75% | Diners Club: 15.75% | Pay With Rewards: 14.7% | UPI: 18.0% | Wallets: 15.65%,1000 / 2000 / 5000,yes,,,18.25,same denomination only,yes,no,unlimited,yes,no,yes,,,up to 6 months,,,,,Can the cards be clubbed? Use several gift cards in one purchase,GV/e-Pay can be clubbed with existing offers on the Blissclub website.,,
Blue Tokai Coffe,maximize,https://www.maximize.money/gift-cards/Blue Tokai Coffe/71,yes,yes,13.0,13.0,Amazon pay: 11.0% | Amex: 10.75% | CC on UPI: 10.65% | Credit Card: 11.1% | Debit Card: 11.75% | Diners Club: 10.75% | Pay With Rewards: 9.7% | UPI: 13.0% | Wallets: 10.65%,100 / 250 / 500 / 1000 / 2000,no,yes,,13.5,same denomination only,yes,yes,unlimited,yes,no,no,,,1 year from the date of purchase,,,,,Can the cards be clubbed? Use several gift cards in one purchase,"Can be clubbed with other offers? No, can't club with other offers / coupons",,
Blue Tokai Coffee,buyhatke,https://buyhatke.com/gift-cards/blue-tokai-coffee-gift-card,yes,yes,13.63,13.63,any: 13.63%,100 / 250 / 500 / 1000 / 2000,yes,yes,,,same denomination only,yes,yes,unlimited,yes,no,,,,1 year from date of purchase,normally instant; can be delayed up to 24 - 48 hours,,,,You can add more gift cards if needed.,,,
Bluestone,buyhatke,https://buyhatke.com/gift-cards/bluestone-gift-card,no,no,,,,500 / 1000 / 1500 / 2000,yes,yes,,,same denomination only,yes,yes,3,yes,no,,"plain gold jewellery, Solitaire, preset Solitaires, Diamond Jewellery and Gemstone Jewellery",another Gift Card,6 months from the date of issuance,normally instant; can be delayed up to 24 - 48 hours,,,,Max of 3 Gift Cards can be used in one transaction.,,"Gift card can be redeemed on plain gold jewellery, Solitaire, preset Solitaires, Diamond Jewellery and Gemstone Jewellery.",
BlueStone Diamond,buyhatke,https://buyhatke.com/gift-cards/bluestone-diamond-gift-card,no,no,,,,500 / 1000 / 1500 / 2000,yes,yes,,,same denomination only,yes,yes,unlimited,yes,no,,Diamond Jewellery and Gemstone Jewellery only,Gold coins | Silver coins | Plain Gold & Silver Jewellery | Solitaires | Preset Solitaires,6 months from the date of issuance,normally instant; can be delayed up to 24 - 48 hours,,,,Multiple Gift Card(s) can be used in a single transaction. Gift Card(s) can be combined with any other payment type on www.bluestone.com,,"Gift card can be redeemed ONLY on Diamond Jewellery and Gemstone Jewellery. This gift card is not valid for redemption on Gold coins, Silver coins, Plain Gold & Silver Jewellery, Solitaires and Preset Solitaires.",
BlueStone Diamond,maximize,https://www.maximize.money/gift-cards/BlueStone Diamond/817,yes,yes,6.75,6.75,Amazon pay: 4.75% | Amex: 4.5% | CC on UPI: 4.4% | Credit Card: 4.85% | Debit Card: 5.5% | Diners Club: 4.5% | Pay With Rewards: 3.45% | UPI: 6.75% | Wallets: 4.4%,500 / 2000 / 5000,no,yes,,7.0,same denomination only,yes,yes,unlimited,no,yes,no,Diamond Studded Jewellery or Diamond and Gemstone Jewellery only,Gold coins | Plain Gold Jewellery | Solitaires | Preset Solitaires | another Gift Card,6 months from the date of issuance,,,,,Multiple Gift Card(s) can be used in a single transaction.,"Can be clubbed with other offers? No, can't club with other offers / coupons",Gift card can be redeemed ONLY on Diamond Studded Jewellery or Diamond and Gemstone Jewellery.,
Bluestone Gemstone Studded,buyhatke,https://buyhatke.com/gift-cards/bluestone-gemstone-studded-gift-card,no,no,,,,500 / 1000 / 1500 / 2000,yes,yes,,,same denomination only,yes,yes,unlimited,yes,no,,Gemstone Studded Jewellery only,Gold coins | Silver coins | Solitaires | Preset Solitaires | Diamond Jewellery | plain gold jewellery,6 months from the date of issuance,normally instant; can be delayed up to 24 - 48 hours,,,,Multiple Gift Card(s) can be used in a single transaction. Gift Card(s) can be combined with any other payment type on www.bluestone.com.,,"Gift card can be redeemed on Gemstone Studded Jewellery . This gift card is not valid for redemption on Gold coins, Silver coins, Solitaires , Preset Solitaires, Diamond Jewellery and plain gold jewellery.",
BlueStone Gold,buyhatke,https://buyhatke.com/gift-cards/bluestone-gold-gift-card,no,no,,,,500 / 1000 / 1500 / 2000,yes,yes,,,same denomination only,yes,yes,unlimited,yes,no,,"plain gold jewellery, Gold Coins, Silver Coins, Solitaire, preset Solitaires, Diamond Jewellery and Gemstone Jewellery",another Gift Card,6 months from the date of issuance,normally instant; can be delayed up to 24 - 48 hours,,,,Multiple Gift Card(s) can be used in a single transaction. Gift Card(s) can be combined with any other payment type on www.bluestone.com,,"Gift card can be redeemed on plain gold jewellery, Gold Coins, Silver Coins, Solitaire, preset Solitaires, Diamond Jewellery and Gemstone Jewellery.",
Bo TAi,gyftr,https://www.gyftr.com/bo-tai,yes,yes,15.0,15.0,Amazon Pay: 13.0% | Credit Card: 13.0% | Debit Card: 13.0% | MobiKwik: 13.0% | Net Banking: 13.0% | PAYTM UPI: 15.0% | UPI: 15.0% | e-Pay: 15.0%,10000 / 5000 / 2500 / 7500 / 1000 / 500 / 100,yes,yes,,,yes,no,yes,unlimited,yes,yes,no,,,,,,,,Multiple GVs can be combined and added to the e-Pay balance.,The GV/e-Pay cannot be clubbed with any existing offers.,,
Boat,buyhatke,https://buyhatke.com/gift-cards/boat-gift-card,yes,yes,6.13,6.13,any: 6.13%,500 / 1000 / 1500 / 2000,yes,,,,same denomination only,yes,no,,,,yes,,,1 year from the date of issue,usually instant; may be delayed by 24 - 48 hours,,,,,Gift Cards can be clubbed with selected offers and promotions.,,
Boat,maximize,https://www.maximize.money/gift-cards/Boat/554,yes,yes,7.0,7.0,Amazon pay: 5.0% | Amex: 4.75% | CC on UPI: 4.65% | Credit Card: 5.1% | Debit Card: 5.75% | Diners Club: 4.75% | Pay With Rewards: 3.7% | UPI: 7.0% | Wallets: 4.65%,1000 / 2000 / 5000,yes,,,7.1,same denomination only,yes,no,unlimited,,no,yes,,,1 year from the date of issue,"usually instant, may be delayed by 24-48 hours",,,,Can the cards be clubbed? Use several gift cards in one purchase,Gift Cards can be clubbed with selected offers and promotions.,,
Bobbi Brown,gyftr,https://www.gyftr.com/bobbi-brown,yes,yes,10.0,10.0,Amazon Pay: 8.5% | Credit Card: 8.5% | Debit Card: 8.5% | MobiKwik: 8.5% | Net Banking: 8.5% | PAYTM UPI: 10.0% | UPI: 10.0% | e-Pay: 10.0%,2000 / 1000,no,yes,,,yes,yes,yes,unlimited,yes,,yes,Bobbi Brown brand products only,,,,,,,Multiple Gift Vouchers CAN be used in one bill.,Gift Vouchers CAN be used to buy discounted products.,"This is a Bobbi Brown GV (Gift Voucher)/GC (Gift Card) that can be redeemed only against the purchase of products of Bobbi Brown brand at all Bobbi Brown outlets located within Shoppers Stop store, and standalone Bobbi Brown stores (operated by SSL) within India, and also valid for online shopping at www.shoppersstop.com only for Bobbi Brown products.",
Boditive,buyhatke,https://buyhatke.com/gift-cards/boditive-gift-card,yes,yes,8.39,8.39,any: 8.39%,50 / 100 / 200,yes,,,,same denomination only,yes,no,,,,,,certain apps | location: global store products | other gift cards or vouchers,1 year,,,,,,,,
Boditive,maximize,https://www.maximize.money/gift-cards/Boditive/831,yes,yes,12.75,12.75,Amazon pay: 10.75% | Amex: 10.5% | CC on UPI: 10.4% | Credit Card: 10.85% | Debit Card: 11.5% | Diners Club: 10.5% | Pay With Rewards: 9.45% | UPI: 12.75% | Wallets: 10.4%,100 / 200,yes,,,13.0,same denomination only,yes,no,1,,yes,no,,apps | location: global store items | other gift cards/vouchers,12 months from issue/activation,,,,,Can the cards be clubbed? Multiple cards can't be clubbed,Gift Cards cannot be used to buy other gift cards or prepaid instruments and may not be combined with promotions unless explicitly allowed.,,
Body Craft (Clinic),maximize,https://www.maximize.money/gift-cards/Body Craft (Clinic)/1052,yes,yes,13.25,13.25,Amazon pay: 11.25% | Amex: 11.0% | CC on UPI: 10.9% | Credit Card: 11.35% | Debit Card: 12.0% | Diners Club: 11.0% | Pay With Rewards: 9.95% | UPI: 13.25% | Wallets: 10.9%,1000 / 2000 / 5000 / 10000,yes,yes,,13.5,same denomination only,,yes,unlimited,yes,no,no,Clinic services only,Salon services,6 months from the date of activation,,,,,Multiple Gift Cards can be clubbed together for redemption.,"Cannot be clubbed with discounts, offers, promotions, packages, memberships, or product benefits.",Applicable only for clinic services.,
Body Craft (Salon),maximize,https://www.maximize.money/gift-cards/Body Craft (Salon)/374,yes,yes,13.25,13.25,Amazon pay: 11.25% | Amex: 11.0% | CC on UPI: 10.9% | Credit Card: 11.35% | Debit Card: 12.0% | Diners Club: 11.0% | Pay With Rewards: 9.95% | UPI: 13.25% | Wallets: 10.9%,1000 / 2000 / 5000 / 10000,yes,yes,,13.5,same denomination only,no,yes,unlimited,yes,no,no,,Products | Memberships | Packages,6 months,,,,,Multiple E-gift cards can be clubbed for redemption.,"The E-gift card cannot be clubbed with any other discounts, offers, promos, packages & membership benefits running at Bodycraft",,
Body Craft Clinic,buyhatke,https://buyhatke.com/gift-cards/body-craft-clinic-gift-card,no,no,,,,500 / 1000 / 1500 / 2000,yes,,,,same denomination only,,,,,,,,,,,,,,,,,
Body Craft In Store,buyhatke,https://buyhatke.com/gift-cards/body-craft-(in-store)-gift-card,yes,yes,10.88,10.88,any: 10.88%,500 / 1000 / 2500 / 10000,yes,yes,,,same denomination only,no,yes,unlimited,yes,no,no,,Products | Memberships | Packages,6 months,,,,,Multiple E-gift cards can be clubbed for redemption.,"The E-gift card cannot be clubbed with any other discounts, offers, promos, packages & membership benefits running at Bodycraft",,
BookMyShow,buyhatke,https://buyhatke.com/gift-cards/bookmyshow-gift-card,yes,no,,,,100 / 250 / 500 / 1000,yes,,yes,,same denomination only,yes,no,unlimited,yes,no,,e-tickets for Movies/Virtual Events/Plays/Concerts/Sports/BMS Stream,another Gift Card,6 months,,,,,Multiple Gift Vouchers can be used in a single transaction or Gift Voucher can be combined with any other payment type on BookMyShow.,,Gift Voucher can be redeemed on the purchase of e-tickets for Movies/Virtual Events/Plays/Concerts/Sports/BMS Stream available on BookMyShow.,
BookMyShow,maximize,https://www.maximize.money/gift-cards/BookMyShow/375,yes,yes,4.0,4.0,Amazon pay: 2.0% | Amex: 1.75% | CC on UPI: 1.65% | Credit Card: 2.1% | Debit Card: 2.75% | Diners Club: 1.75% | Pay With Rewards: 0.7% | UPI: 4.0% | Wallets: 1.65%,200 / 500 / 1000 / 2000 / 5000 / 10000,yes,,,4.1,same denomination only,yes,no,unlimited,yes,no,no,e-tickets for Movies/Virtual Events/Plays/Concerts/Sports/BMS Stream,another Gift Card,6 months,,,,,Multiple Gift Vouchers can be used in a single transaction or Gift Voucher can be combined with any other payment type on BookMyShow.,"Can be clubbed with other offers? No, can't club with other offers / coupons",Gift Voucher can be redeemed on the purchase of e-tickets for Movies/Virtual Events/Plays/Concerts/Sports/BMS Stream available on BookMyShow.,
Bottega Veneta Luxe In Store,buyhatke,https://buyhatke.com/gift-cards/bottega-veneta-luxe-(in-store)-gift-card,yes,yes,11.88,11.88,any: 11.88%,1000 / 2000 / 5000 / 10000,yes,yes,,,same denomination only,no,yes,unlimited,,yes,,full-priced merchandise only,location: airport stores,1 year,,,,,This is a one-time use giftcard; multiple cards can be used in 1 transaction,,Luxe Gift Card can only be redeemed against full-priced merchandise,
BOTTEGA VENETA- Luxe Gift Card,gyftr,https://www.gyftr.com/bottega-veneta,yes,no,,10.0,Amazon Pay: 10.0% | Credit Card: 10.0% | Debit Card: 10.0% | MobiKwik: 10.0% | Net Banking: 10.0% | PAYTM UPI: 10.0% | Paytm Wallet: 10.0% | e-Pay: 10.0%,5000 / 2000 / 1000 / 10000,no,yes,,,yes,yes,yes,unlimited,no,yes,no,Full priced merchandise only,location: airport stores,,,,,,Multiple GV/GC can be used for one bill.,Gift Vouchers CANNOT be used during Sale.,The GV/GC can be redeemed only against full priced merchandise.,
Bounce - Luzo Gift Card,gyftr,https://www.gyftr.com/bounce-luzo-gift-card,yes,yes,9.0,9.0,Credit Card: 7.0% | Debit Card: 7.0% | MobiKwik: 7.0% | Net Banking: 7.0% | PAYTM UPI: 9.0% | UPI: 9.0% | e-Pay: 9.0%,5000 / 10000 / 2500 / 500 / 250 / 1500 / 1000,no,,,,yes,yes,,unlimited,yes,no,yes,"Salon, spa and clinic services booked through the Luzo app at partner outlets",,,,,,,Multiple GV/GCs can be added to the Luzo wallet. There is no limit on the number of GV/GCs that can be added.,The GV/GC can be clubbed with existing offers.,"The GV/GC can be used for salon, spa, and clinic services booked through the Luzo app at partner outlets.",
BPCL,buyhatke,https://buyhatke.com/gift-cards/bpcl-gift-card,yes,yes,0.4,0.4,any: 0.4%,50 / 100 / 150 / 200 / 250,yes,yes,,,same denomination only,yes,yes,unlimited,,,,Fuel only,,6 months,,,"Rs. 5,000 per day",20000,There are no restrictions or limits on the number of GV/GCs that can be added to a Smart Drive wallet within a day or month.,,This BPCL Fuel Voucher is valid against the purchase of Fuel only.,
BPCL SmartDrive Fuel,maximize,https://www.maximize.money/gift-cards/BPCL SmartDrive Fuel/631,yes,yes,0.5,0.5,Amazon pay: 0.0% | Amex: 0.0% | CC on UPI: 0.0% | Credit Card: 0.0% | Debit Card: 0.0% | Diners Club: 0.0% | Pay With Rewards: 0.0% | UPI: 0.5% | Wallets: 0.0%,100 / 150 / 200 / 250,no,yes,,0.75,same denomination only,,yes,unlimited,yes,no,no,Fuel only,,up to 3 months,,,"Rs. 6,000 per day and Rs. 20,000 per month from the SmartDrive wallet",,Can the cards be clubbed? Use several gift cards in one purchase,"Can be clubbed with other offers? No, can't club with other offers / coupons",This BPCL Fuel Voucher is valid against the purchase of Fuel only.,
BPCL SmartDrive Fuel e-voucher,gyftr,https://www.gyftr.com/-bpcl-,yes,no,0.0,0.0,Credit Card: 0.0% +fee | Debit Card: 0.0% +fee | MobiKwik: 0.0% | Net Banking: 0.0% | UPI: 0.0%,250 / 1000 / 2000 / 500,no,yes,,,yes,yes,yes,unlimited,yes,,,Fuel only,,,,,"Rs. 5,000 per day and Rs. 20,000 per month from the SmartDrive wallet",,"Multiple GV/GCs can be added to the SmartDrive wallet, and a partial balance can be used from the wallet.",,This GV/GC is valid against the purchase of Fuel only.,
BrainGymJr,buyhatke,https://buyhatke.com/gift-cards/braingymjr-gift-card,yes,yes,12.09,12.09,any: 12.09%,199 / 499 / 799 / 1490,yes,,,,same denomination only,yes,no,,no,yes,no,BrainGymJr Plan subscriptions only,,6 months from the date of issue,,,,,,Cannot be clubbed with any other offer or exchanged for cash/credit,Valid only for BrainGymJr Plan subscriptions on www.BrainGymJr.com or their Android app,
BrainGymJr,gyftr,https://www.gyftr.com/braingymjr,yes,no,0.0,0.0,Amazon Pay: 0.0% | Credit Card: 0.0% | Debit Card: 0.0% | MobiKwik: 0.0% | Net Banking: 0.0% | Payzapp: 0.0% | UPI: 0.0% | e-Pay: 0.0%,199 / 1499 / 799 / 499,no,,,,yes,yes,no,,no,yes,no,A BrainGymJr Plan subscription only,,6 months from its date of issue,,,,,,E-Gift Voucher cannot be clubbed with any other offer.,E-Gift voucher is redeemable on www.BrainGymJr.com or on the BrainGymJr Android Application (bit.ly/BrainGymJr) against a BrainGymJr Plan subscription only,
BrainGymJr Gift Voucher,maximize,https://www.maximize.money/gift-cards/BrainGymJr Gift Voucher/502,yes,yes,13.75,13.75,Amazon pay: 11.75% | Amex: 11.5% | CC on UPI: 11.4% | Credit Card: 11.85% | Debit Card: 12.5% | Diners Club: 11.5% | Pay With Rewards: 10.45% | UPI: 13.75% | Wallets: 11.4%,199 / 499 / 799 / 1499,no,,,14.0,same denomination only,yes,no,1,no,yes,no,BrainGymJr Plan subscriptions only,,6 months from the date of issue,,,,,Can the cards be clubbed? Multiple cards can't be clubbed,Cannot be clubbed with any other offer or exchanged for cash/credit,Valid only for BrainGymJr Plan subscriptions on https://www.BrainGymJr.com or their Android app,
Brooks Brothers -Luxe Gift Card,gyftr,https://www.gyftr.com/luxe-gift-card-brooks-brothers,yes,no,0.0,0.0,Amazon Pay: 0.0% | Credit Card: 0.0% | Debit Card: 0.0% | MobiKwik: 0.0% | Net Banking: 0.0% | Payzapp: 0.0% | UPI: 0.0% | e-Pay: 0.0%,5000 / 2000 / 1000 / 10000,no,yes,,,yes,yes,yes,unlimited,no,yes,no,,location: Airport stores | Merchandise that is not full priced,,,,,,7. Multiple GV/GC can be used for one bill.,11. The GV/GC can be redeemed only against full priced merchandise.,,
Brooks Brothers Luxe,buyhatke,https://buyhatke.com/gift-cards/brooks-brothers-luxe-gift-card,no,no,,,,,no,,,,same denomination only,,,,,,,,,,,,,,,,,
Brooks Brothers Luxe In Store,buyhatke,https://buyhatke.com/gift-cards/brooks-brothers-luxe-(in-store)-gift-card,yes,yes,11.88,11.88,any: 11.88%,1000 / 2000 / 5000 / 10000,yes,yes,,,same denomination only,no,yes,unlimited,,yes,,full-priced merchandise only,location: airport stores,1 year,,,,,This is a one-time use giftcard; multiple cards can be used in 1 transaction,,Luxe Gift Card can only be redeemed against full-priced merchandise,
Brooks Brothers-Luxe,maximize,https://www.maximize.money/gift-cards/Brooks Brothers-Luxe/376,yes,yes,10.0,10.0,Amex: 10.0% | CC on UPI: 10.0% | Credit Card: 10.0% | Debit Card: 10.0% | Diners Club: 10.0% | UPI: 10.0%,2000 / 5000 / 10000,yes,yes,,13.0,same denomination only,yes,yes,unlimited,no,yes,no,full-priced merchandise only,location: airport stores | discounted items,12 months from the date of purchase,,,,,Multiple Luxe Gift Cards can be used in a single transaction.,The Gift Card can be redeemed only on full-priced merchandise and is not applicable on discounted items unless specified otherwise.,The Gift Card can be redeemed only on full-priced merchandise and is not applicable on discounted items unless specified otherwise.,
Bubbles - Luzo Gift Card,gyftr,https://www.gyftr.com/bubbles-luzo-gift-card,yes,yes,9.0,9.0,Credit Card: 7.0% | Debit Card: 7.0% | MobiKwik: 7.0% | Net Banking: 7.0% | PAYTM UPI: 9.0% | UPI: 9.0% | e-Pay: 9.0%,5000 / 10000 / 2500 / 500 / 250 / 1500 / 1000,no,,,,yes,yes,,unlimited,yes,no,yes,"Salon, spa and clinic services booked through the Luzo app at partner outlets",,,,,,,Multiple GV/GCs can be added to the Luzo wallet. There is no limit on the number of GV/GCs that can be added.,The GV/GC can be clubbed with existing offers.,"The GV/GC can be used for salon, spa, and clinic services booked through the Luzo app at partner outlets.",
BuyWithEMI,buyhatke,https://buyhatke.com/gift-cards/buywithemi-gift-card,yes,yes,1.59,1.59,any: 1.59%,2000 / 5000 / 20000 / 50000,yes,yes,,,same denomination only,yes,yes,unlimited,no,yes,,Smartphones only,iPhones,1 year,,,,,Multiple Gift Cards can be used in a single transaction. Gift Cards can be combined with other payment modes.,,This Gift Card is valid only for the purchase of Smartphones. It is not applicable on iPhones.,
BuyWithEMI,maximize,https://www.maximize.money/gift-cards/BuyWithEMI/830,yes,yes,4.0,4.0,Amazon pay: 2.0% | Amex: 1.75% | CC on UPI: 1.65% | Credit Card: 2.1% | Debit Card: 2.75% | Diners Club: 1.75% | Pay With Rewards: 0.7% | UPI: 4.0% | Wallets: 1.65%,5000 / 10000 / 20000 / 50000,yes,yes,,4.15,same denomination only,yes,yes,unlimited,no,yes,no,Smartphone purchases only,iPhones | other gift cards,12 months from first use/activation,,,,,"Multiple Gift Cards can be used in one transaction and can be combined with Net Banking, Credit/Debit Cards, or Cash.","Can be clubbed with other offers? No, can't club with other offers / coupons",Gift Cards are valid only for Smartphone purchases and are NOT applicable for iPhones.,
Cafe Coffee Day,buyhatke,https://buyhatke.com/gift-cards/cafe-coffee-day-gift-card,yes,yes,10.88,10.88,any: 10.88%,100 / 500 / 1000 / 1500 / 2500 / 5000,yes,yes,,,same denomination only,yes,yes,,,,,"Food and Beverage, Merchandise",location: Coffee Day Lounge formats | location: Airport cafes | Corporate cafes | discounted cafes,1 year,,,,,,,"The gift card is valid on Food and Beverage, Merchandise, but not valid on Combos",
Cafe Delhi Heights,gyftr,https://www.gyftr.com/cafe-delhi-heights,yes,yes,8.0,8.0,Credit Card: 6.0% | Debit Card: 6.0% | MobiKwik: 6.0% | Net Banking: 6.0% | PAYTM UPI: 8.0% | Paytm Wallet: 6.0% | UPI: 8.0% | e-Pay: 8.0%,100 / 1000 / 1500 / 500 / 100 / 250,yes,yes,,,yes,,yes,unlimited,yes,,no,,alcoholic beverages,,,,,,Multiple Gift Vouchers can be used in one bill.,"The GV/e-Pay cannot be clubbed with ongoing promotions/Loyalty cards/offers at the outlet and the other properties i.e. (Zomato, Dineout, Easy Diner & others).",,
Cafe Delhi Heights In Store,buyhatke,https://buyhatke.com/gift-cards/cafe-delhi-heights-(in-store)-gift-card,yes,yes,9.89,9.89,any: 9.89%,250 / 500 / 1000 / 1500,yes,yes,,,same denomination only,no,yes,unlimited,yes,no,no,,alcoholic beverages,,,,,,More than one GV/e-Pay can be used in one bill.,"The GV/e-Pay cannot be clubbed with ongoing promotions/Loyalty cards/offers at the outlet and the other properties i.e. (Zomato, Dineout, Easy Diner & others).",,
Cafe Mezzuna,buyhatke,https://buyhatke.com/gift-cards/cafe-mezzuna-gift-card,no,no,,,,500 / 1000 / 1500 / 2000,yes,,,,same denomination only,yes,no,3,yes,no,yes,,BBdaily,1 year,,,,,Maximum 3 vouchers can be in one transaction,All brand funded offers can be clubbed during purchase; but gift card cannot be used on BBdaily,,
CAHOOT,gyftr,https://www.gyftr.com/cahoot,yes,yes,12.0,12.0,Amazon Pay: 12.0% | Credit Card: 12.0% | Debit Card: 12.0% | MobiKwik: 12.0% | Net Banking: 12.0% | PAYTM UPI: 12.0% | Paytm Wallet: 12.0% | UPI: 12.0% | e-Pay: 12.0%,500 / 2000 / 1000,no,,,,yes,yes,no,unlimited,yes,yes,yes,,,,,,,,Multiple Gift Vouchers CAN be combined & added to the e-Pay balance.,The GV/GC CAN be clubbed with ongoing sales.,,
Call it Spring,buyhatke,https://buyhatke.com/gift-cards/call-it-spring-gift-card,yes,yes,12.88,12.88,any: 12.88%,100 / 500 / 2000 / 10000,yes,yes,,,same denomination only,yes,yes,unlimited,yes,no,yes,,,,,,,25000,"Multiple GVs can be clubbed and added to the e-Pay balance. The maximum cumulative GV value that can be added to the e-Pay balance in 30 days is Rs. 25,000.",The GV/e-Pay can be clubbed with the existing offers.,,
Call it Spring,gyftr,https://www.gyftr.com/call-it-spring,yes,yes,10.0,10.0,Amazon Pay: 10.0% | Credit Card: 10.0% | Debit Card: 10.0% | MobiKwik: 10.0% | Net Banking: 10.0% | PAYTM UPI: 10.0% | Paytm Wallet: 10.0% | UPI: 10.0% | e-Pay: 10.0%,7500 / 1500 / 2500 / 2000 / 1000 / 100 / 5000 / 500 / 100 / 10000 / 3000,yes,yes,,,yes,no,yes,unlimited,yes,yes,yes,"Aldo, Charles & Keith, Beverly Hills Polo Club, Inglot, Victoria's Secret, Victoria's Secret Beauty, Bath & Body Works & R&B stores only",,,,,,25000,Multiple Gift Vouchers CAN be combined & added to the e-Pay balance.,Gift Voucher/e-Pay CAN be used during the Sale.,"This is a Call it Spring (GV)/e-Pay that will be accepted at Aldo, Charles & Keith, Beverly Hills Polo Club, Inglot, Victoria’s Secret, Victoria’s Secret Beauty, Bath & Body Works & R&B stores only.",
CALL IT SPRING,maximize,https://www.maximize.money/gift-cards/CALL IT SPRING/310,yes,yes,11.75,11.75,Amazon pay: 9.75% | Amex: 9.5% | CC on UPI: 9.4% | Credit Card: 9.85% | Debit Card: 10.5% | Diners Club: 9.5% | Pay With Rewards: 8.45% | UPI: 11.75% | Wallets: 9.4%,500 / 1000 / 1500 / 2000 / 2500 / 3000 / 5000 / 7500 / 10000,yes,yes,,12.25,same denomination only,no,yes,unlimited,,no,,,,up to 6 months,,,,,Multiple GVs can be clubbed and added to a e-Pay balance.,,,
CALL IT SPRING In Store,buyhatke,https://buyhatke.com/gift-cards/call-it-spring-(in-store)-gift-card,yes,yes,10.82,10.82,any: 10.82%,500 / 1000 / 1500 / 2000 / 2500 / 3000 / 5000 / 7500 / 10000,yes,yes,,,same denomination only,no,yes,unlimited,,,,,,,,,,,Multiple GVs can be clubbed and added to a e-Pay balance.,,,
Campus,buyhatke,https://buyhatke.com/gift-cards/campus-gift-card,yes,yes,11.38,11.38,any: 11.38%,100 / 500 / 2000 / 10000,yes,yes,,,same denomination only,yes,yes,unlimited,,,,,,,,,,,Multiple GV/GCs can be combined and added to the e-Pay balance.,,,
Campus,gyftr,https://www.gyftr.com/campus,yes,yes,14.0,14.0,Amazon Pay: 12.0% | Credit Card: 12.0% | Debit Card: 12.0% | MobiKwik: 12.0% | Net Banking: 12.0% | PAYTM UPI: 14.0% | Paytm Wallet: 9.0% | UPI: 14.0% | e-Pay: 14.0%,500 / 1000 / 100 / 2000 / 100,yes,yes,,,yes,yes,yes,unlimited,yes,yes,,,,,,,,,Multiple GV/GCs can be used against one bill/transaction by adding it to the e-Pay balance.,,,
Campus,maximize,https://www.maximize.money/gift-cards/Campus/263,yes,yes,12.75,12.75,Amazon pay: 10.75% | Amex: 10.5% | CC on UPI: 10.4% | Credit Card: 10.85% | Debit Card: 11.5% | Diners Club: 10.5% | Pay With Rewards: 9.45% | UPI: 12.75% | Wallets: 10.4%,100 / 250 / 500 / 1000 / 2000,yes,yes,,13.0,same denomination only,yes,yes,unlimited,,,,,,6 - 12 months,,,,,Multiple GV/GCs can be combined and added to the e-Pay balance.,,,
Campus In Store,buyhatke,https://buyhatke.com/gift-cards/campus-(in-store)-gift-card,yes,yes,11.16,11.16,any: 11.16%,100 / 250 / 500 / 1000 / 2000,yes,yes,,,same denomination only,no,yes,unlimited,,,,,,,,,,,Multiple GV/GCs can be combined and added to the e-Pay balance.,,,
Campus Sutra,buyhatke,https://buyhatke.com/gift-cards/campus-sutra-gift-card,no,no,,,,500 / 1000 / 1500 / 2000,yes,,,,same denomination only,yes,no,unlimited,,yes,yes,,,,,,,,Multiple vouchers can be used in one bill,Can be combined with other website offers,,
Canali Luxe In Store,buyhatke,https://buyhatke.com/gift-cards/canali-luxe-(in-store)-gift-card,yes,yes,11.88,11.88,any: 11.88%,1000 / 2000 / 5000 / 10000,yes,yes,,,same denomination only,no,yes,unlimited,,yes,,full-priced merchandise only,location: airport stores,1 year,,,,,This is a one-time use giftcard; multiple cards can be used in 1 transaction,,Luxe Gift Card can only be redeemed against full-priced merchandise,
Canali- Luxe Gift Card,gyftr,https://www.gyftr.com/canali--luxe-gift-card,yes,yes,10.0,10.0,Credit Card: 10.0% | Debit Card: 10.0% | Net Banking: 10.0% | PAYTM UPI: 10.0% | UPI: 10.0% | e-Pay: 10.0%,5000 / 2000 / 1000 / 10000,no,yes,,,yes,yes,yes,unlimited,no,yes,no,Full priced merchandise only,location: airport stores,,,,,,Multiple GV/GC can be used for one bill.,Gift Vouchers CANNOT be used during Sale.,The GV/GC can be redeemed only against full priced merchandise.,
Candere Diamond Jewellery,buyhatke,https://buyhatke.com/gift-cards/candere-diamond-jewellery-gift-card,yes,yes,5.84,5.84,any: 5.84%,500 / 1000 / 2000 / 2500 / 5000,yes,,,,same denomination only,yes,no,unlimited,no,yes,yes,Diamond Jewellery on www.candere.com,,,,,,,Multiple GV/GCs can be used against one bill.,The GV/GC can be clubbed with existing sale offers and promotions.,The offer is valid only for the purchase of Diamond Jewellery on www.candere.com.,
Candere Diamond Jewellery,gyftr,https://www.gyftr.com/candere-diamond-jewellery,yes,yes,7.0,7.0,Credit Card: 5.0% | Debit Card: 5.0% | MobiKwik: 5.0% | Net Banking: 5.0% | PAYTM UPI: 7.0% | Paytm Wallet: 5.0% | UPI: 7.0% | e-Pay: 7.0%,100 / 1000 / 500 / 2000 / 5000 / 2500,yes,,,,yes,yes,no,unlimited,no,yes,yes,Diamond Jewellery on www.candere.com only,,between 3 to 6 months,,,,,Multiple GV/GCs can be used against one bill.,The GV/GC can be clubbed with existing sale offers and promotions.,The offer is valid only for the purchase of Diamond Jewellery on www.candere.com.,
Candere Diamond Jewellery,maximize,https://www.maximize.money/gift-cards/Candere Diamond Jewellery/264,yes,yes,7.25,7.25,Amazon pay: 5.25% | Amex: 5.0% | CC on UPI: 4.9% | Credit Card: 5.35% | Debit Card: 6.0% | Diners Club: 5.0% | Pay With Rewards: 3.95% | UPI: 7.25% | Wallets: 4.9%,500 / 1000 / 2000 / 2500 / 5000,no,,,7.5,same denomination only,yes,no,unlimited,no,yes,yes,Diamond Jewellery only,,6 - 12 months,,,,,More than one GV can be used in one bill.,Candere Insta Gift Voucher (GV) / Gift Card can be used during sale/Offers & Promotions.,Candere Diamond Jewellery Insta Gift Voucher (GV) / Gift Card can only be used to purchase Diamond Jewellery.,
Candere Gold Coin,buyhatke,https://buyhatke.com/gift-cards/candere-gold-coin-gift-card,yes,yes,0.74,0.74,any: 0.74%,500 / 1000 / 2000 / 2500 / 5000,yes,,,,same denomination only,yes,no,unlimited,no,yes,yes,Gold Coins only,,,,,,,Multiple GV/GCs can be used against one bill.,The GV/GC can be clubbed with existing sale offers and promotions.,The offer is valid only for the purchase of Gold Coins.,
Candere Gold Coin,gyftr,https://www.gyftr.com/candere-gold-coin,yes,yes,2.0,2.0,Amazon Pay: 0.0% | Credit Card: 0.0% | Debit Card: 0.0% | MobiKwik: 0.0% | Net Banking: 0.0% | PAYTM UPI: 2.0% | UPI: 2.0% | e-Pay: 2.0%,2000 / 500 / 5000 / 2500 / 100 / 1000,yes,,,,yes,yes,no,unlimited,no,yes,yes,Gold Coins only,,,,,,,Multiple GV/GCs can be used against one bill.,The GV/GC can be clubbed with existing sale offers and promotions.,The offer is valid only for the purchase of Gold Coins.,
Candere Gold Coin,maximize,https://www.maximize.money/gift-cards/Candere Gold Coin/265,yes,yes,1.5,1.5,Amazon pay: 0.0% | Amex: 0.0% | CC on UPI: 0.0% | Credit Card: 0.0% | Debit Card: 0.25% | Diners Club: 0.0% | Pay With Rewards: 0.0% | UPI: 1.5% | Wallets: 0.0%,500 / 1000 / 2000 / 2500 / 5000,no,,,1.65,same denomination only,yes,no,unlimited,no,yes,yes,Gold Coins only,,6 - 12 months,,,,,More than one GV can be used in one bill.,Candere Insta Gift Voucher (GV) / Gift Card can be used during sale/Offers & Promotions.,Candere Gold Coin Insta Gift Voucher (GV) / Gift Card can only be used to purchase Gold Coins.,
Candere Gold Jewellery,buyhatke,https://buyhatke.com/gift-cards/candere-gold-jewellery-gift-card,yes,yes,3.17,3.17,any: 3.17%,500 / 1000 / 2000 / 2500 / 5000,yes,,,,same denomination only,yes,no,unlimited,no,yes,yes,Gold Jewellery only,,,,,,,More than one GV can be used in one bill.,Candere Insta Gift Voucher (GV) / Gift Card can be used during sale/Offers & Promotions.,Candere Gold Jewellery Insta Gift Voucher (GV) / Gift Card can only be used to purchase Gold Jewellery.,
Candere Gold Jewellery,gyftr,https://www.gyftr.com/candere-gold-jewellery,yes,yes,3.0,3.0,Credit Card: 2.0% | Debit Card: 2.0% | MobiKwik: 2.0% | Net Banking: 2.0% | PAYTM UPI: 3.0% | Paytm Wallet: 2.0% | UPI: 3.0% | e-Pay: 3.0%,100 / 5000 / 500 / 1000 / 2500 / 2000,yes,,,,yes,yes,no,unlimited,no,yes,yes,Gold Jewellery on www.candere.com only,,,,,,,Multiple GV/GCs can be used against one bill.,The GV/GC can be clubbed with existing sale offers and promotions.,The offer is valid only for the purchase of Gold Jewellery on www.candere.com.,
Candere Gold Jewellery,maximize,https://www.maximize.money/gift-cards/Candere Gold Jewellery/266,yes,yes,3.0,3.0,Amazon pay: 1.0% | Amex: 0.75% | CC on UPI: 0.65% | Credit Card: 1.1% | Debit Card: 1.75% | Diners Club: 0.75% | Pay With Rewards: 0.0% | UPI: 3.0% | Wallets: 0.65%,500 / 1000 / 2000 / 2500 / 5000,no,,,3.25,same denomination only,yes,no,unlimited,no,yes,yes,Gold Jewellery only,,6 - 12 months,,,,,More than one GV can be used in one bill.,Candere Insta Gift Voucher (GV) / Gift Card can be used during sale/Offers & Promotions.,Candere Gold Jewellery Insta Gift Voucher (GV) / Gift Card can only be used to purchase Gold Jewellery.,
CaratLane,buyhatke,https://buyhatke.com/gift-cards/caratlane-gift-card,yes,yes,1.59,1.59,any: 1.59%,500 / 1500 / 5000 / 50000,yes,yes,,,same denomination only,yes,yes,,,,,Diamond Jewellery and Shaya Silver Jewellery,22KT gold jewellery | gold coins | gold chains | loose diamonds,1 year,,,,,,,The gift card is applicable on Diamond Jewellery and Shaya Silver Jewellery.,
Cello,buyhatke,https://buyhatke.com/gift-cards/cello-gift-card,yes,yes,12.38,12.38,any: 12.38%,500 / 1000 / 2000 / 5000 / 10000,yes,,,,same denomination only,yes,no,unlimited,no,yes,,,,,,,,,More than one GV/e-Pay can be used in one bill.,,,
Cello,gyftr,https://www.gyftr.com/cello,yes,yes,13.0,13.0,Amazon Pay: 11.0% | Credit Card: 11.0% | Debit Card: 11.0% | MobiKwik: 11.0% | Net Banking: 11.0% | PAYTM UPI: 13.0% | Paytm Wallet: 11.0% | UPI: 13.0% | e-Pay: 13.0%,2000 / 5000 / 500 / 1000 / 100,yes,,,,yes,yes,no,unlimited,yes,yes,yes,,,,,,,,Multiple Gift Vouchers can be combined & added to the e-Pay balance.,The GV/e-Pay can be clubbed with the existing offers.,,
CGH Earth,buyhatke,https://buyhatke.com/gift-cards/cgh-earth-gift-card,yes,yes,11.16,11.16,any: 11.16%,10000 / 20000 / 100000,yes,yes,,,same denomination only,yes,yes,,yes,no,,room bookings only,Food & Beverages | Ayurveda | any other spends at the property,365 days from the date of issuance,,,,,,,CGH Earth Experience Gift Card balance may be redeemed for spends only towards room bookings on prior reservation basis.,
CGH Earth,maximize,https://www.maximize.money/gift-cards/CGH Earth/894,yes,yes,12.75,12.75,Amazon pay: 10.75% | Amex: 10.5% | CC on UPI: 10.4% | Credit Card: 10.85% | Debit Card: 11.5% | Diners Club: 10.5% | Pay With Rewards: 9.45% | UPI: 12.75% | Wallets: 10.4%,20000 / 50000 / 100000,yes,yes,,13.0,same denomination only,,yes,1,yes,no,no,Room bookings on prior reservation basis only,Food & Beverages | Ayurveda | any other spends at the property,365 days from the date of issuance,,,,,Can the cards be clubbed? Multiple cards can't be clubbed,"Can be clubbed with other offers? No, can't club with other offers / coupons",CGH Earth Experience Gift Card balance may be redeemed for spends only towards room bookings on prior reservation basis.,
CGH Earth In Store,buyhatke,https://buyhatke.com/gift-cards/cgh-earth-(in-store)-gift-card,yes,yes,9.24,9.24,any: 9.24%,10000 / 20000 / 100000,yes,yes,,,same denomination only,no,yes,,yes,no,,room bookings only,Food & Beverages | Ayurveda | any other spends at the property,1 year,,,,,,,CGH Earth Experience Gift Card balance may be redeemed for spending only towards room bookings on a prior reservation basis.,
CHARLES & KEITH,gyftr,https://www.gyftr.com/charles-&-keith,yes,yes,10.0,10.0,Amazon Pay: 10.0% | Credit Card: 10.0% | Debit Card: 10.0% | MobiKwik: 10.0% | Net Banking: 10.0% | PAYTM UPI: 10.0% | Paytm Wallet: 10.0% | UPI: 10.0% | e-Pay: 10.0%,100 / 1500 / 3000 / 500 / 5000 / 1000 / 7500 / 2500 / 100 / 2000 / 10000,yes,yes,,,yes,no,yes,unlimited,yes,yes,yes,"Aldo, Call it Spring, Beverly Hills Polo Club, Inglot, Victoria's Secret, Victoria's Secret Beauty, Bath & Body Works & R&B stores only",,,,,,25000,Multiple Gift Vouchers CAN be combined & added to the e-Pay balance.,Gift Voucher/e-Pay CAN be used during the Sale.,"This is a Charles & Keith (GV)/e-Pay that will be accepted at Aldo, Call it Spring, Beverly Hills Polo Club, Inglot, Victoria’s Secret, Victoria’s Secret Beauty, Bath & Body Works & R&B stores only.",
Charles and Keith,buyhatke,https://buyhatke.com/gift-cards/charles-and-keith-gift-card,yes,yes,10.82,10.82,any: 10.82%,500 / 1000 / 1500 / 2000 / 2500 / 3000 / 5000 / 7500 / 10000,yes,yes,,,same denomination only,no,yes,unlimited,,,,,,,,,,,Multiple GVs can be clubbed and added to a e-Pay balance.,,,
Charles and Keith,maximize,https://www.maximize.money/gift-cards/Charles and Keith/312,yes,yes,11.75,11.75,Amazon pay: 9.75% | Amex: 9.5% | CC on UPI: 9.4% | Credit Card: 9.85% | Debit Card: 10.5% | Diners Club: 9.5% | Pay With Rewards: 8.45% | UPI: 11.75% | Wallets: 9.4%,500 / 1000 / 1500 / 2000 / 2500 / 3000 / 5000 / 7500 / 10000,yes,yes,,12.25,same denomination only,no,yes,unlimited,,no,,,,up to 6 months,,,,,Multiple GVs can be clubbed and added to a e-Pay balance.,,,
CHARLES KEITH,buyhatke,https://buyhatke.com/gift-cards/charles-keith-gift-card,yes,yes,12.88,12.88,any: 12.88%,100 / 500 / 2000 / 10000,yes,yes,,,same denomination only,no,yes,unlimited,yes,no,yes,,,,,,,25000,"Multiple GVs can be clubbed and added to the e-Pay balance. The maximum cumulative GV value that can be added to the e-Pay balance in 30 days is Rs. 25,000.",The GV/e-Pay can be clubbed with the existing offers.,,
CHARLES KEITH In Store,buyhatke,https://buyhatke.com/gift-cards/charles-keith-(in-store)-gift-card,yes,yes,7.55,7.55,any: 7.55%,500 / 1000 / 2000 / 3000 / 5000 / 10000,yes,yes,,,same denomination only,no,yes,unlimited,,,,,,6 months,,,,,Multiple Gift Vouchers CAN be combined & added to the e-Pay balance,,,
Charles Tyrwhitt Luxe In Store,buyhatke,https://buyhatke.com/gift-cards/charles-tyrwhitt-luxe-(in-store)-gift-card,yes,yes,10.95,10.95,any: 10.95%,1000 / 2000 / 10000 / 50000,yes,yes,,,same denomination only,no,yes,unlimited,,yes,,full-priced merchandise only,location: airport stores,1 year,,,,,This is a one-time use giftcard; multiple cards can be used in 1 transaction,,Luxe Gift Card can only be redeemed against full-priced merchandise,
CHARLES TYRWHITT- Luxe Gift Card,gyftr,https://www.gyftr.com/charles-tyrwitt,yes,yes,10.0,10.0,Credit Card: 10.0% | Debit Card: 10.0% | Net Banking: 10.0% | PAYTM UPI: 10.0% | UPI: 10.0% | e-Pay: 10.0%,5000 / 2000 / 1000 / 10000,no,yes,,,yes,,yes,unlimited,,yes,no,,,,,,,,Multiple Gift Vouchers CAN be used in one bill.,Gift Vouchers CANNOT be used during Sale.,,
Chemist At Play,buyhatke,https://buyhatke.com/gift-cards/chemist-at-play-gift-card,no,no,,,,500 / 1000 / 1500 / 2000,yes,,,,same denomination only,yes,no,,yes,,no,,,,,,,,,The GV/GC cannot be clubbed with ongoing offers and promotions.,,
Chicago Pizza,gyftr,https://www.gyftr.com/chicago-pizza,no,no,0.0,0.0,Amazon Pay: 0.0% | Credit Card: 0.0% | Debit Card: 0.0% | MobiKwik: 0.0% | Net Banking: 0.0% | Payzapp: 0.0% | UPI: 0.0% | e-Pay: 0.0%,,no,yes,,,yes,,yes,1,no,yes,yes,Takeaway/Dine in only,Food Courts,,,,,,Only One GC can be used in one bill/transaction.,Chicago Pizza GC can be clubbed with any one of the existing offers at the outlets. Only valid on Takeaway/Dine in.,Chicago Pizza GC can be clubbed with any one of the existing offers at the outlets. Only valid on Takeaway/Dine in.,
Chicago Pizza In Store,buyhatke,https://buyhatke.com/gift-cards/chicago-pizza-(in-store)-gift-card,yes,yes,13.88,13.88,any: 13.88%,250 / 500 / 1000 / 2000 / 5000,yes,yes,,,same denomination only,no,yes,,,,yes,Takeaway/Dine in only,Food Courts,6 months,,,,,,GC can be clubbed with any one of the existing offers at the outlets. Only valid on Takeaway/Dine in,GC can be clubbed with any one of the existing offers at the outlets. Only valid on Takeaway/Dine in,
Chicco,buyhatke,https://buyhatke.com/gift-cards/chicco-gift-card,yes,yes,10.09,10.09,any: 10.09%,500 / 1500 / 5000 / 15000,yes,yes,,,same denomination only,yes,yes,,yes,no,,,another gift card,1 year,,,,,,,,
Chumbak,gyftr,https://www.gyftr.com/chumbak,yes,yes,13.0,13.0,Credit Card: 11.0% | Debit Card: 11.0% | MobiKwik: 11.0% | Net Banking: 11.0% | PAYTM UPI: 13.0% | Paytm Wallet: 11.0% | UPI: 13.0% | e-Pay: 13.0%,500 / 2000 / 250 / 1000 / 100,yes,yes,,,yes,,yes,unlimited,yes,,yes,,,3 - 12 months,,,,,Multiple vouchers can be used against one bill.,The GV/e-Pay can be clubbed with the existing offers.,,
Chumbak,maximize,https://www.maximize.money/gift-cards/Chumbak/239,yes,yes,13.0,13.0,Amazon pay: 11.0% | Amex: 10.75% | CC on UPI: 10.65% | Credit Card: 11.1% | Debit Card: 11.75% | Diners Club: 10.75% | Pay With Rewards: 9.7% | UPI: 13.0% | Wallets: 10.65%,250 / 500 / 1000 / 1500 / 2000,no,yes,,13.25,same denomination only,,yes,unlimited,,yes,no,,Redemption during EOSS,up to 12 months,,,,,Multiple vouchers can be used against one bill.,"Can be clubbed with other offers? No, can't club with other offers / coupons",,
Chumbak In Store,buyhatke,https://buyhatke.com/gift-cards/chumbak-(in-store)-gift-card,yes,yes,10.88,10.88,any: 10.88%,100 / 250 / 500 / 1000 / 1500 / 2000,yes,yes,,,same denomination only,no,yes,unlimited,yes,no,,,Box Office | cinema halls | venues,6 months,,,,,Multiple cards can be used in 1 transaction,,,
Chunmun In Store,buyhatke,https://buyhatke.com/gift-cards/chunmun-(in-store)-gift-card,yes,yes,3.93,3.93,any: 3.93%,1500 / 2500 / 4000 / 5000 / 7500 / 10000,yes,yes,,,same denomination only,no,yes,,,yes,no,Garments & Gifts only,,6 months from the date of issue,,,,,,Cannot be clubbed with any other scheme or offer,Valid on purchase of Garments & Gifts only,
Cinepolis,buyhatke,https://buyhatke.com/gift-cards/cinepolis-gift-card,yes,yes,10.88,10.88,any: 10.88%,100 / 200 / 500 / 1000 / 1500 / 2000 / 2500 / 3000 / 5000,yes,,,,same denomination only,yes,no,,,,,,,,"normally instant, up to 24 hours if delayed",,,,,,,
Cinepolis,gyftr,https://www.gyftr.com/cinepolis,yes,yes,14.0,14.0,Credit Card: 12.0% | Debit Card: 12.0% | MobiKwik: 12.0% | Net Banking: 12.0% | PAYTM UPI: 14.0% | UPI: 14.0% | e-Pay: 14.0%,2000 / 1000 / 500,no,,,,yes,yes,no,unlimited,yes,yes,yes,,,,,,,,Multiple GVs can be combined and added to the e-Pay balance,The GV/e-Pay can be clubbed with existing offers.,,
Cinepolis,maximize,https://www.maximize.money/gift-cards/Cinepolis/570,yes,yes,25.0,25.0,Amazon pay: 23.0% | Amex: 22.75% | CC on UPI: 22.65% | Credit Card: 23.1% | Debit Card: 23.75% | Diners Club: 22.75% | Pay With Rewards: 21.7% | UPI: 25.0% | Wallets: 22.65%,200 / 500 / 1000 / 2000 / 5000,yes,,,25.25,same denomination only,yes,no,1,,no,no,Movie ticket bookings only,,up to 12 months,,,,,Only one Gift Card can be used per transaction.,"Can be clubbed with other offers? No, can't club with other offers / coupons",Valid only for movie ticket bookings.,
Citizen Watches,buyhatke,https://buyhatke.com/gift-cards/citizen-watches-gift-card,yes,yes,13.88,13.88,any: 13.88%,5000 / 10000 / 15000 / 20000,yes,,,,same denomination only,yes,no,,yes,no,yes,,,,,,,,,The GV/e-Pay can be clubbed with the existing offers.,,
Citizen Watches,gyftr,https://www.gyftr.com/citizen-watches,yes,yes,15.0,15.0,Amazon Pay: 13.0% | Credit Card: 13.0% | Debit Card: 13.0% | MobiKwik: 13.0% | Net Banking: 13.0% | PAYTM UPI: 15.0% | Paytm Wallet: 13.0% | UPI: 15.0% | e-Pay: 15.0%,1000 / 10000 / 500 / 2000 / 5000 / 100,yes,,,,yes,yes,no,unlimited,yes,yes,yes,,,,,,,,Multiple Gift Vouchers can be combined & added to the e-Pay balance,The GV/GC can be used over and above any discounts.,,
Citizen Watches,maximize,https://www.maximize.money/gift-cards/Citizen Watches/792,yes,yes,14.0,14.0,Amazon pay: 12.0% | Amex: 11.75% | CC on UPI: 11.65% | Credit Card: 12.1% | Debit Card: 12.75% | Diners Club: 11.75% | Pay With Rewards: 10.7% | UPI: 14.0% | Wallets: 11.65%,200 / 500 / 1000 / 2000 / 5000 / 10000,yes,,,14.5,same denomination only,yes,no,unlimited,yes,no,yes,,,up to 6 months from purchase,,,,,Can the cards be clubbed? Use several gift cards in one purchase,The GV/e-Pay can be clubbed with existing offers.,,
CLAYCO,buyhatke,https://buyhatke.com/gift-cards/clayco-gift-card,yes,yes,16.77,16.77,any: 16.77%,500 / 1000 / 2000,yes,,,,same denomination only,yes,no,,yes,no,yes,,,,,,,,,The GV/e-Pay can be clubbed with the existing offers.,,
CLAYCO,gyftr,https://www.gyftr.com/clayco,yes,yes,22.0,22.0,Amazon Pay: 20.0% | Credit Card: 20.0% | Debit Card: 20.0% | MobiKwik: 20.0% | Net Banking: 20.0% | PAYTM UPI: 22.0% | Paytm Wallet: 20.0% | UPI: 22.0% | e-Pay: 22.0%,500 / 2000 / 1000,no,,,,yes,yes,no,unlimited,yes,yes,yes,,,,,,,,Multiple gift vouchers can be combined and added to the e-Pay balance,GV/e-Pay can be clubbed with existing offers.,,
Cleartax,buyhatke,https://buyhatke.com/gift-cards/cleartax-gift-card,yes,yes,50.77,50.77,any: 50.77%,7490 / 13920 / 19940 / 73750,yes,,,,same denomination only,yes,no,1,no,yes,no,eligible ClearTax plan pages,,,,,,,Only one GV/GC can be used in a single transaction.,"The GV/GC cannot be combined with other discounts, promotions, or offers available on the ClearTax website.","To apply a GV/GC code, visit ClearTax’s eligible plan pages and paste the voucher code in the coupon field:",
Cleartax,gyftr,https://www.gyftr.com/cleartax,yes,yes,72.0,72.0,Credit Card: 70.0% | Debit Card: 70.0% | MobiKwik: 70.0% | Net Banking: 70.0% | PAYTM UPI: 72.0% | Paytm Wallet: 70.0% | UPI: 72.0%,9998 / 15498 / 6123,no,,,,yes,yes,no,1,no,yes,no,ClearTax eligible plan offerings listed on the GyFTR website (Assisted Filing plans),,,,,,,Only one GV/GC can be used in one transaction.,GV/GC can’t be clubbed with ongoing promotions & offers.,"To apply a GV/GC code, visit ClearTax's eligible plan offerings page listed on the GyFTR website.",
Cleartax,maximize,https://www.maximize.money/gift-cards/Cleartax/302,yes,yes,50.0,50.0,Amazon pay: 48.0% | Amex: 47.75% | CC on UPI: 47.65% | Credit Card: 48.1% | Debit Card: 48.75% | Diners Club: 47.75% | Pay With Rewards: 46.7% | UPI: 50.0% | Wallets: 47.65%,7492 / 13923 / 19941 / 73750,no,,,54.75,same denomination only,yes,no,1,no,yes,no,,,up to 6 months,,,,,Only one GV/GC can be used in a single transaction.,"The GV/GC cannot be combined with other discounts, promotions, or offers available on the ClearTax website.",,
Cleartrip,buyhatke,https://buyhatke.com/gift-cards/cleartrip-gift-card,yes,yes,6.27,6.27,any: 6.27%,500 / 1500 / 5000 / 50000,yes,,,,same denomination only,yes,no,15,,,no,,Bus | Rail | Homestays | VISA | convenience fee,1 year,,,,,"Up to 15 gift cards can be used in a single transaction but Gift card is not valid on Bus, Rail, Homestays, VISA and convenience fee","Gift Cards cannot be clubbed with any other offer, including but not limited to cashback, discounts, etc., on a particular credit/debit card",,
Cleartrip,gyftr,https://www.gyftr.com/cleartrip-generic,yes,yes,6.5,6.5,Credit Card: 4.0% | Debit Card: 4.0% | Net Banking: 4.0% | PAYTM UPI: 6.5% | Paytm Wallet: 4.0% | UPI: 6.5% | e-Pay: 5.5%,7500 / 2000 / 5000 / 1000,no,,,,yes,yes,,15,yes,no,no,Flights and Hotels bookings,,,,,,,You can combine a maximum of 15 Gift Cards in a single booking for Hotels / Flights booking.,"GV/GC cannot be clubbed with any other offer including but not limited to cashback, discounts, etc on a particular credit/debit card.",You can use your Cleartrip Gift Card to book flights and hotels across India and abroad.,
Cleartrip,maximize,https://www.maximize.money/gift-cards/Cleartrip/377,yes,yes,6.75,6.75,Amex: 4.5% | CC on UPI: 4.4% | Credit Card: 4.85% | Debit Card: 5.5% | Diners Club: 4.5% | UPI: 6.75%,500 / 1000 / 1500 / 2000 / 2500 / 3000 / 5000 / 7500,yes,,,6.9,same denomination only,yes,no,15,yes,no,no,Flight bookings only,other Gift Cards,12 months from the date of issuance,,,,,A maximum of 15 Gift Cards can be combined in a single booking for Hotels/Flights.,"Gift Cards cannot be combined with any other offers including cashback, discounts, etc. on a particular credit/debit card.",The Gift Cards can be redeemed online against bookings of Flights on,
Cleartrip Hotel,gyftr,https://www.gyftr.com/cleartrip-hotel,yes,yes,7.0,7.0,Credit Card: 5.0% | Debit Card: 5.0% | Net Banking: 5.0% | PAYTM UPI: 7.0% | UPI: 7.0% | e-Pay: 7.0%,1000 / 5000 / 2000 / 7500 / 10000,no,,,,yes,yes,no,15,yes,no,no,Hotel bookings only,Flights | Holiday Packages,typically between 3-12 months,,,,,You can combine a maximum of 15 Gift Cards in a single booking for Hotel bookings.,"GV/GC cannot be clubbed with any other offer, including but not limited to cashback, discounts, etc., on a particular credit/debit card.",The GV/GC CANNOT be used on Flights and Holiday Packages.,
ClearTrip Hotels,buyhatke,https://buyhatke.com/gift-cards/cleartrip-hotels-gift-card,yes,yes,14.34,14.34,any: 14.34%,1000 / 2000 / 5000 / 7500,yes,,,,same denomination only,yes,no,15,,,,,,,,,,,Maximum 15 vouchers can be in one transaction,,,
Cleartrip Hotels (Custom),maximize,https://www.maximize.money/gift-cards/Cleartrip Hotels (Custom)/227,yes,yes,7.0,7.0,Amex: 4.75% | CC on UPI: 4.65% | Credit Card: 5.1% | Debit Card: 5.75% | Diners Club: 4.75% | UPI: 7.0%,500 / 1000 / 1500 / 2000 / 2500 / 3000 / 5000,yes,,,7.25,same denomination only,yes,no,15,yes,no,no,Hotel bookings only,other Gift Cards,12 months from the date of issuance,,,,,You can combine a maximum of 15 Gift Cards in a single booking for Hotels booking.,"Gift Cards cannot be clubbed with any other offer including but not limited to cashbacks, discounts etc. on a particular credit/debit card.",The Gift Cards can be redeemed online against bookings of Hotels as applicable on https://www.cleartrip.com,
Cloud tailor,buyhatke,https://buyhatke.com/gift-cards/cloud-tailor-gift-card,yes,yes,7.39,7.39,any: 7.39%,500 / 1500 / 5000 / 50000,yes,,,,same denomination only,yes,no,5,,,,,,1 year,,,,,A maximum of five gift cards can be redeemed against one single invoice,,,
Clovia,buyhatke,https://buyhatke.com/gift-cards/clovia-gift-card,no,no,,,,500 / 1000 / 1500 / 2000,yes,,,,same denomination only,yes,no,1,no,yes,yes,,,1 year,,,,,Gift Vouchers can be clubbed with ongoing offers but Only 1 gift card can be used in one bill,Gift Vouchers can be clubbed with ongoing offers but Only 1 gift card can be used in one bill,,
Clovia,gyftr,https://www.gyftr.com/clovia,no,no,10.0,10.0,Amazon Pay: 9.0% | Credit Card: 9.0% | Debit Card: 9.0% | MobiKwik: 9.0% | Net Banking: 9.0% | PAYTM UPI: 10.0% | Paytm Wallet: 9.0% | UPI: 10.0%,,no,,,,yes,yes,,1,,,yes,,,,,,,,Only 1 GV/GC can be used in one bill.,Gift Vouchers CAN be clubbed with ongoing offers.,,
Coach Luxe,buyhatke,https://buyhatke.com/gift-cards/coach-luxe-gift-card,yes,yes,11.67,11.67,any: 11.67%,1000 / 2000 / 5000 / 10000,yes,yes,,,same denomination only,yes,yes,unlimited,no,yes,,full-priced merchandise only,location: airport stores,12 months from the date of purchase,,,,,Multiple Luxe Gift Cards can be used in a single transaction.,,Can be redeemed only against full-priced merchandise.,
Coach luxe In Store,buyhatke,https://buyhatke.com/gift-cards/coach-luxe-(in-store)-gift-card,no,no,,,,500 / 1000 / 1500 / 2000,yes,yes,,,same denomination only,yes,yes,unlimited,no,yes,,full-priced merchandise only,location: airport stores,12 months from the date of purchase,,,,,Multiple Luxe Gift Cards can be used in a single transaction.,,The Gift Card can be redeemed only on full-priced merchandise and is not applicable on discounted items unless specified otherwise.,
Coach-Luxe Gift Card,gyftr,https://www.gyftr.com/luxe-gift-card-coach,yes,no,0.0,0.0,Amazon Pay: 0.0% | Credit Card: 0.0% | Debit Card: 0.0% | MobiKwik: 0.0% | Net Banking: 0.0% | Payzapp: 0.0% | UPI: 0.0% | e-Pay: 0.0%,5000 / 2000 / 1000,no,yes,,,yes,,yes,unlimited,no,yes,no,,location: Airport stores | Merchandise that is not full priced,,,,,,7. Multiple GV/GC can be used for one bill.,11. The GV/GC can be redeemed only against full priced merchandise.,,
ColorPlus,gyftr,https://www.gyftr.com/colorplus,yes,yes,10.0,10.0,Amazon Pay: 9.0% | Credit Card: 9.0% | Debit Card: 9.0% | MobiKwik: 9.0% | Net Banking: 9.0% | PAYTM UPI: 10.0% | Paytm Wallet: 9.0% | UPI: 10.0% | e-Pay: 10.0%,500 / 2500 / 3000 / 5000 / 7500 / 10000 / 1000 / 2000 / 100 / 1500,yes,yes,,,yes,no,yes,unlimited,yes,,,ready-made products only,discounted products during EOSS | Custom Tailoring bills,,,,,,More than one GV / GC can be used in one bill.,,The ColorPlus GV / GC can only be used to purchase ready-made products.,
ColorPlus,maximize,https://www.maximize.money/gift-cards/ColorPlus/325,yes,yes,10.75,10.75,Amazon pay: 8.75% | Amex: 8.5% | CC on UPI: 8.4% | Credit Card: 8.85% | Debit Card: 9.5% | Diners Club: 8.5% | Pay With Rewards: 7.45% | UPI: 10.75% | Wallets: 8.4%,500 / 1000 / 1500 / 2000 / 2500 / 3000 / 5000 / 7500 / 10000,no,yes,,11.0,same denomination only,,yes,unlimited,yes,no,no,Ready-made products only,Custom Tailoring bills | discounted products during EOSS,6 - 12 months,,,,,More than one GV / GC can be used in one bill.,"GV/e-Pay can be used during the End of Season Sale (EOSS), but they cannot be applied to discounted products during the sale.",The ColorPlus GV / GC can only be used to purchase ready-made products.,
ColorPlus In Store,buyhatke,https://buyhatke.com/gift-cards/colorplus-(in-store)-gift-card,yes,yes,10.23,10.23,any: 10.23%,500 / 1000 / 1500 / 2000 / 2500 / 3000 / 5000 / 7500 / 10000,yes,yes,,,same denomination only,no,yes,unlimited,yes,no,no,ready-made products only,Custom Tailoring bills | discounted products during the sale,,,,,,More than one GV / GC can be used in one bill.,"GV/e-Pay can be used during the End of Season Sale (EOSS), but they cannot be applied to discounted products during the sale.",The ColorPlus GV / GC can only be used to purchase ready-made products.,
Columbia Sportswear,gyftr,https://www.gyftr.com/columbia-sportswear,yes,yes,13.0,13.0,Amazon Pay: 11.0% | Credit Card: 11.0% | Debit Card: 11.0% | MobiKwik: 11.0% | Net Banking: 11.0% | PAYTM UPI: 13.0% | Payzapp: 11.0% | UPI: 13.0% | e-Pay: 13.0%,2000 / 5000 / 10000 / 500 / 100 / 1000,yes,yes,,,yes,no,yes,unlimited,yes,yes,yes,,,,,,,,Multiple GV/GCs can be combined and added to the e-Pay balance,The GV/e-Pay can be clubbed with any one of the existing offers.,,
Columbia Sportswear,maximize,https://www.maximize.money/gift-cards/Columbia Sportswear/1016,yes,yes,12.75,12.75,Amazon pay: 10.75% | Amex: 10.5% | CC on UPI: 10.4% | Credit Card: 10.85% | Debit Card: 11.5% | Diners Club: 10.5% | Pay With Rewards: 9.45% | UPI: 12.75% | Wallets: 10.4%,200 / 500 / 1000 / 2000 / 5000 / 10000,yes,yes,,13.0,same denomination only,no,yes,unlimited,yes,no,yes,,,up to 6 months from purchase,,,,,Multiple GV/GCs can be combined and added to the e-Pay balance.,The GV/e-Pay can be clubbed with any one of the existing offers.,,
Cordelia,gyftr,https://www.gyftr.com/cordelia,yes,yes,13.0,13.0,Amazon Pay: 11.0% | Credit Card: 11.0% | Debit Card: 11.0% | MobiKwik: 11.0% | Net Banking: 11.0% | PAYTM UPI: 13.0% | UPI: 13.0% | e-Pay: 13.0%,1000 / 10000 / 5000 / 7500 / 2500 / 100 / 3000,yes,,,,yes,yes,no,unlimited,yes,no,yes,New cruise bookings made on the Cordelia Cruises website or mobile app only,"Bookings made through travel agents, offline channels, the Cordelia Cruises call centre, Holiday Cruise experts, or any other third-party platforms | Existing or already confirmed bookings",,,,,,Multiple GV/e-Pay can be used in one booking. There is no limit on the number of GV/e-Pay that can be combined in a single booking.,The GV/e-Pay can be clubbed with the existing offers.,The GV/e-Pay can be used only for new bookings made through the Cordelia Cruises website or mobile app.,
Cordelia Cruises,maximize,https://www.maximize.money/gift-cards/Cordelia Cruises/1055,yes,yes,13.0,13.0,Amazon pay: 11.0% | Amex: 10.75% | CC on UPI: 10.65% | Credit Card: 11.1% | Debit Card: 11.75% | Diners Club: 10.75% | Pay With Rewards: 9.7% | UPI: 13.0% | Wallets: 10.65%,200 / 500 / 1000 / 2000 / 5000 / 10000,yes,,,13.25,same denomination only,yes,no,unlimited,yes,no,yes,,,up to 6 months from purchase,,,,,Multiple Gift Vouchers can be combined into a single e-Pay balance.,The voucher can be used along with discounts available on the Cordelia website.,,
Corseca,buyhatke,https://buyhatke.com/gift-cards/corseca-gift-card,no,no,,,,500 / 1000 / 1500 / 2000,yes,,,,same denomination only,yes,no,1,no,yes,no,,,6 months,,,,,Only 1 Gift Voucher can be used in one transaction/order,Vouchers cannot be clubbed with any other coupon or voucher,,
Cosmopolitan India,maximize,https://www.maximize.money/gift-cards/Cosmopolitan India/835,yes,yes,39.75,39.75,Amazon pay: 37.75% | Amex: 37.5% | CC on UPI: 37.4% | Credit Card: 37.85% | Debit Card: 38.5% | Diners Club: 37.5% | Pay With Rewards: 36.45% | UPI: 39.75% | Wallets: 37.4%,1800,no,,,41.0,same denomination only,yes,no,1,,yes,no,,,up to 6 months from purchase,,,,,Can the cards be clubbed? Multiple cards can't be clubbed,"Can be clubbed with other offers? No, can't club with other offers / coupons",,
Cosmus,buyhatke,https://buyhatke.com/gift-cards/cosmus-gift-card,yes,yes,10.88,10.88,any: 10.88%,500 / 1000 / 2000 / 5000,yes,,,,same denomination only,yes,no,1,no,yes,yes,,,6 months,,,,,Multiple E-Vouchers cannot be clubbed with single retail billing,E-Voucher can be extended clubbed with any other card/vouchers/offers,,
Costa Coffee,gyftr,https://www.gyftr.com/costa-coffee,yes,yes,3.0,3.0,Amazon Pay: 1.0% | Credit Card: 1.0% | Debit Card: 1.0% | MobiKwik: 1.0% | Net Banking: 1.0% | PAYTM UPI: 3.0% | Paytm Wallet: 1.0% | UPI: 3.0% | e-Pay: 3.0%,500 / 100 / 250,no,yes,,,yes,no,yes,unlimited,no,yes,,,,,,,,,More than one GV / GC can be used in one bill.,,,
Costa Coffee,maximize,https://www.maximize.money/gift-cards/Costa Coffee/1038,yes,yes,8.0,8.0,Amazon pay: 6.0% | Amex: 5.75% | CC on UPI: 5.65% | Credit Card: 6.1% | Debit Card: 6.75% | Diners Club: 5.75% | Pay With Rewards: 4.7% | UPI: 8.0% | Wallets: 5.65%,250 / 500 / 1000 / 2000 / 2500,no,yes,,8.25,same denomination only,,yes,unlimited,no,yes,no,,,6 months from the date of issue,,,,,More than one E-Gift Card can be used in one bill in stores.,"Can be clubbed with other offers? No, can't club with other offers / coupons",,
Costa Coffee In Store,buyhatke,https://buyhatke.com/gift-cards/costa-coffee-(in-store)-gift-card,yes,yes,0.88,0.88,any: 0.88%,100 / 250 / 500 / 1000 / 2000 / 2500,yes,yes,,,same denomination only,no,yes,unlimited,no,yes,,,,6 months,,,,,Multiple Gift Vouchers can be used in one bill,,,
Credit Masterclass,buyhatke,https://buyhatke.com/gift-cards/credit-masterclass-gift-card,no,no,,,,500 / 1000 / 1500 / 2000,yes,,,,same denomination only,yes,no,,,,,,,1 year,,,,,,,,
Croma,buyhatke,https://buyhatke.com/gift-cards/croma-gift-card,yes,yes,2.08,2.08,any: 2.08%,1000 / 2000 / 5000 / 10000,yes,yes,,,same denomination only,yes,yes,5,no,yes,,,,,,,,,Maximum 5 GV/GCs can be used in a single invoice on Croma.com.,,,
Croma,gyftr,https://www.gyftr.com/croma,yes,yes,3.0,3.0,Credit Card: 1.0% | Debit Card: 1.0% | MobiKwik: 1.0% | Net Banking: 1.0% | PAYTM UPI: 3.0% | Paytm Wallet: 1.0% | UPI: 3.0% | e-Pay: 3.0%,5000 / 100 / 3000 / 10000 / 500 / 1000 / 2000,yes,yes,,,yes,yes,yes,5,no,yes,yes,,,,,,,,Maximum 5 vouchers can be used in one bill on Croma website.,The GV/GC can be clubbed with the existing offers.,,
Croma,maximize,https://www.maximize.money/gift-cards/Croma/873,yes,yes,3.0,3.0,Amazon pay: 1.0% | Amex: 0.75% | CC on UPI: 0.65% | Credit Card: 1.1% | Debit Card: 1.75% | Diners Club: 0.75% | Pay With Rewards: 0.0% | UPI: 3.0% | Wallets: 0.65%,1000 / 2000 / 5000 / 10000,no,yes,,3.1,same denomination only,yes,yes,5,no,yes,yes,,,up to 6 months,,,,,Maximum 5 GV/GCs can be used in a single invoice on Croma.com.,"Can be clubbed with other offers? Yes, clubbable with other offers / coupons",,
Croma (Custom),maximize,https://www.maximize.money/gift-cards/Croma (Custom)/220,yes,yes,2.5,2.5,Amazon pay: 0.5% | Amex: 0.25% | CC on UPI: 0.15% | Credit Card: 0.6% | Debit Card: 1.25% | Diners Club: 0.25% | Pay With Rewards: 0.0% | UPI: 2.5% | Wallets: 0.15%,500 / 2000 / 2500 / 5000 / 10000,yes,yes,,2.75,same denomination only,yes,yes,5,no,yes,no,,,365 days from the date of issuance,,,,,Only 5 Croma EGV can be redeem on Single Invoice on Croma.com.,"Can be clubbed with other offers? No, can't club with other offers / coupons",,
Crossword,buyhatke,https://buyhatke.com/gift-cards/crossword-gift-card,yes,yes,6.38,6.38,any: 6.38%,100 / 450 / 1000 / 2000,yes,,,,same denomination only,yes,no,unlimited,yes,no,yes,,fine jewellery | silver | gold coins | delivery fee | platform fee,1 year,,,,,Multiple gift cards can be clubbed to make a purchase and gift card can be used to make multiple purchases,All Brand funded offers can be clubbed during the purchase but delivery and platform fee cant be paid through gift card,,
Crossword,gyftr,https://www.gyftr.com/crossword,yes,yes,8.0,8.0,Amazon Pay: 7.0% | Credit Card: 7.0% | Debit Card: 7.0% | MobiKwik: 7.0% | Net Banking: 7.0% | PAYTM UPI: 8.0% | Paytm Wallet: 7.0% | UPI: 8.0% | e-Pay: 8.0%,1000 / 2000 / 250 / 500 / 250,yes,,,,yes,yes,no,unlimited,yes,yes,yes,,,,,,,,Multiple gift vouchers can be combined and added to the e-Pay balance,GV/e-Pay can be clubbed with existing offers.,,
Crossword,maximize,https://www.maximize.money/gift-cards/Crossword/770,yes,yes,8.25,8.25,Amazon pay: 6.25% | Amex: 6.0% | CC on UPI: 5.9% | Credit Card: 6.35% | Debit Card: 7.0% | Diners Club: 6.0% | Pay With Rewards: 4.95% | UPI: 8.25% | Wallets: 5.9%,500 / 1000 / 2000,yes,yes,,8.5,same denomination only,yes,yes,unlimited,,no,no,,location: Crossword Franchisee Stores | home delivery payments,12 months from the date of activation,,,,,Can the cards be clubbed? Use several gift cards in one purchase,"Can be clubbed with other offers? No, can't club with other offers / coupons",,Single Use=yes
Cult,maximize,https://www.maximize.money/gift-cards/Cult/378,yes,no,0.0,0.0,Amex: 0.0% | CC on UPI: 0.0% | Credit Card: 0.0% | Debit Card: 0.0% | Diners Club: 0.0% | UPI: 0.0%,200 / 500 / 1000 / 2000 / 5000 / 10000,yes,,,8.75,same denomination only,yes,no,unlimited,yes,no,no,Cult fitness services (memberships) only,location: Cult Store products | Cult Sport products,1 year from the date of purchase,"generally instant, may take up to 24 hours",,,,Can the cards be clubbed? Use several gift cards in one purchase,"Can be clubbed with other offers? No, can't club with other offers / coupons","GCs/GVs are applicable only for Cult fitness services (memberships) and cannot be used for any products on the Cult Store (app, website, or physical stores).",
Cult Gift Card,gyftr,https://www.gyftr.com/cult-gift-card,yes,yes,2.0,2.0,Credit Card: 2.0% | Debit Card: 2.0% | Net Banking: 2.0% | PAYTM UPI: 2.0% | Paytm Wallet: 2.0% | UPI: 2.0% | e-Pay: 2.0%,1500 / 1000 / 250 / 2000 / 2500 / 500,no,,,,yes,no,no,unlimited,yes,yes,no,Fitness memberships on the Cult.fit App only,wellness services (Dietician/Health Checkups/Sugar.fit) | location: products from the Cult Store,,,,,,Multiple GV/GC can be clubbed into Cult wallet[1,GV/GC cannot be clubbed with existing offers[2.1].,Valid only for fitness memberships; not applicable on wellness services (Dietician/Health Checkups/Sugar.fit) or products from the Cult Store.,
CultFit,buyhatke,https://buyhatke.com/gift-cards/cultfit-gift-card,yes,no,,,,100 / 500 / 2500 / 30000,yes,,,,same denomination only,yes,no,,yes,no,,Cult fitness services (memberships) only,location: products on the Cult Store,1 year from the date of purchase,"generally instant, up to 24 hours if delayed",,,,,,"GCs/GVs are applicable only for Cult fitness services (memberships) and cannot be used for any products on the Cult Store (app, website, or physical stores).",
Cut & Style - Luzo Gift Card,gyftr,https://www.gyftr.com/cut-and-style-luzo-gift-card,yes,yes,9.0,9.0,Credit Card: 7.0% | Debit Card: 7.0% | MobiKwik: 7.0% | Net Banking: 7.0% | PAYTM UPI: 9.0% | UPI: 9.0% | e-Pay: 9.0%,5000 / 10000 / 2500 / 500 / 250 / 1500 / 1000,no,,,,yes,yes,no,unlimited,yes,no,yes,"salon, spa, and clinic services booked through the Luzo app at partner outlets",,,,,,,Multiple GV/GCs can be added to the Luzo wallet,The GV/GC can be clubbed with existing offers.,"The GV/GC can be used for salon, spa, and clinic services booked through the Luzo app at partner outlets.",
Daily Objects,buyhatke,https://buyhatke.com/gift-cards/daily-objects-gift-card,yes,yes,11.88,11.88,any: 11.88%,500,yes,,,,same denomination only,yes,no,1,,yes,,,,3 months,,,,,Only 1 gift card can be used against 1 transaction,,,
Daily Objects,gyftr,https://www.gyftr.com/daily-objects,yes,yes,15.0,15.0,Amazon Pay: 12.0% | Credit Card: 12.0% | Debit Card: 12.0% | MobiKwik: 12.0% | Net Banking: 12.0% | PAYTM UPI: 15.0% | Paytm Wallet: 12.0% | UPI: 15.0% | e-Pay: 15.0%,2000 / 1000 / 500 / 250,no,,,,yes,yes,,1,no,yes,yes,,,,,,,,Single Gift Voucher can be used in one bill.,Gift Vouchers CAN be clubbed with ongoing offers.,,
Daily Objects,maximize,https://www.maximize.money/gift-cards/Daily Objects/816,no,no,,,,,no,,,,same denomination only,,,,,,,,,,,,,,,,,
DANUBE BUILDMART,buyhatke,https://buyhatke.com/gift-cards/danube-buildmart-gift-card,yes,yes,5.88,5.88,any: 5.88%,500 / 1000 / 2000 / 5000,yes,yes,,,same denomination only,yes,yes,,,,,,,1 year,,,,,,,,
DE ROYAL,buyhatke,https://buyhatke.com/gift-cards/de-royal-gift-card,no,no,,,,500 / 1000 / 1500 / 2000,yes,,,,same denomination only,yes,no,,yes,no,yes,,BBdaily,1 year,,,,,,All brand funded offers can be clubbed during purchase; but gift card cannot be used on BBdaily,,
Decathlon,buyhatke,https://buyhatke.com/gift-cards/decathlon-gift-card,yes,yes,3.99,3.99,any: 3.99%,250 / 500 / 750 / 1000 / 1500 / 2000 / 5000 / 7500 / 10000,yes,yes,,,same denomination only,yes,yes,,yes,no,,,third-party products and services,1 year from the date of issue,,,,,,,,
Decathlon,gyftr,https://www.gyftr.com/decathlon,yes,yes,4.0,4.0,Credit Card: 3.0% | Debit Card: 3.0% | MobiKwik: 3.0% | Net Banking: 3.0% | PAYTM UPI: 4.0% | Paytm Wallet: 3.0% | UPI: 4.0% | e-Pay: 4.0%,1000 / 2000 / 5000 / 500,no,yes,,,yes,yes,yes,10,yes,no,yes,,third party products & services,,,,"Rs 10,000 per transaction on decathlon.in and the app",,"You can use up to 10 gift cards or a max of Rs 10,000 on decathlon.in and app. Retail stores accept up to 10 gift cards with no value limit.",The GV/GC can be clubbed with existing offers on its website/app/store.,,Max Spend=no value limit at retail stores
Decathlon (Custom),maximize,https://www.maximize.money/gift-cards/Decathlon/387,yes,yes,4.0,4.0,Amazon pay: 2.0% | Amex: 1.75% | CC on UPI: 1.65% | Credit Card: 2.1% | Debit Card: 2.75% | Diners Club: 1.75% | Pay With Rewards: 0.7% | UPI: 4.0% | Wallets: 1.65%,500 / 1000 / 2000 / 5000 / 10000,yes,yes,,5.1,same denomination only,yes,yes,unlimited,yes,no,no,,third-party products and services,1 year from the date of issue,,,,,Can the cards be clubbed? Use several gift cards in one purchase at stores.,Can be clubbed with other offers? Not clubbable with other offers or coupons.,,
Decathlon - Fixed,maximize,https://www.maximize.money/gift-cards/Decathlon - Fixed/268,yes,yes,4.0,4.0,Amazon pay: 2.0% | Amex: 1.75% | CC on UPI: 1.65% | Credit Card: 2.1% | Debit Card: 2.75% | Diners Club: 1.75% | Pay With Rewards: 0.7% | UPI: 4.0% | Wallets: 1.65%,500 / 1000 / 1500 / 2000 / 5000 / 10000,no,yes,,4.5,same denomination only,yes,yes,10,yes,no,no,,third party products & services,up to 6 months,,,"Rs 10,000 per transaction (10 GV/GC max)",,"You can use up to 10 GV/GC or a max of Rs 10,000 on all platforms.","Can be clubbed with other offers? No, can't club with other offers / coupons",,
DeVagabond,buyhatke,https://buyhatke.com/gift-cards/devagabond-gift-card,yes,yes,11.88,11.88,any: 11.88%,100 / 250,yes,,,,same denomination only,yes,no,1,,,,,,1 year,,,,,Two coupon codes cannot be clubbed together,,,
DIESEL Luxe In Store,buyhatke,https://buyhatke.com/gift-cards/diesel-luxe-(in-store)-gift-card,yes,yes,10.95,10.95,any: 10.95%,1000 / 2000 / 5000 / 10000,yes,yes,,,same denomination only,no,yes,unlimited,,yes,,full-priced merchandise only,location: airport stores,1 year,,,,,This is a one-time use giftcard; multiple cards can be used in 1 transaction,,Luxe Gift Card can only be redeemed against full-priced merchandise,
Diesel- Luxe Gift Card,gyftr,https://www.gyftr.com/luxe-gift-card-diesel,yes,yes,10.0,10.0,Amazon Pay: 10.0% | Credit Card: 10.0% | Debit Card: 10.0% | MobiKwik: 10.0% | Net Banking: 10.0% | PAYTM UPI: 10.0% | Paytm Wallet: 10.0% | UPI: 10.0% | e-Pay: 10.0%,5000 / 2000 / 1000 / 10000,no,yes,,,yes,yes,yes,unlimited,no,yes,no,,location: Airport stores | Merchandise that is not full priced,,,,,,7. Multiple GV/GC can be used for one bill.,11. The GV/GC can be redeemed only against full priced merchandise.,,
Discord,buyhatke,https://buyhatke.com/gift-cards/discord-gift-card,no,no,,,,500 / 1000 / 1500 / 2000,yes,,,,same denomination only,,,,,,,,,,,,,,,,,
Discord,gyftr,https://www.gyftr.com/discord,yes,yes,1.0,1.0,Credit Card: 0.0% | Debit Card: 0.0% | MobiKwik: 0.0% | Net Banking: 0.0% | PAYTM UPI: 1.0% | UPI: 1.0% | e-Pay: 1.0%,950,no,,,,yes,yes,,,,yes,,,,,,,,,,,,
Discord,maximize,https://www.maximize.money/gift-cards/Discord/1081,yes,yes,1.75,1.75,Amazon pay: 0.0% | Amex: 0.0% | CC on UPI: 0.0% | Credit Card: 0.0% | Debit Card: 0.5% | Diners Club: 0.0% | Pay With Rewards: 0.0% | UPI: 1.75% | Wallets: 0.0%,950,no,,,1.9,same denomination only,yes,no,1,no,yes,no,Discord Nitro subscriptions only,an active Discord Nitro subscription,up to 6 months,,,,,Can the cards be clubbed? Multiple cards can't be clubbed,"The voucher cannot be clubbed with any other offers, discounts, or promotions.",The voucher is valid only for Discord Nitro subscriptions.,
Discovery,buyhatke,https://buyhatke.com/gift-cards/discovery-gift-card,yes,yes,12.88,12.88,any: 12.88%,499,yes,,,,same denomination only,yes,no,,,,,one-year subscription for new subscribers only,existing discovery+ subscriptions | activation on iOS App,3 months,,,,,,,Comes with 3-month validity and offers one-year subscription for new subscribers only,
Discovery Plus,buyhatke,https://buyhatke.com/gift-cards/discovery-plus-gift-card,yes,yes,37.17,37.17,any: 37.17%,499,yes,,,,same denomination only,yes,no,,,yes,no,1-year Discovery+ Premium subscription,existing subscriptions | iOS app activation,,,,,,,Cannot be clubbed with other offers or redeemed for cash,Grants 1-year Discovery+ Premium subscription,
Discovery Plus,gyftr,https://www.gyftr.com/discovery-plus,yes,no,0.0,0.0,Amazon Pay: 0.0% | Credit Card: 0.0% | Debit Card: 0.0% | MobiKwik: 0.0% | Net Banking: 0.0% | Payzapp: 0.0% | UPI: 0.0% | e-Pay: 0.0%,499,no,,,,yes,yes,,,,yes,yes,a one-year subscription for new subscribers only,activation on the iOS App,,,,,,,There are no restrictions related to deals and discounts.,Valid for a one-year subscription for new subscribers only.,
Discovery Plus,maximize,https://www.maximize.money/gift-cards/Discovery Plus/509,yes,yes,38.0,38.0,Amazon pay: 36.0% | Amex: 35.75% | CC on UPI: 35.65% | Credit Card: 36.1% | Debit Card: 36.75% | Diners Club: 35.75% | Pay With Rewards: 34.7% | UPI: 38.0% | Wallets: 35.65%,499,no,,,41.25,same denomination only,yes,no,1,,yes,no,1-year Discovery+ Premium subscription,existing subscriptions | activation on the iOS app,up to 12 months,,,,,Can the cards be clubbed? Multiple cards can't be clubbed,Cannot be clubbed with other offers or redeemed for cash,Grants 1-year Discovery+ Premium subscription,
District,buyhatke,https://buyhatke.com/gift-cards/district-gift-card,yes,yes,3.68,3.68,any: 3.68%,100 / 500 / 1000 / 1500 / 2000 / 2500 / 5000 / 7500 / 10000,yes,yes,,,same denomination only,yes,yes,,,,,,other gift cards,1 year from the date of purchase,,,,,,,,
District,maximize,https://www.maximize.money/gift-cards/District/956,yes,yes,4.0,4.0,Amex: 1.75% | CC on UPI: 1.65% | Credit Card: 2.1% | Debit Card: 2.75% | Diners Club: 1.75% | UPI: 4.0%,100 / 500 / 1000 / 1500 / 2000 / 2500 / 3000 / 4000 / 5000 / 10000,no,,,4.25,same denomination only,yes,no,unlimited,,no,yes,,other Gift PPIs,1 year from the date of activation,"normally instant, system delays of up to 72 hours",,,,Can the cards be clubbed? Use several gift cards in one purchase,The Gift PPI can be combined with promotional codes and other digital payment options available on the District Platform.,,
District Pass,buyhatke,https://buyhatke.com/gift-cards/district-pass-gift-card,yes,yes,7.13,7.13,any: 7.13%,999,yes,,,,same denomination only,yes,no,2,,,,,,6 months,,,,,Maximum 2 vouchers can be in one transaction,,,
Docubay,buyhatke,https://buyhatke.com/gift-cards/docubay-gift-card,no,no,,,,500 / 1000 / 1500 / 2000,yes,,,,same denomination only,yes,no,1,,yes,,,,6 months,,,,,Single GV / GC can be used in one bill/transaction,,,
DocuBay,gyftr,https://www.gyftr.com/docubay,no,no,0.0,0.0,Amazon Pay: 0.0% | Credit Card: 0.0% | Debit Card: 0.0% | MobiKwik: 0.0% | Net Banking: 0.0% | Payzapp: 0.0% | UPI: 0.0% | e-Pay: 0.0%,,no,,,,yes,yes,,1,,,no,,,,,,,,Only one GV / GC can be used in one bill/transaction.,The GV / GC cannot be clubbed with any one of the existing offer on its website.,,
DOMINO'S,gyftr,https://www.gyftr.com/dominos,yes,yes,17.0,17.0,Amazon Pay: 16.0% | Credit Card: 16.0% | Debit Card: 16.0% | MobiKwik: 16.0% | Net Banking: 16.0% | PAYTM UPI: 17.0% | Paytm Wallet: 16.0% | UPI: 17.0% | e-Pay: 17.0%,100 / 2500 / 500 / 250 / 5000 / 1500 / 2000 / 100 / 1000,yes,,,,yes,yes,no,1,yes,yes,no,,,,,,,,"Multiple GVs cannot be used in one bill/transaction, however you can convert multiple EGVs to a single EGV via the Gyftr E-Pay app",The GV/e-Pay cannot be combined with existing offers.,,
Dominos,buyhatke,https://buyhatke.com/gift-cards/dominos-gift-card,yes,yes,15.38,15.38,any: 15.38%,250 / 500 / 750 / 1000 / 2000 / 3000,yes,,,,same denomination only,yes,no,,yes,no,no,,,,,,,,,Gift Voucher CANNOT be used along with a Promotional Coupon Code.,,
Dominos,maximize,https://www.maximize.money/gift-cards/Dominos/507,no,no,,,,,no,,,,same denomination only,,,,,,,,,,,,,,,,,
DOMINOS App Only,buyhatke,https://buyhatke.com/gift-cards/dominos-app-only-gift-card,yes,yes,17.88,17.88,any: 17.88%,100 / 500 / 2000 / 10000,yes,,,,same denomination only,yes,no,unlimited,yes,no,yes,,,,,,,,Multiple GVs can be used in one bill/transaction.,The GV/e-Pay can be clubbed with the existing offers.,,
Dominos Pizza (Custom),maximize,https://www.maximize.money/gift-cards/Dominos/1017,yes,yes,18.0,18.0,Amazon pay: 16.0% | Amex: 15.75% | CC on UPI: 15.65% | Credit Card: 16.1% | Debit Card: 16.75% | Diners Club: 15.75% | Pay With Rewards: 14.7% | UPI: 18.0% | Wallets: 15.65%,250 / 500 / 750 / 1000 / 1500,yes,,,18.25,same denomination only,yes,no,1,yes,no,no,,,up to 6 months,,,,,"Multiple GVs cannot be used in one bill/transaction, however you can convert multiple GVs to a single GV via the Gyftr E-Pay app.",GV/e-Pay cannot be combined with existing offers and with Domino's wallet balance.,,
Donatekart,buyhatke,https://buyhatke.com/gift-cards/donatekart-gift-card,yes,yes,3.13,3.13,any: 3.13%,100 / 500 / 2000 / 10000,yes,,,,same denomination only,yes,no,1,no,yes,,donations on donatekart.com,other Gift Cards,365 days from the time of issue,"normally instant via email, up to 48-72 hours if delayed",donation value must be equal to or greater than the card value,,,Only one Gift Card can be redeemed per transaction.,,The Gift Card can be redeemed online to donate on crowdfunding site donatekart.com operated by Pratyarpana Services Pvt Ltd.,
Donatekart,maximize,https://www.maximize.money/gift-cards/Donatekart/381,yes,yes,3.75,3.75,Amazon pay: 1.75% | Amex: 1.5% | CC on UPI: 1.4% | Credit Card: 1.85% | Debit Card: 2.5% | Diners Club: 1.5% | Pay With Rewards: 0.45% | UPI: 3.75% | Wallets: 1.4%,200 / 500 / 1000 / 2000 / 5000 / 10000,yes,,,4.0,same denomination only,yes,,1,no,yes,no,Donations on donatekart.com only,other Gift Cards,365 days from the time of issue,"normally instant via email, may be delayed up to 48-72 hours",donation value must be equal to or greater than the card value,,,Only one Gift Card can be redeemed per transaction.,"Can be clubbed with other offers? No, can't club with other offers / coupons",The Gift Card can be redeemed online to donate on crowdfunding site donatekart.com operated by Pratyarpana Services Pvt Ltd.,
Doniv,buyhatke,https://buyhatke.com/gift-cards/doniv-gift-card,no,no,,,,500 / 1000 / 1500 / 2000,yes,,,,same denomination only,yes,no,,yes,no,yes,,BBdaily,1 year,,,,,,All brand funded offers can be clubbed during purchase; but gift card cannot be used on BBdaily,,
Doodhvale,buyhatke,https://buyhatke.com/gift-cards/doodhvale-gift-card,no,no,,,,500 / 1000 / 1500 / 2000,yes,,,,same denomination only,yes,no,1,,yes,,,other gift cards,,,,,,One voucher can only be used in one bill,,,
Dpauls,buyhatke,https://buyhatke.com/gift-cards/dpauls-gift-card,yes,yes,6.88,6.88,any: 6.88%,1000 / 2000 / 5000 / 10000,yes,,,,same denomination only,yes,no,1,,,no,,,11 months,,,,,"For Flight Booking, Only One Gift Cards can be used against One Bill and For Package Booking for Holiday Packages, Upto 3 Gift Cards can be clubbed in Single Invoice","This Gift Card cannot be clubbed with any other offer currently live on https://dpauls.com including cashbacks, discounts, etc. on a particular credit/debit card",,
DPauls,maximize,https://www.maximize.money/gift-cards/DPauls/812,yes,yes,8.5,8.5,Amazon pay: 6.5% | Amex: 6.25% | CC on UPI: 6.15% | Credit Card: 6.6% | Debit Card: 7.25% | Diners Club: 6.25% | Pay With Rewards: 5.2% | UPI: 8.5% | Wallets: 6.15%,1000 / 2000 / 5000 / 10000,no,yes,,8.5,same denomination only,yes,yes,1,,yes,no,DPauls services only,,11 months from the date of issue,,,,,Only one Gift Card per invoice/order; multiple Gift Cards cannot be combined.,"Cannot be clubbed with any other offer, discount, cashback, or promotion.","Valid only for purchasing DPauls services via DPauls.com or at the DPauls office, New Delhi.",
DPauls Travel & Tours,gyftr,https://www.gyftr.com/dpauls-travel-&-tours,yes,no,0.0,0.0,Amazon Pay: 0.0% | Credit Card: 0.0% | Debit Card: 0.0% | MobiKwik: 0.0% | Net Banking: 0.0% | Payzapp: 0.0% | UPI: 0.0% | e-Pay: 0.0%,5000 / 10000 / 2000,no,,,,yes,yes,no,"1 for Flight Booking, 3 for Package/Holiday Bookings",no,yes,no,Flight bookings and Holiday Packages only,Hotel bookings,,,,,,You can redeem only 1 Gift Card for Flight Booking.,"This Gift Card cannot be clubbed with any other offer currently live on https://dpauls.com including cashbacks, discounts, etc. on a particular credit/debit card.",Voucher is not valid for Hotel bookings,
DPauls Travel Tours,buyhatke,https://buyhatke.com/gift-cards/dpauls-travel-tours-gift-card,yes,yes,5.84,5.84,any: 5.84%,2000 / 5000 / 10000,yes,,,,same denomination only,yes,no,1,no,yes,no,,Hotel bookings,,,,,,"2.For Flight Booking, Only One Gift Cards can be used against One Bill .","7.This Gift Card cannot be clubbed with any other offer currently live on https://dpauls.com including cashbacks, discounts, etc. on a particular credit/debit card.",,
DreamFolks Club Membership,gyftr,https://www.gyftr.com/dreamfolks-club-membership,yes,no,0.0,0.0,Amazon Pay: 0.0% | Credit Card: 0.0% | Debit Card: 0.0% | MobiKwik: 0.0% | Net Banking: 0.0% | Payzapp: 0.0% | UPI: 0.0% | e-Pay: 0.0%,11800 / 59000 / 35400,no,,,,yes,yes,,1,no,yes,no,"only the specific product, service, or package mentioned on the voucher",,,,,,,Only one GV/GC can be used per booking.,"The GV/GC cannot be clubbed with any other offers, discounts, or promotions, unless explicitly permitted.","The GV/GC is valid only for the specific product, service, or package mentioned on the GV/GC.",
Dune London Luxe In Store,buyhatke,https://buyhatke.com/gift-cards/dune-london-luxe-(in-store)-gift-card,yes,yes,10.95,10.95,any: 10.95%,1000 / 2000 / 5000 / 10000,yes,yes,,,same denomination only,no,yes,unlimited,,yes,,Full-priced merchandise only,location: airport stores,1 year,,,,,This is a one-time use giftcard; multiple cards can be used in 1 transaction,,Luxe Gift Card can only be redeemed against full-priced merchandise,
Dune London-Luxe,maximize,https://www.maximize.money/gift-cards/Dune London-Luxe/383,yes,yes,10.0,10.0,Amex: 10.0% | CC on UPI: 10.0% | Credit Card: 10.0% | Debit Card: 10.0% | Diners Club: 10.0% | UPI: 10.0%,2000 / 5000 / 10000,yes,yes,,13.0,same denomination only,yes,yes,unlimited,no,yes,no,full-priced merchandise only,location: airport stores | discounted items,12 months from the date of purchase,,,,,Multiple Luxe Gift Cards can be used in a single transaction.,The Gift Card can be redeemed only on full-priced merchandise and is not applicable on discounted items unless specified otherwise.,The Gift Card can be redeemed only on full-priced merchandise and is not applicable on discounted items unless specified otherwise.,
Dune-Luxe Gift Card,gyftr,https://www.gyftr.com/luxe-gift-card---dune,yes,no,0.0,0.0,Amazon Pay: 0.0% | Credit Card: 0.0% | Debit Card: 0.0% | MobiKwik: 0.0% | Net Banking: 0.0% | Payzapp: 0.0% | UPI: 0.0% | e-Pay: 0.0%,5000 / 2000 / 1000 / 10000,no,yes,,,yes,,yes,unlimited,no,yes,no,,location: Airport stores | Merchandise that is not full priced,,,,,,7. Multiple GV/GC can be used for one bill.,11. The GV/GC can be redeemed only against full priced merchandise.,,
DUROFLEX,buyhatke,https://buyhatke.com/gift-cards/duroflex-gift-card,yes,yes,8.39,8.39,any: 8.39%,1000 / 2500 / 5000 / 7500 / 10000,yes,,,,same denomination only,yes,no,unlimited,yes,,yes,,,,,,,,Multiple GVs can be combined and added to the e-Pay balance.,It can be used for all product and service purchases on the Duroflex website and is applicable over and above any discounts offered.,,
DUROFLEX,gyftr,https://www.gyftr.com/duroflex,yes,yes,11.0,11.0,Amazon Pay: 9.0% | Credit Card: 9.0% | Debit Card: 9.0% | MobiKwik: 9.0% | Net Banking: 9.0% | PAYTM UPI: 11.0% | Paytm Wallet: 9.0% | UPI: 11.0% | e-Pay: 11.0%,7500 / 1000 / 5000 / 2500 / 10000,no,,,,yes,yes,no,unlimited,yes,,no,,,,,,,,Multiple GVs can be combined and added to the e-Pay balance,The GV/e-Pay can be used to buy discounted products on the website but will not be applicable with ongoing coupon/promo codes.,,
DUROFLEX,maximize,https://www.maximize.money/gift-cards/DUROFLEX/731,yes,yes,10.25,10.25,Amazon pay: 8.25% | Amex: 8.0% | CC on UPI: 7.9% | Credit Card: 8.35% | Debit Card: 9.0% | Diners Club: 8.0% | Pay With Rewards: 6.95% | UPI: 10.25% | Wallets: 7.9%,1000 / 2500 / 5000 / 10000,no,,,10.5,same denomination only,yes,no,unlimited,yes,no,no,,,up to 6 months,,,,,Multiple GVs can be combined and added to the e-Pay balance.,Can be clubbed with other offers? Can be used on discounted products and cannot be combined with other promo codes or offers.,,
EA Sports,maximize,https://www.maximize.money/gift-cards/EA Sports/1124,no,no,,,,,no,,,,same denomination only,,,,,,,,,,,,,,,,,
EA SPORTS FC 26,gyftr,https://www.gyftr.com/ea-sports-fc-26,yes,yes,3.0,3.0,Credit Card: 1.5% | Debit Card: 1.5% | MobiKwik: 1.5% | Net Banking: 1.5% | PAYTM UPI: 3.0% | UPI: 3.0% | e-Pay: 3.0%,4750,no,,,,yes,yes,no,,no,yes,no,in-game currency (such as FC Points) or eligible digital content on https://www.ea.com/redeem,physical products | merchandise | electronics | gift cards | subscription services | real-world goods | cash or cash equivalents,,,,,,,The GV/GC cannot be clubbed with any existing offers.,The GV/GC can be used to purchase in-game currency (such as FC Points) or eligible digital content equivalent to its denomination on https://www.ea.com/redeem.,
EA-7- Luxe Gift Card,gyftr,https://www.gyftr.com/ea-7--luxe-gift-card,yes,yes,10.0,10.0,Credit Card: 10.0% | Debit Card: 10.0% | Net Banking: 10.0% | PAYTM UPI: 10.0% | UPI: 10.0% | e-Pay: 10.0%,5000 / 2000 / 1000 / 10000,no,yes,,,yes,yes,yes,unlimited,no,yes,no,full priced merchandise only,location: airport stores,,,,,,Multiple GV/GC can be used for one bill.,Gift Vouchers CANNOT be used during Sale.,The GV/GC can be redeemed only against full priced merchandise.,
EA7 In Store,buyhatke,https://buyhatke.com/gift-cards/ea7-(in-store)-gift-card,yes,yes,10.95,10.95,any: 10.95%,1000 / 2000 / 10000 / 50000,yes,yes,,,same denomination only,no,yes,unlimited,,yes,,Full-priced merchandise only,location: airport stores,1 year,,,,,This is a one-time use giftcard; multiple cards can be used in 1 transaction,,Luxe Gift Card can only be redeemed against full-priced merchandise,
EaseMyTrip,buyhatke,https://buyhatke.com/gift-cards/easemytrip-gift-card,yes,yes,5.88,5.88,any: 5.88%,500 / 1000 / 2500 / 5000 / 10000 / 20000,yes,,,,same denomination only,yes,no,3,,,no,,,12 months from the date of issuance,,,,,You can combine a maximum of 3 Gift Cards only in a single booking for Hotels / Flights booking.,"Gift Cards cannot be clubbed with any other offer including but not limited to cashbacks, discounts etc. on a particular credit/debit card.",,
EaseMyTrip,maximize,https://www.maximize.money/gift-cards/EaseMyTrip/384,yes,yes,7.25,7.25,Amazon pay: 5.25% | Amex: 5.0% | CC on UPI: 4.9% | Credit Card: 5.35% | Debit Card: 6.0% | Diners Club: 5.0% | Pay With Rewards: 3.95% | UPI: 7.25% | Wallets: 4.9%,1000 / 2000 / 5000 / 10000 / 20000 / 50000,yes,,,7.3,same denomination only,yes,no,3,yes,no,no,"Flights, Hotels, and Online Holiday bookings",convenience fees on flight bookings,12 months from the date of issuance,,,,,Up to 3 Gift Cards can be combined in a single booking.,"Cannot be clubbed with other offers, discounts, cashback offers, or bank promotions.","Gift Cards can be redeemed only for Flights, Hotels, and Online Holiday bookings on the EaseMyTrip website and app.",
EaseMyTrip Holiday,buyhatke,https://buyhatke.com/gift-cards/easemytrip-holiday-gift-card,yes,yes,9.89,9.89,any: 9.89%,500 / 1500 / 5000 / 50000,yes,,,,same denomination only,yes,no,3,yes,no,no,Holiday packages at EaseMyTrip.com only,,12 months from the date of issuance,,,,,A maximum of 3 gift cards can be used in a single transaction.,"Gift cards cannot be combined with any other offer, cashback, discount, or promotion.",Gift cards are valid only for booking Holiday packages at EaseMyTrip.com.,
EaseMyTrip Holiday,gyftr,https://www.gyftr.com/easemytrip-holiday,yes,no,0.0,0.0,Amazon Pay: 0.0% | Credit Card: 0.0% | Debit Card: 0.0% | MobiKwik: 0.0% | Net Banking: 0.0% | Payzapp: 0.0% | UPI: 0.0% | e-Pay: 0.0%,2000 / 10000 / 5000,no,,,,yes,yes,,3,yes,no,no,Holiday Packages available on www.easemytrip.com,,,,,,,Maximum 3 GV/GC can be used in a single transaction.,GV/GC cannot be clubbed with any other ongoing offer.,The offer is valid for booking Holiday Packages available on www.easemytrip.com.,
EaseMyTrip Holiday,maximize,https://www.maximize.money/gift-cards/EaseMyTrip Holiday/574,yes,yes,12.25,12.25,Amazon pay: 10.25% | Amex: 10.0% | CC on UPI: 9.9% | Credit Card: 10.35% | Debit Card: 11.0% | Diners Club: 10.0% | Pay With Rewards: 8.95% | UPI: 12.25% | Wallets: 9.9%,1000 / 2000 / 5000 / 10000 / 20000 / 50000,yes,,,12.5,same denomination only,yes,no,3,yes,no,no,Holiday packages only,Convenience/processing fees | taxes | excess tour cost,12 months from the date of issuance,,,,,A maximum of 3 gift cards can be used in a single transaction.,"Gift cards cannot be combined with any other offer, cashback, discount, or promotion.",Gift cards are valid only for booking Holiday packages at EaseMyTrip.com.,
EaseMyTrip Hotel,buyhatke,https://buyhatke.com/gift-cards/easemytrip-hotel-gift-card,yes,yes,9.04,9.04,any: 9.04%,500 / 1500 / 5000 / 200000,yes,,,,same denomination only,yes,no,3,yes,no,no,Hotel bookings (Domestic/International) only,,12 months from the date of issuance,,,,,A maximum of three gift cards can be applied in a single transaction.,"Vouchers cannot be combined with any other ongoing offer, discount, cashback, or promotion by EaseMyTrip.",Gift cards are valid for booking Hotels (Domestic/International) only at www.easemytrip.com.,
EaseMyTrip Hotel,maximize,https://www.maximize.money/gift-cards/EaseMyTrip Hotel/484,yes,yes,10.0,10.0,Amazon pay: 8.0% | Amex: 7.75% | CC on UPI: 7.65% | Credit Card: 8.1% | Debit Card: 8.75% | Diners Club: 7.75% | Pay With Rewards: 6.7% | UPI: 10.0% | Wallets: 7.65%,1000 / 2000 / 5000 / 10000 / 20000 / 50000,yes,,,10.25,same denomination only,yes,no,3,yes,no,no,Hotel bookings (Domestic/International) only,convenience fee | processing fee | excess tour cost | applicable government taxes,12 months from the date of issuance,,,,,A maximum of three gift cards can be applied in a single transaction.,"Vouchers cannot be combined with any other ongoing offer, discount, cashback, or promotion by EaseMyTrip.",Gift cards are valid for booking Hotels (Domestic/International) only at https://www.easemytrip.com.,
EasyBuy,gyftr,https://www.gyftr.com/easybuy,yes,yes,8.0,8.0,Amazon Pay: 7.0% | Credit Card: 7.0% | Debit Card: 7.0% | MobiKwik: 7.0% | Net Banking: 7.0% | PAYTM UPI: 8.0% | Paytm Wallet: 7.0% | UPI: 8.0% | e-Pay: 8.0%,1000 / 500 / 2000,no,yes,,,yes,no,yes,unlimited,no,yes,yes,,,,,,,,Multiple GV/GC can be redeemed in one bill.,The GV/GC can be clubbed with existing store offers.,,
easybuy In Store,buyhatke,https://buyhatke.com/gift-cards/easybuy-(in-store)-gift-card,yes,yes,8.89,8.89,any: 8.89%,250 / 500 / 1000 / 2000 / 3000 / 5000,yes,yes,,,same denomination only,no,yes,,no,yes,,,location: Spar enabled SIS stores,6 months,,,,,,,,
EatSure,buyhatke,https://buyhatke.com/gift-cards/eatsure-gift-card,yes,yes,8.39,8.39,any: 8.39%,100 / 250 / 500 / 1000 / 1500 / 2000,yes,,,,same denomination only,yes,no,unlimited,yes,,yes,,,,,,,,4. Multiple GV/GC can be combined and added to the EatSure wallet balance.,"6. GV/GC can be used to buy discounted items on the EatSure app, but it cannot be clubbed with other aggregator offers.",,
EatSure,gyftr,https://www.gyftr.com/eatsure,yes,yes,12.0,12.0,Amazon Pay: 10.0% | Credit Card: 10.0% | Debit Card: 10.0% | MobiKwik: 10.0% | Net Banking: 10.0% | PAYTM UPI: 12.0% | Paytm Wallet: 10.0% | UPI: 12.0% | e-Pay: 12.0%,1500 / 250 / 2000 / 500 / 1000,no,,,,yes,yes,no,unlimited,yes,yes,no,,,,,,,,Multiple GV/GC can be combined and added to the EatSure wallet balance,Gift Vouchers CANNOT be clubbed with other aggregator offers.,,
EatSure,maximize,https://www.maximize.money/gift-cards/EatSure/616,yes,yes,10.0,10.0,Amex: 7.75% | CC on UPI: 7.65% | Credit Card: 8.1% | Debit Card: 8.75% | Diners Club: 7.75% | UPI: 10.0%,100 / 250 / 500 / 1000 / 1500 / 2000,no,,,10.25,same denomination only,yes,no,1,yes,no,no,,,12 months from date of issue,,,,,Only 1 Gift Card can be used per order.,"Can be clubbed with other offers? No, can't club with other offers / coupons",,
EazyDiner,buyhatke,https://buyhatke.com/gift-cards/eazydiner-gift-card,no,no,,,,500 / 1000 / 1500 / 2000,yes,,,,same denomination only,yes,no,1,,yes,,,,3 months,,,,,"Comes with 3 months validity, and only 1 Gift Card can be used in one transaction",,,
EazyDiner,gyftr,https://www.gyftr.com/eazydiner,no,no,19.0,19.0,Amazon Pay: 17.0% | Credit Card: 17.0% | Debit Card: 17.0% | MobiKwik: 17.0% | Net Banking: 17.0% | PAYTM UPI: 19.0% | Paytm Wallet: 17.0% | UPI: 19.0%,,no,,,,yes,yes,,,,yes,,,,,,,,,,,,
Electricity Bill Payment,gyftr,https://www.gyftr.com/electricity-bill-payment,yes,no,0.0,0.0,Amazon Pay: 0.0% | Credit Card: 0.0% | Debit Card: 0.0% | MobiKwik: 0.0% | Net Banking: 0.0% | Payzapp: 0.0% | UPI: 0.0% | e-Pay: 0.0%,10000 / 5000 / 100 / 100 / 7500 / 1000 / 500 / 2000 / 250,yes,,,,yes,yes,,,yes,no,,services and billers available on www.gyftr.com/loyaltylifecycle/bills-utilities and linked portals,,,some billers take up to 3 business days to accept the payment,,,,,,GV/e-Pay is valid only for services and billers available on https://www.gyftr.com/loyaltylifecycle/bills-utilities and linked portals.,
Elivaas,buyhatke,https://buyhatke.com/gift-cards/elivaas-gift-card,no,no,,,,500 / 1000 / 1500 / 2000,yes,,,,same denomination only,,,,,,,,,,,,,,,,,
Elivaas,gyftr,https://www.gyftr.com/elivaas,yes,yes,13.0,13.0,Amazon Pay: 11.0% | Credit Card: 11.0% | Debit Card: 11.0% | MobiKwik: 11.0% | Net Banking: 11.0% | PAYTM UPI: 13.0% | Payzapp: 11.0% | UPI: 13.0% | e-Pay: 13.0%,1000 / 5000 / 2500 / 7500 / 10000 / 2000,no,,,,yes,yes,no,unlimited,no,yes,yes,,,,,,,,Multiple GV/GCs can be used in one bill.,The GV/GC can be clubbed with existing offers.,,
Elivaas,maximize,https://www.maximize.money/gift-cards/Elivaas/1035,yes,yes,12.0,12.0,Amazon pay: 10.0% | Amex: 9.75% | CC on UPI: 9.65% | Credit Card: 10.1% | Debit Card: 10.75% | Diners Club: 9.75% | Pay With Rewards: 8.7% | UPI: 12.0% | Wallets: 9.65%,1000 / 2000 / 2500 / 5000 / 7500 / 10000,no,,,12.25,same denomination only,yes,,1,no,yes,no,,,Valid upto 6 Months from purchase,,Coupon value has to be less than the Order Value,,,Multiple coupons cannot be used for single orders and partial redemption is not possible (Coupon value has to be less than the Order Value).,Vouchers can be combined with other banking offers but not with any additional coupon code.,,
Elleven,gyftr,https://www.gyftr.com/elleven,yes,no,0.0,0.0,Amazon Pay: 0.0% | Credit Card: 0.0% | Debit Card: 0.0% | MobiKwik: 0.0% | Net Banking: 0.0% | Payzapp: 0.0% | UPI: 0.0% | e-Pay: 0.0%,500 / 2000 / 5000 / 1000,no,yes,,,yes,no,yes,unlimited,no,yes,yes,,,3-12 months from the date of purchase,,,,,Multiple GV/GCs can be used against one bill.,"The GV/GC can be clubbed with existing offers, including the end-of-season sale.",,
Elleven,maximize,https://www.maximize.money/gift-cards/Elleven/512,yes,yes,9.0,9.0,Amazon pay: 7.0% | Amex: 6.75% | CC on UPI: 6.65% | Credit Card: 7.1% | Debit Card: 7.75% | Diners Club: 6.75% | Pay With Rewards: 5.7% | UPI: 9.0% | Wallets: 6.65%,500 / 1000 / 2000 / 5000,no,yes,,9.0,same denomination only,no,yes,unlimited,no,yes,yes,,,Valid for upto 6 months,,,,,More than one GV can be used in a single bill,Can be used during End-of-Season Sales,,
Elleven In Store,buyhatke,https://buyhatke.com/gift-cards/elleven-(in-store)-gift-card,yes,yes,9.55,9.55,any: 9.55%,500 / 1000 / 2000 / 5000,yes,yes,,,same denomination only,no,yes,unlimited,no,yes,yes,,,,,,,,More than one GV can be used in a single bill,Can be used during End-of-Season Sales,,
Elver,buyhatke,https://buyhatke.com/gift-cards/elver-gift-card,yes,yes,24.84,24.84,any: 24.84%,250 / 500 / 1000 / 2000,yes,,,,same denomination only,yes,no,unlimited,yes,,no,,,,,,,,Multiple GVs can be combined into a single e-Pay balance,"Cannot be combined with other discounts, promotions, or offers",,
Elver,maximize,https://www.maximize.money/gift-cards/Elver/513,yes,yes,28.75,28.75,Amazon pay: 26.75% | Amex: 26.5% | CC on UPI: 26.4% | Credit Card: 26.85% | Debit Card: 27.5% | Diners Club: 26.5% | Pay With Rewards: 25.45% | UPI: 28.75% | Wallets: 26.4%,250 / 500 / 1000 / 2000,yes,,,29.0,same denomination only,yes,,unlimited,yes,no,no,,,Valid for upto 6 months,,,,,Multiple GVs can be combined into a single e-Pay balance,"Cannot be combined with other discounts, promotions, or offers",,
Emporio Armani Luxe In Store,buyhatke,https://buyhatke.com/gift-cards/emporio-armani-luxe-(in-store)-gift-card,yes,yes,11.88,11.88,any: 11.88%,1000 / 2000 / 5000 / 10000,yes,yes,,,same denomination only,no,yes,unlimited,,yes,,Full-priced merchandise only,location: airport stores,1 year,,,,,This is a one-time use giftcard; multiple cards can be used in 1 transaction,,Luxe Gift Card can only be redeemed against full-priced merchandise,
Emporio Armani- Luxe Gift Card,gyftr,https://www.gyftr.com/luxe-gift-card-emporio-armani,yes,yes,10.0,10.0,Credit Card: 10.0% | Debit Card: 10.0% | Net Banking: 10.0% | PAYTM UPI: 10.0% | UPI: 10.0% | e-Pay: 10.0%,5000 / 2000 / 1000 / 10000,no,yes,,,yes,no,yes,unlimited,no,yes,no,,location: Airport stores | Merchandise that is not full priced,,,,,,7. Multiple GV/GC can be used for one bill.,11. The GV/GC can be redeemed only against full priced merchandise.,,
Enrich - Luzo Gift Card,gyftr,https://www.gyftr.com/enrich-luzo-gift-card,yes,yes,9.0,9.0,Credit Card: 7.0% | Debit Card: 7.0% | MobiKwik: 7.0% | Net Banking: 7.0% | PAYTM UPI: 9.0% | UPI: 9.0% | e-Pay: 9.0%,5000 / 10000 / 2500 / 500 / 250 / 1500 / 1000,no,,,,yes,,,,,,,,,,,,,,,,,
Epic On 1 month Plan,buyhatke,https://buyhatke.com/gift-cards/epic-on-1-month-plan-gift-card,no,no,,,,500 / 1000 / 1500 / 2000,yes,,,,same denomination only,yes,no,,,yes,,One specific EPIC ON subscription pack only,,12 months from the date of purchase,"Normally instant, may be delayed up to 24 hours",,,,,,Every coupon code on eGift card will be applicable for a specific pack. One code applicable for a subscription pack cannot be used for any other subscription pack.,
Epic On 1 Year Plan,buyhatke,https://buyhatke.com/gift-cards/epic-on-1-year-plan-gift-card,yes,yes,5.84,5.84,any: 5.84%,59 / 159 / 299 / 499,yes,,,,same denomination only,yes,no,,,,,EPIC ON premium subscription for 1 year,,1 year,,,,,,,This cards gets you premium subscription service from ‘IN10 MEDIA NETWORK’. Users get access to unlimited premium content on EPIC ON for 1 year,
Epic On 3 month Plan,buyhatke,https://buyhatke.com/gift-cards/epic-on-3-month-plan-gift-card,no,no,,,,500 / 1000 / 1500 / 2000,yes,,,,same denomination only,yes,no,,,yes,,One specific EPIC ON subscription pack only,,12 months from the date of purchase,"Normally instant, may be delayed up to 24 hours",,,,,,Every coupon code on eGift card will be applicable for a specific pack. One code applicable for a subscription pack cannot be used for any other subscription pack.,
Epic On 6 month Plan,buyhatke,https://buyhatke.com/gift-cards/epic-on-6-month-plan-gift-card,no,no,,,,500 / 1000 / 1500 / 2000,yes,,,,same denomination only,yes,no,,,yes,,One specific EPIC ON subscription pack only,,12 months from the date of purchase,"Normally instant, may be delayed up to 24 hours",,,,,,Every coupon code on eGift card will be applicable for a specific pack. One code applicable for a subscription pack cannot be used for any other subscription pack.,
Esbeda In Store,buyhatke,https://buyhatke.com/gift-cards/esbeda-(in-store)-gift-card,yes,yes,33.89,33.89,any: 33.89%,500 / 1000,yes,yes,,,same denomination only,no,yes,1,yes,no,no,,EOSS (End of Season Sale),6 months,,,,,Single e-Gift Voucher can be used against single billing.,Gift Voucher cannot be used during EOSS (End of Season Sale),,
Estele,buyhatke,https://buyhatke.com/gift-cards/estele-gift-card,yes,yes,18.88,18.88,any: 18.88%,250 / 500 / 1000 / 2000 / 5000,yes,,,,same denomination only,yes,no,5,,,,,,1 year from activation/purchase,"Generally instant, may take up to 24 hours",,,,Up to 5 gift cards can be used per order,,,
Estele,gyftr,https://www.gyftr.com/estele,yes,no,0.0,0.0,Amazon Pay: 0.0% | Credit Card: 0.0% | Debit Card: 0.0% | MobiKwik: 0.0% | Net Banking: 0.0% | Payzapp: 0.0% | UPI: 0.0% | e-Pay: 0.0%,2000 / 5000 / 250,no,,,,yes,yes,no,5,,,yes,,,within 3 months to 1 year from the date of purchase,"normally instant, but delivery can be delayed up to 24 hours",,,,Maximum of five GV/GCs can be redeemed against a single invoice.,The GV/GC can be clubbed with existing promotions on the website.,,
Estele,maximize,https://www.maximize.money/gift-cards/Estele/514,yes,yes,20.0,20.0,Amazon pay: 18.0% | Amex: 17.75% | CC on UPI: 17.65% | Credit Card: 18.1% | Debit Card: 18.75% | Diners Club: 17.75% | Pay With Rewards: 16.7% | UPI: 20.0% | Wallets: 17.65%,250 / 500 / 1000 / 2000,no,,,21.5,same denomination only,yes,,5,yes,no,no,,,1 year from activation/purchase,"delivered instantly, may take up to 24 hours",,,,Up to 5 gift cards can be used per order,"Can be clubbed with other offers? No, can't club with other offers / coupons",,
Estuary World,maximize,https://www.maximize.money/gift-cards/Estuary World/794,yes,yes,40.0,40.0,Amazon pay: 38.0% | Amex: 37.75% | CC on UPI: 37.65% | Credit Card: 38.1% | Debit Card: 38.75% | Diners Club: 37.75% | Pay With Rewards: 36.7% | UPI: 40.0% | Wallets: 37.65%,600,no,,,43.75,same denomination only,yes,,1,no,yes,no,,,Valid till 31st December,,No minimum AOV required,,,Multiple gift cards cannot be clubbed in a single purchase,Cannot be combined with any other coupon or offer.,,
ET Prime,buyhatke,https://buyhatke.com/gift-cards/et-prime-gift-card,no,no,,,,500 / 1000 / 1500 / 2000,yes,,,,same denomination only,yes,no,,no,yes,no,,,6 months,,,,,,Gift Vouchers cannot be clubbed with existing offers,,
Euphoria Diamond,maximize,https://www.maximize.money/gift-cards/Euphoria Diamond/781,yes,yes,6.25,6.25,Amazon pay: 4.25% | Amex: 4.0% | CC on UPI: 3.9% | Credit Card: 4.35% | Debit Card: 5.0% | Diners Club: 4.0% | Pay With Rewards: 2.95% | UPI: 6.25% | Wallets: 3.9%,1000 / 1500 / 2500 / 5000 / 10000 / 20000 / 35000 / 49999,yes,,,6.5,same denomination only,yes,no,unlimited,no,yes,no,Diamond Jewellery products only,Gold jewellery | Gold/Silver coins,1 year from the date of activation/issuance,"normally instant, can be delayed up to 24 - 48 hours",,,,Can the cards be clubbed? Use several gift cards in one purchase,Different Offers/vouchers cannot be combined.,This e-Gift card is valid on all Diamond Jewellery products and not on Gold jewellery and Gold/Silver coins. It can be redeemed online at https://www.euphoriajewellery.in only.,
Euphoria Diamond Jewellery,buyhatke,https://buyhatke.com/gift-cards/euphoria-diamond-jewellery-gift-card,yes,yes,5.42,5.42,any: 5.42%,1000 / 1500 / 2500 / 5000 / 10000 / 20000 / 35000 / 49990,yes,,,,same denomination only,yes,no,,no,yes,no,Diamond Jewellery only,Gold jewellery | Gold/Silver coins,1 year from the date of activation/issuance,"Normally instant, may be delayed up to 24 - 48 hours",,,,,Different Offers/vouchers cannot be combined.,This e-Gift card is valid on all Diamond Jewellery products and not on Gold jewellery and Gold/Silver coins. It can be redeemed online at www.euphoriajewellery.in only.,
Euphoria Gold Coin,buyhatke,https://buyhatke.com/gift-cards/euphoria-gold-coin-gift-card,yes,yes,1.59,1.59,any: 1.59%,250 / 500 / 1000 / 2000 / 5000,yes,,,,same denomination only,yes,no,,no,yes,no,,,1 year,,,,,,Different Offers/vouchers cannot be combined,,
Euphoria Gold Coin,maximize,https://www.maximize.money/gift-cards/Euphoria Gold Coin/393,yes,yes,5.0,5.0,Amazon pay: 3.0% | Amex: 2.75% | CC on UPI: 2.65% | Credit Card: 3.1% | Debit Card: 3.75% | Diners Club: 2.75% | Pay With Rewards: 1.7% | UPI: 5.0% | Wallets: 2.65%,1000 / 1500 / 2500 / 5000 / 10000 / 20000 / 35000 / 49999,yes,,,5.1,same denomination only,yes,no,1,no,yes,no,,,1 year from the date of activation/issuance,,,,,Can the cards be clubbed? Multiple cards can't be clubbed.,Different Offers/vouchers cannot be combined.,,
Euphoria Gold Jewellery,buyhatke,https://buyhatke.com/gift-cards/euphoria-gold-jewellery-gift-card,yes,yes,4.13,4.13,any: 4.13%,1000 / 1500 / 2500 / 5000 / 10000 / 20000 / 35000 / 49990,yes,,,,same denomination only,yes,no,,no,yes,no,,,1 year from the date of activation/issuance,,,,,,Different Offers/vouchers cannot be combined.,,
Euphoria Jewellery,buyhatke,https://buyhatke.com/gift-cards/euphoria-jewellery-gift-card,no,no,,,,500 / 1000 / 1500 / 2000,yes,,,,same denomination only,yes,no,,no,yes,no,,,1 year from the date of activation/issuance,,,,,,Different Offers/vouchers cannot be combined.,,
Euphoria Jewellery Gold Coin,buyhatke,https://buyhatke.com/gift-cards/euphoria-jewellery-gold-coin-gift-card,yes,yes,2.95,2.95,any: 2.95%,250 / 500 / 1000 / 2000 / 5000 / 10000,yes,,,,same denomination only,yes,no,unlimited,no,yes,yes,Gold and Silver coins only,,,,,,,Multiple GVs can be used in one bill,"Can be clubbed with ongoing website promotions, but not with other coupons",Applicable only for purchasing Gold and Silver coins,
Euphoria Jewellery Gold Coin,gyftr,https://www.gyftr.com/euphoria-jewellery-gold-coin,yes,yes,4.0,4.0,Credit Card: 3.0% | Debit Card: 3.0% | MobiKwik: 3.0% | Net Banking: 0.0% | PAYTM UPI: 4.0% | Paytm Wallet: 3.0% | UPI: 4.0%,250 / 100 / 10000 / 500 / 2000,yes,,,,yes,yes,no,unlimited,no,yes,yes,Gold and Silver Coins only,,between 3 to 12 months,,,,,Multiple GV/GCs can be used against one bill.,"The GV/GC can be clubbed with ongoing promotions on the website, but cannot be clubbed with any other coupon.",The offer is valid only for the purchase of Gold and Silver Coins on https://euphoriajewellery.in.,
Euphoria Jewellery Silver Coin,buyhatke,https://buyhatke.com/gift-cards/euphoria-jewellery-silver-coin-gift-card,yes,yes,3.93,3.93,any: 3.93%,500 / 1000 / 2000 / 5000 / 10000,yes,,,,same denomination only,yes,no,unlimited,no,yes,yes,Silver coins only,,,,,,,More than one GV / GC can be used in one bill.,"Euphoria Jewellery (TM) GV / GC can be clubbed with any ongoing promotions on the website. However, the Insta GV / GC cannot be clubbed with any other coupon/s.",This is an Euphoria Jewellery (TM) Insta Gift Voucher (GV) / Gift Card (GC) and would be accepted online at https://euphoriajewellery.in/ and can be used to purchase Silver coins only.,
Euphoria Jewellery Silver Coin,gyftr,https://www.gyftr.com/euphoria-jewellery-silver-coin,yes,yes,3.5,3.5,Amazon Pay: 2.5% | Credit Card: 2.5% | Debit Card: 2.5% | MobiKwik: 2.5% | Net Banking: 2.5% | PAYTM UPI: 3.5% | UPI: 3.5% | e-Pay: 3.5%,1000 / 100 / 500 / 5000 / 2000 / 10000 / 250,yes,,,,yes,yes,no,unlimited,,,yes,,,between 3 to 12 months,,,,,Multiple Gift Vouchers can be used in 1 bill.,Gift Vouchers can be clubbed with on-going promotions.,,
Euphoria Jewellery Silver Coin,maximize,https://www.maximize.money/gift-cards/Euphoria Jewellery Silver Coin/270,yes,yes,4.5,4.5,Amazon pay: 2.5% | Amex: 2.25% | CC on UPI: 2.15% | Credit Card: 2.6% | Debit Card: 3.25% | Diners Club: 2.25% | Pay With Rewards: 1.2% | UPI: 4.5% | Wallets: 2.15%,500 / 1000 / 2000 / 5000 / 10000,yes,,,4.6,same denomination only,yes,,unlimited,no,yes,yes,Silver coins only,,Valid for upto 12 months,,,,,More than one GV / GC can be used in one bill.,"Euphoria Jewellery (TM) GV / GC can be clubbed with any ongoing promotions on the website. However, the Insta GV / GC cannot be clubbed with any other coupon/s.",This is an Euphoria Jewellery (TM) Insta Gift Voucher (GV) / Gift Card (GC) and would be accepted online at https://euphoriajewellery.in/ and can be used to purchase Silver coins only.,
Euphoria Silver Coin,buyhatke,https://buyhatke.com/gift-cards/euphoria-silver-coin-gift-card,yes,yes,2.44,2.44,any: 2.44%,250 / 500 / 1000 / 2000 / 5000,yes,,,,same denomination only,yes,no,unlimited,,yes,yes,Silver coins only,,6 months,,,,,More than one Gift card can be used in one bill.,"Euphoria Jewellery Gift card can be clubbed with any ongoing promotions on the website. However, the Insta Gift voucher cannot be clubbed with any other coupon/s",Comes with the validity of 6 months and would be accepted online at https://euphoriajewellery.in/ and can be used to purchase Silver coins Only.,
ExitLag,gyftr,https://www.gyftr.com/exitlag,yes,no,0.0,0.0,Amazon Pay: 0.0% | Credit Card: 0.0% | Debit Card: 0.0% | MobiKwik: 0.0% | Net Banking: 0.0% | Payzapp: 0.0% | UPI: 0.0% | e-Pay: 0.0%,475 / 1425,no,,,,yes,yes,,,,yes,,,,,,,,,,,,
Faasos,buyhatke,https://buyhatke.com/gift-cards/faasos-gift-card,yes,yes,8.39,8.39,any: 8.39%,250 / 500 / 1000 / 1500 / 2000,yes,,,,same denomination only,yes,no,unlimited,yes,,yes,,,,,,,,Multiple GVs can be added to the EatSure wallet balance.,GVs can be used to purchase discounted items.,,
Faasos,gyftr,https://www.gyftr.com/faasos,yes,yes,10.0,10.0,Amazon Pay: 8.0% | Credit Card: 8.0% | Debit Card: 8.0% | MobiKwik: 8.0% | Net Banking: 8.0% | PAYTM UPI: 10.0% | UPI: 10.0% | e-Pay: 10.0%,1000 / 100 / 1500 / 500 / 2000,yes,,,,yes,yes,no,unlimited,yes,yes,no,,,,,,,,Multiple GV/GC can be combined and added to the EatSure wallet balance,Gift Vouchers CANNOT be clubbed with other aggregator offers.,,
Faasos,maximize,https://www.maximize.money/gift-cards/Faasos/537,yes,yes,10.0,10.0,Amex: 7.75% | CC on UPI: 7.65% | Credit Card: 8.1% | Debit Card: 8.75% | Diners Club: 7.75% | UPI: 10.0%,250 / 500 / 1000 / 1500 / 2000,yes,,,10.25,same denomination only,yes,no,unlimited,yes,no,yes,,,Valid for upto 12 months,,,,,Multiple GVs can be added to the EatSure wallet balance.,GVs can be used to purchase discounted items.,,
Fab Hotels,buyhatke,https://buyhatke.com/gift-cards/fab-hotels-gift-card,yes,yes,10.09,10.09,any: 10.09%,100 / 500 / 2000 / 10000,yes,,,,same denomination only,yes,no,1,no,yes,yes,,,,,,,,3. Only one GV/GC can be used against one bill.,"6. The GV/GC can be clubbed with ongoing promotions on the website. However, the GV/GC cannot be clubbed with any other coupon(s).",,
Fab Hotels,gyftr,https://www.gyftr.com/fab-hotels,yes,yes,10.0,10.0,Credit Card: 10.0% | Debit Card: 10.0% | MobiKwik: 10.0% | Net Banking: 10.0% | PAYTM UPI: 10.0% | Paytm Wallet: 10.0% | UPI: 10.0% | e-Pay: 10.0%,1000 / 100 / 500 / 2500 / 2000 / 5000 / 1500,yes,,,,yes,yes,no,1,no,yes,yes,,,,,,,,Only one GV/GC can be used against one bill.,The GV/GC can be clubbed with ongoing promotions on the website.,,
Fancode,buyhatke,https://buyhatke.com/gift-cards/fancode-gift-card,no,no,,,,500 / 1000 / 1500 / 2000,yes,,,,same denomination only,yes,no,1,,,,,,365 days from the date of activation (purchase),,,,,Only One gift card can be redeemed against single invoice.,,,
Farzi Cafe,gyftr,https://www.gyftr.com/farzi-cafe,yes,yes,15.0,15.0,Amazon Pay: 13.0% | Credit Card: 13.0% | Debit Card: 13.0% | MobiKwik: 13.0% | Net Banking: 13.0% | PAYTM UPI: 15.0% | UPI: 15.0% | e-Pay: 15.0%,7500 / 5000 / 100 / 2500 / 1000 / 500 / 10000,yes,yes,,,yes,no,yes,unlimited,yes,yes,no,,,,,,,,Multiple GVs can be combined and added to the e-Pay balance,The GV/e-Pay cannot be clubbed with any existing offers.,,
Fashion Factory,gyftr,https://www.gyftr.com/fashion-factory,yes,yes,5.0,5.0,Amazon Pay: 3.0% | Credit Card: 3.0% | Debit Card: 3.0% | MobiKwik: 0.0% | PAYTM UPI: 5.0% | Paytm Wallet: 3.0% | UPI: 5.0% | e-Pay: 5.0%,500 / 3000 / 1000 / 2000 / 5000,no,yes,,,yes,no,yes,unlimited,no,yes,yes,,Gold/Silver Coin | fine Jewellery | Apple | 1+ | Motorola | Sony Products | other mobile phones | baby food | alcohol | tobacco | oil | ghee | sugar,valid only for a minimum period of 6 months from the date of receipt,,,,,Multiple Gift Vouchers CAN be used in one bill,Gift Vouchers CAN be used to buy discounted products,,
Fashion Factory,maximize,https://www.maximize.money/gift-cards/Fashion Factory/272,yes,yes,3.5,3.5,Amazon pay: 1.5% | Amex: 1.25% | CC on UPI: 1.15% | Credit Card: 1.6% | Debit Card: 2.25% | Diners Club: 1.25% | Pay With Rewards: 0.2% | UPI: 3.5% | Wallets: 1.15%,500 / 1000 / 2000 / 3000 / 5000,no,yes,,3.65,same denomination only,,yes,,no,yes,,,,minimum period of 6 months from the date of receipt,,,,,,,,
Fashion Factory In Store,buyhatke,https://buyhatke.com/gift-cards/fashion-factory-(in-store)-gift-card,yes,yes,2.88,2.88,any: 2.88%,500 / 999 / 1000 / 2000 / 3000 / 5000,yes,yes,,,same denomination only,no,yes,unlimited,no,yes,yes,,Gold/Silver Coin | fine Jewellery | Apple | 1+ | Motorola | Sony Products | other mobile phones | baby food | alcohol | tobacco | oil | ghee | sugar,Minimum 6 months from the date of receipt,,,,,Multiple Gift Vouchers CAN be used in one bill,Gift Vouchers CAN be used to buy discounted products,,
Fastag Recharge,gyftr,https://www.gyftr.com/fastag-recharge,yes,no,0.0,0.0,Amazon Pay: 0.0% | Credit Card: 0.0% | Debit Card: 0.0% | MobiKwik: 0.0% | Net Banking: 0.0% | Payzapp: 0.0% | UPI: 0.0% | e-Pay: 0.0%,100 / 5000 / 500 / 7500 / 10000 / 100 / 250 / 1000 / 2000,yes,,,,yes,yes,,,yes,no,,services and billers available on www.gyftr.com/loyaltylifecycle/bills-utilities and linked portals,,,some billers take up to 3 business days to accept the payment,,,,,,GV/e-Pay is valid only for services and billers available on https://www.gyftr.com/loyaltylifecycle/bills-utilities and linked portals.,
Fastrack,gyftr,https://www.gyftr.com/fastrack,yes,yes,8.0,8.0,Amazon Pay: 7.0% | Credit Card: 7.0% | Debit Card: 7.0% | MobiKwik: 7.0% | Net Banking: 7.0% | PAYTM UPI: 8.0% | Paytm Wallet: 7.0% | UPI: 8.0% | e-Pay: 8.0%,5000 / 500 / 2000 / 1000,no,yes,,,yes,no,yes,5,no,yes,no,,discounted products,,,,,,Multiple GV/GC (upto 5) can be used against one bill.,Voucher is not applicable on discounted products and cannot be clubbed with any other offer in the store.,,
Fastrack,maximize,https://www.maximize.money/gift-cards/Fastrack/396,yes,yes,8.0,8.0,Amazon pay: 6.0% | Amex: 5.75% | CC on UPI: 5.65% | Credit Card: 6.1% | Debit Card: 6.75% | Diners Club: 5.75% | Pay With Rewards: 4.7% | UPI: 8.0% | Wallets: 5.65%,250 / 500 / 1000 / 1500 / 2500 / 5000 / 10000 / 20000 / 35000 / 50000,yes,yes,,8.75,same denomination only,yes,yes,5,no,yes,no,,Smart Wearable products | Titan Nebula collection watches | discounted products,6 months from the date of issuance,usable online immediately; in Fastrack stores only after 8 hours from issuance,,,,Multiple Gift Cards (up to 5) can be used in a single transaction.,Cannot be clubbed with any other offer or promotion.,,
"Fastrack (In Store, 3 Day Wait)",buyhatke,https://buyhatke.com/gift-cards/fastrack-(in-store%2C-3-day-wait)-gift-card,yes,yes,6.69,6.69,any: 6.69%,250 / 500 / 1000 / 1500 / 2000 / 3000 / 5000 / 7500 / 10000,yes,yes,,,same denomination only,no,yes,5,no,yes,no,,,,72 hours from code generation,,,,5. Multiple GV/GC (upto 5) can be used against one bill.,4. The GV/GC cannot be clubbed with the existing offers.,,
Fastrack 1 Day Wait,buyhatke,https://buyhatke.com/gift-cards/fastrack-(1-day-wait)-gift-card,yes,yes,7.55,7.55,any: 7.55%,250 / 500 / 1000 / 1500 / 2500 / 5000 / 10000 / 20000 / 35000 / 50000,yes,yes,,,same denomination only,yes,yes,5,no,yes,no,,discounted products | Smart Wearable products | Titan Nebula collection watches,6 months from the date of issuance,Usable online immediately; in authorized Fastrack stores only after 8 hours from issuance,,,,Multiple Gift Cards (up to 5) can be used in a single transaction.,Cannot be clubbed with any other offer or promotion.,,
Fastrack Bags,gyftr,https://www.gyftr.com/fastrack-bags,yes,no,0.0,0.0,Amazon Pay: 0.0% | Credit Card: 0.0% | Debit Card: 0.0% | MobiKwik: 0.0% | Net Banking: 0.0% | Payzapp: 0.0% | UPI: 0.0% | e-Pay: 0.0%,1000 / 500 / 2000,no,yes,,,yes,no,yes,5,no,yes,no,,,,,,,,A maximum of 5 Gift Vouchers CAN be used in one bill.,The GV/GC cannot be clubbed with the existing offers.,,
Fastrack Bags,maximize,https://www.maximize.money/gift-cards/Fastrack Bags/273,yes,yes,8.25,8.25,Amazon pay: 6.25% | Amex: 6.0% | CC on UPI: 5.9% | Credit Card: 6.35% | Debit Card: 7.0% | Diners Club: 6.0% | Pay With Rewards: 4.95% | UPI: 8.25% | Wallets: 5.9%,500 / 1000 / 1500 / 2000 / 5000,no,yes,,8.5,same denomination only,no,yes,5,no,yes,no,,,Valid for a range of 6 - 12 months,,,,,A Maximum of 5 Gift vouchers can be clubbed for a single purchase.,Not valid for in-store offers.,,
Fastrack Bags In Store,buyhatke,https://buyhatke.com/gift-cards/fastrack-bags-(in-store)-gift-card,yes,yes,6.69,6.69,any: 6.69%,500 / 1000 / 1500 / 2000 / 5000,yes,yes,,,same denomination only,no,yes,5,no,yes,no,,,,,,,,5. A Maximum of 5 GV/GCs can be clubbed for a single purchase.,7. The GV/GC cannot be clubbed with the existing offers.,,
Fastrack Bags In Store 3 Day Wait,buyhatke,https://buyhatke.com/gift-cards/fastrack-bags-(in-store%2C-3-day-wait)-gift-card,yes,yes,7.42,7.42,any: 7.42%,500 / 1000 / 1500 / 2000 / 5000,yes,yes,,,same denomination only,no,yes,5,no,yes,no,,,,72 hours from code generation,,,,A Maximum of 5 Gift vouchers can be clubbed for a single purchase.,Not valid for in-store offers.,,
Fastrack In Store,buyhatke,https://buyhatke.com/gift-cards/fastrack-(in-store)-gift-card,yes,yes,7.39,7.39,any: 7.39%,500 / 1000 / 1500 / 2000 / 2500 / 3000 / 5000 / 7500 / 10000,yes,yes,,,same denomination only,no,yes,5,no,yes,no,,discounted products,Maximum 6 months from the date of issuance,,,,,Up to 5 vouchers can be used in a single transaction.,Cannot be used on discounted products or combined with other store offers.,,
Fastrack In Store 1 Day Wait,buyhatke,https://buyhatke.com/gift-cards/fastrack-(in-store%2C-1-day-wait)-gift-card,yes,yes,8.0,8.0,any: 8.0%,100 / 500 / 2000 / 10000,yes,yes,,,same denomination only,no,yes,5,,yes,no,,discounted products,6 months,24 hours from the time of activation,,,,Multiple gift cards (upto 5) can be used against a single transaction,Voucher is not applicable on discounted products and cannot be clubbed with any other offer in the store,,
Fastrack SmartWatch,maximize,https://www.maximize.money/gift-cards/Fastrack SmartWatch/580,yes,yes,8.0,8.0,Amazon pay: 6.0% | Amex: 5.75% | CC on UPI: 5.65% | Credit Card: 6.1% | Debit Card: 6.75% | Diners Club: 5.75% | Pay With Rewards: 4.7% | UPI: 8.0% | Wallets: 5.65%,200 / 500 / 1000 / 2000 / 5000 / 10000 / 20000 / 50000,yes,yes,,8.75,same denomination only,yes,yes,5,no,yes,no,,discounted products,6 months from the date of issuance,usable online immediately; in Fastrack stores only after 8 hours from issuance,,,,Multiple Gift Cards (up to 5) can be used in a single transaction.,Cannot be clubbed with any other offer or promotion.,,
Fastrack SmartWatch (1 Day Wait),buyhatke,https://buyhatke.com/gift-cards/fastrack-smartwatch-(1-day-wait)-gift-card,no,no,,,,500 / 1000 / 1500 / 2000,yes,yes,,,same denomination only,yes,yes,5,no,yes,no,,discounted products,Maximum 6 months from the date of issuance,instant,,,,Multiple e-gift cards (upto 5) can be used against a single transaction.,Voucher is not applicable on discounted products and cannot be clubbed with any other offer in the store.,,Wait Before Use=24 hours after issuance
Fastrack SmartWatch 8 Hr Wait,buyhatke,https://buyhatke.com/gift-cards/fastrack-smartwatch-(8-hr-wait)-gift-card,yes,yes,7.34,7.34,any: 7.34%,100 / 500 / 2500 / 50000,yes,yes,,,same denomination only,yes,yes,5,no,yes,no,,discounted products,6 months from the date of issuance,Usable online immediately; in authorized Fastrack stores only after 8 hours from issuance,,,,Multiple Gift Cards (up to 5) can be used in a single transaction.,Cannot be clubbed with any other offer or promotion.,,
Fastrack Smartwatches,gyftr,https://www.gyftr.com/fastrack-smartwatches,yes,yes,8.0,8.0,Amazon Pay: 7.0% | Credit Card: 7.0% | Debit Card: 7.0% | MobiKwik: 7.0% | Net Banking: 7.0% | PAYTM UPI: 8.0% | Paytm Wallet: 7.0% | UPI: 8.0% | e-Pay: 8.0%,1000 / 2500 / 3500 / 4000 / 1500 / 2000 / 5000 / 3000,no,yes,,,yes,no,yes,5,no,yes,no,,discounted products,,,,,,Multiple GV/GC (Upto 5) can be used against one bill.,The GV/GC cannot be clubbed with the existing offers.,,
Femmella,buyhatke,https://buyhatke.com/gift-cards/femmella-gift-card,yes,yes,13.73,13.73,any: 13.73%,500 / 1000 / 2000,yes,,,,same denomination only,yes,no,unlimited,yes,no,yes,,,,,,,,Multiple GVs can be combined and added to your Femmella e-Pay balance.,GV/e-Pay can be used along with ongoing discounts or sales on the website.,,
Femmella,gyftr,https://www.gyftr.com/femmella,yes,yes,14.0,14.0,Amazon Pay: 12.0% | Credit Card: 12.0% | Debit Card: 12.0% | MobiKwik: 12.0% | Net Banking: 12.0% | PAYTM UPI: 14.0% | Paytm Wallet: 12.0% | UPI: 14.0%,100 / 2000 / 500 / 1000,yes,,,,yes,yes,,unlimited,yes,,yes,,,,,,,,Multiple Gift Vouchers CAN be combined & added to the e-Pay balance,The GV/GC CAN be clubbed with ongoing sales.,,
Femmella,maximize,https://www.maximize.money/gift-cards/Femmella/718,yes,yes,13.75,13.75,Amazon pay: 11.75% | Amex: 11.5% | CC on UPI: 11.4% | Credit Card: 11.85% | Debit Card: 12.5% | Diners Club: 11.5% | Pay With Rewards: 10.45% | UPI: 13.75% | Wallets: 11.4%,500 / 1000 / 2000,no,,,14.25,same denomination only,yes,,unlimited,yes,no,yes,,,Valid for upto 12 months,,,,,Multiple GVs can be combined and added to your Femmella e-Pay balance.,GV/e-Pay can be used along with ongoing discounts or sales on the website.,,
Ferns N Petals,buyhatke,https://buyhatke.com/gift-cards/ferns-n-petals-gift-card,yes,yes,15.73,15.73,any: 15.73%,500 / 1000 / 2000,yes,,,,same denomination only,yes,no,1,yes,,no,,convenience or delivery charges,,,,,,Multiple Gift Vouchers cannot be used in a single bill / transaction.,The Gift Voucher cannot be redeemed on existing discount offers available on the FNP website.,,
Ferns N Petals,gyftr,https://www.gyftr.com/ferns-n-petals,yes,yes,18.0,18.0,Amazon Pay: 16.0% | Credit Card: 16.0% | Debit Card: 16.0% | MobiKwik: 16.0% | Net Banking: 16.0% | PAYTM UPI: 18.0% | Paytm Wallet: 16.0% | UPI: 18.0% | e-Pay: 18.0%,2000 / 1000 / 500,no,,,,yes,yes,no,1,,yes,no,,convenience and delivery charges,,,,,,Multiple GV/GC cannot be used against one bill.,The GV/GC cannot be redeemed on existing discount offers available on the FNP website.,,
Ferns N Petals,maximize,https://www.maximize.money/gift-cards/Ferns N Petals/274,yes,yes,15.0,15.0,Amazon pay: 13.0% | Amex: 12.75% | CC on UPI: 12.65% | Credit Card: 13.1% | Debit Card: 13.75% | Diners Club: 12.75% | Pay With Rewards: 11.7% | UPI: 15.0% | Wallets: 12.65%,500 / 1000 / 2000,no,,,16.0,same denomination only,yes,no,1,yes,,no,,convenience or delivery charges,Valid for upto 6 months,,,,,Multiple Gift Vouchers cannot be used in a single bill / transaction.,The Gift Voucher cannot be redeemed on existing discount offers available on the FNP website.,,
Ferragamo In Store,buyhatke,https://buyhatke.com/gift-cards/ferragamo-(in-store)-gift-card,yes,yes,11.88,11.88,any: 11.88%,1000 / 2000 / 5000 / 10000,yes,yes,,,same denomination only,no,yes,unlimited,,yes,,Full-priced merchandise only,location: airport stores,1 year,,,,,This is a one-time use giftcard; multiple cards can be used in 1 transaction,,Luxe Gift Card can only be redeemed against full-priced merchandise,
FERRAGAMO- Luxe Gift Card,gyftr,https://www.gyftr.com/ferragamo,yes,yes,10.0,10.0,Credit Card: 10.0% | Debit Card: 10.0% | Net Banking: 10.0% | PAYTM UPI: 10.0% | UPI: 10.0% | e-Pay: 10.0%,5000 / 2000 / 1000 / 10000,no,yes,,,yes,,yes,unlimited,,yes,no,,,,,,,,Multiple Gift Vouchers CAN be used in one bill.,Gift Vouchers CANNOT be used during Sale.,,
Finusmart,buyhatke,https://buyhatke.com/gift-cards/finusmart-gift-card,yes,yes,13.88,13.88,any: 13.88%,500 / 750 / 1000,yes,,,,same denomination only,yes,no,,no,yes,no,,,1 year,,,,,,Voucher cannot be clubbed with any offer & promotion,,
Firangi Bake,buyhatke,https://buyhatke.com/gift-cards/firangi-bake-gift-card,yes,yes,9.24,9.24,any: 9.24%,250 / 500 / 1000 / 1500 / 2000,yes,,,,same denomination only,yes,no,1,yes,no,,,,1 year,,,,,Multiple gift cards cannot be clubbed in one order and the user needs to add the Gift Card to the EatSure User Account,,,
First Cry,buyhatke,https://buyhatke.com/gift-cards/first-cry-gift-card,yes,yes,5.38,5.38,any: 5.38%,100 / 250 / 500 / 750 / 1000 / 2000 / 2500 / 3000 / 5000 / 10000,yes,,,,same denomination only,yes,no,1,yes,no,,,,1 year from the date of purchase,"Normally instant, may be delayed up to 48-72 hours",,,,Multiple GCs cannot be applied for a single order,,,
FirstCry,buyhatke,https://buyhatke.com/gift-cards/firstcry-gift-card,no,no,,,,,no,,,,same denomination only,,,,,,,,,,,,,,,,,
FirstCry,gyftr,https://www.gyftr.com/firstcry,yes,yes,6.5,6.5,Amazon Pay: 5.0% | Credit Card: 5.5% | Debit Card: 5.5% | MobiKwik: 5.0% | Net Banking: 5.5% | PAYTM UPI: 6.5% | UPI: 6.5% | e-Pay: 6.5%,5000 / 2000 / 500 / 2500 / 1000 / 250,no,yes,,,yes,yes,yes,1,yes,no,yes,,,,,,,,Only one GV/GC can be used per bill.,The GV/GC can be clubbed with existing offers.,,
FirstCry,maximize,https://www.maximize.money/gift-cards/FirstCry/350,yes,yes,6.75,6.75,Amazon pay: 4.75% | Amex: 4.5% | CC on UPI: 4.4% | Credit Card: 4.85% | Debit Card: 5.5% | Diners Club: 4.5% | Pay With Rewards: 3.45% | UPI: 6.75% | Wallets: 4.4%,100 / 250 / 500 / 750 / 1000 / 2000 / 2500 / 3000 / 5000 / 10000,no,,,6.9,same denomination only,yes,,1,yes,no,no,,,1 year from the date of purchase,"normally instant, can be delayed up to 48-72 hours",,,,Multiple GCs cannot be applied for a single order,"Can be clubbed with other offers? No, can't club with other offers / coupons",,
FITPASS,buyhatke,https://buyhatke.com/gift-cards/fitpass-gift-card,yes,yes,21.88,21.88,any: 21.88%,500 / 1000 / 2000,yes,,,,same denomination only,yes,no,unlimited,no,yes,yes,,,,,,,,4. Multiple GV/GCs can be clubbed in one bill/transaction.,3. The GV/GC can be clubbed with the existing offers.,,
FITPASS,gyftr,https://www.gyftr.com/fitpass,yes,yes,22.0,22.0,Credit Card: 21.0% | Debit Card: 21.0% | MobiKwik: 21.0% | Net Banking: 21.0% | PAYTM UPI: 22.0% | Paytm Wallet: 21.0% | UPI: 22.0% | e-Pay: 22.0%,1000 / 100 / 500 / 2000 / 100,yes,,,,yes,yes,no,unlimited,no,yes,yes,,,,,,,,Multiple GV/GCs can be clubbed in one bill/transaction.,The GV/GC can be clubbed with the existing offers.,,
FITPASS,maximize,https://www.maximize.money/gift-cards/FITPASS/275,yes,yes,20.5,20.5,Amazon pay: 18.5% | Amex: 18.25% | CC on UPI: 18.15% | Credit Card: 18.6% | Debit Card: 19.25% | Diners Club: 18.25% | Pay With Rewards: 17.2% | UPI: 20.5% | Wallets: 18.15%,500 / 1000 / 2000,yes,,,21.0,same denomination only,yes,,unlimited,no,yes,yes,,,Valid for upto 6 months,,,,,Single/Multiple GV’s can be clubbed in one bill/transaction.,FITPASS GV can be clubbed with any one of the existing offers.,,
Flipkart,buyhatke,https://buyhatke.com/gift-cards/flipkart-gift-card,no,no,,,,500 / 1000 / 1500 / 2000,yes,,,,same denomination only,yes,no,,,,,,,,,,,50000,,,,
Flipkart,gyftr,https://www.gyftr.com/flipkart,no,no,1.5,1.5,Credit Card: 0.0% | Debit Card: 0.0% | PAYTM UPI: 1.5% | UPI: 1.5% | e-Pay: 1.5%,,no,,,,yes,yes,no,15,yes,yes,,,,,,,,,A maximum of 15 Gift Cards CAN be used in one bill.,,,
Flipkart - (Custom),maximize,https://www.maximize.money/gift-cards/Flipkart - (Custom)/410,yes,yes,1.25,1.25,Amex: 0.0% | CC on UPI: 0.0% | Credit Card: 0.0% | Debit Card: 0.5% | Diners Club: 0.0% | UPI: 1.25%,1000 / 2000 / 5000 / 10000,yes,,,1.8,same denomination only,yes,,15,yes,no,yes,,other Gift Cards | Flipkart First subscriptions | bulk purchases,Valid for upto 12 months,,,,100000,Maximum 15 Gift Cards can be used per order unless added to wallet.,"Can be clubbed with other offers? Yes, clubbable with other offers / coupons",,
FlixBus,buyhatke,https://buyhatke.com/gift-cards/flixbus-gift-card,yes,yes,9.98,9.98,any: 9.98%,500 / 1000 / 2000,yes,,,,same denomination only,yes,no,1,,yes,no,Travel within India only,,,,,,,Only one voucher per booking,Cannot be clubbed with existing offers,Gift cards are applicable only for travel within India.,
FlixBus,maximize,https://www.maximize.money/gift-cards/FlixBus/805,no,no,,,,,no,,,,same denomination only,,,,,,,,,,,,,,,,,
Flower Aura,buyhatke,https://buyhatke.com/gift-cards/flower-aura-gift-card,yes,yes,13.73,13.73,any: 13.73%,250 / 500 / 1000 / 2000,yes,,,,same denomination only,yes,no,1,no,yes,no,,,,,,,,6. Multiple GV/GC CANNOT be used in one bill.,4. GV/GC cannot be clubbed with existing offers on the Flower Aura website.,,
Flower Aura,gyftr,https://www.gyftr.com/flower-aura,yes,yes,20.0,20.0,Amazon Pay: 20.0% | Credit Card: 18.0% | Debit Card: 18.0% | MobiKwik: 18.0% | Net Banking: 18.0% | PAYTM UPI: 20.0% | Paytm Wallet: 18.0% | UPI: 20.0% | e-Pay: 20.0%,250 / 500,no,,,,yes,yes,no,1,no,yes,no,,,3 to 12 months,,,,,Only one GV/GC CAN be used against one bill.,GV/GC cannot be clubbed with existing offers on the Flower Aura website.,,
Flower Aura,maximize,https://www.maximize.money/gift-cards/Flower Aura/516,yes,yes,14.0,14.0,Amazon pay: 12.0% | Amex: 11.75% | CC on UPI: 11.65% | Credit Card: 12.1% | Debit Card: 12.75% | Diners Club: 11.75% | Pay With Rewards: 10.7% | UPI: 14.0% | Wallets: 11.65%,500 / 1000 / 2000,no,,,14.5,same denomination only,yes,no,1,no,yes,no,,select third-party products in Gift and Rakhi categories,Valid for upto 6 months,,,,,Only one GV/GC can be used per bill,GV/GC cannot be clubbed with existing offers,,
Forever New,buyhatke,https://buyhatke.com/gift-cards/forever-new-gift-card,yes,yes,7.39,7.39,any: 7.39%,100 / 500 / 1000 / 2500 / 5000 / 10000,yes,yes,,,same denomination only,yes,yes,1,,,yes,,,1 year,,,,,"Comes with 1 year validity and, only one card can be used per transaction",All brand-funded offers can be clubbed during purchase,,
Forever New,maximize,https://www.maximize.money/gift-cards/Forever New/351,yes,yes,8.75,8.75,Amazon pay: 6.75% | Amex: 6.5% | CC on UPI: 6.4% | Credit Card: 6.85% | Debit Card: 7.5% | Diners Club: 6.5% | Pay With Rewards: 5.45% | UPI: 8.75% | Wallets: 6.4%,100 / 500 / 1000 / 2500 / 5000 / 10000,yes,yes,,8.9,same denomination only,yes,yes,unlimited,yes,no,no,,other gift cards,"12 months from the date of issue or the last transaction, whichever is later",,,,,Can the cards be clubbed? Use several gift cards in one purchase,"Can be clubbed with other offers? No, can't club with other offers / coupons",,
Forever21,maximize,https://www.maximize.money/gift-cards/Forever21/304,yes,yes,7.75,7.75,Amazon pay: 5.75% | Amex: 5.5% | CC on UPI: 5.4% | Credit Card: 5.85% | Debit Card: 6.5% | Diners Club: 5.5% | Pay With Rewards: 4.45% | UPI: 7.75% | Wallets: 5.4%,500 / 1000 / 1500 / 2000 / 2500 / 3000 / 5000 / 7500 / 9999,no,yes,,8.0,same denomination only,,yes,unlimited,no,yes,yes,,,Valid for a range of 6 - 12 months,,,,,More than one GV / GC can be used in one bill.,This GV / GC can be used during sale.,,
Forever21 In Store,buyhatke,https://buyhatke.com/gift-cards/forever21-(in-store)-gift-card,yes,yes,6.99,6.99,any: 6.99%,500 / 1000 / 1500 / 2000 / 2500 / 3000 / 5000 / 7500 / 9990,yes,yes,,,same denomination only,no,yes,unlimited,no,yes,yes,,,,,,,,More than one GV / GC can be used in one bill.,This GV / GC can be used during sale.,,
Foxtale,buyhatke,https://buyhatke.com/gift-cards/foxtale-gift-card,yes,yes,20.88,20.88,any: 20.88%,100 / 250 / 500 / 1000 / 1500 / 2000 / 2500 / 5000,yes,,,,same denomination only,yes,no,,yes,no,no,,,,,,,,,The GV/e-Pay CANNOT be clubbed with ongoing discounts on the Foxtale website.,,
Foxtale,gyftr,https://www.gyftr.com/foxtale,yes,yes,20.0,20.0,Amazon Pay: 20.0% | Credit Card: 20.0% | Debit Card: 20.0% | MobiKwik: 20.0% | Net Banking: 20.0% | PAYTM UPI: 20.0% | Paytm Wallet: 20.0% | UPI: 20.0% | e-Pay: 20.0%,500 / 250 / 5000 / 2000 / 1500 / 1000 / 2500 / 100,yes,,,,yes,yes,no,unlimited,yes,,no,,,,,,,,Multiple Gift Vouchers CAN be combined & added to the e-Pay balance.,The GV/GC CANNOT be clubbed with any offer/discount on the website.,,
Foxtale,maximize,https://www.maximize.money/gift-cards/Foxtale/255,yes,yes,17.75,17.75,Amazon pay: 15.75% | Amex: 15.5% | CC on UPI: 15.4% | Credit Card: 15.85% | Debit Card: 16.5% | Diners Club: 15.5% | Pay With Rewards: 14.45% | UPI: 17.75% | Wallets: 15.4%,100 / 250 / 500 / 1000 / 1500 / 2000 / 2500 / 5000,no,,,19.75,same denomination only,yes,,unlimited,yes,no,no,,,Valid for upto 12 months,,,,,Can the cards be clubbed? Use several gift cards in one purchase after conversion,The GV/GC CANNOT be clubbed with ongoing discounts on the Foxtale website.,,
Freecultr,buyhatke,https://buyhatke.com/gift-cards/freecultr-gift-card,yes,yes,17.88,17.88,any: 17.88%,500 / 1000,yes,,,,same denomination only,yes,no,,no,yes,no,,,,,,,,,Cannot be combined with ongoing offers on the website. Two discount codes cannot be applied together.,,
Freecultr,gyftr,https://www.gyftr.com/freecultr,yes,yes,20.0,20.0,Amazon Pay: 18.0% | Credit Card: 18.0% | Debit Card: 18.0% | MobiKwik: 18.0% | Net Banking: 18.0% | PAYTM UPI: 20.0% | Paytm Wallet: 18.0% | UPI: 20.0% | e-Pay: 20.0%,1000 / 500,no,,,,yes,yes,,1,,yes,no,,,,,,,,Maximum 1 Gift Vouchers can be used in one purchase,Gift Vouchers CANNOT be clubbed with ongoing promotions/offers,,
Freecultr,maximize,https://www.maximize.money/gift-cards/Freecultr/517,yes,yes,21.0,21.0,Amazon pay: 19.0% | Amex: 18.75% | CC on UPI: 18.65% | Credit Card: 19.1% | Debit Card: 19.75% | Diners Club: 18.75% | Pay With Rewards: 17.7% | UPI: 21.0% | Wallets: 18.65%,500,no,,,21.25,same denomination only,yes,,1,no,yes,no,,,Valid for upto 6 months,,,,,Can the cards be clubbed? Multiple cards can't be clubbed,Cannot be combined with ongoing offers on the website. Two discount codes cannot be applied together.,,
French Accent,buyhatke,https://buyhatke.com/gift-cards/french-accent-gift-card,yes,yes,6.69,6.69,any: 6.69%,500 / 1000 / 2000,yes,,,,same denomination only,yes,no,,,,,,,6 months,,,,,,,,
French Accent,gyftr,https://www.gyftr.com/french-accent,yes,no,0.0,0.0,Amazon Pay: 0.0% | Credit Card: 0.0% | Debit Card: 0.0% | MobiKwik: 0.0% | Net Banking: 0.0% | Payzapp: 0.0% | UPI: 0.0% | e-Pay: 0.0%,2000 / 1000 / 500,no,,,,yes,yes,no,unlimited,yes,yes,yes,,,,,,,,Multiple GV/GCs can be combined and added to the e-Pay balance.,The GV/e-Pay can be clubbed with discounts offered by the brand on their website.,,
FreshMenu,buyhatke,https://buyhatke.com/gift-cards/freshmenu-gift-card,yes,yes,2.88,2.88,any: 2.88%,100 / 250 / 500 / 1000 / 1500 / 2500 / 5000 / 10000,yes,,,,same denomination only,yes,no,,yes,no,,,,12 months,,,,,,,,
FreshMenu,maximize,https://www.maximize.money/gift-cards/FreshMenu/398,yes,yes,3.75,3.75,Amazon pay: 1.75% | Amex: 1.5% | CC on UPI: 1.4% | Credit Card: 1.85% | Debit Card: 2.5% | Diners Club: 1.5% | Pay With Rewards: 0.45% | UPI: 3.75% | Wallets: 1.4%,100 / 250 / 500 / 1000 / 1500 / 2500 / 5000 / 10000,yes,,,4.0,same denomination only,yes,,unlimited,yes,no,no,"Valid only in Bangalore, Delhi, Gurgaon, and Mumbai",,up to 12 months from the date of issue,,,,,Can the cards be clubbed? Use several gift cards in one purchase,"Can be clubbed with other offers? No, can't club with other offers / coupons","Valid only in Bangalore, Delhi, Gurgaon, and Mumbai.",
Fricken,buyhatke,https://buyhatke.com/gift-cards/fricken-gift-card,yes,yes,9.24,9.24,any: 9.24%,100 / 500 / 2000 / 10000,yes,,,,same denomination only,yes,no,1,yes,no,,,,1 year,,,,,Multiple gift cards cannot be clubbed in one order and the user needs to add the Gift Card to the EatSure User Account,,,
Frido,buyhatke,https://buyhatke.com/gift-cards/frido-gift-card,yes,yes,13.92,13.92,any: 13.92%,100 / 500 / 1000 / 2000 / 5000,yes,,,,same denomination only,yes,no,,yes,no,no,,,,,,,,,"GVs/e-Pay can be used on slashed prices and combined with bank offers, but not with other brand promo codes.",,
FRIDO,gyftr,https://www.gyftr.com/frido,yes,yes,14.0,14.0,Amazon Pay: 12.0% | Credit Card: 12.0% | Debit Card: 12.0% | MobiKwik: 12.0% | Net Banking: 12.0% | PAYTM UPI: 14.0% | Paytm Wallet: 12.0% | UPI: 14.0% | e-Pay: 14.0%,1000 / 500 / 5000 / 2000,no,,,,yes,yes,no,unlimited,yes,,no,,,,,,,,Multiple GV/GC's CAN be combined & added to the e-Pay balance.,"The GV/e-Pay is valid on slashed prices and can be clubbed with bank offers. However, it cannot be clubbed with any brand promo code applicable on the website(s).",,
Frido,maximize,https://www.maximize.money/gift-cards/Frido/518,yes,yes,16.25,16.25,Amazon pay: 14.25% | Amex: 14.0% | CC on UPI: 13.9% | Credit Card: 14.35% | Debit Card: 15.0% | Diners Club: 14.0% | Pay With Rewards: 12.95% | UPI: 16.25% | Wallets: 13.9%,100 / 500 / 1000 / 2000 / 5000,no,,,16.35,same denomination only,yes,,unlimited,yes,no,yes,,,Valid for upto 6 months,,,,,Can the cards be clubbed? Use several gift cards in one purchase,"GVs/e-Pay can be used on slashed prices and combined with bank offers, but not with other brand promo codes.",,
Funblock In Store,buyhatke,https://buyhatke.com/gift-cards/funblock-(in-store)-gift-card,yes,yes,6.69,6.69,any: 6.69%,500 / 750 / 1000,yes,yes,,,same denomination only,no,yes,unlimited,,yes,,,,6 months,,,,,Multiple eGift Cards can be combined and used in a single transaction.,,,
Funcity,maximize,https://www.maximize.money/gift-cards/Funcity/1093,yes,yes,9.0,9.0,Amazon pay: 7.0% | Amex: 6.75% | CC on UPI: 6.65% | Credit Card: 7.1% | Debit Card: 7.75% | Diners Club: 6.75% | Pay With Rewards: 5.7% | UPI: 9.0% | Wallets: 6.65%,500 / 750 / 1000 / 2000 / 3000 / 5000,no,yes,,9.25,same denomination only,no,yes,unlimited,no,yes,,,,180 days (6 months) from the date of activation,,,,,Multiple Gift Vouchers can be combined in a single transaction.,,,
Funcity In Store,buyhatke,https://buyhatke.com/gift-cards/funcity-(in-store)-gift-card,yes,yes,6.88,6.88,any: 6.88%,500 / 750 / 1000 / 2000 / 3000 / 5000,yes,yes,,,same denomination only,no,yes,unlimited,,yes,,,,6 months,,,,,Multiple eGift Cards can be combined and used in a single transaction.,,,
FUTURE WORLD - APPLE RESELLER,gyftr,https://www.gyftr.com/future-world,yes,yes,3.0,3.0,Amazon Pay: 2.0% | Credit Card: 2.0% | Debit Card: 2.0% | MobiKwik: 2.0% | Net Banking: 2.0% | PAYTM UPI: 3.0% | Paytm Wallet: 2.0% | UPI: 3.0% | e-Pay: 3.0%,7500 / 2500 / 5000 / 100 / 10000 / 1000 / 100,yes,yes,,,yes,yes,yes,unlimited,yes,yes,no,,,,,,,,Multiple GVs can be combined and added to the e-Pay balance.,The GV/GC cannot be clubbed with any ongoing offer.,,
Future World - Apple Reseller,maximize,https://www.maximize.money/gift-cards/Future World - Apple Reseller/254,yes,yes,3.5,3.5,Amazon pay: 1.5% | Amex: 1.25% | CC on UPI: 1.15% | Credit Card: 1.6% | Debit Card: 2.25% | Diners Club: 1.25% | Pay With Rewards: 0.2% | UPI: 3.5% | Wallets: 1.15%,100 / 1000 / 2500 / 5000 / 7500 / 10000,no,yes,,3.65,same denomination only,yes,yes,unlimited,,no,no,,,Valid for upto 6 months,"normally instant, can be delayed up to 24 - 48 hours",,,,Multiple GVs can be combined and added to the e-Pay balance.,"Can be clubbed with other offers? No, can't club with other offers / coupons",,
Future World Apple,buyhatke,https://buyhatke.com/gift-cards/future-world-apple-gift-card,yes,yes,3.21,3.21,any: 3.21%,100 / 1000 / 2500 / 5000 / 7500 / 10000,yes,yes,,,same denomination only,yes,yes,unlimited,,,,,,,"usually instant, up to 24-48 hours if delayed",,,,Multiple GVs can be combined and added to the e-Pay balance.,,,
Future World In Store,buyhatke,https://buyhatke.com/gift-cards/future-world-(in-store)-gift-card,yes,yes,2.44,2.44,any: 2.44%,1000 / 2500 / 5000 / 7500 / 10000,yes,yes,,,same denomination only,no,yes,unlimited,,,yes,,,1 year,,,,,Multiple Gift Vouchers can be combined,Gift Voucher can be used during the Sale.,,
G Star Raw In Store,buyhatke,https://buyhatke.com/gift-cards/g-star-raw-(in-store)-gift-card,yes,yes,11.88,11.88,any: 11.88%,1000 / 2000 / 5000 / 10000,yes,yes,,,same denomination only,no,yes,unlimited,,yes,,Full-priced merchandise only,location: airport stores,1 year,,,,,This is a one-time use giftcard; multiple cards can be used in 1 transaction,,Luxe Gift Card can only be redeemed against full-priced merchandise,
"G STAR RAW Luxe (In Store, 1 Hr Wait)",buyhatke,https://buyhatke.com/gift-cards/g-star-raw-luxe-(in-store%2C-1-hr-wait)-gift-card,no,no,,,,500 / 1000 / 1500 / 2000,yes,yes,,,same denomination only,no,yes,unlimited,no,yes,,Full priced merchandise only,location: airport stores,12 months from the date of purchase,usable 1 hour after code generation,,,,Multiple Luxe Gift Cards can be used in a single transaction.,,Luxe Gift Card can be redeemed only against full priced merchandise.,
Gaana,buyhatke,https://buyhatke.com/gift-cards/gaana-gift-card,yes,yes,15.28,15.28,any: 15.28%,99 / 599,yes,,,,same denomination only,yes,no,,,yes,,Gaana Plus premium subscription,,,"usually instant, up to 24-48 hours in rare cases",,,,,,"Gaana Plus offers a premium subscription from Gaana.com, enabling unlimited song downloads on mobile devices.",
Gaana,gyftr,https://www.gyftr.com/gaanaplus,yes,yes,16.0,16.0,Amazon Pay: 14.0% | Credit Card: 14.0% | Debit Card: 14.0% | MobiKwik: 14.0% | Net Banking: 14.0% | PAYTM UPI: 16.0% | Paytm Wallet: 14.0% | UPI: 16.0%,799 / 549 / 349,no,,,,yes,,,,,yes,yes,Gaana Plus premium subscription service,,,normally delivered instantly; can be delayed up to 24-48 hours,,,,,You can club your Gaana Gift Card with existing offers and ongoing offers.,Gaana Plus gets you premium subscription service from Gaana.com.,
Gas Bill Payment,gyftr,https://www.gyftr.com/gas-bill-payment,yes,no,0.0,0.0,Amazon Pay: 0.0% | Credit Card: 0.0% | Debit Card: 0.0% | MobiKwik: 0.0% | Net Banking: 0.0% | Payzapp: 0.0% | UPI: 0.0% | e-Pay: 0.0%,10000 / 2000 / 7500 / 100 / 5000 / 1000 / 250 / 500 / 100,yes,,,,yes,yes,,,yes,,,Services and billers available on gyftr.com/loyaltylifecycle/bills-utilities and linked portals,,,,,,,,,GV/e-Pay is valid only for services and billers available on https://www.gyftr.com/loyaltylifecycle/bills-utilities and linked portals.,
Gas Luxe In Store,buyhatke,https://buyhatke.com/gift-cards/gas-luxe-(in-store)-gift-card,yes,yes,11.88,11.88,any: 11.88%,1000 / 2500 / 5000 / 10000,yes,yes,,,same denomination only,no,yes,unlimited,,yes,,Full-priced merchandise only,location: airport stores,1 year,,,,,This is a one-time use giftcard; multiple cards can be used in 1 transaction,,Luxe Gift Card can only be redeemed against full-priced merchandise,
Gas-Luxe,maximize,https://www.maximize.money/gift-cards/Gas-Luxe/399,yes,yes,10.0,10.0,Amex: 10.0% | CC on UPI: 10.0% | Credit Card: 10.0% | Debit Card: 10.0% | Diners Club: 10.0% | UPI: 10.0%,1000 / 1500 / 2500 / 3000 / 5000 / 7500 / 10000,yes,yes,,13.0,same denomination only,yes,yes,unlimited,no,yes,no,,discounted items | location: airport stores,12 months from the date of purchase,,,,,Multiple Luxe Gift Cards can be used in a single transaction.,The Gift Card can be redeemed only on full-priced merchandise and is not applicable on discounted items unless specified otherwise.,,
GAS-Luxe Gift Card,gyftr,https://www.gyftr.com/luxe-gift-card-gas,yes,no,0.0,0.0,Amazon Pay: 0.0% | Credit Card: 0.0% | Debit Card: 0.0% | MobiKwik: 0.0% | Net Banking: 0.0% | Payzapp: 0.0% | UPI: 0.0% | e-Pay: 0.0%,5000 / 2000 / 1000 / 10000,no,yes,,,yes,yes,yes,unlimited,no,yes,no,,location: Airport stores | Merchandise that is not full priced,,,,,,7. Multiple GV/GC can be used for one bill.,11. The GV/GC can be redeemed only against full priced merchandise.,,
Geetanjali - Luzo Gift Card,gyftr,https://www.gyftr.com/geetanjali-luzo-gift-card,yes,yes,9.0,9.0,Credit Card: 7.0% | Debit Card: 7.0% | MobiKwik: 7.0% | Net Banking: 7.0% | PAYTM UPI: 9.0% | UPI: 9.0% | e-Pay: 9.0%,5000 / 10000 / 2500 / 500 / 250 / 1500 / 1000,no,,,,yes,yes,no,unlimited,yes,no,yes,"Salon, spa, and clinic services booked through the Luzo app at partner outlets",,,,,,,Multiple GV/GCs can be added to the Luzo wallet. There is no limit on the number of GV/GCs that can be added.,The GV/GC can be clubbed with existing offers.,"The GV/GC can be used for salon, spa, and clinic services booked through the Luzo app at partner outlets.",
Giorgio Armani Luxe In Store,buyhatke,https://buyhatke.com/gift-cards/giorgio-armani-luxe-(in-store)-gift-card,yes,yes,10.95,10.95,any: 10.95%,1000 / 2000 / 5000 / 10000,yes,yes,,,same denomination only,no,yes,unlimited,,yes,,Full-priced merchandise only,location: airport stores,1 year,,,,,This is a one-time use giftcard; multiple cards can be used in 1 transaction,,Luxe Gift Card can only be redeemed against full-priced merchandise,
Giorgio Armani- Luxe Gift Card,gyftr,https://www.gyftr.com/giorgio-armani--luxe-gift-card,yes,yes,10.0,10.0,Credit Card: 10.0% | Debit Card: 10.0% | Net Banking: 10.0% | PAYTM UPI: 10.0% | UPI: 10.0% | e-Pay: 10.0%,5000 / 2000 / 1000 / 10000,no,yes,,,yes,no,yes,unlimited,,yes,no,,,,,,,,Multiple Gift Vouchers CAN be used in one bill.,Gift Vouchers CANNOT be used during Sale.,,
Girias (In Store),buyhatke,https://buyhatke.com/gift-cards/girias-(in-store)-gift-card,no,no,,,,500 / 1000 / 1500 / 2000,yes,yes,,,same denomination only,no,yes,5,no,yes,,,,1 year,,,,,Maximum of five gift cards can be redeemed against single invoice,,,
GIVA Gold Jewellery,buyhatke,https://buyhatke.com/gift-cards/giva-gold-jewellery-gift-card,yes,yes,3.6,3.6,any: 3.6%,500 / 1000 / 1500 / 2000 / 2500 / 5000 / 10000,yes,yes,,,same denomination only,yes,yes,,yes,no,,Gold-Diamond Jewellery and Silver Diamond Jewellery only,Silver & Gold Coins | Gold Chains | Idols | Utensils,6 months from the date of issue,,,,,,,The Gift Cards are only valid on Gold-Diamond Jewellery and Silver Diamond Jewellery.,
Giva Jewellery RDM,buyhatke,https://buyhatke.com/gift-cards/giva-jewellery-rdm-gift-card,yes,yes,11.59,11.59,any: 11.59%,2500 / 5000 / 25000 / 50000,yes,yes,,,same denomination only,yes,yes,,yes,no,,"Silver Jewellery, Perfumes, and Candles only",Silver Chain | Silver Anklets | Silver Toe Rings | Gold Jewellery | Gold-Diamond and Silver-Diamond Jewellery | Silver & Gold Coins | Idols | Utensils,180 days from the date of issue,"usually instant, up to 24–48 hours if delayed",,,,,,"Gift Cards are valid only on Silver Jewellery, Perfumes, and Candles.",
GIVA Silver Coin,buyhatke,https://buyhatke.com/gift-cards/giva-silver-coin-gift-card,yes,yes,2.66,2.66,any: 2.66%,500 / 1000 / 1500 / 2000 / 2500 / 5000 / 10000,yes,yes,,,same denomination only,yes,yes,unlimited,,yes,yes,Silver Coins Collection only,Gold Jewellery | Gold Coins,6 months from the date of issue,"usually instant, may be delayed up to 24–48 hours",,,,Multiple GCs can be used for a single order.,Can be clubbed with existing offers on the website.,"Valid at GIVA website, app, and stores – Silver Coins Collection",
GIVA Silver Coin,maximize,https://www.maximize.money/gift-cards/GIVA Silver Coin/520,yes,yes,4.25,4.25,Amazon pay: 2.25% | Amex: 2.0% | CC on UPI: 1.9% | Credit Card: 2.35% | Debit Card: 3.0% | Diners Club: 2.0% | Pay With Rewards: 0.95% | UPI: 4.25% | Wallets: 1.9%,500 / 1000 / 2000,no,yes,,4.35,same denomination only,yes,yes,10,no,yes,yes,Silver Coins only,Gold Jewellery | Gold Coins,Valid for upto 6 months,,,,,Up to 10 GV/GCs can be used in a single transaction.,GV/GC can be clubbed with existing offers on the GIVA website.,"The GV/GC is valid only on Silver Coins via GIVA website, app, or stores.",
GIVA Silver Coin (Custom),maximize,https://www.maximize.money/gift-cards/GIVA Silver Coin (Custom)/742,yes,yes,4.0,4.0,Amazon pay: 2.0% | Amex: 1.75% | CC on UPI: 1.65% | Credit Card: 2.1% | Debit Card: 2.75% | Diners Club: 1.75% | Pay With Rewards: 0.7% | UPI: 4.0% | Wallets: 1.65%,500 / 1000 / 1500 / 2500 / 5000 / 10000,yes,yes,,4.1,same denomination only,yes,yes,unlimited,no,yes,yes,Silver Coins Collection,Gold Jewellery | Gold Coins,6 months from the date of issue,"usually instant, may be delayed up to 24–48 hours",,,,Multiple GCs can be used for a single order.,Can be clubbed with existing offers on the website.,"Valid at GIVA website, app, and stores – Silver Coins Collection .",
GIVA Silver jewellery,maximize,https://www.maximize.money/gift-cards/GIVA%20Silver%20Coin/1166,yes,yes,14.0,14.0,Amazon pay: 12.0% | Amex: 11.75% | CC on UPI: 11.65% | Credit Card: 12.1% | Debit Card: 12.75% | Diners Club: 11.75% | Pay With Rewards: 10.7% | UPI: 14.0% | Wallets: 11.65%,500 / 1000 / 2000,yes,yes,,14.1,same denomination only,yes,yes,unlimited,yes,no,yes,,Silver Chains | Silver Anklets | Silver Toe Rings | Gold Jewellery | Gold-Diamond and Silver-Diamond Jewellery | Silver & Gold Coins | Idols | Utensils,Valid for upto 6 months,,,,,Can the cards be clubbed? Use several gift cards in one purchase,The GV/e-Pay can be clubbed with existing offers.,,
Giva-Gold Jewellery,gyftr,https://www.gyftr.com/giva-gold-jewellery,yes,yes,4.5,4.5,Amazon Pay: 3.0% | Credit Card: 3.0% | Debit Card: 3.0% | MobiKwik: 3.0% | Net Banking: 3.0% | PAYTM UPI: 4.5% | UPI: 4.5% | e-Pay: 4.5%,100 / 500 / 5000 / 2000 / 1000 / 10000,yes,yes,,,yes,yes,yes,,yes,yes,,"Studded Gold Jewellery, Silver Jewellery, Perfumes, and Candles",,,,,,,,,"With your GIVA Gold Jewellery Gift Cards from GyFTR, you can purchase Studded Gold Jewellery, Silver Jewellery, Perfumes, and Candles.",
Giva-Silver Coin,gyftr,https://www.gyftr.com/giva-silver-coin,yes,no,0.0,0.0,Amazon Pay: 0.0% | Credit Card: 0.0% | Debit Card: 0.0% | MobiKwik: 0.0% | Net Banking: 0.0% | Payzapp: 0.0% | UPI: 0.0% | e-Pay: 0.0%,1000 / 500 / 10000 / 5000 / 100 / 2000,yes,yes,,,yes,yes,yes,,yes,yes,yes,,Gold Jewellery | Gold Coins,,,,,,,The GV/e-Pay can be clubbed with the existing offers.,,
Giva-Silver Jewellery,gyftr,https://www.gyftr.com/giva-silver-jewellery,yes,yes,13.0,13.0,Amazon Pay: 10.0% | Credit Card: 10.0% | Debit Card: 10.0% | MobiKwik: 10.0% | Net Banking: 10.0% | PAYTM UPI: 13.0% | UPI: 13.0% | e-Pay: 13.0%,10000 / 500 / 1000 / 5000 / 2000 / 100,yes,yes,,,yes,yes,yes,,yes,yes,yes,,Silver Chains | Silver Anklets | Silver Toe Rings | Gold Jewellery | Gold-Diamond and Silver-Diamond Jewellery | Silver & Gold Coins | Idols | Utensils,,,,,,,The GV/e-Pay can be clubbed with the existing offers.,,
Glam Studio In Store,buyhatke,https://buyhatke.com/gift-cards/glam-studio-(in-store)-gift-card,yes,yes,7.55,7.55,any: 7.55%,500 / 1000,yes,yes,,,same denomination only,no,yes,1,no,yes,,,,6 months,,,,,Multiple Gift Cards cannot be clubbed in Single Invoice/ Order,,,
Glam Studios,maximize,https://www.maximize.money/gift-cards/Glam Studios/825,yes,yes,3.75,3.75,Amazon pay: 1.75% | Amex: 1.5% | CC on UPI: 1.4% | Credit Card: 1.85% | Debit Card: 2.5% | Diners Club: 1.5% | Pay With Rewards: 0.45% | UPI: 3.75% | Wallets: 1.4%,500 / 1000 / 2000 / 5000,yes,yes,,4.0,same denomination only,,yes,1,no,yes,no,salon services booked by prior appointment at participating Glam Studios outlets,,1 year from the date of purchase/issue,,,,,Multiple gift cards cannot be clubbed in a single invoice/order,"Can be clubbed with other offers? No, can't club with other offers / coupons",Glam Studio E-Gift Cards are powered by Maximize Services Pvt. Ltd. and are valid only at selected participating outlets with prior appointment,
Global Desi,buyhatke,https://buyhatke.com/gift-cards/global-desi-gift-card,no,no,,,,500 / 1000 / 1500 / 2000,yes,yes,,,same denomination only,yes,yes,,,yes,,,,1 year,,,,,,,,
GoBaby Travel,buyhatke,https://buyhatke.com/gift-cards/gobaby-travel-gift-card,yes,yes,9.24,9.24,any: 9.24%,100 / 150 / 300 / 500,yes,,,,same denomination only,yes,no,,,,no,Respective service categories only,,30 days from the date of issuance,,,,,,The gift card cannot be combined with other offers.,The Gift card is applicable on respective service categories only.,
Goibibo,buyhatke,https://buyhatke.com/gift-cards/goibibo-gift-card,yes,yes,4.99,4.99,any: 4.99%,100 / 500 / 2500 / 100000,yes,,,,same denomination only,yes,no,3,,,no,"Flights, Hotels, Holidays, Trains, Buses & Cabs",,12 months,,,,,Multiple Gift Cards (up to 3) can be combined and used in one booking.,"This Gift Card/voucher cannot be clubbed with any other ongoing offer, discount, cashback, or promotion run by goibibo on the app or website","This Gift Card is valid on Flights, Hotels, Holidays, Trains, Buses & Cabs.",
Goibibo Hotel,buyhatke,https://buyhatke.com/gift-cards/goibibo-hotel-gift-card,yes,yes,13.63,13.63,any: 13.63%,100 / 500 / 2500 / 100000,yes,,,,same denomination only,yes,no,3,,,no,Hotels only,Flights | Holiday packages | Homestays | Bus | Rail | VISA | experiences | Car bookings,1 year,,,,,Multiple Gift Cards (up to 3) can be combined and used on 1 transaction.,This Gift card/voucher cannot be clubbed with any other ongoing offer discount/cash back/promotion run by Goibibo on app or website.,"The Gift card is valid for purchases made at Hotels only and is not valid on Flights, Holiday packages, Homestays, Bus, Rail, VISA, experiences and Car bookings",
GoIbibo Hotel,maximize,https://www.maximize.money/gift-cards/GoIbibo Hotel/479,yes,yes,10.25,10.25,Amazon pay: 8.25% | Amex: 8.0% | CC on UPI: 7.9% | Credit Card: 8.35% | Debit Card: 9.0% | Diners Club: 8.0% | Pay With Rewards: 6.95% | UPI: 10.25% | Wallets: 7.9%,500 / 1000 / 2000 / 5000 / 10000 / 20000 / 50000 / 100000,yes,,,10.5,same denomination only,yes,,3,yes,no,no,hotel bookings on Goibibo only,Flights | Holiday Packages | Homestays | Bus | Rail | VISA | Experiences | Car bookings,12 months from the date of purchase,,,,,Maximum 3 Gift Cards can be combined in a single transaction,Cannot be clubbed with any other ongoing offer/discount/cashback,Valid for purchases only on Goibibo and only for hotel bookings,
Gong,buyhatke,https://buyhatke.com/gift-cards/gong-gift-card,no,no,,,,500 / 1000 / 1500 / 2000,yes,,,,same denomination only,yes,no,,yes,no,yes,,BBdaily,1 year,,,,,,All brand funded offers can be clubbed during purchase; but gift card cannot be used on BBdaily,,
Google Play,buyhatke,https://buyhatke.com/gift-cards/google-play-gift-card,yes,yes,0.88,0.88,any: 0.88%,25 / 50 / 100 / 200 / 250 / 300 / 500 / 1000,yes,,,,same denomination only,yes,no,,,,,"Apps, games, digital content, and in-app items on the Google Play Store",,1 year,,,,,,,"Google Play recharge codes can only be used on the Google Play Store to purchase apps, games, digital content, and in-app items available on the Store",
GRT Jewellers,gyftr,https://www.gyftr.com/grt-jewellers,yes,yes,1.0,1.0,Credit Card: 0.0% | Debit Card: 0.0% | MobiKwik: 0.0% | Net Banking: 0.0% | PAYTM UPI: 1.0% | UPI: 1.0% | e-Pay: 1.0%,10000 / 100 / 5000 / 1000 / 2500 / 100,yes,yes,,,yes,no,yes,unlimited,no,yes,yes,,,,,,,,Multiple GV/GCs can be used against one bill/transaction.,GV/GC can be clubbed with ongoing promotions/offers.,,
GRT Jewellers,maximize,https://www.maximize.money/gift-cards/GRT Jewellers/403,yes,yes,2.0,2.0,Amazon pay: 0.0% | Amex: 0.0% | CC on UPI: 0.0% | Credit Card: 0.1% | Debit Card: 0.75% | Diners Club: 0.0% | Pay With Rewards: 0.0% | UPI: 2.0% | Wallets: 0.0%,100 / 500 / 1000 / 2500 / 5000 / 10000 / 25000 / 35000 / 50000,yes,yes,,2.1,same denomination only,,yes,1,no,yes,no,,,12 months from the date of activation / issuance,,,,,Can the cards be clubbed? Multiple cards can't be clubbed,"Can be clubbed with other offers? No, can't club with other offers / coupons",,
GRT Jewellers In Store,buyhatke,https://buyhatke.com/gift-cards/grt-jewellers-(in-store)-gift-card,yes,yes,1.38,1.38,any: 1.38%,100 / 500 / 2500 / 50000,yes,yes,,,same denomination only,no,yes,,no,yes,,,,12 months from the date of activation / issuance,,,,,,,,
Guhantara (In Store),buyhatke,https://buyhatke.com/gift-cards/guhantara-(in-store)-gift-card,no,no,,,,500 / 1000 / 1500 / 2000,yes,yes,,,same denomination only,no,yes,6,no,yes,,,,6 months,,,,,Multiple E-Gift Voucher upto 6 can be used to redeem against a single Invoice billing,,,
Gupta Distributors In Store,buyhatke,https://buyhatke.com/gift-cards/gupta-distributors-(in-store)-gift-card,yes,yes,2.88,2.88,any: 2.88%,500 / 1000 / 2500 / 10000,yes,yes,,,same denomination only,no,yes,unlimited,yes,no,,,,1 year,,,,,Two or more cards can be clubbed for single purchase.,,,
GyFTR PAY,gyftr,https://www.gyftr.com/gyftr-pay,yes,no,0.0,0.0,Credit Card: 0.0% +fee | Debit Card: 0.0% +fee | MobiKwik: 0.0% | Net Banking: 0.0% | UPI: 0.0% | e-Pay: 0.0%,2000 / 250 / 100 / 500 / 10000 / 5000 / 1000,yes,,,,yes,yes,,unlimited,yes,,,,,,,,,,Multiple Gift Vouchers CAN be combined & added to the e-Pay balance.,,,
H BY HAMLEYS- Luxe Gift Card,gyftr,https://www.gyftr.com/h-by-hamleys,yes,no,0.0,0.0,Amazon Pay: 0.0% | Credit Card: 0.0% | Debit Card: 0.0% | MobiKwik: 0.0% | Net Banking: 0.0% | Payzapp: 0.0% | UPI: 0.0% | e-Pay: 0.0%,5000 / 2000 / 1000 / 10000,no,yes,,,yes,yes,yes,unlimited,no,yes,no,,location: Airport stores,,,,,,Multiple GV/GC can be used for one bill.,The GV/GC can be redeemed only against full priced merchandise.,,
Hamleys (In Store),buyhatke,https://buyhatke.com/gift-cards/hamleys-(in-store)-gift-card,no,no,,,,500 / 1000 / 1500 / 2000,yes,yes,,,same denomination only,no,yes,,no,yes,,,location: Delhi airport and other SIS outlets,12 months from the date of activation,,,,,,,,
Hamleys - LUXE,maximize,https://www.maximize.money/gift-cards/Hamleys - LUXE/405,yes,yes,10.0,10.0,Amex: 10.0% | CC on UPI: 10.0% | Credit Card: 10.0% | Debit Card: 10.0% | Diners Club: 10.0% | UPI: 10.0%,1000 / 2000 / 5000 / 10000,yes,yes,,13.0,same denomination only,yes,yes,unlimited,no,yes,no,,discounted items | location: airport stores,12 months from the date of purchase,,,,,Multiple Luxe Gift Cards can be used in a single transaction.,The Gift Card can be redeemed only on full-priced merchandise and is not applicable on discounted items unless specified otherwise.,,
Hamleys Luxe In Store,buyhatke,https://buyhatke.com/gift-cards/hamleys-luxe-(in-store)-gift-card,yes,yes,10.95,10.95,any: 10.95%,1000 / 1500 / 2500 / 5000 / 10000,yes,yes,,,same denomination only,no,yes,unlimited,,yes,,Full-priced merchandise only,location: airport stores,1 year,,,,,This is a one-time use giftcard; multiple cards can be used in 1 transaction,,Luxe Gift Card can only be redeemed against full-priced merchandise,
Hamleys-Luxe Gift Card,gyftr,https://www.gyftr.com/luxe-gift-card-hamleys,yes,yes,10.0,10.0,Amazon Pay: 10.0% | Credit Card: 10.0% | Debit Card: 10.0% | MobiKwik: 10.0% | Net Banking: 10.0% | PAYTM UPI: 10.0% | Paytm Wallet: 10.0% | UPI: 10.0% | e-Pay: 10.0%,5000 / 2000 / 1000 / 10000,no,yes,,,yes,yes,yes,unlimited,no,yes,no,,location: Airport stores | Merchandise that is not full priced,,,,,,7. Multiple GV/GC can be used for one bill.,11. The GV/GC can be redeemed only against full priced merchandise.,,
Hammer,buyhatke,https://buyhatke.com/gift-cards/hammer-gift-card,yes,yes,23.73,23.73,any: 23.73%,250 / 500 / 1000 / 2000,yes,,,,same denomination only,yes,no,,no,,no,,,,,,,,,Vouchers cannot be clubbed with any other coupon or voucher.,,
Hammer,gyftr,https://www.gyftr.com/hammer,yes,yes,25.0,25.0,Amazon Pay: 23.0% | Credit Card: 23.0% | Debit Card: 23.0% | MobiKwik: 23.0% | Net Banking: 23.0% | PAYTM UPI: 25.0% | Paytm Wallet: 23.0% | UPI: 25.0% | e-Pay: 25.0%,250 / 2000 / 500,no,,,,yes,yes,no,1,no,yes,no,,,,,,,,Only 1 Gift Voucher can be used in one transaction/order.,Vouchers cannot be clubbed with any other coupon or voucher.,,
Hammer,maximize,https://www.maximize.money/gift-cards/Hammer/522,yes,yes,24.0,24.0,Amazon pay: 22.0% | Amex: 21.75% | CC on UPI: 21.65% | Credit Card: 22.1% | Debit Card: 22.75% | Diners Club: 21.75% | Pay With Rewards: 20.7% | UPI: 24.0% | Wallets: 21.65%,250 / 500 / 1000 / 2000,no,,,24.5,same denomination only,yes,,1,no,yes,no,,,Valid for upto 6 months,,,,,Can the cards be clubbed? Multiple cards can't be clubbed,Cannot be clubbed with any other coupon or voucher,,
Haute Sauce,buyhatke,https://buyhatke.com/gift-cards/haute-sauce-gift-card,yes,yes,6.69,6.69,any: 6.69%,500 / 1000 / 2000,yes,,,,same denomination only,yes,no,,,,,,,6 months,,,,,,,,
Haute Sauce,gyftr,https://www.gyftr.com/haute-sauce,yes,no,0.0,0.0,Amazon Pay: 0.0% | Credit Card: 0.0% | Debit Card: 0.0% | MobiKwik: 0.0% | Net Banking: 0.0% | Payzapp: 0.0% | UPI: 0.0% | e-Pay: 0.0%,1000 / 2000 / 500,no,,,,yes,yes,no,unlimited,yes,yes,yes,,,,,,,,Multiple GV/GCs can be combined and added to the e-Pay balance.,Gift Voucher/e-Pay CAN be used during the Sale.,,
Headout,maximize,https://www.maximize.money/gift-cards/Headout/1030,yes,yes,10.5,10.5,Amazon pay: 8.5% | Amex: 8.25% | CC on UPI: 8.15% | Credit Card: 8.6% | Debit Card: 9.25% | Diners Club: 8.25% | Pay With Rewards: 7.2% | UPI: 10.5% | Wallets: 8.15%,500 / 1000 / 2000 / 5000 / 7500 / 10000 / 47799 / 95600,no,,,11.0,same denomination only,yes,,1,no,yes,yes,,,expiry date on 30-10-2026,,,,,Can the cards be clubbed? Multiple cards can't be clubbed,The GV/GC can be combined with other offers or promo codes.,,
Health & Glow,gyftr,https://www.gyftr.com/health-and-glow,yes,yes,8.0,8.0,Amazon Pay: 6.0% | Credit Card: 6.0% | Debit Card: 6.0% | MobiKwik: 6.0% | Net Banking: 6.0% | PAYTM UPI: 8.0% | UPI: 8.0% | e-Pay: 8.0%,2000 / 500 / 10000 / 100 / 1000 / 5000,yes,yes,,,yes,,yes,,yes,yes,yes,,,,,,,,,The GV/e-Pay can be clubbed with the existing offers.,,
Health and Glow In Store,buyhatke,https://buyhatke.com/gift-cards/health-and-glow-(in-store)-gift-card,yes,yes,8.89,8.89,any: 8.89%,500 / 1000 / 1500 / 2500 / 5000 / 10000,yes,yes,,,same denomination only,no,yes,unlimited,yes,no,yes,,,1 year,,,,,Multiple gift cards can be used in single order and all Brand funded offers can be clubbed during the purchase,Multiple gift cards can be used in single order and all Brand funded offers can be clubbed during the purchase,,
Healthians,buyhatke,https://buyhatke.com/gift-cards/healthians-gift-card,no,no,,,,500 / 1000 / 1500 / 2000,yes,,,,same denomination only,yes,no,unlimited,yes,no,,Pathology Services only,,,,,,,Multiple GV/e-Pay codes can be used per bill,,Applicable only for Pathology Services,
Healthians,gyftr,https://www.gyftr.com/healthians,yes,yes,15.0,15.0,Credit Card: 15.0% | Debit Card: 15.0% | MobiKwik: 15.0% | Net Banking: 15.0% | PAYTM UPI: 15.0% | Paytm Wallet: 15.0% | UPI: 15.0% | e-Pay: 15.0%,100 / 500 / 250 / 1000 / 100,yes,,,,yes,yes,no,unlimited,yes,yes,yes,,,,,,,,Multiple vouchers can be used against one bill,The GV/e-Pay can be used over and above discounts.,,
HealthifyMe Smart Plan,buyhatke,https://buyhatke.com/gift-cards/healthifyme-smart-plan-gift-card,yes,yes,15.07,15.07,any: 15.07%,999 / 1790,yes,,,,same denomination only,yes,no,1,no,,no,,,,,,,,Only one GV / GC can be used per purchase,"The voucher cannot be combined with other coupons, promotions, or offers.",,
HealthKart,buyhatke,https://buyhatke.com/gift-cards/healthkart-gift-card,yes,yes,11.98,11.98,any: 11.98%,2000 / 5000,yes,yes,,,same denomination only,yes,yes,unlimited,no,yes,,,,,,,,,Multiple vouchers can be used in one transaction,,,
HealthKart,gyftr,https://www.gyftr.com/healthkart,yes,yes,12.0,12.0,Amazon Pay: 10.0% | Credit Card: 10.0% | Debit Card: 10.0% | MobiKwik: 10.0% | Net Banking: 10.0% | PAYTM UPI: 12.0% | Paytm Wallet: 10.0% | UPI: 12.0% | e-Pay: 12.0%,1000 / 2000,no,yes,,,yes,yes,yes,unlimited,yes,yes,yes,,,,,,,,Multiple GV/GC can be used in a single purchase.,Gift Voucher CAN be clubbed with on-going promotions/offers.,,
HealthKart,maximize,https://www.maximize.money/gift-cards/HealthKart/524,yes,yes,12.0,12.0,Amazon pay: 10.0% | Amex: 9.75% | CC on UPI: 9.65% | Credit Card: 10.1% | Debit Card: 10.75% | Diners Club: 9.75% | Pay With Rewards: 8.7% | UPI: 12.0% | Wallets: 9.65%,1000 / 2000 / 5000,no,yes,,12.5,same denomination only,yes,yes,unlimited,no,yes,yes,,,Valid for upto 12 months,,,,,Multiple vouchers can be used in one transaction,"Can be clubbed with other offers? Yes, clubbable with other offers / coupons",,
Helios,gyftr,https://www.gyftr.com/helios,yes,yes,5.0,5.0,Amazon Pay: 5.0% | Credit Card: 5.0% | Debit Card: 5.0% | MobiKwik: 5.0% | Net Banking: 5.0% | PAYTM UPI: 5.0% | Paytm Wallet: 5.0% | UPI: 5.0% | e-Pay: 5.0%,2000 / 5000 / 1000 / 500,no,yes,,,yes,no,yes,5,no,yes,no,,Smart Wearable products | Titan Nebula collection of Watches,3 months minimum to 12 months maximum,,,,,Maximum 5 Gift Vouchers be used in single bill.,The GV/GC cannot be clubbed with discounts and other store offers.,,
Helios In Store,buyhatke,https://buyhatke.com/gift-cards/helios-(in-store)-gift-card,yes,yes,6.88,6.88,any: 6.88%,250 / 500 / 1000 / 2000 / 5000 / 10000,yes,yes,,,same denomination only,no,yes,5,no,yes,no,,discounted products | Smart Wearables | Titan Nebula collection,6 months from issue,,,,,Up to 5 vouchers can be used in a single transaction.,"Not applicable on discounted products, Smart Wearables, or Titan Nebula collection.",,
Helios In Store 1 Day Wait,buyhatke,https://buyhatke.com/gift-cards/helios-(in-store%2C-1-day-wait)-gift-card,yes,yes,7.13,7.13,any: 7.13%,100 / 500 / 2500 / 50000,yes,yes,,,same denomination only,no,yes,,no,yes,,,Smart Wearable products | Titan Nebula collection of Watches,maximum of 6 months from the date of issuance,redeemable only 24 hours after activation,,,,,,,
Hidesign,buyhatke,https://buyhatke.com/gift-cards/hidesign-gift-card,yes,yes,12.38,12.38,any: 12.38%,100 / 500 / 2000 / 15000,yes,yes,,,same denomination only,yes,yes,,,yes,,,,,"normally instant, up to 24 - 48 hours if delayed",,,,,,,
Hidesign,gyftr,https://www.gyftr.com/hidesign,yes,yes,6.0,6.0,Amazon Pay: 4.0% | Credit Card: 4.0% | Debit Card: 4.0% | MobiKwik: 4.0% | Net Banking: 4.0% | PAYTM UPI: 6.0% | UPI: 6.0% | e-Pay: 6.0%,100 / 5000 / 500 / 2000 / 1000 / 250,yes,yes,,,yes,yes,yes,unlimited,yes,yes,yes,,,3 to 6 months,,,,,Multiple Gift Vouchers CAN be used in one bill.,Gift Vouchers CAN be used during Sale,,
Hidesign,maximize,https://www.maximize.money/gift-cards/Hidesign/525,yes,yes,7.75,7.75,Amazon pay: 5.75% | Amex: 5.5% | CC on UPI: 5.4% | Credit Card: 5.85% | Debit Card: 6.5% | Diners Club: 5.5% | Pay With Rewards: 4.45% | UPI: 7.75% | Wallets: 5.4%,250 / 500 / 1000 / 1500 / 2000 / 2500 / 3000 / 5000 / 10000,yes,yes,,7.85,same denomination only,yes,yes,unlimited,,yes,no,,,Valid for upto 6 months,,,,,Multiple vouchers can be used in one bill.,"Can be clubbed with other offers? No, can't club with other offers / coupons",,
Hidesign,maximize,https://www.maximize.money/gift-cards/Hidesign/462,yes,yes,13.0,13.0,Amazon pay: 11.0% | Amex: 10.75% | CC on UPI: 10.65% | Credit Card: 11.1% | Debit Card: 11.75% | Diners Club: 10.75% | Pay With Rewards: 9.7% | UPI: 13.0% | Wallets: 10.65%,200 / 500 / 1000 / 2000 / 5000 / 10000,yes,yes,,13.5,same denomination only,,yes,1,no,yes,no,,,Valid for upto 12 months,"normally instant, can be delayed up-to 24 - 48 hours",,,,Can the cards be clubbed? Multiple cards can't be clubbed,"Can be clubbed with other offers? No, can't club with other offers / coupons",,
Hidesign In Store,buyhatke,https://buyhatke.com/gift-cards/hidesign-(in-store)-gift-card,yes,yes,11.59,11.59,any: 11.59%,100 / 500 / 2000 / 15000,yes,yes,,,same denomination only,no,yes,,,yes,,,,,"normally instant, up to 24 - 48 hours if delayed",,,,,,,
Himalaya Wellness,gyftr,https://www.gyftr.com/himalaya-wellness,yes,yes,4.0,4.0,Amazon Pay: 4.0% | Credit Card: 4.0% | Debit Card: 4.0% | MobiKwik: 4.0% | Net Banking: 4.0% | PAYTM UPI: 4.0% | Paytm Wallet: 4.0% | UPI: 4.0% | e-Pay: 4.0%,1000 / 500 / 100 / 100 / 2000,yes,yes,,,yes,no,yes,1,yes,yes,yes,,,,,,,,Only one GV can be converted into e-Pay per day/per transaction.,GV/e-Pay can be clubbed with existing offers.,,
Himalaya Wellness In Store,buyhatke,https://buyhatke.com/gift-cards/himalaya-wellness-(in-store)-gift-card,yes,yes,12.88,12.88,any: 12.88%,500 / 1000 / 2000 / 2500 / 5000,yes,yes,,,same denomination only,no,yes,1,yes,no,yes,,,,,,,,Only one GV can be converted into e-Pay per day/per transaction.,GV/e-Pay can be clubbed with existing offers.,,
Hindustan Times Premium,gyftr,https://www.gyftr.com/hindustan-times-premium,yes,yes,40.0,40.0,Amazon Pay: 40.0% | Credit Card: 40.0% | Debit Card: 40.0% | MobiKwik: 40.0% | Net Banking: 40.0% | PAYTM UPI: 40.0% | Paytm Wallet: 40.0% | UPI: 40.0% | e-Pay: 40.0%,1199,no,,,,yes,yes,no,1,,yes,no,Hindustan Times Premium subscription plan,,,,,,,Only One GV/GC can be used in one bill.,GV/GC CANNOT be clubbed with existing offers.,"With Hindustan Times Premium Gift Cards from GyFTR, you can save additional on the one-year subscription plan.",
Hoichoi,buyhatke,https://buyhatke.com/gift-cards/hoichoi-gift-card,yes,yes,15.19,15.19,any: 15.19%,999,yes,,,,same denomination only,yes,no,1,,yes,,hoichoi subscription,,6 months,,,,,Single GV / GC can be used in one bill/transaction.,,This is an hoichoi subscription and is only redeemable at www.hoichoi.tv/redeem,
Hoichoi,gyftr,https://www.gyftr.com/hoichoi,yes,no,0.0,0.0,Amazon Pay: 0.0% | Credit Card: 0.0% | Debit Card: 0.0% | MobiKwik: 0.0% | Net Banking: 0.0% | Payzapp: 0.0% | UPI: 0.0% | e-Pay: 0.0%,999,no,,,,yes,yes,no,1,,yes,,Subscription on the Hoichoi online streaming platform,,6 months,,,,,Only 1 Gift Voucher can be used in one transaction.,,Hoichoi Gift Cards work as a form of payment that can be used to avail subscription on the Hoichoi online streaming platform.,
Holiday Tribe,maximize,https://www.maximize.money/gift-cards/Holiday Tribe/765,yes,yes,14.25,14.25,Amazon pay: 12.25% | Amex: 12.0% | CC on UPI: 11.9% | Credit Card: 12.35% | Debit Card: 13.0% | Diners Club: 12.0% | Pay With Rewards: 10.95% | UPI: 14.25% | Wallets: 11.9%,25000 / 50000 / 100000 / 150000,no,yes,,14.5,same denomination only,yes,yes,unlimited,yes,no,no,Holiday Packages (Hotels + Experiences + Transfers) only,Flights | Visas | Forex | Insurance | standalone Hotels | Maldives packages,12 months from the date of issuance,,,,,Multiple Gift Cards can be used in a single booking.,"Cannot be clubbed with other offers, discounts, cashbacks, or promotions.",Valid only for booking Holiday Packages (Hotels + Experiences + Transfers).,
Home,buyhatke,https://buyhatke.com/gift-cards/home-gift-card,yes,yes,6.88,6.88,any: 6.88%,500 / 1000 / 5000,yes,yes,,,same denomination only,yes,yes,,no,yes,yes,,,1 year,,,,,,E-Gift can be utilized with a combination of other promotional offers at the store or website,,
Home Centre,gyftr,https://www.gyftr.com/home-centre,yes,yes,4.5,4.5,Amazon Pay: 2.0% | Credit Card: 3.0% | Debit Card: 4.0% | MobiKwik: 2.0% | Net Banking: 2.0% | PAYTM UPI: 4.5% | Paytm Wallet: 2.0% | UPI: 4.5% | e-Pay: 4.5%,2000,no,yes,,,yes,no,yes,unlimited,,yes,yes,,,,,,,,Multiple Gift Vouchers CAN be used in one bill.,Gift Vouchers CAN be used to buy discounted products.,,
Home Centre Online,gyftr,https://www.gyftr.com/home-centre-online,yes,yes,8.0,8.0,Amazon Pay: 6.0% | Credit Card: 6.0% | Debit Card: 6.0% | MobiKwik: 6.0% | Net Banking: 6.0% | PAYTM UPI: 8.0% | UPI: 8.0% | e-Pay: 8.0%,1000 / 2000 / 10000 / 5000 / 7500,no,,,,yes,yes,no,unlimited,yes,no,yes,,,,normally delivered instantly; can be delayed up to 24-48 hours,,,,Multiple GV/GCs can be used in one bill.,The GV/GC can be clubbed with existing offers.,,
Homecentre In Store,buyhatke,https://buyhatke.com/gift-cards/homecentre-(in-store)-gift-card,yes,yes,4.66,4.66,any: 4.66%,500 / 1000 / 1500 / 2000 / 2500 / 5000 / 10000,yes,yes,,,same denomination only,no,yes,unlimited,no,yes,,,,minimum 6 months,,,,,Multiple e-gift cards can be redeemed in a single invoice.,,,
Homecentre Offline,maximize,https://www.maximize.money/gift-cards/Homecentre Offline/366,yes,yes,5.0,5.0,Amazon pay: 3.0% | Amex: 2.75% | CC on UPI: 2.65% | Credit Card: 3.1% | Debit Card: 3.75% | Diners Club: 2.75% | Pay With Rewards: 1.7% | UPI: 5.0% | Wallets: 2.65%,500 / 1000 / 1500 / 2000 / 2500 / 5000 / 10000,no,yes,,5.25,same denomination only,no,yes,unlimited,no,yes,no,,,minimum 6 months,,,,,Multiple e-gift cards can be redeemed in a single invoice.,"Can be clubbed with other offers? No, can't club with other offers / coupons",,
Honest Bowl,buyhatke,https://buyhatke.com/gift-cards/honest-bowl-gift-card,yes,yes,9.24,9.24,any: 9.24%,250 / 500 / 1000 / 1500 / 2000,yes,,,,same denomination only,yes,no,1,yes,no,,,,1 year,,,,,Multiple gift cards cannot be clubbed in one order and the user needs to add the Gift Card to the EatSure User Account,,,
Hoora,gyftr,https://www.gyftr.com/hoora,yes,yes,16.0,16.0,Amazon Pay: 14.0% | Credit Card: 14.0% | Debit Card: 14.0% | MobiKwik: 14.0% | Net Banking: 14.0% | PAYTM UPI: 16.0% | UPI: 16.0% | e-Pay: 16.0%,250 / 500 / 2000 / 1000 / 1500,no,,,,yes,yes,no,1,no,yes,yes,Eligible Hoora Car Wash services only,,,,,,,Multiple GV/GCs cannot be redeemed in a single booking/order.,"The GV/GC can be clubbed with any one of the existing offers, and it’s valid during sale periods.",The GV/GC applies only to eligible Hoora Car Wash services.,
HopInTown Plus,buyhatke,https://buyhatke.com/gift-cards/hopintown-plus-gift-card,yes,yes,7.39,7.39,any: 7.39%,999,yes,,,,same denomination only,yes,no,,,,,HopInTown membership only,,90 days,,,,,,,This e-card can be redeemed only at Hopintown e-commerce portal & m-commerce site or app and offers 1 year membership,
Hopscotch,buyhatke,https://buyhatke.com/gift-cards/hopscotch-gift-card,no,no,,,,500 / 1000 / 1500 / 2000,yes,,,,same denomination only,,,,,,,,,,,,,,,,,
Hopscotch,maximize,https://www.maximize.money/gift-cards/Hopscotch/1076,yes,no,0.0,0.0,Amazon pay: 0.0% | Amex: 0.0% | CC on UPI: 0.0% | Credit Card: 0.0% | Debit Card: 0.0% | Diners Club: 0.0% | Pay With Rewards: 0.0% | UPI: 0.0% | Wallets: 0.0%,2000 / 5000 / 10000 / 20000,yes,,,,same denomination only,yes,,1,yes,no,yes,,other Gift Cards,12 months from the date of activation,"generally instant, may take up to 24–48 hours",,,,Can the cards be clubbed? Multiple cards can't be clubbed,"Can be clubbed with other offers? Yes, clubbable with other offers / coupons",,
House of Vaaree,buyhatke,https://buyhatke.com/gift-cards/house-of-vaaree-gift-card,yes,yes,13.63,13.63,any: 13.63%,1000 / 2000 / 2500 / 5000,yes,,,,same denomination only,yes,no,1,no,yes,yes,,,,,,,,Multiple vouchers cannot be used for a single bill.,Vaaree GV / GC can be clubbed with existing offers and is applicable during ongoing sales.,,
HP Pay,buyhatke,https://buyhatke.com/gift-cards/hp-pay-gift-card,yes,yes,0.4,0.4,any: 0.4%,50 / 100 / 200 / 250 / 300,yes,,,,same denomination only,yes,no,unlimited,yes,no,,HP Pay mobile Application only,,6 months,,,,,Multiple vouchers can be redeemed at once by customers by adding the vouchers in the wallet.,,Comes with the validity of 6 months validity and can be redeemed on HP Pay mobile Application.,
HP Pay,gyftr,https://www.gyftr.com/hppay,yes,no,0.0,0.0,Credit Card: 0.0% +fee | Debit Card: 0.0% +fee | UPI: 0.0% | e-Pay: 0.0%,2000 / 500 / 100 / 1000 / 1500 / 250,no,yes,,,yes,yes,yes,unlimited,yes,yes,,"Petrol, diesel, lubricants, and HP Gas Online Payment at participating HPCL outlets",,,,,"Rs. 7,500 per day and Rs. 30,000 per month for KYC-verified users; Rs. 5,000 per day and Rs. 15,000 per month for non-KYC users",,Multiple GV/GC can be redeemed at once by customers by adding the GV/GC to the wallet.,,"Your HP Pay Gift Voucher can be added to your HP Pay Wallet and used for eligible purchases, including petrol, diesel, lubricants, and HP Gas Online Payment at participating HPCL outlets",
HP Pay (In-App),maximize,https://www.maximize.money/gift-cards/HP Pay/788,yes,yes,0.5,0.5,Amazon pay: 0.0% | Amex: 0.0% | CC on UPI: 0.0% | Credit Card: 0.0% | Debit Card: 0.0% | Diners Club: 0.0% | Pay With Rewards: 0.0% | UPI: 0.5% | Wallets: 0.0%,100 / 150 / 200 / 250 / 300,no,yes,,0.75,same denomination only,yes,yes,unlimited,yes,no,no,payments at HPCL petrol pumps and HP Gas distributors,,Valid for upto 3 months,,,"₹7,500 per day and ₹30,000 per month for KYC-verified users; ₹5,000 per day and ₹15,000 per month for non-KYC users",,Multiple vouchers can be redeemed together by adding them to the wallet,"Can be clubbed with other offers? No, can't club with other offers / coupons","The HP Pay Wallet can be used for payments at HPCL petrol pumps and HP Gas distributors, subject to availability",
HP Pay 250 300,buyhatke,https://buyhatke.com/gift-cards/hp-pay-250-300-gift-card,yes,yes,0.19,0.19,any: 0.19%,100 / 250 / 300,yes,yes,,,same denomination only,yes,yes,unlimited,yes,no,,HP Pay mobile application only (wallet recharge),,,,,"Rs 7,500 per day for KYC-verified users; Rs 5,000 per day for non-KYC users",,Multiple vouchers can be redeemed at once by adding them to the HP Pay wallet.,,The HP Pay Insta Gift Voucher (GV) / Gift Card (GC) is accepted only on the HP Pay mobile application.,
HP Pay In App,buyhatke,https://buyhatke.com/gift-cards/hp-pay-in-app-gift-card,yes,yes,0.53,0.53,any: 0.53%,100 / 150 / 200,yes,yes,,,same denomination only,yes,yes,unlimited,yes,no,,HP Pay mobile application only (wallet recharge),,,,,"Rs 7,500 per day for KYC-verified users; Rs 5,000 per day for non-KYC users",,Multiple vouchers can be redeemed together by adding them to the wallet,,This is an HP Pay Insta Gift Voucher (GV) / Gift Card (GC) and is valid only on the HP Pay mobile application,
Hugo Boss,buyhatke,https://buyhatke.com/gift-cards/hugo-boss-gift-card,no,no,,,,500 / 1000 / 1500 / 2000,yes,yes,,,same denomination only,yes,yes,unlimited,,yes,no,,location: Airport stores,1 year,,,,,Multiple gift cards can be used against 1 transaction.,Luxe Gift Card can be redeemed only against full-priced merchandise,,
Hugo Boss Luxe,buyhatke,https://buyhatke.com/gift-cards/hugo-boss-luxe-gift-card,no,no,,,,500 / 1000 / 1500 / 2000,yes,yes,,,same denomination only,yes,yes,unlimited,no,yes,no,,location: Airport stores,12 months from the date of purchase,,,,,Multiple Luxe Gift Cards can be used in a single transaction.,The Gift Card can be redeemed only on full-priced merchandise and is not applicable on discounted items unless specified otherwise.,,
Hugo Boss Luxe In Store,buyhatke,https://buyhatke.com/gift-cards/hugo-boss-luxe-(in-store)-gift-card,yes,yes,10.95,10.95,any: 10.95%,1000 / 2000 / 5000 / 10000,yes,yes,,,same denomination only,no,yes,unlimited,,yes,no,,location: Airport stores,1 year,,,,,This is a one-time use giftcard; multiple cards can be used in 1 transaction,Luxe Gift Card can only be redeemed against full-priced merchandise,,
Hugo Boss-Luxe,maximize,https://www.maximize.money/gift-cards/Hugo Boss-Luxe/899,yes,yes,10.0,10.0,Amex: 10.0% | CC on UPI: 10.0% | Credit Card: 10.0% | Debit Card: 10.0% | Diners Club: 10.0% | UPI: 10.0%,2000 / 5000 / 10000,yes,yes,,13.75,same denomination only,yes,yes,unlimited,no,yes,no,,discounted items | location: airport stores,12 months from the date of purchase,,,,,Multiple Luxe Gift Cards can be used in a single transaction.,The Gift Card can be redeemed only on full-priced merchandise and is not applicable on discounted items unless specified otherwise.,,
Hugo Boss-Luxe Gift Card,gyftr,https://www.gyftr.com/luxe-gift-card-hugo-boss,yes,yes,10.0,10.0,Credit Card: 10.0% | Debit Card: 10.0% | Net Banking: 10.0% | PAYTM UPI: 10.0% | UPI: 10.0% | e-Pay: 10.0%,5000 / 2000 / 1000 / 10000,no,yes,,,yes,no,yes,unlimited,no,yes,no,,location: Airport stores | Merchandise that is not full priced,,,,,,7. Multiple GV/GC can be used for one bill.,11. The GV/GC can be redeemed only against full priced merchandise.,,
Hunkemoller In Store,buyhatke,https://buyhatke.com/gift-cards/hunkemoller-(in-store)-gift-card,yes,yes,11.88,11.88,any: 11.88%,1000 / 2000 / 5000 / 10000,yes,yes,,,same denomination only,no,yes,unlimited,,yes,no,,location: Airport stores,1 year,,,,,This is a one-time use giftcard; multiple cards can be used in 1 transaction,Luxe Gift Card can only be redeemed against full-priced merchandise,,
Hunkemoller- Luxe Gift Card,gyftr,https://www.gyftr.com/hunkemoller--luxe-gift-card,yes,yes,10.0,10.0,Credit Card: 10.0% | Debit Card: 10.0% | Net Banking: 10.0% | PAYTM UPI: 10.0% | UPI: 10.0% | e-Pay: 10.0%,5000 / 2000 / 1000 / 10000,no,yes,,,yes,yes,yes,unlimited,no,yes,no,,location: Airport stores,,,,,,Multiple GV/GC can be used for one bill.,The GV/GC can be redeemed only against full priced merchandise.,,
Hush Puppies,gyftr,https://www.gyftr.com/hush-puppies,yes,yes,7.0,7.0,Amazon Pay: 5.0% | Credit Card: 5.0% | Debit Card: 5.0% | MobiKwik: 5.0% | Net Banking: 5.0% | PAYTM UPI: 7.0% | Paytm Wallet: 5.0% | UPI: 7.0% | e-Pay: 7.0%,5000 / 6000 / 7500 / 100 / 4000 / 7000 / 3000,yes,yes,,,yes,,yes,7,yes,yes,yes,,,,,,"Rs. 20,000 per 30 days added to the e-Pay balance",,A maximum of 7 Gift Vouchers CAN be used in one bill.,Gift Vouchers CAN be used during Sale.,,
Hush Puppies,maximize,https://www.maximize.money/gift-cards/Hush Puppies/529,yes,yes,10.0,10.0,Amazon pay: 8.0% | Amex: 7.75% | CC on UPI: 7.65% | Credit Card: 8.1% | Debit Card: 8.75% | Diners Club: 7.75% | Pay With Rewards: 6.7% | UPI: 10.0% | Wallets: 7.65%,3000 / 4000 / 5000 / 6000 / 7000 / 7500,yes,yes,,10.25,same denomination only,,yes,7,no,yes,yes,,,Valid for upto 6 months,,,,,Up to 7 GVs/GCs can be used in one bill.,GVs/GCs can be used during sale periods.,,
Hush Puppies - Fixed,maximize,https://www.maximize.money/gift-cards/Hush Puppies - Fixed/822,no,no,,,,,no,,,,same denomination only,,,,,,,,,,,,,,,,,
Hush Puppies In Store,buyhatke,https://buyhatke.com/gift-cards/hush-puppies-(in-store)-gift-card,yes,yes,8.89,8.89,any: 8.89%,3000 / 4000 / 5000 / 6000 / 7000 / 7500,yes,yes,,,same denomination only,no,yes,unlimited,,,,,,,,,,,"Multiple GVs can be clubbed up to 20,000 and added to the e-Pay balance within 30 days.",,,
Hyatt (In Store),buyhatke,https://buyhatke.com/gift-cards/hyatt-(in-store)-gift-card,no,no,,,,500 / 1000 / 1500 / 2000,yes,yes,,,same denomination only,no,yes,,,yes,,,"Advanced purchases | Deposits | Friends and family rates | Payments for meetings, catering or group functions | Negotiated rates",1 year,,,,,,,,
Hyperice,gyftr,https://www.gyftr.com/hyperice,no,no,0.0,0.0,Amazon Pay: 0.0% | Credit Card: 0.0% | Debit Card: 0.0% | MobiKwik: 0.0% | Net Banking: 0.0% | Payzapp: 0.0% | UPI: 0.0% | e-Pay: 0.0%,,no,,,,yes,yes,no,,,yes,no,,,,,,,,,Voucher can not be clubbed.,,
IGP,buyhatke,https://buyhatke.com/gift-cards/igp-gift-card,yes,yes,14.88,14.88,any: 14.88%,500 / 1000 / 2000,yes,,,,same denomination only,yes,no,unlimited,no,yes,yes,,,,,,,,Multiple GV/GC can be used against one bill.,The GV/GC can be clubbed with the existing offers.,,
IGP,gyftr,https://www.gyftr.com/igp,yes,yes,18.0,18.0,Credit Card: 15.0% | Debit Card: 15.0% | MobiKwik: 15.0% | Net Banking: 15.0% | PAYTM UPI: 18.0% | Paytm Wallet: 15.0% | UPI: 18.0% | e-Pay: 18.0%,2000 / 500 / 1000,no,,,,yes,yes,,unlimited,yes,yes,yes,,,,,,,,Multiple Vouchers can be used against one bill.,The GV/GC can be clubbed with the existing offers.,,
Ikea,buyhatke,https://buyhatke.com/gift-cards/ikea-gift-card,yes,yes,4.88,4.88,any: 4.88%,1000 / 1500 / 2000 / 2500 / 3000 / 5000 / 7500 / 10000,yes,yes,,,same denomination only,yes,yes,,yes,no,,,Other gift cards,1 year,,,,,,,,
Ikea,gyftr,https://www.gyftr.com/ikea,yes,yes,6.0,6.0,Amazon Pay: 4.5% | Credit Card: 4.5% | Debit Card: 4.5% | MobiKwik: 4.5% | Net Banking: 4.5% | PAYTM UPI: 6.0% | Paytm Wallet: 1.0% | UPI: 6.0% | e-Pay: 6.0%,10000 / 1500 / 2500 / 2000 / 3000 / 7500 / 1000 / 5000,no,yes,,,yes,yes,yes,unlimited,yes,no,yes,,,,,,"Rs. 2,00,000 per day",,Multiple GV/GCs CAN be used in a single bill.,The GV/GC can be used on discounted products and combined with other promo codes or offers.,,
Imagine,gyftr,https://www.gyftr.com/imagine,yes,no,0.0,0.0,Amazon Pay: 0.0% | Credit Card: 0.0% | Debit Card: 0.0% | MobiKwik: 0.0% | Net Banking: 0.0% | Payzapp: 0.0% | UPI: 0.0% | e-Pay: 0.0%,2000 / 1000 / 10000 / 500 / 5000,no,yes,,,yes,,yes,unlimited,yes,,yes,,,,,,,,Multiple GVs can be combined and added to the e-Pay balance.,The GV/e-Pay can be clubbed with existing offers.,,
Imagine Apple Premium,buyhatke,https://buyhatke.com/gift-cards/imagine-apple-premium-gift-card,yes,yes,1.13,1.13,any: 1.13%,500 / 1500 / 5000 / 75000,yes,yes,,,same denomination only,yes,yes,1,no,yes,,,,1 year from the issue date,Normally instant; can be delayed up to 24-48 hours,,,,Only one Gift card per invoice can be redeemed in offline or online and partial Gift Card redemption is not allowed.,,,
Imagine Apple Premium Reseller,maximize,https://www.maximize.money/gift-cards/Imagine Apple Premium Reseller/467,yes,yes,2.0,2.0,Amazon pay: 0.0% | Amex: 0.0% | CC on UPI: 0.0% | Credit Card: 0.1% | Debit Card: 0.75% | Diners Club: 0.0% | Pay With Rewards: 0.0% | UPI: 2.0% | Wallets: 0.0%,1000 / 2000 / 5000 / 10000 / 20000 / 50000,yes,yes,,2.1,same denomination only,yes,yes,1,no,yes,no,,,1 year from the issue date,"normally instant, can be delayed up-to 24 - 48 hours",,,,Only one Gift card per invoice can be redeemed in offline or online and partial Gift Card redemption is not allowed.,"Can be clubbed with other offers? No, can't club with other offers / coupons",,
Indian Terrain,maximize,https://www.maximize.money/gift-cards/Indian Terrain/787,yes,yes,13.25,13.25,Amazon pay: 11.25% | Amex: 11.0% | CC on UPI: 10.9% | Credit Card: 11.35% | Debit Card: 12.0% | Diners Club: 11.0% | Pay With Rewards: 9.95% | UPI: 13.25% | Wallets: 10.9%,500 / 1000 / 2500 / 5000 / 10000 / 25000 / 50000,yes,yes,,13.5,same denomination only,no,yes,1,no,yes,no,Indian Terrain Exclusive Brand outlets only,,45 days from date of purchase,,,,,Only ONE voucher can be redeemed per bill per day.,Vouchers cannot be clubbed with on-going offers. Not Applicable on & above store discount & End of Season Sale (EOSS) Offers.,This voucher is only redeemable at Indian Terrain Exclusive Brand outlets.,
Indian Terrain In Store,buyhatke,https://buyhatke.com/gift-cards/indian-terrain-(in-store)-gift-card,yes,yes,11.88,11.88,any: 11.88%,100 / 200 / 250 / 500 / 750 / 1000 / 2000 / 2500 / 3000 / 5000 / 10000 / 15000 / 20000 / 25000 / 50000,yes,yes,,,same denomination only,no,yes,1,no,yes,no,Indian Terrain Exclusive Brand outlets only,location: Factory outlets | location: Multi-branded outlets | Indian Terrain website,45 days from date of purchase,,,,,Only ONE voucher can be redeemed per bill per day.,Vouchers cannot be clubbed with on-going offers. Not Applicable on & above store discount & End of Season Sale (EOSS) Offers.,This voucher is only redeemable at Indian Terrain Exclusive Brand outlets.,
INDRIYA – Aditya Birla Jewellery,maximize,https://www.maximize.money/gift-cards/INDRIYA – Aditya Birla Jewellery/1111,yes,yes,2.0,2.0,Amazon pay: 0.0% | Amex: 0.0% | CC on UPI: 0.0% | Credit Card: 0.1% | Debit Card: 0.75% | Diners Club: 0.0% | Pay With Rewards: 0.0% | UPI: 2.0% | Wallets: 0.0%,2000 / 5000 / 10000 / 20000 / 50000 / 100000,yes,yes,,2.1,same denomination only,,yes,unlimited,no,yes,no,,Special Priced Items,200 days from the date of issuance,,,,,Multiple Gift Cards can be used in a single transaction.,Cannot be used on Special Priced Items.,,
INGLOT,buyhatke,https://buyhatke.com/gift-cards/inglot-gift-card,yes,yes,11.73,11.73,any: 11.73%,500 / 1000 / 1500 / 2000 / 2500 / 3000 / 5000 / 7500 / 10000,yes,yes,,,same denomination only,yes,yes,unlimited,,,,"Aldo, Charles & Keith, Call it Spring, Beverly Hills Polo Club, Inglot, Victoria's Secret, Victoria's Secret beauty, Bath & Body works & R&B stores only",,,,,,,Multiple GVs can be clubbed and added to a e-Pay balance.,,"This Gift Voucher (GV)/e-Pay and would be accepted at Aldo, Charles & Keith, Call it Spring, Beverly Hills Polo Club, Inglot, Victoria's Secret, Victoria's Secret beauty , Bath & Body works & R&B stores only.",
Inglot,gyftr,https://www.gyftr.com/inglot,yes,yes,10.0,10.0,Amazon Pay: 10.0% | Credit Card: 10.0% | Debit Card: 10.0% | MobiKwik: 10.0% | Net Banking: 10.0% | PAYTM UPI: 10.0% | Paytm Wallet: 10.0% | UPI: 10.0% | e-Pay: 10.0%,5000 / 7500 / 10000 / 100 / 500 / 2500 / 1500 / 2000 / 3000 / 1000 / 100,yes,yes,,,yes,no,yes,unlimited,yes,yes,yes,,,,,,"Rs. 25,000 cumulative GV value per 30 days added to the e-Pay balance",,Multiple Gift Vouchers CAN be combined & added to the e-Pay balance.,The GV/e-Pay can be clubbed with the existing offers.,,
INGLOT,maximize,https://www.maximize.money/gift-cards/INGLOT/313,yes,yes,11.75,11.75,Amazon pay: 9.75% | Amex: 9.5% | CC on UPI: 9.4% | Credit Card: 9.85% | Debit Card: 10.5% | Diners Club: 9.5% | Pay With Rewards: 8.45% | UPI: 11.75% | Wallets: 9.4%,500 / 1000 / 1500 / 2000 / 2500 / 3000 / 5000 / 7500 / 10000,yes,yes,,12.25,same denomination only,,yes,unlimited,,no,,,,Valid for upto 6 months,,,,,Multiple GVs can be clubbed and added to a e-Pay balance.,,,
Inglot In Store,buyhatke,https://buyhatke.com/gift-cards/inglot-(in-store)-gift-card,yes,yes,7.55,7.55,any: 7.55%,500 / 1000 / 2000 / 3000 / 5000 / 10000,yes,yes,,,same denomination only,no,yes,unlimited,,,,"Aldo, Charles & Keith, Call it Spring, Beverly Hills Polo Club, Inglot, Victoria's Secret, Victoria's Secret beauty, Bath & Body Works & R&B stores only",,6 months,,,,,Multiple Gift Vouchers CAN be combined & added to the e-Pay balance,,"Comes with 6-month validity and would be accepted at Aldo, Charles & Keith, Call it Spring, Beverly Hills Polo Club, Inglot, Victoria s Secret, Victoria s Secret beauty , Bath & Body works & R&B stores only",
Innovist,buyhatke,https://buyhatke.com/gift-cards/innovist-gift-card,no,no,,,,500 / 1000 / 1500 / 2000,yes,,,,same denomination only,yes,no,,yes,no,no,,,,,,,,,The GV/GC cannot be clubbed with ongoing offers and promotions.,,
INOX Cinemas - GYFTR,maximize,https://www.maximize.money/gift-cards/INOX Cinemas - GYFTR/1006,yes,yes,20.25,20.25,Amazon pay: 18.25% | Amex: 18.0% | CC on UPI: 17.9% | Credit Card: 18.35% | Debit Card: 19.0% | Diners Club: 18.0% | Pay With Rewards: 16.95% | UPI: 20.25% | Wallets: 17.9%,250 / 500 / 1000 / 2000 / 2500 / 5000,no,,,21.0,same denomination only,yes,no,unlimited,no,yes,yes,Movie ticket bookings or combined movie ticket + food bookings only,Food-only purchases,Valid for upto 12 months,,,,,Multiple Gift Vouchers can be used in a single booking.,Gift Voucher can be clubbed with existing offers except the APP100 coupon code.,Valid only for movie ticket bookings or combined movie ticket + food bookings in a single transaction.,
Instafab Plus,buyhatke,https://buyhatke.com/gift-cards/instafab-plus-gift-card,yes,yes,6.69,6.69,any: 6.69%,500 / 1000 / 2000,yes,,,,same denomination only,yes,no,,,,,www.instafabplus.com only,,6 months,,,,,,,Comes with 6 months validity and will be accepted only on www.instafabplus.com,
Instafab Plus,gyftr,https://www.gyftr.com/instafab-plus,yes,no,0.0,0.0,Amazon Pay: 0.0% | Credit Card: 0.0% | Debit Card: 0.0% | MobiKwik: 0.0% | Net Banking: 0.0% | Payzapp: 0.0% | UPI: 0.0% | e-Pay: 0.0%,500 / 2000 / 1000,no,,,,yes,yes,no,unlimited,yes,yes,yes,,,,,,,,Multiple GV/GCs can be combined and added to the e-Pay balance.,The GV/e-Pay can be clubbed with discounts offered by the brand on their website.,,
INTERMILES,gyftr,https://www.gyftr.com/intermiles,no,no,0.0,0.0,Amazon Pay: 0.0% | Credit Card: 0.0% | Debit Card: 0.0% | MobiKwik: 0.0% | Net Banking: 0.0% | Payzapp: 0.0% | UPI: 0.0% | e-Pay: 0.0%,,no,,,,yes,yes,,,yes,,,,,,,,,,,,,
IOCL,gyftr,https://www.gyftr.com/iocl,yes,no,0.0,0.0,Credit Card: 0.0% +fee | Debit Card: 0.0% +fee | UPI: 0.0% | e-Pay: 0.0%,1000 / 5000 / 2000 / 500,no,yes,,,yes,no,yes,,no,yes,,Fuel purchases (Petrol / XP95 / XG / Diesel / XP100) at IOCL Retail Outlets,,,,,,,,,The GV/GC can be redeemed only for fuel purchases (Petrol / XP95 / XG / Diesel / XP100) at IOCL Retail Outlets.,
IOCL In Store,buyhatke,https://buyhatke.com/gift-cards/iocl-(in-store)-gift-card,yes,yes,0.4,0.4,any: 0.4%,100,yes,yes,,,same denomination only,no,yes,,no,yes,,Fuel purchase (Petrol/XP95/XG/diesel & XP100) at IOCL Retail outlets only,,6 months,,,,,,,IOCPay Fuel Gift card can be redeemed for the fuel purchase (Petrol/XP95/XG/diesel & XP100) at the IOCL Retail outlet only.,
IRCTC,gyftr,https://www.gyftr.com/gv-irctc,yes,no,0.0,0.0,Credit Card: 0.0% | Debit Card: 0.0% | Net Banking: 0.0% | UPI: 0.0% | e-Pay: 0.0%,250 / 1000 / 500 / 100,yes,,,,yes,yes,,unlimited,yes,no,,,,3 to 12 months,,,,,Multiple Gift Vouchers can be used in one bill.,,,
IRCTC,maximize,https://www.maximize.money/gift-cards/IRCTC/601,yes,no,0.0,0.0,Amazon pay: 0.0% | Amex: 0.0% | CC on UPI: 0.0% | Credit Card: 0.0% | Debit Card: 0.0% | Diners Club: 0.0% | Pay With Rewards: 0.0% | UPI: 0.0% | Wallets: 0.0%,100 / 250 / 500 / 1000,no,,,,same denomination only,yes,no,unlimited,yes,no,no,,,3 to 12 months,,,,,Multiple vouchers can be used against one transaction.,"Can be clubbed with other offers? No, can't club with other offers / coupons",,
ITC Hotels,gyftr,https://www.gyftr.com/itc-hotels,yes,yes,9.0,9.0,Credit Card: 7.0% | Debit Card: 7.0% | Net Banking: 7.0% | PAYTM UPI: 9.0% | Paytm Wallet: 7.0% | UPI: 9.0% | e-Pay: 9.0%,2000 / 10000 / 7500 / 5000 / 1000,no,yes,,,yes,no,yes,unlimited,yes,yes,no,"Stays (room and incidental charges), food & beverages, home deliveries and takeaways, spa services (for resident guests only), Fabelle boutiques, Sleep Boutique, and applicable taxes at participating hotels",Banquet charges | Paid-outs like car transfers spent at retail or any third-party service establishment | Expenses of a personal nature for which a pay-out is raised,,"same day, unless scheduled for a particular day",,,,Multiple GV/GC can be used against one bill.,The GV/GC cannot be clubbed with ongoing promotions.,"The GV/GC is valid for spending towards stays (room and incidental charges), food & beverages, home deliveries, and takeaways, spa services (for resident guests only), Fabelle boutiques, Sleep Boutique, and applicable taxes at any of the participating hotels.",
ITC Hotels Fabelle Chocolates In Store,buyhatke,https://buyhatke.com/gift-cards/itc-hotels-fabelle-chocolates-(in-store)-gift-card,yes,yes,6.92,6.92,any: 6.92%,1000 / 2000 / 5000 / 10000,yes,yes,,,same denomination only,no,yes,,,,,"Stays (room & incidental charges), food & beverages, home deliveries & takeaways, spa services (resident guests only), Fabelle Boutiques and applicable taxes at participating hotels",,1 year,,,,,,,"The card is valid for spends towards stays (room & incidental charges), food & beverages, Home deliveries & takeaways, spa services (for resident guests only), Fabelle Boutiques and applicable taxes at any of the participating hotels",
ITC Hotels In Store,buyhatke,https://buyhatke.com/gift-cards/itc-hotels-(in-store)-gift-card,yes,yes,7.89,7.89,any: 7.89%,1000 / 1500 / 2500 / 5000 / 10000,yes,yes,,,same denomination only,no,yes,,,,,"Stays (room & incidental charges), food & beverages, home deliveries & takeaways, spa services (resident guests only), Fabelle Boutiques and applicable taxes at participating hotels",,1 year,,,,,,,"The card is valid for spends towards stays (room & incidental charges), food & beverages, Home deliveries & takeaways, spa services (for resident guests only), Fabelle Boutiques and applicable taxes at any of the participating hotels",
ITC Hotels Spa In Store,buyhatke,https://buyhatke.com/gift-cards/itc-hotels-spa-(in-store)-gift-card,yes,yes,6.92,6.92,any: 6.92%,1000 / 2000 / 5000 / 10000,yes,yes,,,same denomination only,no,yes,,,,,"Stays (room & incidental charges), food & beverages, home deliveries & takeaways, spa services (resident guests only), Fabelle Boutiques and applicable taxes at participating hotels",,1 year,,,,,,,"The card is valid for spends towards stays (room & incidental charges), food & beverages, Home deliveries & takeaways, spa services (for resident guests only), Fabelle Boutiques and applicable taxes at any of the participating hotels",
Ixigo,buyhatke,https://buyhatke.com/gift-cards/ixigo-gift-card,yes,yes,7.98,7.98,any: 7.98%,500 / 1000 / 1500 / 2000 / 2500 / 3000,yes,,,,same denomination only,yes,no,1,,yes,no,Booking flights (Domestic or International) on ixigo only,,,,,,,Only one voucher can be used per transaction.,Cannot be clubbed with existing offers on ixigo.,Valid only for booking flights (Domestic or International) on ixigo.,
Ixigo,gyftr,https://www.gyftr.com/ixigo,yes,yes,8.5,8.5,Amazon Pay: 7.0% | Credit Card: 7.0% | Debit Card: 7.0% | Net Banking: 7.0% | PAYTM UPI: 8.5% | Paytm Wallet: 7.0% | UPI: 8.5% | e-Pay: 8.5%,1500 / 2000 / 500 / 1000,no,,,,yes,yes,no,1,no,yes,no,Booking of ixigo Flights (Domestic/International) only,,,,,,,Only ONE/SINGLE voucher can be used in one bill/transaction.,GV/GC cannot be clubbed with existing offers.,The GV/GC is valid for booking of ixigo Flights (Domestic/International) only.,
Ixigo Hotel,buyhatke,https://buyhatke.com/gift-cards/ixigo-hotel-gift-card,yes,yes,11.67,11.67,any: 11.67%,1500 / 2500,yes,,,,same denomination only,yes,no,1,,yes,no,Booking of ixigo Hotel (Domestic/International) only,,,,,,,Only ONE/SINGLE GV/GC can be used in one bill/transaction.,GV/GC cannot be clubbed with existing offers on the ixigo website/app.,The GV/GC is valid for booking of ixigo Hotel (Domestic/International) only.,
ixigo hotel,gyftr,https://www.gyftr.com/ixigo-hotel,yes,no,0.0,0.0,Amazon Pay: 0.0% | Credit Card: 0.0% | Debit Card: 0.0% | MobiKwik: 0.0% | Net Banking: 0.0% | Payzapp: 0.0% | UPI: 0.0% | e-Pay: 0.0%,1500 / 2500,no,,,,yes,yes,no,1,,yes,no,Booking of ixigo Hotel (Domestic/International) only,,,,,,,Only one single GV/GC can be used in one bill/transaction.,GV/GC cannot be clubbed with existing offers on the ixigo website/app.,The GV/GC is valid for booking of ixigo Hotel (Domestic/International) only.,
JACK JONES (In Store),buyhatke,https://buyhatke.com/gift-cards/jack-jones-(in-store)-gift-card,no,no,,,,500 / 1000 / 1500 / 2000,yes,yes,,,same denomination only,no,yes,,no,yes,,Exclusive brand JACK&JONES stores in India,,One year from the date of purchase/issue,,,,,,,This card entitles you to shop from any of the exclusive brand JACK&JONES stores in India,
Jawed Habib - Luzo Gift Card,gyftr,https://www.gyftr.com/jawed-habib-luzo-gift-card,yes,yes,9.0,9.0,Credit Card: 7.0% | Debit Card: 7.0% | MobiKwik: 7.0% | Net Banking: 7.0% | PAYTM UPI: 9.0% | UPI: 9.0% | e-Pay: 9.0%,5000 / 10000 / 2500 / 500 / 250 / 1500 / 1000,no,,,,yes,yes,no,unlimited,yes,no,yes,"Salon, spa, and clinic services booked through the Luzo app at partner outlets",,,,,,,Multiple GV/GCs can be added to the Luzo wallet. There is no limit on the number of GV/GCs that can be added.,The GV/GC can be clubbed with existing offers.,"The GV/GC can be used for salon, spa, and clinic services booked through the Luzo app at partner outlets.",
JCB - Luzo Gift Card,gyftr,https://www.gyftr.com/jcb-luzo-gift-card,yes,yes,9.0,9.0,Credit Card: 7.0% | Debit Card: 7.0% | MobiKwik: 7.0% | Net Banking: 7.0% | PAYTM UPI: 9.0% | UPI: 9.0% | e-Pay: 9.0%,5000 / 10000 / 2500 / 500 / 250 / 1500 / 1000,no,,,,yes,yes,no,unlimited,yes,no,yes,"Salon, spa, and clinic services booked through the Luzo app at partner outlets",,,,,,,Multiple GV/GCs can be added to the Luzo wallet. There is no limit on the number of GV/GCs that can be added.,The GV/GC can be clubbed with existing offers.,"The GV/GC can be used for salon, spa, and clinic services booked through the Luzo app at partner outlets.",
Jhari Eco Stay In Store,buyhatke,https://buyhatke.com/gift-cards/jhari-eco-stay-(in-store)-gift-card,yes,yes,9.89,9.89,any: 9.89%,500 / 1000 / 2000 / 5000,yes,yes,,,same denomination only,no,yes,6,no,yes,,"Jhari Eco Stay in Athigundi Village, Chikmagalur, Karnataka",,6 months,,,,,Multiple E-Gift Voucher upto 6 can be used to redeem against a single Invoice billing,,"Comes with 6 months validity and is redeemable at Jhari Eco Stay in Athigundi Village, Chikmagalur, Karnataka",
Jimmy Choo Luxe In Store,buyhatke,https://buyhatke.com/gift-cards/jimmy-choo-luxe-(in-store)-gift-card,yes,yes,11.88,11.88,any: 11.88%,1000 / 2000 / 5000 / 10000,yes,yes,,,same denomination only,no,yes,unlimited,,yes,no,,location: Airport stores,1 year,,,,,This is a one-time use giftcard; multiple cards can be used in 1 transaction,Luxe Gift Card can only be redeemed against full-priced merchandise,,
JIMMY CHOO- Luxe Gift Card,gyftr,https://www.gyftr.com/jimmy-choo,yes,yes,10.0,10.0,Credit Card: 10.0% | Debit Card: 10.0% | Net Banking: 10.0% | PAYTM UPI: 10.0% | UPI: 10.0% | e-Pay: 10.0%,5000 / 2000 / 1000 / 10000,no,yes,,,yes,,yes,unlimited,,yes,no,,,,,,,,Multiple Gift Vouchers CAN be used in one bill.,Gift Vouchers CANNOT be used during Sale.,,
Jio Mart,buyhatke,https://buyhatke.com/gift-cards/jio-mart-gift-card,yes,yes,0.74,0.74,any: 0.74%,250 / 500 / 1000,yes,,,,same denomination only,yes,no,1,no,yes,,,Third party (3P) products listed on the JioMart platform | Gold/Silver coins | Fine jewellery | Mobiles | Oil | Ghee | Sugar | Baby Food | Milk and Milk Products | Alcohol & Tobacco,12 months,,,,,"This Gift Voucher is redeemable for a single order only. Also, multiple Gift Vouchers cannot be redeemed in a single order.",,,
JioHotstar,buyhatke,https://buyhatke.com/gift-cards/jiohotstar-gift-card,yes,yes,4.99,4.99,any: 4.99%,499 / 899 / 1090 / 1490 / 2190,yes,,,,same denomination only,yes,no,,,yes,no,"JioHotstar subscription, redeemed at https://www.jiohotstar.com/in/redeem",,,,,,,,This GV/GC cannot be used/clubbed with an existing subscription/offer on the JioHotstar app or website or any other source.,This GV/GC can only be redeemed in India on https://www.jiohotstar.com/in/redeem,
JioHotstar,gyftr,https://www.gyftr.com/jio-hotstar,yes,yes,7.0,7.0,Amazon Pay: 6.0% | Credit Card: 6.0% | Debit Card: 6.0% | MobiKwik: 6.0% | Net Banking: 6.0% | PAYTM UPI: 7.0% | Paytm Wallet: 6.0% | UPI: 7.0% | e-Pay: 7.0%,1099 / 499 / 2199,no,,,,yes,yes,no,1,,yes,no,Eligible JioHotstar Plan,,,,,,,Only 1 Gift Voucher can be used in one transaction.,This GV/GC cannot be used/clubbed with an existing subscription/offer.,"Your JioHotstar Gift Card can be redeemed towards an eligible Jio Hotstar Plan, giving you access to blockbuster movies, web series, live sports, TV shows, kids' entertainment & more.",
JioHotstar,maximize,https://www.maximize.money/gift-cards/JioHotstar/303,yes,yes,7.75,7.75,Amazon pay: 5.75% | Amex: 5.5% | CC on UPI: 5.4% | Credit Card: 5.85% | Debit Card: 6.5% | Diners Club: 5.5% | Pay With Rewards: 4.45% | UPI: 7.75% | Wallets: 5.4%,499 / 1099 / 2199,no,,,8.5,same denomination only,yes,no,1,no,yes,no,,,Valid for upto 6 months,,,,,Can the cards be clubbed? Multiple cards can't be clubbed,This GV/GC cannot be used/clubbed with an existing subscription/offer on the JioHotstar app or website or any other source.,,
JioSaavn,gyftr,https://www.gyftr.com/jiosaavn,no,no,0.0,0.0,Amazon Pay: 0.0% | Credit Card: 0.0% | Debit Card: 0.0% | MobiKwik: 0.0% | Net Banking: 0.0% | Payzapp: 0.0% | UPI: 0.0% | e-Pay: 0.0%,,no,,,,yes,,,,,,,,,,,,,,,,,
Jockey,buyhatke,https://buyhatke.com/gift-cards/jockey-gift-card,yes,yes,13.63,13.63,any: 13.63%,250 / 500 / 1000 / 2000 / 2500 / 5000,yes,,,,same denomination only,yes,no,,no,yes,,www.jockey.in website only,Jockey mobile app | location: Jockey offline stores (EBOs),365 days/1 year from the date of issue,,Order value must not be less than the gift card value,,,,,This E-GC is redeemable only on www.jockey.in website and not through the Jockey mobile app or any other mode whether online or offline.,
Jockey,gyftr,https://www.gyftr.com/jockey,yes,yes,13.0,13.0,Amazon Pay: 11.0% | Credit Card: 11.0% | Debit Card: 11.0% | MobiKwik: 11.0% | Net Banking: 11.0% | PAYTM UPI: 13.0% | Paytm Wallet: 11.0% | UPI: 13.0% | e-Pay: 13.0%,100 / 250 / 1000 / 5000 / 2000 / 500,yes,,,,yes,yes,no,unlimited,yes,yes,yes,,,,,,,,Multiple GVs can be combined in one bill after converting them to e-Pay balance (Jockey Credit).,GV/e-Pay (Jockey Credit) CAN be clubbed with deals and offers on the Jockey website.,,
Jos Alukkas Coin,buyhatke,https://buyhatke.com/gift-cards/jos-alukkas-coin-gift-card,yes,yes,0.38,0.38,any: 0.38%,500 / 1500 / 5000 / 100000,yes,yes,,,same denomination only,yes,yes,unlimited,,yes,,,Gold/Diamond Purchase Advance Scheme redemptions,1 year from the date of issue,Typically instant; may take up to 24-48 hours,,,,Multiple e-Gift Cards can be used in a single transaction.,,,
Jos Alukkas Diamond,buyhatke,https://buyhatke.com/gift-cards/jos-alukkas-diamond-gift-card,yes,yes,3.6,3.6,any: 3.6%,500 / 1500 / 5000 / 100000,yes,yes,,,same denomination only,yes,yes,unlimited,,yes,,Purchase of Diamond,Gold/Diamond Purchase Advance Scheme redemptions,6 months from the date of issue,Normally instant; can be delayed up to 24-48 hours,,,,Multiple e-Gift Cards may be applied to a single transaction.,,This e-Gift Card can be used for the purchase of Diamond.,
Jos Alukkas Diamond,maximize,https://www.maximize.money/gift-cards/Jos Alukkas Diamond/852,yes,yes,4.0,4.0,Amazon pay: 2.0% | Amex: 1.75% | CC on UPI: 1.65% | Credit Card: 2.1% | Debit Card: 2.75% | Diners Club: 1.75% | Pay With Rewards: 0.7% | UPI: 4.0% | Wallets: 1.65%,1000 / 2000 / 5000 / 10000 / 20000 / 50000 / 100000,yes,yes,,4.05,same denomination only,yes,yes,unlimited,no,yes,no,Diamond purchases only,,6 months from the date of issue,Normally instant; can be delayed up to 24-48 hours,,,,Multiple e-Gift Cards may be applied to a single transaction.,"Can be clubbed with other offers? No, can't club with other offers / coupons",This e-Gift Card can be used for the purchase of Diamond.,
Jos Alukkas Gold Coin,maximize,https://www.maximize.money/gift-cards/Jos Alukkas Gold Coin/483,yes,yes,1.1,1.1,Amazon pay: 0.0% | Amex: 0.0% | CC on UPI: 0.0% | Credit Card: 0.0% | Debit Card: 0.0% | Diners Club: 0.0% | Pay With Rewards: 0.0% | UPI: 1.1% | Wallets: 0.0%,1000 / 2000 / 5000 / 10000 / 20000 / 50000 / 100000,yes,yes,,1.15,same denomination only,yes,yes,unlimited,no,yes,no,,,1 year from the date of issue,Typically instant; may take up to 24-48 hours,,,,Multiple e-Gift Cards can be used in a single transaction.,"Can be clubbed with other offers? No, can't club with other offers / coupons",,
Jos Alukkas Gold Jewellery,maximize,https://www.maximize.money/gift-cards/Jos Alukkas Gold Jewellery/344,yes,yes,4.0,4.0,Amazon pay: 2.0% | Amex: 1.75% | CC on UPI: 1.65% | Credit Card: 2.1% | Debit Card: 2.75% | Diners Club: 1.75% | Pay With Rewards: 0.7% | UPI: 4.0% | Wallets: 1.65%,500 / 1000 / 1500 / 2500 / 5000,yes,yes,,4.1,same denomination only,yes,yes,unlimited,no,yes,no,"Gold, Precious, and Platinum ornaments, except Gold Coins/Bars",Gold Coins/Bars,1 year from the date of issue,Normally instant; can be delayed up to 24-48 hours,,,,Multiple e-Gift Cards may be applied to a single transaction.,"Can be clubbed with other offers? No, can't club with other offers / coupons","This e-Gift Card can be used for the purchase of Gold, Precious, and Platinum ornaments, except Gold Coins/Bars.",
Jos Alukkas Jewellery In Store,buyhatke,https://buyhatke.com/gift-cards/jos-alukkas-jewellery-(in-store)-gift-card,yes,yes,2.44,2.44,any: 2.44%,500 / 1000 / 1500 / 2500 / 5000,yes,yes,,,same denomination only,no,yes,unlimited,no,yes,,Gold/Diamond/Precious/Platinum/Silver ornaments,Gold Coin/Bar,1 year,,,,,Multiple gift cards can be used for a single transaction,,This e-Gift Cards can be used for the purchase of Gold/Diamond/Precious/Platinum/Silver ornaments except Gold Coin/Bar,
Joyalukkas,buyhatke,https://buyhatke.com/gift-cards/joyalukkas-gift-card,yes,yes,2.13,2.13,any: 2.13%,500 / 1500 / 5000 / 100000,yes,yes,,,same denomination only,no,yes,unlimited,yes,no,,Any gold and diamond jewellery,Gold bullion/coin | Subscription schemes,1 year,,,,,Multiple gift cards can be used in a single transaction,,Only valid for offline purchases and is not valid for subscription schemes. The gift card can be used for the purchase of any gold and diamond jewellery except gold bullion/coin.,Balance Carries Over=no
Joyalukkas Diamond,maximize,https://www.maximize.money/gift-cards/Joyalukkas Diamond/464,yes,yes,4.65,4.65,Amazon pay: 2.65% | Amex: 2.4% | CC on UPI: 2.3% | Credit Card: 2.75% | Debit Card: 3.4% | Diners Club: 2.4% | Pay With Rewards: 1.35% | UPI: 4.65% | Wallets: 2.3%,1000 / 2000 / 5000 / 10000 / 20000 / 50000,yes,yes,,4.75,same denomination only,yes,yes,1,yes,no,no,Diamond ornaments only,gold/ silver bars/coins,Valid for upto 6 months,"Activation typically 30 minutes to 12 hours, in some cases up to 24 hours",,,,Can the cards be clubbed? Multiple cards can't be clubbed,"Can be clubbed with other offers? No, can't club with other offers / coupons",Redeemable only in diamond ornaments in Joyalukkas outlets.,Single Use=yes | Balance Carries Over=no
Joyalukkas Diamond In Store,buyhatke,https://buyhatke.com/gift-cards/joyalukkas-diamond-(in-store)-gift-card,yes,yes,4.57,4.57,any: 4.57%,500 / 1000 / 5000,yes,yes,,,same denomination only,no,yes,unlimited,,,,Any Diamond Jewellery,,12 months from the date of purchase,,,,,This card is valid for 12 months from the date of purchase. Multiple cards can be used for a single transaction.,,"The card can be used for the purchase of any Diamond Jewellery. Should you wish to purchase gold jewellery or bullions, kindly check out our other variants Pure Gold or Gold and Diamond.",
Joyalukkas Gold and Diamond,maximize,https://www.maximize.money/gift-cards/Joyalukkas Gold and Diamond/592,yes,yes,3.4,3.4,Amazon pay: 1.4% | Amex: 1.15% | CC on UPI: 1.05% | Credit Card: 1.5% | Debit Card: 2.15% | Diners Club: 1.15% | Pay With Rewards: 0.1% | UPI: 3.4% | Wallets: 1.05%,1000 / 2000 / 5000 / 10000 / 20000 / 50000,yes,yes,,3.5,same denomination only,yes,yes,unlimited,yes,no,no,Jewellery only,gold/silver bars/coins,1 year from the date of issuance,"Activation typically 30 minutes to 12 hours, in some cases up to 24 hours",,,,Can the cards be clubbed? Use several gift cards in one purchase,"Can be clubbed with other offers? No, can't club with other offers / coupons","The bearer of this e-Gift Card is the title holder and is entitled to exchange it for jewellery as per the value indicated, but it cannot be redeemed for gold/silver bars/coins.",Single Use=yes | Balance Carries Over=no
Joyalukkas Gold and Diamond 12 Hr Wait,buyhatke,https://buyhatke.com/gift-cards/joyalukkas-gold-and-diamond-(12-hr-wait)-gift-card,yes,yes,3.0,3.0,any: 3.0%,500 / 1500 / 5000 / 50000,yes,yes,,,same denomination only,yes,yes,,yes,,,Jewellery,Gold/silver bars/coins,1 year from the date of issuance,"Activation typically 30 minutes to 12 hours, in some cases up to 24 hours",,,,,,"The bearer of this e-Gift Card is the title holder and is entitled to exchange it for jewellery as per the value indicated, but it cannot be redeemed for gold/silver bars/coins.",Balance Carries Over=no
Joyalukkas Pure Gold,maximize,https://www.maximize.money/gift-cards/Joyalukkas Pure Gold/442,yes,yes,2.25,2.25,Amazon pay: 0.25% | Amex: 0.0% | CC on UPI: 0.0% | Credit Card: 0.35% | Debit Card: 1.0% | Diners Club: 0.0% | Pay With Rewards: 0.0% | UPI: 2.25% | Wallets: 0.0%,1000 / 2000 / 5000 / 10000 / 20000 / 50000,yes,yes,,2.35,same denomination only,yes,yes,unlimited,yes,no,no,,,1 year from the date of issuance,"Activation typically 30 minutes to 12 hours, in some cases up to 24 hours",,,,Can the cards be clubbed? Use several gift cards in one purchase,"Can be clubbed with other offers? No, can't club with other offers / coupons",,Single Use=yes | Balance Carries Over=no
Joyalukkas Pure Gold In Store,buyhatke,https://buyhatke.com/gift-cards/joyalukkas-pure-gold-(in-store)-gift-card,yes,yes,1.81,1.81,any: 1.81%,500 / 1500 / 5000 / 100000,yes,yes,,,same denomination only,no,yes,,yes,no,,,,12 months from the date of purchase,,,,,,,,
Juicy Couture BAGLINE,buyhatke,https://buyhatke.com/gift-cards/juicy-couture-bagline-gift-card,yes,yes,11.59,11.59,any: 11.59%,1000 / 2500 / 5000 / 10000 / 15000,yes,,,,same denomination only,yes,no,,no,,no,"Bagline.com, across all products and brands",,,Normally instant; can be delayed up to 24 hours,,,,,Partial redemption and clubbing are not allowed.,This Gift Card is redeemable online only at Bagline.com across all products and brands.,
Jungle Safari,buyhatke,https://buyhatke.com/gift-cards/jungle-safari-gift-card,no,no,,,,,no,,,,same denomination only,yes,,,,no,yes,,BBdaily,1 year,,,,,,All brand funded offers can be clubbed during purchase; but gift card cannot be used on BBdaily,,
Just Lil Things,buyhatke,https://buyhatke.com/gift-cards/just-lil-things-gift-card,yes,yes,18.88,18.88,any: 18.88%,1000,yes,,,,same denomination only,yes,no,,,,,,,1 year,,,,,,,,
Just Lil Things,maximize,https://www.maximize.money/gift-cards/Just Lil Things/1094,yes,yes,22.0,22.0,Amazon pay: 20.0% | Amex: 19.75% | CC on UPI: 19.65% | Credit Card: 20.1% | Debit Card: 20.75% | Diners Club: 19.75% | Pay With Rewards: 18.7% | UPI: 22.0% | Wallets: 19.65%,250 / 500 / 750 / 1000,no,,,22.25,same denomination only,yes,no,1,no,yes,,,,365 days (12 months) from the date of activation,,,,,Can the cards be clubbed? Multiple cards can't be clubbed,,,
KALKI,buyhatke,https://buyhatke.com/gift-cards/kalki-gift-card,yes,yes,11.16,11.16,any: 11.16%,100 / 500 / 2000 / 10000,yes,yes,,,same denomination only,yes,yes,1,yes,no,yes,,,,,,,,"Only one code can be used per transaction, either a Gift Voucher or a promo code.",Gift Vouchers can be used over and above brand discounts.,,
KALKI,gyftr,https://www.gyftr.com/kalki,yes,yes,13.0,13.0,Amazon Pay: 11.0% | Credit Card: 11.0% | Debit Card: 11.0% | MobiKwik: 11.0% | Net Banking: 11.0% | PAYTM UPI: 13.0% | Payzapp: 11.0% | UPI: 13.0% | e-Pay: 13.0%,1000 / 5000 / 2000 / 2500 / 100 / 500,yes,yes,,,yes,yes,yes,,yes,yes,,,,,,,,,,,,
Kalyan Diamond,buyhatke,https://buyhatke.com/gift-cards/kalyan-diamond-gift-card,yes,yes,6.52,6.52,any: 6.52%,2000 / 5000 / 10000 / 25000 / 50000 / 75000 / 100000,yes,yes,,,same denomination only,yes,yes,10,no,yes,no,"Any Diamond, Uncut, Polki, Platinum, Solitaire Jewellery including non-metal products at Kalyan Jewellers",Gold & Silver Coins | Gold & Silver Jewellery | Package Invoice | Special Priced items,364 days from date of issue,,,,,Only upto 10 E-Gift Cards can be redeemed against one cash memo.,This e-Gift Card cannot be clubbed with Package Invoice and Special Priced items.,"E-Gift Card is valid on any Diamond, Uncut, Polki, Platinum, Solitaire Jewellery including non-metal products at Kalyan Jewellers",
Kalyan Diamond In Store,buyhatke,https://buyhatke.com/gift-cards/kalyan-diamond-(in-store)-gift-card,yes,yes,5.84,5.84,any: 5.84%,2000 / 5000 / 20000 / 200000,yes,yes,,,same denomination only,no,yes,10,no,yes,no,"Diamond, Uncut, Polki, Solitaire, Platinum in Kalyan Stores in India",Gold & Silver Coin | Gold Jewellery | Package invoices | Special Priced Items,1 year,,,,,A Maximum of 10 cards can be added in a single bill,This voucher cannot be clubbed with Package invoices and Special Priced Items,"Comes with 1-year validity and Diamond, Uncut, Polki, Solitaire, Platinum in Kalyan Stores in India",
Kalyan Diamond Jewellery,gyftr,https://www.gyftr.com/kalyan-diamond-jewellery,no,no,3.0,3.0,Credit Card: 1.5% | Debit Card: 1.5% | MobiKwik: 1.5% | Net Banking: 1.5% | PAYTM UPI: 3.0% | Paytm Wallet: 1.5% | UPI: 3.0% | e-Pay: 3.0%,,no,yes,,,yes,no,yes,10,,,yes,,,,,,,,A maximum of 10 GV or GC can be applied in one bill,Gift Vouchers CAN be clubbed with on-going promotions/offers.,,
Kalyan Diamond Jewellery In Store,buyhatke,https://buyhatke.com/gift-cards/kalyan-diamond-jewellery-(in-store)-gift-card,yes,yes,6.48,6.48,any: 6.48%,250 / 500 / 1000 / 1500 / 2000 / 2500 / 3000 / 5000 / 10000,yes,yes,,,same denomination only,no,yes,10,no,,no,"Any Diamond, Uncut, Polki, Platinum, Solitaire Jewellery including non-metal products at Kalyan Jewellers",Gold & Silver Coins | Gold & Silver Jewellery | Package Invoice | Special Priced items,364 days from date of issue,,,,,Only Upto 10 Gift Card can be redeemed against one cash memo.,This Gift Card cannot be clubbed with Package Invoice and Special Priced items.,"Gift Card is valid on any Diamond, Uncut, Polki, Platinum, Solitaire Jewellery including non-metal products at Kalyan Jewellers",
Kalyan Gold Coins,gyftr,https://www.gyftr.com/kalyan-gold-coins,no,no,0.0,0.0,Debit Card: 0.0% | MobiKwik: 0.0% | Net Banking: 0.0% | UPI: 0.0% | e-Pay: 0.0%,,no,yes,,,yes,no,yes,10,,,yes,,,3-12 months from the date of purchase,,,,,A maximum of 10 GV or GC can be applied in one bill,Gift Vouchers CAN be clubbed with on-going promotions/offers.,,
Kalyan Gold Coins In Store,buyhatke,https://buyhatke.com/gift-cards/kalyan-gold-coins-(in-store)-gift-card,yes,yes,1.81,1.81,any: 1.81%,2000 / 5000 / 20000 / 100000,yes,yes,,,same denomination only,no,yes,10,no,yes,no,,Package Invoice | Special Priced items,364 days from date of issue,,,,,Only upto 10 Gift Card can be redeemed against one cash memo.,This Gift Card cannot be clubbed with Package Invoice and Special Priced items.,,
Kalyan Gold Jewellery,buyhatke,https://buyhatke.com/gift-cards/kalyan-gold-jewellery-gift-card,no,no,,,,500 / 1000 / 1500 / 2000,yes,yes,,,same denomination only,yes,yes,10,no,,no,Any Jewellery including non-metal products at Kalyan Jewellers,Gold & Silver Coins | Package Invoice | Special Priced items,364 days from date of issue,,,,,Only up to 10 E-Gift Cards can be redeemed against one cash memo.,This e-Gift Card cannot be clubbed with Package Invoice and Special Priced items.,E-Gift Card is valid on any Jewellery including non-metal products at Kalyan Jewellers,
Kalyan Gold Jewellery,gyftr,https://www.gyftr.com/kalyan-gold-jewellery,yes,yes,2.0,2.0,Amazon Pay: 0.0% | Credit Card: 0.0% | Debit Card: 0.0% | MobiKwik: 0.0% | Net Banking: 0.0% | PAYTM UPI: 2.0% | UPI: 2.0% | e-Pay: 2.0%,5000 / 10000 / 1000 / 2000,no,yes,,,yes,no,yes,10,no,yes,yes,Gold Jewellery only,Gold/Diamond Purchase Advance Schemes | Package invoices and Special Priced Items,,,,,,A maximum of 10 GV or GC can be applied in one bill,Gift Vouchers CAN be clubbed with on-going promotions/offers.,18.Kalyan Jewellers Gold Jewellery Insta Gift Voucher (GV) / Gift Card can only be used to purchase Gold Jewellery.,
Kalyan Gold Jewellery (In Store),buyhatke,https://buyhatke.com/gift-cards/kalyan-gold-jewellery-(in-store)-gift-card,no,no,,,,500 / 1000 / 1500 / 2000,yes,yes,,,same denomination only,no,yes,,,yes,,Any Jewellery at Kalyan Jewellers Stores in India,Gold & Silver Coin,364 days from issue,Normally instant; can be delayed up to 24-48 hours,,,,,,This E-Gift Card is Redeemable on Any Jewellery at Kalyan Jewellers Stores in India.,
Kalyan Jewellers In Store,buyhatke,https://buyhatke.com/gift-cards/kalyan-jewellers-(in-store)-gift-card,yes,yes,3.6,3.6,any: 3.6%,500 / 1000 / 2500 / 5000,yes,yes,,,same denomination only,no,yes,10,no,,no,Any Jewellery including non-metal products at Kalyan Jewellers,Gold & Silver Coins | Package Invoice | Special Priced items,364 days from date of issue,,,,,Only Upto 10 Gift Card can be redeemed against one cash memo.,This  Gift Card cannot be clubbed with Package Invoice and Special Priced items.,Gift Card is valid on any Jewellery including non-metal products at Kalyan Jewellers,
Kama Ayurveda,buyhatke,https://buyhatke.com/gift-cards/kama-ayurveda-gift-card,yes,yes,10.88,10.88,any: 10.88%,100 / 500 / 2000 / 10000,yes,yes,,,same denomination only,yes,yes,1,no,yes,no,,,,,,,,"For online use, you can redeem only ONE GV/GC per bill.",The GV/e-Pay cannot be clubbed with ongoing promotions.,,Single Use=no | Balance Carries Over=yes
Kama Ayurveda,gyftr,https://www.gyftr.com/kama-ayurveda,yes,no,0.0,0.0,Amazon Pay: 0.0% | Credit Card: 0.0% | Debit Card: 0.0% | MobiKwik: 0.0% | Net Banking: 0.0% | UPI: 0.0% | e-Pay: 0.0%,2000 / 100 / 500 / 250,yes,yes,,,yes,yes,yes,1,yes,,no,,,,,,,,"You can use multiple GV/GC in one bill at the store/retail outlet. For online use, you can redeem only ONE GV/GC per bill.",7. The GV/e-Pay cannot be clubbed with ongoing promotions.,,Vouchers Per Bill=unlimited
Kama Ayurveda In Store,buyhatke,https://buyhatke.com/gift-cards/kama-ayurveda-(in-store)-gift-card,yes,yes,7.55,7.55,any: 7.55%,500 / 1000 / 2000 / 5000,yes,yes,,,same denomination only,no,yes,1,,yes,no,,,6 months,,,,,Only one voucher can be used per transaction when redeeming online; Multiple Gift Vouchers can be used in one bill at the store/retail outlet,Gift Vouchers cannot be clubbed with any ongoing promotions/offers,,Vouchers Per Bill=unlimited
KANCHIPURAM NARAYANI SILKS,buyhatke,https://buyhatke.com/gift-cards/kanchipuram-narayani-silks-gift-card,no,no,,,,500 / 1000 / 1500 / 2000,yes,,,,same denomination only,yes,no,,,no,yes,,BBdaily,1 year,,,,,,All brand funded offers can be clubbed during purchase; but gift card cannot be used on BBdaily,,
Kate Spade Luxe,buyhatke,https://buyhatke.com/gift-cards/kate-spade-luxe-gift-card,no,no,,,,,no,,,,same denomination only,,,,,,,,,,,,,,,,,
Kate Spade Luxe In Store,buyhatke,https://buyhatke.com/gift-cards/kate-spade-luxe-(in-store)-gift-card,yes,yes,10.95,10.95,any: 10.95%,1000 / 2000 / 5000 / 10000,yes,yes,,,same denomination only,no,yes,unlimited,,yes,,Full-priced merchandise only,location: airport stores,1 year,,,,,This is a one-time use giftcard; multiple cards can be used in 1 transaction,,Luxe Gift Card can only be redeemed against full-priced merchandise,
Kate Spade- Luxe Gift Card,gyftr,https://www.gyftr.com/kate-spade--luxe-gift-card,yes,yes,10.0,10.0,Credit Card: 10.0% | Debit Card: 10.0% | Net Banking: 10.0% | PAYTM UPI: 10.0% | UPI: 10.0% | e-Pay: 10.0%,5000 / 2000 / 1000 / 10000,no,yes,,,yes,no,yes,unlimited,no,yes,no,,location: Airport stores | Merchandise that is not full priced,,,,,,7. Multiple GV/GC can be used for one bill.,11. The GV/GC can be redeemed only against full priced merchandise.,,
Kate Spade-Luxe,maximize,https://www.maximize.money/gift-cards/Kate Spade-Luxe/560,yes,yes,10.0,10.0,Amex: 10.0% | CC on UPI: 10.0% | Credit Card: 10.0% | Debit Card: 10.0% | Diners Club: 10.0% | UPI: 10.0%,2000 / 5000 / 10000,yes,yes,,13.0,same denomination only,yes,yes,unlimited,no,yes,no,Full-priced merchandise only,location: Airport stores,12 months from the date of purchase,,,,,Multiple Luxe Gift Cards can be used in a single transaction.,The Gift Card can be redeemed only on full-priced merchandise and is not applicable on discounted items unless specified otherwise.,The Gift Card can be redeemed only on full-priced merchandise and is not applicable on discounted items unless specified otherwise.,
Ketan Diamonds - Diamond Only,maximize,https://www.maximize.money/gift-cards/Ketan Diamonds - Diamond Only/241,yes,yes,15.0,15.0,Amazon pay: 13.0% | Amex: 12.75% | CC on UPI: 12.65% | Credit Card: 13.1% | Debit Card: 13.75% | Diners Club: 12.75% | Pay With Rewards: 11.7% | UPI: 15.0% | Wallets: 12.65%,500 / 1000 / 2000 / 2500 / 5000 / 7500 / 9999,yes,,,15.25,same denomination only,yes,no,unlimited,no,yes,yes,Diamond Jewellery only,,Valid for upto 12 months,,,,,More than one GV / GC can be used in one bill/transaction.,Ketan Diamonds GV / GC can be clubbed with ongoing promotions & offers.,Ketan Diamonds Diamond Jewellery Insta Gift Voucher (GV) / Gift Card can only be used to purchase Diamond Jewellery.,
Ketan Diamonds - Gold Coin,maximize,https://www.maximize.money/gift-cards/Ketan Diamonds - Gold Coin/242,yes,yes,2.4,2.4,Amazon pay: 0.4% | Amex: 0.15% | CC on UPI: 0.05% | Credit Card: 0.5% | Debit Card: 1.15% | Diners Club: 0.15% | Pay With Rewards: 0.0% | UPI: 2.4% | Wallets: 0.05%,500 / 1000 / 2000 / 2500 / 5000 / 7500 / 9999,yes,,,2.5,same denomination only,yes,no,unlimited,no,yes,yes,Gold Coins only,,Valid for upto 12 months,,,,,More than One GV / GC can be used in one bill/transaction.,Ketan Diamonds GV / GC can be clubbed with on-going promotions & offers.,Ketan Diamonds Gold Coin Insta Gift Voucher (GV) / Gift Card can only be used to purchase Gold Coins.,
Ketan Diamonds - Gold Jewellery,maximize,https://www.maximize.money/gift-cards/Ketan Diamonds - Gold Jewellery/243,yes,yes,8.0,8.0,Amazon pay: 6.0% | Amex: 5.75% | CC on UPI: 5.65% | Credit Card: 6.1% | Debit Card: 6.75% | Diners Club: 5.75% | Pay With Rewards: 4.7% | UPI: 8.0% | Wallets: 5.65%,500 / 1000 / 2000 / 2500 / 5000 / 7500,yes,,,8.25,same denomination only,yes,no,unlimited,no,yes,yes,Gold Jewellery only,,Valid for upto 12 months,,,,,More than one GV / GC can be used in one bill/transaction.,Ketan Diamonds GV / GC can be clubbed with on-going promotions & offers.,Ketan Diamonds Gold Jewellery Insta Gift Voucher (GV) / Gift Card can only be used to purchase Gold Jewellery.,
Ketan Diamonds Diamond Only,buyhatke,https://buyhatke.com/gift-cards/ketan-diamonds-diamond-only-gift-card,yes,yes,12.64,12.64,any: 12.64%,500 / 1000 / 2000 / 2500 / 5000 / 7500 / 9990,yes,,,,same denomination only,yes,no,unlimited,no,yes,yes,Diamond Jewellery only,,,,,,,More than one GV / GC can be used in one bill/transaction.,Ketan Diamonds GV / GC can be clubbed with ongoing promotions & offers.,Ketan Diamonds Diamond Jewellery Insta Gift Voucher (GV) / Gift Card can only be used to purchase Diamond Jewellery.,
Ketan Diamonds Diamond Only,gyftr,https://www.gyftr.com/ketan-diamonds-diamond-only,yes,yes,13.0,13.0,Amazon Pay: 11.0% | Credit Card: 11.0% | Debit Card: 11.0% | Net Banking: 11.0% | PAYTM UPI: 13.0% | UPI: 13.0% | e-Pay: 13.0%,1000 / 100 / 5000 / 500 / 2000 / 2500,yes,,,,yes,yes,no,unlimited,no,yes,yes,Diamond Jewellery only,,,,,,,5. Multiple GV/GC can be used against one bill.,4. The GV/GC can be clubbed with the existing offers.,8. This GV/GC can only be used to purchase Diamond Jewellery.,
Ketan Diamonds Gold Coin,buyhatke,https://buyhatke.com/gift-cards/ketan-diamonds-gold-coin-gift-card,yes,yes,2.23,2.23,any: 2.23%,500 / 1000 / 2000 / 2500 / 5000 / 7500 / 9990,yes,,,,same denomination only,yes,no,unlimited,no,yes,yes,Gold Coins only,,,,,,,More than One GV / GC can be used in one bill/transaction.,Ketan Diamonds GV / GC can be clubbed with on-going promotions & offers.,Ketan Diamonds Gold Coin Insta Gift Voucher (GV) / Gift Card can only be used to purchase Gold Coins.,
Ketan Diamonds Gold Coin,gyftr,https://www.gyftr.com/ketan-diamonds-gold-coin,yes,yes,3.0,3.0,Amazon Pay: 1.5% | Credit Card: 1.5% | Debit Card: 1.5% | MobiKwik: 1.5% | Net Banking: 1.5% | PAYTM UPI: 3.0% | Paytm Wallet: 1.5% | UPI: 3.0% | e-Pay: 0.0%,100 / 2000,yes,,,,yes,yes,no,unlimited,no,yes,yes,Gold Coins only,,3-12 months,,,,,7. Multiple GV/GC can be used against one bill.,Gift Vouchers CAN be clubbed with offers/promotions available online.,4. GV/GC can only be used to purchase Gold Coins.,
Ketan Diamonds Gold Coin In Store,buyhatke,https://buyhatke.com/gift-cards/ketan-diamonds-gold-coin-(in-store)-gift-card,yes,yes,0.32,0.32,any: 0.32%,500 / 1000 / 2000 / 5000,yes,yes,,,same denomination only,no,yes,unlimited,,yes,yes,,,6 months,,,,,Multiple Gift Vouchers can be used in one bill,Gift Vouchers can be used to buy discounted products; multiple Gift Vouchers can be used in one bill,,
Ketan Diamonds Gold Jewellery,buyhatke,https://buyhatke.com/gift-cards/ketan-diamonds-gold-jewellery-gift-card,yes,yes,6.69,6.69,any: 6.69%,500 / 1000 / 2000 / 2500 / 5000 / 7500,yes,,,,same denomination only,yes,no,unlimited,no,yes,yes,Gold Jewellery only,,,,,,,More than one GV / GC can be used in one bill/transaction.,Ketan Diamonds GV / GC can be clubbed with on-going promotions & offers.,Ketan Diamonds Gold Jewellery Insta Gift Voucher (GV) / Gift Card can only be used to purchase Gold Jewellery.,
Ketan Diamonds Gold Jewellery,gyftr,https://www.gyftr.com/ketan-diamonds-gold-jewellery,yes,yes,8.0,8.0,Amazon Pay: 7.0% | Credit Card: 7.0% | Debit Card: 7.0% | MobiKwik: 7.0% | Net Banking: 7.0% | PAYTM UPI: 8.0% | Paytm Wallet: 7.0% | UPI: 8.0% | e-Pay: 8.0%,5000 / 100,yes,,,,yes,yes,no,unlimited,no,yes,yes,Gold Jewellery only,,12 months,,,,,7. Multiple GV/GC can be used against one bill.,Gift Vouchers CAN be clubbed with offers/promotions available online.,4. GV/GC can only be used to purchase Gold Jewellery.,
KFC,buyhatke,https://buyhatke.com/gift-cards/kfc-gift-card,yes,yes,1.88,1.88,any: 1.88%,100 / 250 / 500 / 1000 / 2000,yes,yes,,,same denomination only,yes,yes,unlimited,no,yes,,,,6 months from the date of issue,,,,,More than one E-Gift Card can be used in one bill in stores.,,,
KFC,gyftr,https://www.gyftr.com/kfc,yes,yes,3.0,3.0,Amazon Pay: 2.0% | Credit Card: 2.0% | Debit Card: 2.0% | MobiKwik: 2.0% | PAYTM UPI: 3.0% | Paytm Wallet: 2.0% | UPI: 3.0% | e-Pay: 3.0%,1000 / 100 / 500 / 250,no,yes,,,yes,yes,yes,1,,yes,,,,,,,,,Single GV / GC can be used in one bill against online redemption. Multiple Gift Vouchers CAN be used in one bill at the outlet (offline redemption).,,,Vouchers Per Bill=unlimited
Khadims (In Store),buyhatke,https://buyhatke.com/gift-cards/khadims-(in-store)-gift-card,no,no,,,,500 / 1000 / 1500 / 2000,yes,yes,,,same denomination only,no,yes,10,no,yes,,,,6 months,,,,,Upto 10 EGV's can be clubbed in a single Invoice,,,
Kiehl s,buyhatke,https://buyhatke.com/gift-cards/kiehl-s-gift-card,no,no,,,,500 / 1000 / 1500 / 2000,yes,yes,,,same denomination only,yes,yes,unlimited,no,yes,yes,,,6 months,,,,,Multiple Gift Vouchers can be used in one bill and in-store promotions/offers can be clubbed with this Gift Card,Multiple Gift Vouchers can be used in one bill and in-store promotions/offers can be clubbed with this Gift Card,,
Kiehls In Store,buyhatke,https://buyhatke.com/gift-cards/kiehls-(in-store)-gift-card,yes,yes,3.29,3.29,any: 3.29%,500 / 1000 / 2000 / 5000,yes,yes,,,same denomination only,no,yes,,no,yes,,,,365 days from the date of issue,,,,,,,,
Kimirica,buyhatke,https://buyhatke.com/gift-cards/kimirica-gift-card,yes,yes,13.37,13.37,any: 13.37%,500 / 1000 / 2000 / 5000,yes,,,,same denomination only,yes,no,unlimited,yes,no,yes,,,,,,,,"The GV can be converted into e-Pay at the holder’s convenience, and multiple GVs can be combined into the e-Pay balance.",GV/e-Pay can be used for all products and services on the Kimirica website and can be clubbed with existing discounts/offers.,,
Kimirica,gyftr,https://www.gyftr.com/kimirica,yes,yes,17.0,17.0,Amazon Pay: 16.0% | Credit Card: 16.0% | Debit Card: 16.0% | MobiKwik: 16.0% | Net Banking: 16.0% | PAYTM UPI: 17.0% | Paytm Wallet: 16.0% | UPI: 17.0% | e-Pay: 17.0%,5000 / 2000 / 500 / 1000 / 100,yes,,,,yes,yes,no,unlimited,yes,yes,yes,,,,,,,,Multiple gift vouchers can be combined and added to the e-Pay balance.,3. The GV/e-Pay can be clubbed with existing offers.,,
Kimirica,maximize,https://www.maximize.money/gift-cards/Kimirica/846,yes,yes,14.75,14.75,Amazon pay: 12.75% | Amex: 12.5% | CC on UPI: 12.4% | Credit Card: 12.85% | Debit Card: 13.5% | Diners Club: 12.5% | Pay With Rewards: 11.45% | UPI: 14.75% | Wallets: 12.4%,200 / 500 / 1000 / 2000 / 5000 / 10000,yes,,,15.25,same denomination only,yes,no,unlimited,yes,no,yes,,,Valid upto 6 Months from purchase,,,,,"The GV can be converted into e-Pay at the holder’s convenience, and multiple GVs can be combined into the e-Pay balance.",GV/e-Pay can be used for all products and services on the Kimirica website and can be clubbed with existing discounts/offers.,,
Klook,buyhatke,https://buyhatke.com/gift-cards/klook-gift-card,yes,yes,7.42,7.42,any: 7.42%,1000 / 2000 / 5000 / 7500 / 10000,yes,,,,same denomination only,yes,no,1,,yes,no,,activities listed under the Non-applicable Activity List,,,,,,Only one GV/GC can be used per transaction.,GV/GC cannot be combined with other offers or promo codes.,,
Klook,gyftr,https://www.gyftr.com/klook,yes,yes,8.0,8.0,Amazon Pay: 6.5% | Credit Card: 6.5% | Debit Card: 6.5% | MobiKwik: 6.5% | Net Banking: 6.5% | PAYTM UPI: 8.0% | Paytm Wallet: 6.5% | UPI: 8.0% | e-Pay: 8.0%,1000 / 10000 / 5000 / 2000,no,,,,yes,yes,no,1,,yes,no,,Non-Eligible Activity List,,,,,,Only one GV/GC can be used in one bill.,GV/GC cannot be combined with existing offers on its website or any other promo codes.,,
Kuku FM,buyhatke,https://buyhatke.com/gift-cards/kuku-fm-gift-card,no,no,,,,500 / 1000 / 1500 / 2000,yes,,,,same denomination only,yes,no,,,yes,no,,,6 months,,,,,,Offer cannot be combined with another offer on KukuFM,,
La Martina- Luxe Gift Card,gyftr,https://www.gyftr.com/la-martina--luxe-gift-card,yes,yes,10.0,10.0,Credit Card: 10.0% | Debit Card: 10.0% | Net Banking: 10.0% | PAYTM UPI: 10.0% | UPI: 10.0% | e-Pay: 10.0%,5000 / 2000 / 1000 / 10000,no,yes,,,yes,no,yes,unlimited,no,yes,no,,location: Airport stores | Merchandise that is not full priced,,,,,,7. Multiple GV/GC can be used for one bill.,11. The GV/GC can be redeemed only against full priced merchandise.,,
Lakm Salon In Store,buyhatke,https://buyhatke.com/gift-cards/lakm-salon-(in-store)-gift-card,yes,yes,3.88,3.88,any: 3.88%,500 / 1500 / 5000 / 25000,yes,yes,,,same denomination only,no,yes,1,,yes,,Services at salons of the Lakme Salon Network,,1 year,,,,,This Gift Card can be redeemed against services at all salons of Lakme Salon Network and only one card can be used per transaction,,This Gift Card can be redeemed against services at all salons of Lakme Salon Network and only one card can be used per transaction,
Lakme - Luzo Gift Card,gyftr,https://www.gyftr.com/lakme-luzo-gift-card,yes,yes,9.0,9.0,Credit Card: 7.0% | Debit Card: 7.0% | MobiKwik: 7.0% | Net Banking: 7.0% | PAYTM UPI: 9.0% | UPI: 9.0% | e-Pay: 9.0%,5000 / 10000 / 2500 / 500 / 250 / 1500 / 1000,no,,,,yes,yes,no,unlimited,yes,no,yes,"Salon, spa, and clinic services booked through the Luzo app at partner outlets",,,,,,,8. Multiple GV/GCs can be added to the Luzo wallet. There is no limit on the number of GV/GCs that can be added.,5. The GV/GC can be clubbed with existing offers.,"4. The GV/GC can be used for salon, spa, and clinic services booked through the Luzo app at partner outlets.",
Lakme Salon,maximize,https://www.maximize.money/gift-cards/Lakme Salon/466,yes,yes,4.65,4.65,Amazon pay: 2.65% | Amex: 2.4% | CC on UPI: 2.3% | Credit Card: 2.75% | Debit Card: 3.4% | Diners Club: 2.4% | Pay With Rewards: 1.35% | UPI: 4.65% | Wallets: 2.3%,1000 / 2000 / 5000 / 10000 / 20000,yes,yes,,4.75,same denomination only,,yes,1,no,yes,no,Services at Lakme Salon Network salons,,Valid for upto 12 months,Normally instant; can be delayed up to 24 hours,,,,Can the cards be clubbed? Multiple cards can't be clubbed,"Can be clubbed with other offers? No, can't club with other offers / coupons",This E-Gift Card is valid and can be redeemed against services at all salons of Lakme Salon Network.,
Landline Bill Payment,gyftr,https://www.gyftr.com/landline-bill-payment,yes,no,0.0,0.0,Amazon Pay: 0.0% | Credit Card: 0.0% | Debit Card: 0.0% | MobiKwik: 0.0% | Net Banking: 0.0% | Payzapp: 0.0% | UPI: 0.0% | e-Pay: 0.0%,10000 / 500 / 250 / 100 / 100 / 2000 / 5000 / 1000 / 7500,yes,,,,yes,yes,,,yes,,,Services and billers available on gyftr.com/loyaltylifecycle/bills-utilities and linked portals,,,,,,,,,2. GV/e-Pay is valid only for services and billers available on https://www.gyftr.com/loyaltylifecycle/bills-utilities and linked portals.,
Lawrence and Mayo,maximize,https://www.maximize.money/gift-cards/Lawrence and Mayo/561,yes,yes,8.0,8.0,Amazon pay: 6.0% | Amex: 5.75% | CC on UPI: 5.65% | Credit Card: 6.1% | Debit Card: 6.75% | Diners Club: 5.75% | Pay With Rewards: 4.7% | UPI: 8.0% | Wallets: 5.65%,200 / 500 / 1000 / 2000 / 5000 / 10000 / 20000 / 50000,yes,yes,,8.5,same denomination only,no,yes,1,no,yes,no,,,6 months from the date of issue,Typically instant; may be delayed up to 24 hours,,,,Can the cards be clubbed? Multiple cards can't be clubbed,"Can be clubbed with other offers? No, can't club with other offers / coupons",,
Lawrence and Mayo In Store,buyhatke,https://buyhatke.com/gift-cards/lawrence-and-mayo-(in-store)-gift-card,yes,yes,7.64,7.64,any: 7.64%,100 / 500 / 2500 / 50000,yes,yes,,,same denomination only,no,yes,,no,yes,,,,6 months from the date of issue,"delivered instantly, may be delayed up to 24 hours",,,,,,,
LE CREUSET,maximize,https://www.maximize.money/gift-cards/LE CREUSET/855,yes,yes,8.25,8.25,Amazon pay: 6.25% | Amex: 6.0% | CC on UPI: 5.9% | Credit Card: 6.35% | Debit Card: 7.0% | Diners Club: 6.0% | Pay With Rewards: 4.95% | UPI: 8.25% | Wallets: 5.9%,500 / 1000,no,yes,,8.5,same denomination only,no,yes,1,,yes,no,,,Valid upto 6 Months from purchase,,,,,One voucher can be redeemed against one bill only at any Le Creuset Store in India,This Voucher cannot be clubbed in conjunction with any special promotion.,,
LE CREUSET In Store,buyhatke,https://buyhatke.com/gift-cards/le-creuset-(in-store)-gift-card,yes,yes,7.13,7.13,any: 7.13%,500 / 1000,yes,yes,,,same denomination only,no,yes,1,,yes,no,,,,,,,,One voucher can be redeemed against one bill only at any Le Creuset Store in India,This Voucher cannot be clubbed in conjunction with any special promotion.,,
Leaf Studios,buyhatke,https://buyhatke.com/gift-cards/leaf-studios-gift-card,no,no,,,,500 / 1000 / 1500 / 2000,yes,,,,same denomination only,yes,no,1,,,,,,1 year,,,,,Only a single Gift Card can be used per transaction,,,
Lee,buyhatke,https://buyhatke.com/gift-cards/lee-gift-card,yes,yes,6.88,6.88,any: 6.88%,500 / 1000 / 2000 / 2500 / 5000,yes,yes,,,same denomination only,yes,yes,5,yes,no,,,,12 months from the date of activation,,,,,Maximum of 5 GC can be used against one bill.,,,
Lee 3 Day Wait,buyhatke,https://buyhatke.com/gift-cards/lee-(3-day-wait)-gift-card,yes,yes,7.55,7.55,any: 7.55%,500 / 1000 / 2000 / 2500 / 5000,yes,yes,,,same denomination only,yes,yes,5,yes,no,,,,12 months from the date of activation,72 hours from code generation,,,,Maximum of 5 GC can be used against one bill.,,,
Lee In Store,buyhatke,https://buyhatke.com/gift-cards/lee-(in-store)-gift-card,yes,yes,6.69,6.69,any: 6.69%,500 / 1000 / 2000 / 5000,yes,yes,,,same denomination only,no,yes,5,,,no,,articles on discount during end-of-season sales,1 year,,,,,Comes with 1 year of validity and a maximum of 5 Gift Cards can be used against one bill,Gift card cannot be applied to articles on discount during end-of-season sales,,
Lego,gyftr,https://www.gyftr.com/lego,yes,no,0.0,0.0,Amazon Pay: 0.0% | Credit Card: 0.0% | Debit Card: 0.0% | MobiKwik: 0.0% | Net Banking: 0.0% | Payzapp: 0.0% | UPI: 0.0% | e-Pay: 0.0%,2000 / 5000 / 500 / 1000 / 10000,no,yes,,,yes,yes,yes,unlimited,yes,,yes,,,,,,,,Multiple GVs can be combined and added to the e-Pay balance.,3. The GV/e-Pay can be clubbed with existing offers.,,
LENSKART,gyftr,https://www.gyftr.com/lenskart,yes,yes,10.0,10.0,Amazon Pay: 8.0% | Credit Card: 8.0% | Debit Card: 8.0% | MobiKwik: 8.0% | Net Banking: 8.0% | PAYTM UPI: 10.0% | Paytm Wallet: 8.0% | UPI: 10.0% | e-Pay: 10.0%,10000 / 2000 / 1000 / 7500 / 3000 / 5000 / 2500,no,yes,,,yes,yes,yes,unlimited,yes,,yes,,"Branded contact lenses including Bausch + Lomb, Johnson & Johnson, Alcon, Freshlook and Acuvue",,,,"INR 1,00,000 maximum accumulated in Lenskart Money via gift cards",,Multiple Gift Cards can be loaded into Lenskart Money Balance via the Claim Option.,The GV/GC can be clubbed with any ongoing offer.,,
Lenskart,maximize,https://www.maximize.money/gift-cards/Lenskart/66,no,no,,,,,no,,,,same denomination only,,,,,,,,,,,,,,,,,
Lenskart 3 Day Wait,buyhatke,https://buyhatke.com/gift-cards/lenskart-(3-day-wait)-gift-card,yes,yes,13.63,13.63,any: 13.63%,1000 / 2000 / 2500 / 3000 / 5000 / 7500 / 10000,yes,yes,,,same denomination only,yes,yes,unlimited,yes,no,,,"Branded contact lenses including but not limited to Bausch + Lomb, Johnson & Johnson, Alcon, Freshlook and Acuvue | contactskart.com",12 months from the date of issuance,72 hours from code generation,,,,Gift Card Container: Users can add multiple gift cards into a single balance container and,,,
Levis,buyhatke,https://buyhatke.com/gift-cards/levis-gift-card,yes,yes,4.74,4.74,any: 4.74%,500 / 1000 / 1500 / 2000 / 3000 / 5000,yes,yes,,,same denomination only,yes,yes,unlimited,yes,no,,,location: articles on discount during EOSS in retail outlets and stores,,,,,,Multiple GVs can be combined and added to the e-Pay balance.,,,
Levis,gyftr,https://www.gyftr.com/levis,yes,no,0.0,0.0,Amazon Pay: 0.0% | Credit Card: 0.0% | Debit Card: 0.0% | MobiKwik: 0.0% | Net Banking: 0.0% | Payzapp: 0.0% | UPI: 0.0% | e-Pay: 0.0%,500 / 250 / 100 / 5000 / 2000 / 1000,yes,yes,,,yes,yes,yes,unlimited,yes,yes,yes,,Discounted articles during EOSS/Sale Period,,,,,,Multiple Gift Vouchers CAN be used in one bill.,5. The GV/e-Pay CAN be clubbed with existing offers.,,
Levis In Store,buyhatke,https://buyhatke.com/gift-cards/levis-(in-store)-gift-card,yes,yes,8.39,8.39,any: 8.39%,250 / 500 / 1000 / 2500 / 5000 / 10000 / 25000 / 50000,yes,yes,,,same denomination only,no,yes,,,yes,,,,1 year from the date of activation,,,,,,,,
Libas,gyftr,https://www.gyftr.com/libas,yes,yes,8.0,8.0,Credit Card: 6.0% | Debit Card: 6.0% | MobiKwik: 6.0% | Net Banking: 6.0% | PAYTM UPI: 8.0% | UPI: 8.0% | e-Pay: 8.0%,5000 / 500 / 1000 / 10000 / 2000,no,,,,yes,yes,no,,yes,yes,yes,,,,,,,,,3. The GV/e-Pay can be clubbed with the existing offers.,,
Liberty,buyhatke,https://buyhatke.com/gift-cards/liberty-gift-card,yes,yes,8.27,8.27,any: 8.27%,250 / 500 / 1000 / 2000 / 5000,yes,,,,same denomination only,yes,no,,yes,no,yes,,,,,,,,,The GV/e-Pay can be clubbed with existing offers.,,
Liberty,gyftr,https://www.gyftr.com/liberty,yes,yes,8.0,8.0,Credit Card: 8.0% | Debit Card: 8.0% | MobiKwik: 8.0% | Net Banking: 8.0% | PAYTM UPI: 8.0% | Paytm Wallet: 8.0% | UPI: 8.0% | e-Pay: 8.0%,1000 / 2000 / 250 / 5000 / 500,no,yes,,,yes,,yes,unlimited,,,yes,,,,,,,,Multiple Gift Vouchers CAN be combined & added to the e-Pay balance.,GV/e-Pay can be clubbed with the existing offers.,,
"Liberty (In Store, 3 Day Wait)",buyhatke,https://buyhatke.com/gift-cards/liberty-(in-store%2C-3-day-wait)-gift-card,yes,yes,7.55,7.55,any: 7.55%,250 / 500 / 1000 / 2000 / 5000,yes,yes,,,same denomination only,no,yes,,yes,no,yes,,,,72 hours from code generation,,,,,The GV/e-Pay can be clubbed with the existing offers.,,
Liberty In Store,buyhatke,https://buyhatke.com/gift-cards/liberty-(in-store)-gift-card,no,no,,,,,no,,,,same denomination only,,,,,,,,,,,,,,,,,
Liberty Offline,maximize,https://www.maximize.money/gift-cards/Liberty Offline/789,yes,yes,8.0,8.0,Amazon pay: 6.0% | Amex: 5.75% | CC on UPI: 5.65% | Credit Card: 6.1% | Debit Card: 6.75% | Diners Club: 5.75% | Pay With Rewards: 4.7% | UPI: 8.0% | Wallets: 5.65%,250 / 500 / 1000 / 2000 / 5000,no,yes,,9.0,same denomination only,,yes,unlimited,yes,no,yes,,,Valid for upto 6 months,,,,,Can the cards be clubbed? Use several gift cards in one purchase,GV/e-Pay can be clubbed with existing offers.,,
Liberty Offline In Store,buyhatke,https://buyhatke.com/gift-cards/liberty-offline-(in-store)-gift-card,yes,yes,8.27,8.27,any: 8.27%,250 / 500 / 1000 / 2000 / 5000,yes,yes,,,same denomination only,no,yes,,yes,no,yes,,,,,,,,,GV/e-Pay can be clubbed with existing offers.,,
Liberty Online,gyftr,https://www.gyftr.com/liberty-online,yes,yes,9.0,9.0,Amazon Pay: 8.0% | Credit Card: 8.0% | Debit Card: 8.0% | MobiKwik: 8.0% | Net Banking: 8.0% | PAYTM UPI: 9.0% | Paytm Wallet: 8.0% | UPI: 9.0% | e-Pay: 9.0%,500 / 2000 / 250 / 5000 / 1000,no,,,,yes,yes,no,unlimited,yes,yes,yes,,,,,,,,Multiple Gift Vouchers CAN be combined & added to the e-Pay balance.,The GV/e-Pay CAN be clubbed with existing offers.,,
Liberty Online,maximize,https://www.maximize.money/gift-cards/Liberty Online/752,yes,yes,8.75,8.75,Amazon pay: 6.75% | Amex: 6.5% | CC on UPI: 6.4% | Credit Card: 6.85% | Debit Card: 7.5% | Diners Club: 6.5% | Pay With Rewards: 5.45% | UPI: 8.75% | Wallets: 6.4%,250 / 500 / 1000 / 2000 / 5000,no,,,9.5,same denomination only,yes,no,unlimited,yes,no,yes,,,Valid for upto 6 months,,,,,Can the cards be clubbed? Use several gift cards in one purchase,The GV/e-Pay can be clubbed with existing offers.,,
Lifestyle,buyhatke,https://buyhatke.com/gift-cards/lifestyle-gift-card,yes,yes,4.99,4.99,any: 4.99%,500 / 1000 / 1500 / 2000 / 5000 / 10000,yes,,,,same denomination only,yes,no,10,yes,no,yes,,,,"normally delivered instantly, can be delayed up to 24-48 hours",,,,Maximum 10 vouchers can be in one transaction,The Lifestyle E-Gift Cards are valid and redeemable on all offers and during EOSS on the website and apps.,,
Lifestyle,gyftr,https://www.gyftr.com/lifestyle,yes,yes,5.0,5.0,Amazon Pay: 3.0% | Credit Card: 3.0% | Debit Card: 3.0% | MobiKwik: 3.0% | Net Banking: 3.0% | PAYTM UPI: 5.0% | Paytm Wallet: 2.0% | UPI: 5.0% | e-Pay: 5.0%,1000 / 500 / 2000 / 5000,no,yes,,,yes,no,yes,unlimited,no,yes,yes,,,One year from the date of issue,,,,,Multiple Gift Vouchers CAN be used in one bill.,Gift Vouchers CAN be used to buy discounted products.,,
Lifestyle In Store,buyhatke,https://buyhatke.com/gift-cards/lifestyle-(in-store)-gift-card,yes,yes,3.72,3.72,any: 3.72%,500 / 1000 / 1500 / 2000 / 2500 / 4000 / 5000 / 7500 / 10000,yes,yes,,,same denomination only,no,yes,unlimited,no,yes,,,,minimum 6 months,,,,,Multiple e-gift cards can be redeemed in single invoice.,,,
Lifestyle Offline,maximize,https://www.maximize.money/gift-cards/Lifestyle Offline/444,yes,yes,5.0,5.0,Amazon pay: 3.0% | Amex: 2.75% | CC on UPI: 2.65% | Credit Card: 3.1% | Debit Card: 3.75% | Diners Club: 2.75% | Pay With Rewards: 1.7% | UPI: 5.0% | Wallets: 2.65%,500 / 1000 / 2000 / 10000,no,yes,,5.25,same denomination only,no,yes,unlimited,no,yes,no,,,Minimum 6 months,,,,,Multiple e-gift cards can be redeemed in single invoice.,"Can be clubbed with other offers? No, can't club with other offers / coupons",,
Lifestyle Online,gyftr,https://www.gyftr.com/lifestyle-online,yes,yes,8.0,8.0,Amazon Pay: 6.0% | Credit Card: 6.0% | Debit Card: 6.0% | MobiKwik: 6.0% | Net Banking: 6.0% | PAYTM UPI: 8.0% | Paytm Wallet: 6.0% | UPI: 8.0% | e-Pay: 8.0%,1000 / 2000,no,,,,yes,yes,no,10,yes,no,yes,,,,Normally instant; delivery can be delayed up to 24-48 hours,,,,Maximum 10 Gift Cards can be used against one bill,9.The Lifestyle E-Gift Cards are valid and redeemable on all offers and during EOSS on the website and apps.,,
Lifestyle Online,maximize,https://www.maximize.money/gift-cards/Lifestyle Online/572,yes,yes,9.25,9.25,Amazon pay: 7.25% | Amex: 7.0% | CC on UPI: 6.9% | Credit Card: 7.35% | Debit Card: 8.0% | Diners Club: 7.0% | Pay With Rewards: 5.95% | UPI: 9.25% | Wallets: 6.9%,1000,no,,,9.5,same denomination only,yes,no,unlimited,yes,no,yes,,,Valid for upto 6 months,Usually instant; may take up to 24-48 hours,,,,Can the cards be clubbed? Use several gift cards in one purchase,Valid on all offers and discounts online.,,
Linen Club,maximize,https://www.maximize.money/gift-cards/Linen Club/455,yes,yes,10.25,10.25,Amazon pay: 8.25% | Amex: 8.0% | CC on UPI: 7.9% | Credit Card: 8.35% | Debit Card: 9.0% | Diners Club: 8.0% | Pay With Rewards: 6.95% | UPI: 10.25% | Wallets: 7.9%,200 / 500 / 1000 / 2000 / 5000 / 10000 / 20000 / 50000 / 100000,yes,yes,,10.5,same denomination only,no,yes,1,no,yes,no,MRP sale only,,365 days from the date of activation,,,,,Can the cards be clubbed? Multiple cards can't be clubbed,This gift card redemption cannot be combined with any existing discount or offer. Valid on MRP sale only,This gift card redemption cannot be combined with any existing discount or offer. Valid on MRP sale only,
Linen Club In Store,buyhatke,https://buyhatke.com/gift-cards/linen-club-(in-store)-gift-card,yes,yes,8.89,8.89,any: 8.89%,100 / 500 / 2500 / 100000,yes,yes,,,same denomination only,no,yes,,no,yes,no,MRP sale only,,1 year,,,,,,This gift card redemption cannot be combined with any existing discount or offer. Valid on MRP sale only,This gift card redemption cannot be combined with any existing discount or offer. Valid on MRP sale only,
LIONSGATE PLAY,buyhatke,https://buyhatke.com/gift-cards/lionsgate-play-gift-card,yes,yes,18.47,18.47,any: 18.47%,799,yes,,,,same denomination only,yes,no,,,yes,no,,,,,,,,,Multiple GV/GCs cannot be clubbed with ongoing offers.,,
Lionsgate Play,gyftr,https://www.gyftr.com/lions-gate,yes,yes,23.0,23.0,Amazon Pay: 22.0% | Credit Card: 22.0% | Debit Card: 22.0% | MobiKwik: 22.0% | Net Banking: 22.0% | PAYTM UPI: 23.0% | Paytm Wallet: 22.0% | UPI: 23.0% | e-Pay: 23.0%,449 / 999,no,,,,yes,yes,no,1,,yes,no,,,,,,,,4. Only one GV/GC can be used for one subscription.,The GV/GC cannot be clubbed with ongoing offers.,,
LIONSGATE PLAY,maximize,https://www.maximize.money/gift-cards/LIONSGATE PLAY/881,yes,yes,21.0,21.0,Amazon pay: 19.0% | Amex: 18.75% | CC on UPI: 18.65% | Credit Card: 19.1% | Debit Card: 19.75% | Diners Club: 18.75% | Pay With Rewards: 17.7% | UPI: 21.0% | Wallets: 18.65%,799,no,,,21.25,same denomination only,yes,no,1,,yes,no,,,Valid upto 6 Months from purchase,,,,,Can the cards be clubbed? Multiple cards can't be clubbed,Multiple GV/GCs cannot be clubbed with ongoing offers.,,
Lite Bite Food In Store,buyhatke,https://buyhatke.com/gift-cards/lite-bite-food-(in-store)-gift-card,yes,yes,7.39,7.39,any: 7.39%,500 / 1500 / 5000 / 50000,yes,yes,,,same denomination only,no,yes,1,no,yes,,,31st December,6 months,,,,,Only one voucher can be redeemed in one bill and is not valid on 31st December,,,
Live Hindustan,buyhatke,https://buyhatke.com/gift-cards/live-hindustan-gift-card,yes,yes,40.7,40.7,any: 40.7%,399,yes,,,,same denomination only,yes,no,1,,yes,no,,existing LH e-paper paid users,,,,,,Only one GV/GC can be used for one subscription.,The GV/GC cannot be clubbed with any existing offer on its website.,,
Live Hindustan,gyftr,https://www.gyftr.com/live-hindustan,yes,yes,40.0,40.0,Amazon Pay: 40.0% | Credit Card: 40.0% | Debit Card: 40.0% | MobiKwik: 40.0% | Net Banking: 40.0% | PAYTM UPI: 40.0% | Paytm Wallet: 40.0% | UPI: 40.0% | e-Pay: 40.0%,399,no,,,,yes,yes,no,1,,yes,no,,Existing LH e-paper paid users,,,,,,Only One GV/GC can be used in one bill.,GV/GC CANNOT be clubbed with existing offers.,,
Live Mint,buyhatke,https://buyhatke.com/gift-cards/live-mint-gift-card,yes,yes,58.88,58.88,any: 58.88%,2940,yes,,,,same denomination only,yes,no,,,yes,no,,the sale period of Mint platform,6 months,,,,,,Offer cannot be clubbed with the existing offer running on the plan page.,,
Live Mint,maximize,https://www.maximize.money/gift-cards/Live Mint/836,yes,yes,35.75,35.75,Amazon pay: 33.75% | Amex: 33.5% | CC on UPI: 33.4% | Credit Card: 33.85% | Debit Card: 34.5% | Diners Club: 33.5% | Pay With Rewards: 32.45% | UPI: 35.75% | Wallets: 33.4%,2949 / 4999,no,,,37.0,same denomination only,yes,no,1,no,yes,yes,Half-Yearly subscription,,Valid upto 6 Months from purchase,,,,,Only one GV/GC can be used per transaction and it is a one-time use voucher with an expiry date.,The voucher may be clubbed with one existing offer on the Live Mint website.,Live Mint Insta Gift Voucher/Card is valid for a Half-Yearly subscription and redeemable only on the Live Mint website; the holder is the beneficiary.,
LOCCITANE,buyhatke,https://buyhatke.com/gift-cards/loccitane-gift-card,no,no,,,,500 / 1000 / 1500 / 2000,yes,,,,same denomination only,yes,no,,yes,no,yes,,,,,,,,,The GV can be used over and above any discounts offered by L'Occitane.,,
Lohono Stays,buyhatke,https://buyhatke.com/gift-cards/lohono-stays-gift-card,yes,yes,9.47,9.47,any: 9.47%,100 / 500 / 2000 / 10000,yes,,,,same denomination only,yes,no,,yes,no,yes,,international trips,,,,,,,GV/e-Pay can be clubbed with deals and offers on the Lohono website.,,
Lohono Stays,gyftr,https://www.gyftr.com/lohono-stays,yes,yes,11.0,11.0,Amazon Pay: 9.5% | Credit Card: 9.5% | Debit Card: 9.5% | MobiKwik: 9.5% | Net Banking: 9.5% | PAYTM UPI: 11.0% | UPI: 11.0% | e-Pay: 11.0%,5000 / 500 / 100 / 1000 / 10000 / 2000,yes,,,,yes,yes,no,unlimited,yes,yes,yes,,International trips,,,,,,Multiple GVs can be combined in one bill after converting them to e-Pay balance.,GV/e-Pay CAN be clubbed with deals and offers on the Lohono website.,,
Lohono Stays,maximize,https://www.maximize.money/gift-cards/Lohono Stays/1008,yes,yes,10.75,10.75,Amazon pay: 8.75% | Amex: 8.5% | CC on UPI: 8.4% | Credit Card: 8.85% | Debit Card: 9.5% | Diners Club: 8.5% | Pay With Rewards: 7.45% | UPI: 10.75% | Wallets: 8.4%,200 / 500 / 1000 / 2000 / 5000 / 10000,yes,,,11.0,same denomination only,yes,,unlimited,yes,no,yes,,International trips,Valid upto 12 Months from purchase,,,,,Can the cards be clubbed? Use several gift cards in one purchase,GV/e-Pay can be clubbed with deals and offers on the Lohono website.,,
Looks - Luzo Gift Card,gyftr,https://www.gyftr.com/looks-luzo-gift-card,yes,yes,9.0,9.0,Credit Card: 7.0% | Debit Card: 7.0% | MobiKwik: 7.0% | Net Banking: 7.0% | PAYTM UPI: 9.0% | UPI: 9.0% | e-Pay: 9.0%,5000 / 10000 / 2500 / 500 / 250 / 1500 / 1000,no,,,,yes,,,,,,,,,,,,,,,,,
Louis Philippe,maximize,https://www.maximize.money/gift-cards/Louis Philippe/277,yes,yes,2.0,2.0,Amazon pay: 0.0% | Amex: 0.0% | CC on UPI: 0.0% | Credit Card: 0.1% | Debit Card: 0.75% | Diners Club: 0.0% | Pay With Rewards: 0.0% | UPI: 2.0% | Wallets: 0.0%,250 / 500 / 1000 / 1500 / 2000 / 2500 / 5000 / 7500 / 9999,no,yes,,3.1,same denomination only,,yes,unlimited,no,yes,yes,,,Valid for upto 6 months,,,,,More than one GV / GC can be used in one bill.,This GV / GC can be used during sale.,,
Louis Philippe Gift Voucher,gyftr,https://www.gyftr.com/louis-philippe-gift-voucher,yes,yes,2.0,2.0,Amazon Pay: 0.0% | Credit Card: 0.0% | Debit Card: 0.0% | MobiKwik: 0.0% | Net Banking: 0.0% | PAYTM UPI: 2.0% | UPI: 2.0% | e-Pay: 2.0%,3000 / 250 / 5000 / 500 / 2500 / 2000 / 1500 / 1000,no,yes,,,yes,no,yes,unlimited,,yes,yes,,,,,,,,Multiple Gift Vouchers CAN be used in one bill at the Stores.,This GV / GC CAN be used during sale.,,
Louis Philippe In Store,buyhatke,https://buyhatke.com/gift-cards/louis-philippe-(in-store)-gift-card,yes,yes,2.13,2.13,any: 2.13%,250 / 500 / 1000 / 1500 / 2000 / 2500 / 5000,yes,yes,,,same denomination only,no,yes,unlimited,no,yes,yes,,,,,,,,More than one GV / GC can be used in one bill.,This GV / GC can be used during sale.,,
Love Beauty Planet,buyhatke,https://buyhatke.com/gift-cards/love-beauty-planet-gift-card,yes,yes,9.24,9.24,any: 9.24%,500 / 1000,yes,,,,same denomination only,yes,no,1,,,no,,,6 months,,,,,Only one voucher can be used per transaction at www.lovebeautyandplanet.in,"Love, Beauty & Planet Gift Voucher cannot be clubbed with existing offers",,
Lulu Hypermarket,buyhatke,https://buyhatke.com/gift-cards/lulu-hypermarket-gift-card,yes,yes,0.88,0.88,any: 0.88%,500 / 1000 / 2500 / 10000,yes,yes,,,same denomination only,yes,yes,,no,yes,,,,1 year,,,,,,,,
Lulu Hypermarket,maximize,https://www.maximize.money/gift-cards/Lulu Hypermarket/457,yes,yes,2.0,2.0,Amazon pay: 0.0% | Amex: 0.0% | CC on UPI: 0.0% | Credit Card: 0.1% | Debit Card: 0.75% | Diners Club: 0.0% | Pay With Rewards: 0.0% | UPI: 2.0% | Wallets: 0.0%,1000 / 2000 / 5000 / 10000,yes,yes,,2.1,same denomination only,yes,yes,unlimited,no,yes,no,,,One year from the date of activation,Normally instant; can be delayed up to 24-48 hours,,,,Multiple E-Gift Cards can be used for Single purchase.,"Can be clubbed with other offers? No, can't club with other offers / coupons",,
Lunch Box,buyhatke,https://buyhatke.com/gift-cards/lunch-box-gift-card,yes,yes,9.24,9.24,any: 9.24%,250 / 500 / 1000 / 1500 / 2000,yes,,,,same denomination only,yes,no,1,yes,no,,,,1 year,,,,,Multiple gift cards cannot be clubbed in one order and the user needs to add the Gift Card to the EatSure User Account,,,
Lunch Box,gyftr,https://www.gyftr.com/lunch-box,yes,yes,12.0,12.0,Amazon Pay: 10.0% | Credit Card: 10.0% | Debit Card: 10.0% | MobiKwik: 10.0% | Net Banking: 10.0% | PAYTM UPI: 10.0% | Paytm Wallet: 10.0% | UPI: 12.0% | e-Pay: 12.0%,2000 / 100 / 500 / 1000 / 1500 / 250,yes,,,,yes,yes,no,unlimited,yes,yes,yes,,,,,,,,4. Multiple GV/GC can be combined and added to the EatSure wallet balance.,"6. GV/GC can be used to buy discounted items on the EatSure app, but it cannot be clubbed with other aggregator offers.",,
Luxe Gift Card,gyftr,https://www.gyftr.com/luxe-gift-card,yes,yes,10.0,10.0,Credit Card: 10.0% | Debit Card: 10.0% | Net Banking: 10.0% | PAYTM UPI: 10.0% | Paytm Wallet: 10.0% | UPI: 10.0% | e-Pay: 10.0%,5000 / 2000 / 1000 / 10000,no,yes,,,yes,yes,yes,unlimited,no,yes,no,,location: Airport stores | Merchandise that is not full priced,,,,,,7. Multiple GV/GC can be used for one bill.,11. The GV/GC can be redeemed only against full priced merchandise.,,
Luzo,maximize,https://www.maximize.money/gift-cards/Luzo/1133,yes,yes,9.75,9.75,Amazon pay: 7.75% | Amex: 7.5% | CC on UPI: 7.4% | Credit Card: 7.85% | Debit Card: 8.5% | Diners Club: 7.5% | Pay With Rewards: 6.45% | UPI: 9.75% | Wallets: 7.4%,250 / 500 / 1000 / 1500 / 2000 / 2500 / 5000 / 10000,no,,,9.75,same denomination only,yes,no,unlimited,yes,no,yes,"Salon, spa, dermatology and clinic services at LUZO partner outlets",,Valid upto 12 Months from purchase,,,,,Multiple Gift Vouchers can be added to the same LUZO Wallet with no limit.,Can be clubbed with existing offers and promotional discounts.,"Can be used for salon, spa, dermatology, and clinic services available through LUZO partner outlets.",
"LUZO - Salons, Spas, Clinics",gyftr,https://www.gyftr.com/luzo,yes,yes,9.0,9.0,Amazon Pay: 7.0% | Credit Card: 7.0% | Debit Card: 7.0% | MobiKwik: 7.0% | Net Banking: 7.0% | PAYTM UPI: 9.0% | UPI: 9.0% | e-Pay: 9.0%,5000 / 10000 / 2500 / 500 / 250 / 1500 / 1000,no,,,,yes,yes,no,,yes,yes,,,,,,,,,,,,
Luzo salon Spa And Clinics,maximize,https://www.maximize.money/gift-cards/Luzo salon Spa And Clinics/1054,yes,yes,10.0,10.0,Amazon pay: 8.0% | Amex: 7.75% | CC on UPI: 7.65% | Credit Card: 8.1% | Debit Card: 8.75% | Diners Club: 7.75% | Pay With Rewards: 6.7% | UPI: 10.0% | Wallets: 7.65%,500 / 1000 / 1500 / 2000 / 2500 / 5000 / 7500 / 10000,yes,,,11.0,same denomination only,yes,,unlimited,yes,no,yes,"Salons, spas and clinics listed on the LUZO app",location: Product / package / membership purchase at the outlet,12 months from the date of purchase,,,,,Can the cards be clubbed? Use several gift cards in one purchase,"Can be clubbed with other offers? Yes, clubbable with other offers / coupons","Only valid at salons, spas and clinics listed on the LUZO app.",
Mac,gyftr,https://www.gyftr.com/mac,no,no,10.0,10.0,Amazon Pay: 8.0% | Credit Card: 8.0% | Debit Card: 8.0% | MobiKwik: 8.0% | Net Banking: 8.0% | Payzapp: 8.0% | UPI: 10.0% | e-Pay: 10.0%,,no,yes,,,yes,no,yes,unlimited,,,yes,,,,,,,,Multiple Gift Vouchers CAN be used in one bill,Gift Vouchers CAN be used to buy discounted products,,
Machaan,buyhatke,https://buyhatke.com/gift-cards/machaan-gift-card,yes,yes,11.88,11.88,any: 11.88%,250 / 500 / 1000 / 1500 / 2000 / 2500 / 3000 / 5000,yes,yes,,,same denomination only,,yes,unlimited,no,yes,no,Food & Non-Alcoholic beverages only,,,,,,,More than one GV / GC can be used in one bill.,Speciality Restaurants GV / GC cannot be clubbed with any other offer or voucher.,Speciality Restaurants GV / GC is valid only on Food & Non-Alcoholic beverages,
Machaan In Store,buyhatke,https://buyhatke.com/gift-cards/machaan-(in-store)-gift-card,yes,yes,9.24,9.24,any: 9.24%,250 / 500 / 1000 / 2000 / 5000,yes,yes,,,same denomination only,no,yes,unlimited,no,yes,,Food and non-alcoholic beverages only,,,,,,,Multiple gift vouchers can be used in a single bill.,,The GV/GC is valid only for food and non-alcoholic beverages.,
Madame In Store,buyhatke,https://buyhatke.com/gift-cards/madame-(in-store)-gift-card,yes,yes,7.39,7.39,any: 7.39%,500 / 1000 / 2000,yes,yes,,,same denomination only,no,yes,2,no,yes,,,,6 months,,,,,A maximum of 2 Gift Vouchers can be clubbed in a single Invoice,,,
Made In Punjab,gyftr,https://www.gyftr.com/made-in-punjab,yes,yes,15.0,15.0,Amazon Pay: 13.0% | Credit Card: 13.0% | Debit Card: 13.0% | MobiKwik: 13.0% | Net Banking: 13.0% | PAYTM UPI: 15.0% | UPI: 15.0% | e-Pay: 15.0%,1000 / 2500 / 10000 / 5000 / 7500 / 500 / 100,yes,yes,,,yes,no,yes,unlimited,yes,yes,no,,,,,,,,Multiple GVs can be combined and added to the e-Pay balance,The GV/e-Pay cannot be clubbed with any existing offers.,,
Mainland China,gyftr,https://www.gyftr.com/mainland-china,yes,yes,10.0,10.0,Amazon Pay: 8.0% | Credit Card: 8.0% | Debit Card: 8.0% | MobiKwik: 8.0% | Net Banking: 8.0% | PAYTM UPI: 10.0% | UPI: 10.0% | e-Pay: 10.0%,2000 / 250 / 1000 / 500 / 5000,no,yes,,,yes,no,yes,unlimited,no,yes,no,Food & Non-Alcoholic beverages,Meal Combos,,,,,,Multiple GV/GC can be used against one bill.,GV/GC cannot be clubbed with any other offer or voucher.,Speciality Restaurants GV/GC is valid only on Food & Non-Alcoholic beverages,
Mainland China In Store,buyhatke,https://buyhatke.com/gift-cards/mainland-china-(in-store)-gift-card,yes,yes,11.88,11.88,any: 11.88%,100 / 250 / 500 / 1000 / 1500 / 2000 / 2500 / 3000 / 5000,yes,yes,,,same denomination only,no,yes,unlimited,no,yes,no,Food and non-alcoholic beverages only,,,,,,,Multiple GVs/GCs can be used in a single bill.,Cannot be clubbed with any other offers or vouchers.,Valid only for food and non-alcoholic beverages.,
Maje Luxe In Store,buyhatke,https://buyhatke.com/gift-cards/maje-luxe-(in-store)-gift-card,yes,yes,10.95,10.95,any: 10.95%,1000 / 2000 / 10000 / 50000,yes,yes,,,same denomination only,no,yes,unlimited,,yes,,Full-priced merchandise only,location: airport stores,1 year,,,,,This is a one-time use giftcard; multiple cards can be used in 1 transaction,,Luxe Gift Card can only be redeemed against full-priced merchandise,
MAJE- Luxe Gift Card,gyftr,https://www.gyftr.com/maje,yes,no,0.0,0.0,Amazon Pay: 0.0% | Credit Card: 0.0% | Debit Card: 0.0% | MobiKwik: 0.0% | Net Banking: 0.0% | Payzapp: 0.0% | UPI: 0.0% | e-Pay: 0.0%,5000 / 2000 / 1000 / 10000,no,yes,,,yes,no,yes,unlimited,no,yes,no,,location: airport stores,,,,,,Multiple GV/GC can be used for one bill.,The GV/GC can be redeemed only against full priced merchandise.,,
MakeMyTrip,buyhatke,https://buyhatke.com/gift-cards/makemytrip-gift-card,yes,yes,4.14,4.14,any: 4.14%,1000 / 2000 / 4000 / 5000 / 7500 / 10000,yes,yes,,,same denomination only,yes,yes,3,yes,no,no,,"standalone Buses, Cabs, Trains, Forex, VISA and Travel Insurance | bookings through myBiz | Pay Later Payment option (Book Now Pay Later/Reserve Now Pay Later)",12 Months from the date of Purchase,,,,,Multiple Gift Cards (up to 3) can be combined and used in 1 booking.,This Gift card/voucher cannot be clubbed with any other ongoing offer discount/cash back/promotion run by Makemytrip.com on app or website.,,
MakeMyTrip,maximize,https://www.maximize.money/gift-cards/MakeMyTrip/579,yes,yes,6.5,6.5,Amazon pay: 4.15% | Amex: 4.25% | CC on UPI: 3.75% | Credit Card: 4.6% | Debit Card: 4.65% | Diners Club: 4.25% | Pay With Rewards: 3.45% | UPI: 6.5% | Wallets: 4.15%,500 / 1000 / 2000 / 5000 / 10000 / 20000 / 50000 / 100000,yes,,,6.75,same denomination only,yes,,3,yes,no,no,"Flights, Hotels, Holidays, Trains, Buses, and Cabs",Tours & Attractions | Visa | Cruise | Forex Card & Currency | Travel Insurance,12 months from the date of purchase,,,,,Up to 3 Gift Cards can be combined in a single booking.,"Cannot be clubbed with any other MakeMyTrip offer, discount, cashback, or promotion.","Valid for Flights, Hotels, Holidays, Trains, Buses, and Cabs.",
MakeMyTrip Bus,buyhatke,https://buyhatke.com/gift-cards/makemytrip-bus-gift-card,yes,yes,6.92,6.92,any: 6.92%,250 / 500 / 1000,yes,yes,,,same denomination only,yes,yes,3,yes,no,no,Bus bookings only,bookings through myBiz | Pay Later Payment option (Book Now Pay Later/Reserve Now Pay Later),12 Months from the date of Purchase,,,,,Multiple Gift Cards (up to 3) can be combined and used in 1 booking.,This Gift card/voucher cannot be clubbed with any other ongoing offer discount/cash back/promotion run by Makemytrip.com on app or website.,This Gift card is only applicable on Bus bookings.,
MakeMyTrip Bus,maximize,https://www.maximize.money/gift-cards/MakeMyTrip Bus/222,yes,yes,8.25,8.25,Amazon pay: 6.25% | Amex: 6.0% | CC on UPI: 5.9% | Credit Card: 6.35% | Debit Card: 7.0% | Diners Club: 6.0% | Pay With Rewards: 4.95% | UPI: 8.25% | Wallets: 5.9%,250 / 500 / 1000,yes,,,8.5,same denomination only,yes,,3,yes,no,no,Bus bookings only,Bookings through myBiz,12 Months from the date of Purchase,,,,,Multiple Gift Cards (up to 3) can be combined and used in 1 booking.,This Gift card/voucher cannot be clubbed with any other ongoing offer discount/cash back/promotion run by Makemytrip.com on app or website.,This Gift card is only applicable on Bus bookings.,
MakeMyTrip Cab,maximize,https://www.maximize.money/gift-cards/MakeMyTrip Cab/1099,yes,yes,8.25,8.25,Amazon pay: 6.25% | Amex: 6.0% | CC on UPI: 5.9% | Credit Card: 6.35% | Debit Card: 7.0% | Diners Club: 6.0% | Pay With Rewards: 4.95% | UPI: 8.25% | Wallets: 5.9%,250 / 500 / 1000,yes,,,8.5,same denomination only,yes,,3,yes,no,no,Cab bookings only,Bookings made through myBiz,12 months from the date of purchase,,,,,Up to 3 Gift Cards can be combined in a single booking.,"Cannot be clubbed with any ongoing offers, discounts, cashback, or promotional campaigns.",Valid only for Cab bookings made on the MakeMyTrip website or mobile app.,
MakeMyTrip e-Pay,gyftr,https://www.gyftr.com/makemytrip-e-pay,yes,yes,7.5,7.5,Amazon Pay: 4.0% | Credit Card: 4.0% | Debit Card: 4.0% | MobiKwik: 4.0% | PAYTM UPI: 7.5% | Paytm Wallet: 4.0% | UPI: 7.5% | e-Pay: 7.5%,10000 / 1000 / 500 / 5000 / 2000,no,,,,yes,yes,no,3,yes,yes,no,"Flights, Buses, Cabs, Hotels & Holiday Packages",Tours & Attractions | Visa | Cruise | Forex Card & Currency | Travel Insurance,,,,,,A maximum of 3 Gift Vouchers CAN be used in 1 booking.,Gift Vouchers/e-Pay CANNOT be clubbed with offers.,"Gift Vouchers/e-Pay CAN be used to book Flights, Buses, Cabs, Hotels & Holiday Packages.",
MakeMyTrip E-Pay,maximize,https://www.maximize.money/gift-cards/MakeMyTrip E-Pay/364,yes,yes,7.0,7.0,Amazon pay: 4.65% | Amex: 4.75% | CC on UPI: 4.25% | Credit Card: 5.1% | Debit Card: 5.15% | Diners Club: 4.75% | Pay With Rewards: 3.95% | UPI: 7.0% | Wallets: 4.65%,1000 / 2000 / 4000 / 5000 / 7500 / 10000,no,,,7.25,same denomination only,yes,no,3,yes,no,no,"Flights, Hotels & Holidays",Cab | Bus | Activities | Rail | Homestays | VISA,Valid for upto 6 months,,,,,A maximum of 3 MakeMyTrip e-Pay Gift Cards can be combined and used in one booking.,"MakeMyTrip e-Pay Gift Card cannot be clubbed with any other ongoing offer, discount, cashback, or promotion run by makemytrip.com on the app or website.","MakeMyTrip e-Pay Gift Card can be redeemed online at https://www.makemytrip.com or on MakeMyTrip Android & iOS app for Flights, Hotels & Holidays.",
Makemytrip Holiday,maximize,https://www.maximize.money/gift-cards/Makemytrip Holiday/478,yes,yes,10.25,10.25,Amazon pay: 8.25% | Amex: 8.0% | CC on UPI: 7.9% | Credit Card: 8.35% | Debit Card: 9.0% | Diners Club: 8.0% | Pay With Rewards: 6.95% | UPI: 10.25% | Wallets: 7.9%,500 / 1000 / 2000 / 5000 / 10000 / 20000 / 50000 / 100000 / 200000,yes,,,10.5,same denomination only,yes,,3,yes,no,no,Holiday package bookings only,Flights | Hotels | Bus | Rail | Homestays | Visa | Experiences | Car bookings | myBiz platform,12 months from the date of purchase,,,,,Up to 3 gift cards can be used in a single booking.,"Cannot be clubbed with any other offer, discount, cashback, or promotion.","Applicable for Holiday package bookings only. (Not valid for Flights, Hotels, Bus, Rail, Homestays, Visa, Experiences, Car bookings, or myBiz platform.)",
MakeMyTrip Holiday E Pay,maximize,https://www.maximize.money/gift-cards/MakeMyTrip Holiday E Pay/209,yes,yes,12.25,12.25,Amazon pay: 10.25% | Amex: 10.0% | CC on UPI: 9.9% | Credit Card: 10.35% | Debit Card: 11.0% | Diners Club: 10.0% | Pay With Rewards: 8.95% | UPI: 12.25% | Wallets: 9.9%,1000 / 2000 / 5000 / 10000,no,,,12.5,same denomination only,yes,,unlimited,,no,no,Holiday packages (international and domestic),Flight or hotel-only bookings,Valid for upto 12 months,,,,,Can the cards be clubbed? Use several gift cards in one purchase,This Gift card/voucher cannot be clubbed with any other ongoing offer discount/cash back/promotion run by Makemytrip.com on app or website.,Valid for booking international and domestic holiday packages.,
MakeMyTrip Holiday e-Pay,gyftr,https://www.gyftr.com/makemytrip-holiday-e-pay,yes,yes,13.5,13.5,Amazon Pay: 11.5% | Credit Card: 11.5% | Debit Card: 11.5% | MobiKwik: 11.5% | Net Banking: 11.5% | PAYTM UPI: 13.5% | Paytm Wallet: 11.5% | UPI: 13.5% | e-Pay: 13.5%,50000 / 10000 / 5000 / 1000,no,,,,yes,yes,no,3,yes,no,no,Holiday Packages only,Flights | Hotels | Buses | Trains | Cabs | Tours & Attractions | Visa | Cruise | Forex Card & Currency | Travel Insurance,,,,,,A maximum of 3 Gift Vouchers CAN be used in 1 booking.,Gift Vouchers/e-Pay CANNOT be clubbed with offers.,Gift Vouchers/e-Pay CAN be used to book Holiday Packages only.,
MakeMyTrip Holidays,buyhatke,https://buyhatke.com/gift-cards/makemytrip-holidays-gift-card,yes,yes,9.04,9.04,any: 9.04%,100 / 1000 / 2000 / 5000 / 10000,yes,,,,same denomination only,yes,no,3,,,no,,bookings through myBiz,1 year,,,,,Only 3 gift cards can be used in 1 transaction and not valid on bookings through myBiz,This Gift card/voucher cannot be clubbed with any other ongoing offer discount/cash back/promotion run by Makemytrip.com on the app or website,,
MakeMyTrip Hotel,buyhatke,https://buyhatke.com/gift-cards/makemytrip-hotel-gift-card,yes,yes,8.39,8.39,any: 8.39%,250 / 500 / 1000 / 2500 / 5000 / 10000 / 15000 / 25000 / 50000,yes,,,,same denomination only,yes,no,3,yes,no,no,,Flights | Holiday packages | Homestays | Bus | Rail | VISA | experiences | Car bookings,3 months,,,,,"Only 3 gift cards can be used in 1 transaction, and gift card is not valid on Flights, Holiday packages, Homestays, Bus, Rail, VISA, experiences and Car bookings",This Gift card/voucher cannot be clubbed with any other ongoing offer discount/cash back/promotion run by Makemytrip.com on app or website,,
Makemytrip Hotel,maximize,https://www.maximize.money/gift-cards/Makemytrip Hotel/225,yes,yes,10.25,10.25,Amazon pay: 8.25% | Amex: 8.0% | CC on UPI: 7.9% | Credit Card: 8.35% | Debit Card: 9.0% | Diners Club: 8.0% | Pay With Rewards: 6.95% | UPI: 10.25% | Wallets: 7.9%,250 / 500 / 1000 / 2500 / 5000 / 10000 / 15000 / 25000 / 50000,yes,,,10.5,same denomination only,yes,no,3,yes,no,no,Hotels only,Flights | Holiday packages | Homestays | Bus | Rail | Car bookings,12 Months from the date of Purchase,,,,,Multiple Gift Cards (up to 3) can be combined and used on 1 transaction.,This Gift card/voucher cannot be clubbed with any other ongoing offer discount/cash back/promotion run by Makemytrip.com on app or website.,The Gift card is valid for purchases made on Hotels only.,
MakeMyTrip Hotel E Pay,maximize,https://www.maximize.money/gift-cards/MakeMyTrip Hotel E Pay/208,yes,yes,12.25,12.25,Amazon pay: 10.25% | Amex: 10.0% | CC on UPI: 9.9% | Credit Card: 10.35% | Debit Card: 11.0% | Diners Club: 10.0% | Pay With Rewards: 8.95% | UPI: 12.25% | Wallets: 9.9%,1000 / 2000 / 5000 / 7500 / 10000,no,,,12.5,same denomination only,yes,,3,yes,no,no,Hotel bookings only,Cab | Bus | Activities | Rail | VISA | Bookings through myBiz,Valid for upto 6 months,,,,,Maximum 3 MakeMyTrip Hotel e-Pay Gift Cards can be combined and used in 1 booking.,MakeMyTrip Hotel e-Pay cannot be clubbed with ongoing offers.,MakeMyTrip Hotel e-Pay can only be used for HOTEL BOOKINGS.,
MakeMyTrip Hotel e-Pay,gyftr,https://www.gyftr.com/makemytrip-hotel-e-pay,yes,yes,14.0,14.0,Amazon Pay: 13.0% | Credit Card: 13.0% | Debit Card: 13.0% | MobiKwik: 13.0% | Net Banking: 13.0% | PAYTM UPI: 14.0% | Paytm Wallet: 13.0% | UPI: 14.0% | e-Pay: 14.0%,5000 / 10000 / 2000 / 1000,no,,,,yes,yes,no,3,yes,yes,no,Hotels only,Flights | Holidays | Buses | Trains | Cabs | Tours & Attractions | Visa | Cruise | Forex Card & Currency | Travel Insurance,,,,,,A maximum of 3 Gift Vouchers CAN be used in 1 booking.,Gift Vouchers/e-Pay CANNOT be clubbed with offers.,Gift Vouchers/e-Pay CAN be used to book Hotels only.,
MakeMyTrip International,maximize,https://www.maximize.money/gift-cards/MakeMyTrip International/1090,yes,yes,7.25,7.25,Amazon pay: 5.25% | Amex: 5.0% | CC on UPI: 4.9% | Credit Card: 5.35% | Debit Card: 6.0% | Diners Club: 5.0% | Pay With Rewards: 3.95% | UPI: 7.25% | Wallets: 4.9%,500 / 1000 / 2000 / 5000 / 10000 / 20000 / 50000 / 100000,yes,,,7.5,same denomination only,yes,no,3,yes,no,no,International Flight and International Hotel bookings only,Domestic Flights | Domestic Hotels | Holiday Packages | Villas & Homestays | Trains | Buses | Cabs | Tours & Attractions | Visa | Cruise | Forex | Travel Insurance,365 days (12 months) from the date of activation,,,,,Up to 3 Gift Cards can be combined in a single booking.,"Cannot be clubbed with any MakeMyTrip promotional offers, discounts, cashback, or coupon codes.",Valid only for International Flight and International Hotel bookings on MakeMyTrip.,
MakeMyTrip Rail,buyhatke,https://buyhatke.com/gift-cards/makemytrip-rail-gift-card,yes,yes,3.08,3.08,any: 3.08%,250 / 500 / 1000,yes,yes,,,same denomination only,yes,yes,3,yes,no,no,Rail bookings only,bookings through myBiz | Pay Later Payment option (Book Now Pay Later/Reserve Now Pay Later),12 Months from the date of Purchase,,,,,Multiple Gift Cards (up to 3) can be combined and used in 1 booking.,This Gift card/voucher cannot be clubbed with any other ongoing offer discount/cash back/promotion run by Makemytrip.com on app or website.,This Gift card is only applicable on Rail bookings.,
MakeMyTrip Rail,maximize,https://www.maximize.money/gift-cards/MakeMyTrip Rail/223,yes,yes,3.25,3.25,Amazon pay: 1.25% | Amex: 1.0% | CC on UPI: 0.9% | Credit Card: 1.35% | Debit Card: 2.0% | Diners Club: 1.0% | Pay With Rewards: 0.0% | UPI: 3.25% | Wallets: 0.9%,250 / 500 / 1000,yes,,,3.5,same denomination only,yes,,3,yes,no,no,Rail bookings only,Bookings through myBiz,12 Months from the date of Purchase,,,,,Multiple Gift Cards (up to 3) can be combined and used in 1 booking.,This Gift card/voucher cannot be clubbed with any other ongoing offer discount/cash back/promotion run by Makemytrip.com on app or website.,This Gift card is only applicable on Rail bookings.,
Makhani Darbar,buyhatke,https://buyhatke.com/gift-cards/makhani-darbar-gift-card,no,no,,,,,no,,,,same denomination only,,,,,,,,,,,,,,,,,
Malabar Diamond (Custom),maximize,https://www.maximize.money/gift-cards/Malabar Diamond (Custom)/880,yes,yes,4.5,4.5,Amazon pay: 2.5% | Amex: 2.25% | CC on UPI: 2.15% | Credit Card: 2.6% | Debit Card: 3.25% | Diners Club: 2.25% | Pay With Rewards: 1.2% | UPI: 4.5% | Wallets: 2.15%,2000 / 2500 / 3000 / 5000 / 7500 / 10000 / 25000 / 50000,yes,yes,,4.6,same denomination only,yes,yes,9,no,yes,no,Diamond Jewellery products only,,6 months from date of issue,,,,,Up to 9 vouchers can be used per transaction,Cannot be combined with any in-store discounts or offers,Redeemable on Diamond Jewellery products only at Malabar showrooms & website,
Malabar Diamonds,buyhatke,https://buyhatke.com/gift-cards/malabar-diamonds-gift-card,yes,yes,3.72,3.72,any: 3.72%,2000 / 2500 / 3000 / 5000 / 7500 / 10000,yes,yes,,,same denomination only,yes,yes,15,no,yes,,Diamond & Platinum jewellery only,,,,,,,Multiple GV/GC (maximum 15) can be used against one bill.,,Malabar Diamonds Vouchers can be redeemed against the purchase of Diamond & Platinum jewellery only.,
Malabar Diamonds,gyftr,https://www.gyftr.com/malabar-diamonds,yes,yes,5.5,5.5,Amazon Pay: 4.0% | Credit Card: 4.0% | Debit Card: 4.0% | MobiKwik: 4.0% | Net Banking: 4.0% | PAYTM UPI: 4.0% | Paytm Wallet: 4.0% | UPI: 5.5% | e-Pay: 5.5%,50000 / 3000 / 2000 / 25000 / 10000 / 2500 / 7500,no,yes,,,yes,yes,yes,15,,yes,,Diamond & Platinum jewellery only,,,,,,,Up to 15 Gift Vouchers CAN be used in a single bill.,,Malabar Diamonds Voucher CAN be redeemed for Diamond & Platinum jewellery only.,
Malabar Diamonds 1 Day Wait,buyhatke,https://buyhatke.com/gift-cards/malabar-diamonds-(1-day-wait)-gift-card,yes,yes,3.93,3.93,any: 3.93%,2000 / 7500,yes,yes,,,same denomination only,yes,yes,9,,,no,"Diamond, Platinum and Uncut diamond Jewellery only",,,24 hours from code generation,,,,Multiple GV/GC (maximum 9) can be used in on single bill.,GV/GC cannot be clubbed with any ongoing/existing offers.,"The GV/GC can be redeemed against purchases of Diamond, Platinum, Uncut diamond Jewellery only.",
Malabar Gold Coin,buyhatke,https://buyhatke.com/gift-cards/malabar-gold-coin-gift-card,no,no,,,,,no,,,,same denomination only,,,,,,,,,,,,,,,,,
Malabar Gold Coin,gyftr,https://www.gyftr.com/malabar-gold-coin,yes,yes,3.0,3.0,Amazon Pay: 1.5% | Credit Card: 1.5% | Debit Card: 1.5% | MobiKwik: 1.5% | Net Banking: 1.5% | PAYTM UPI: 2.0% | Paytm Wallet: 1.5% | UPI: 3.0% | e-Pay: 3.0%,7500 / 2500 / 10000 / 3000 / 2000,no,yes,,,yes,yes,yes,15,no,yes,,,,,,,,,Multiple GV/GC (maximum 15) can be used against one bill.,,,
Malabar Gold Coin,maximize,https://www.maximize.money/gift-cards/Malabar Gold Coin/306,yes,yes,2.25,2.25,Amazon pay: 0.0% | Amex: 0.0% | CC on UPI: 0.0% | Credit Card: 0.35% | Debit Card: 0.4% | Diners Club: 0.0% | Pay With Rewards: 0.0% | UPI: 2.25% | Wallets: 0.0%,2000 / 2500 / 3000 / 5000 / 7500 / 10000 / 50000 / 100000,no,yes,,2.35,same denomination only,yes,yes,9,no,yes,no,"Gold Jewelry, Silver, Diamond Jewelry, Watches, Coins & Bars",,Valid for upto 6 months,"Activation typically 30 minutes to 12 hours, in some cases up to 24 hours",,,,Multiple GV/GC (maximum 9) can be used in on single bill.,GV/GC cannot be clubbed with any ongoing/existing offers.,"The GV/GC can be redeemed against purchases of Gold Jewelry, Silver, Diamond Jewelry, Watches, Coins & Bars",
Malabar Gold Jewellery,buyhatke,https://buyhatke.com/gift-cards/malabar-gold-jewellery-gift-card,yes,yes,2.1,2.1,any: 2.1%,2000 / 2500 / 5000 / 10000,yes,yes,,,same denomination only,yes,yes,9,,,no,"Gold, Diamond, Platinum, Uncut Diamond, Silver Jewellery only",Gold Coin/Bar,,,,,,Multiple GV/GC (maximum 9) can be used in one single bill.,GV/GC cannot be clubbed with any ongoing or existing offers.,"The GV/GC can be redeemed against purchases of Gold, Diamond, Platinum, Uncut Diamond, Silver Jewellery excluding Gold Coin/Bar.",
Malabar Jewellery,buyhatke,https://buyhatke.com/gift-cards/malabar-jewellery-gift-card,no,no,,,,,no,,,,same denomination only,,,,,,,,,,,,,,,,,
Malabar Jewellery,gyftr,https://www.gyftr.com/malabar-jewellery,yes,yes,4.0,4.0,Amazon Pay: 1.5% | Credit Card: 1.5% | Debit Card: 1.5% | MobiKwik: 1.5% | Net Banking: 1.5% | PAYTM UPI: 4.0% | Paytm Wallet: 1.0% | UPI: 4.0% | e-Pay: 4.0%,3000 / 2000 / 10000 / 50000 / 5000 / 25000 / 2500 / 7500,no,yes,,,yes,yes,yes,15,no,yes,,Gold/Diamond/Precious/Platinum/Silver jewellery only,Gold & Silver Coin/Bar,,,,,,Multiple GV/GC (maximum 15) can be used against one bill.,,Malabar Jewellery Vouchers CAN be redeemed on all jewellery products.,
Malabar Silver Coin,buyhatke,https://buyhatke.com/gift-cards/malabar-silver-coin-gift-card,no,no,,,,500 / 1000 / 1500 / 2000,yes,yes,,,same denomination only,yes,yes,9,,,no,"Gold, Diamond, Platinum, and Silver products",,,,,,,Multiple Gift Cards (up to 9) can be used in a single bill.,Cannot be redeemed for cash or combined with ongoing offers.,"Valid for purchasing Gold, Diamond, Platinum, and Silver products.",
Malabar Silver Coin,gyftr,https://www.gyftr.com/malabar-silver-coin,no,no,2.0,2.0,Amazon Pay: 0.0% | Credit Card: 0.0% | Debit Card: 0.0% | MobiKwik: 0.0% | Net Banking: 0.0% | PAYTM UPI: 2.0% | UPI: 2.0% | e-Pay: 2.0%,,no,yes,,,yes,yes,yes,9,,,no,,,,,,,,Multiple GV/GC (maximum 9) CAN be used in one bill.,GV/GC cannot be clubbed with any ongoing/existing offers.,,
Mamaearth,buyhatke,https://buyhatke.com/gift-cards/mamaearth-gift-card,no,no,,,,500 / 1000 / 1500 / 2000,yes,,,,same denomination only,yes,no,,,yes,no,,,12 months from date of activation,,,,,,No additional offer will be clubbed with the gift cards redemption.,,
Mamaearth,gyftr,https://www.gyftr.com/mamaearth,no,no,15.0,15.0,Amazon Pay: 13.0% | Credit Card: 13.0% | Debit Card: 13.0% | MobiKwik: 13.0% | Net Banking: 13.0% | PAYTM UPI: 15.0% | Paytm Wallet: 13.0% | UPI: 15.0% | e-Pay: 15.0%,,no,,,,yes,yes,no,,,yes,no,,,,,,,,,No additional offer will be clubbed with the gift cards redemption.,,
Mango,gyftr,https://www.gyftr.com/mango,yes,yes,3.0,3.0,Amazon Pay: 3.0% | Credit Card: 3.0% | Debit Card: 3.0% | MobiKwik: 3.0% | Net Banking: 3.0% | PAYTM UPI: 3.0% | Paytm Wallet: 3.0% | UPI: 3.0% | e-Pay: 3.0%,100 / 500 / 10000 / 5000 / 2000 / 1000,yes,yes,,,yes,,yes,unlimited,yes,,yes,,,,,,,,Multiple Gift Vouchers can be combined & added to the e-Pay balance,The GV/e-Pay can be clubbed with the existing offers.,,
MANGO,maximize,https://www.maximize.money/gift-cards/MANGO/971,yes,yes,3.0,3.0,Amazon pay: 1.0% | Amex: 0.75% | CC on UPI: 0.65% | Credit Card: 1.1% | Debit Card: 1.75% | Diners Club: 0.75% | Pay With Rewards: 0.0% | UPI: 3.0% | Wallets: 0.65%,200 / 500 / 1000 / 2000 / 5000 / 10000,yes,yes,,5.75,same denomination only,,yes,unlimited,yes,no,yes,,,Valid upto 6 Months from purchase,,,,,Multiple Gift Vouchers can be combined and added to the e-Pay balance.,The GV/e-Pay can be clubbed with existing offers.,,
Mango In Store,buyhatke,https://buyhatke.com/gift-cards/mango-(in-store)-gift-card,yes,yes,3.29,3.29,any: 3.29%,500 / 1000 / 2000 / 5000 / 10000,yes,yes,,,same denomination only,no,yes,,,,yes,,,6 months,,,,,,The Gift card can be clubbed with the existing offers.,,
Manyavar,gyftr,https://www.gyftr.com/manyavar,yes,no,0.0,0.0,Amazon Pay: 0.0% | Credit Card: 0.0% | Debit Card: 0.0% | MobiKwik: 0.0% | Net Banking: 0.0% | UPI: 0.0% | e-Pay: 0.0%,1000 / 2500 / 10000 / 100 / 7500 / 5000,yes,yes,,,yes,yes,yes,unlimited,yes,yes,no,,Custom Tailoring bills,,,,,,Multiple Gift Vouchers CAN be combined & added to the e-Pay balance,The GV/e-Pay cannot be clubbed with other Promo codes or bank offers.,,
Manyavar,maximize,https://www.maximize.money/gift-cards/Manyavar/745,yes,no,0.0,0.0,Amazon pay: 0.0% | Amex: 0.0% | CC on UPI: 0.0% | Credit Card: 0.0% | Debit Card: 0.0% | Diners Club: 0.0% | Pay With Rewards: 0.0% | UPI: 0.0% | Wallets: 0.0%,1000 / 2500 / 5000 / 7500 / 10000,no,yes,,6.25,same denomination only,no,yes,unlimited,yes,yes,no,Select brands/categories only; some merchandise may not be covered,Custom Tailoring bills,1 year from issue,,,,,Multiple GVs can be combined and added to e-Pay balance.,Cannot be clubbed with promo codes or bank offers.,GV/e-Pay is valid only for select brands/categories. Some merchandise may not be covered. Check at customer desk.,
Manyavar In Store,buyhatke,https://buyhatke.com/gift-cards/manyavar-(in-store)-gift-card,yes,yes,5.84,5.84,any: 5.84%,1000 / 2500 / 5000 / 7500 / 10000,yes,yes,,,same denomination only,no,yes,unlimited,yes,yes,no,,Custom Tailoring bills,,,,,,Multiple GVs can be combined and added to the e-Pay balance.,The GV/e-Pay cannot be clubbed with other Promo codes or bank offers.,,
Maple,buyhatke,https://buyhatke.com/gift-cards/maple-gift-card,no,no,,,,500 / 1000 / 1500 / 2000,yes,yes,,,same denomination only,yes,yes,,no,yes,no,,,6 months,,,,,,This EGV cannot be clubbed with existing offers,,
Marks & Spencer,gyftr,https://www.gyftr.com/marks-&-spencer,yes,yes,10.0,10.0,Amazon Pay: 9.0% | Credit Card: 9.0% | Debit Card: 9.0% | MobiKwik: 9.0% | Net Banking: 9.0% | PAYTM UPI: 10.0% | Paytm Wallet: 9.0% | UPI: 10.0% | e-Pay: 10.0%,10000 / 2000 / 100 / 7500 / 1000 / 5000,yes,yes,,,yes,yes,yes,unlimited,yes,,yes,,,,,,,,More than one GV / GC can be used in one bill.,The GV/e-Pay can be clubbed with ongoing sales.,,
Marks & Spencer,maximize,https://www.maximize.money/gift-cards/Marks &amp; Spencer/957,yes,yes,13.25,13.25,Amazon pay: 11.25% | Amex: 11.0% | CC on UPI: 10.9% | Credit Card: 11.35% | Debit Card: 12.0% | Diners Club: 11.0% | Pay With Rewards: 9.95% | UPI: 13.25% | Wallets: 10.9%,1000 / 2000 / 5000 / 7500 / 10000,yes,yes,,13.5,same denomination only,no,yes,1,no,yes,no,,,1 year from the date of issue,,,,,Can the cards be clubbed? Multiple cards can't be clubbed,"Can be clubbed with other offers? No, can't club with other offers / coupons",,
Marks & Spencer,maximize,https://www.maximize.money/gift-cards/Marks &amp; Spencer/279,yes,yes,10.0,10.0,Amazon pay: 8.0% | Amex: 7.75% | CC on UPI: 7.65% | Credit Card: 8.1% | Debit Card: 8.75% | Diners Club: 7.75% | Pay With Rewards: 6.7% | UPI: 10.0% | Wallets: 7.65%,1000 / 2000 / 5000 / 7500 / 10000,yes,yes,,12.25,same denomination only,yes,yes,unlimited,yes,no,yes,,,Valid for 6 - 12 months,,,,,Multiple GVs can be combined and added to the e-Pay balance.,The GV/e-Pay can be clubbed with ongoing sales.,,
Marks and Spencer,buyhatke,https://buyhatke.com/gift-cards/marks-and-spencer-gift-card,yes,yes,10.88,10.88,any: 10.88%,1000 / 2000 / 5000 / 7500 / 10000,yes,,,,same denomination only,yes,no,unlimited,yes,no,yes,,,,,,,,Multiple GVs can be combined and added to the e-Pay balance.,The GV/e-Pay can be clubbed with ongoing sales.,,
Marks and Spencer In Store,buyhatke,https://buyhatke.com/gift-cards/marks-and-spencer-(in-store)-gift-card,yes,yes,10.31,10.31,any: 10.31%,1000 / 2000 / 5000 / 7500 / 10000,yes,yes,,,same denomination only,no,yes,,no,yes,,,,1 year from the date of issue,,,,,,,,
Marriott Dining 1 (In Store),buyhatke,https://buyhatke.com/gift-cards/marriott-dining-1-(in-store)-gift-card,no,no,,,,500 / 1000 / 1500 / 2000,yes,yes,,,same denomination only,no,yes,,no,yes,,"Eligible purchases at participating Marriott hotels in India, including hotel-operated restaurants, spa, salon or other services provided directly by the hotel","advanced purchases | deposits | friends and family rates | payments for meetings, catering or group functions | negotiated rates | goods/services purchased through or provided by third parties",1 year from the date of issuance/activation,"usually instant, may be delayed 24-48 hours",,,,,,"Subject to these terms, the Gift Card can be redeemed at hotel-operated restaurants, spa, salon or other services provided directly by participating hotel.",
Marriott Dining 2 (In Store),buyhatke,https://buyhatke.com/gift-cards/marriott-dining-2-(in-store)-gift-card,no,no,,,,500 / 1000 / 1500 / 2000,yes,yes,,,same denomination only,no,yes,,no,yes,,"Eligible purchases at participating Marriott hotels in India, including hotel-operated restaurants, spa, salon or other services provided directly by the hotel","advanced purchases | deposits | friends and family rates | payments for meetings, catering or group functions | negotiated rates | goods/services purchased through or provided by third parties",1 year from the date of issuance/activation,"usually instant, may be delayed 24-48 hours",,,,,,"Subject to these terms, the Gift Card can be redeemed at hotel-operated restaurants, spa, salon or other services provided directly by participating hotel.",
Marriott Dining In Store,buyhatke,https://buyhatke.com/gift-cards/marriott-dining-(in-store)-gift-card,yes,yes,6.69,6.69,any: 6.69%,1000 / 2000 / 5000 / 10000,yes,yes,,,same denomination only,no,yes,,,yes,,,"advanced purchases | deposits | friends and family rates | payments for meetings, catering or group functions | negotiated rates",1 year,,,,,,,,
Marriott E Dining In Store,buyhatke,https://buyhatke.com/gift-cards/marriott-e-dining-(in-store)-gift-card,no,no,,,,,no,,,,same denomination only,,,,,,,,,,,,,,,,,
Marriott Hotels In Store,buyhatke,https://buyhatke.com/gift-cards/marriott-hotels-(in-store)-gift-card,yes,yes,6.69,6.69,any: 6.69%,1000 / 2000 / 5000 / 10000,yes,yes,,,same denomination only,no,yes,,,yes,,,"advanced purchases | deposits | friends and family rates | payments for meetings, catering or group functions | negotiated rates",1 year,,,,,,,,
Marriott Hotels India,maximize,https://www.maximize.money/gift-cards/Marriott Hotels India/551,yes,yes,7.75,7.75,Amex: 5.5% | CC on UPI: 5.4% | Credit Card: 5.85% | Debit Card: 6.5% | Diners Club: 5.5% | UPI: 7.75%,2000 / 5000 / 10000,yes,yes,,8.0,same denomination only,no,yes,1,no,yes,no,,Advance purchases | F&F rates | group bookings | third-party payments,12 months from date of activation,,,,,Not reloadable and non-refundable. Multiple cards cannot be combined.,"Can be clubbed with other offers? No, can't club with other offers / coupons",,
Marriott India -Dining,maximize,https://www.maximize.money/gift-cards/Marriott India -Dining/552,yes,yes,7.75,7.75,Amex: 5.5% | CC on UPI: 5.4% | Credit Card: 5.85% | Debit Card: 6.5% | Diners Club: 5.5% | UPI: 7.75%,1000 / 2500 / 4000 / 5000 / 7500 / 8000 / 10000,no,yes,,8.0,same denomination only,,yes,1,no,yes,no,"Restaurants, spas, and salons operated by Marriott",Advance purchases | deposits | Meetings | catering | group bookings | OTA or third-party bookings,1 year from activation,Usually instant; may take up to 48 hours,,,,Can the cards be clubbed? Multiple cards can't be clubbed,"Can be clubbed with other offers? No, can't club with other offers / coupons","Eligible Expenses: Restaurants, spas, and salons operated by Marriott",
Marriott India -Spa,maximize,https://www.maximize.money/gift-cards/Marriott India -Spa/1097,yes,yes,7.75,7.75,Amazon pay: 5.75% | Amex: 5.5% | CC on UPI: 5.4% | Credit Card: 5.85% | Debit Card: 6.5% | Diners Club: 5.5% | Pay With Rewards: 4.45% | UPI: 7.75% | Wallets: 5.4%,1000 / 2500 / 4000 / 5000 / 7500 / 8000 / 10000,no,yes,,8.0,same denomination only,,yes,1,no,yes,no,Eligible Spa services and other hotel-operated services at participating hotels,advance bookings | deposits | negotiated/group rates | meetings | catering | third-party bookings | travel agents,1 year from the date of activation/issuance,,,,,Can the cards be clubbed? Multiple cards can't be clubbed,"Can be clubbed with other offers? No, can't club with other offers / coupons",Applicable on eligible Spa services and other hotel-operated services at participating hotels.,
Marriott SPA In Store,buyhatke,https://buyhatke.com/gift-cards/marriott-spa-(in-store)-gift-card,no,no,,,,,no,,,,same denomination only,,,,,,,,,,,,,,,,,
Masala Library,gyftr,https://www.gyftr.com/masala-library,yes,yes,15.0,15.0,Amazon Pay: 13.0% | Credit Card: 13.0% | Debit Card: 13.0% | MobiKwik: 13.0% | Net Banking: 13.0% | PAYTM UPI: 15.0% | UPI: 15.0% | e-Pay: 15.0%,7500 / 2500 / 1000 / 10000 / 100 / 500 / 5000,yes,yes,,,yes,no,yes,unlimited,yes,yes,no,,,,,,,,Multiple GVs can be combined and added to the e-Pay balance,The GV/e-Pay cannot be clubbed with any existing offers.,,
Matrix,buyhatke,https://buyhatke.com/gift-cards/matrix-gift-card,no,no,,,,,no,,,,same denomination only,,,,,,,,,,,,,,,,,
Matrix,gyftr,https://www.gyftr.com/matrix,yes,yes,13.0,13.0,Amazon Pay: 10.0% | Credit Card: 10.0% | Debit Card: 10.0% | MobiKwik: 10.0% | Net Banking: 10.0% | PAYTM UPI: 13.0% | Paytm Wallet: 10.0% | UPI: 13.0% | e-Pay: 13.0%,1000 / 500,no,,,,yes,yes,no,1,no,yes,no,"SIM, eSIM, Student SIM, recharge, Student Insurance, Travel Insurance, and Visa services",,,,,,,Only one GV can be used per transaction.,The GV/GC can be used exclusively to purchase discounted products available on the platform. Please note that it cannot be combined with any other promo codes or offers.,"The GV/GC can be used to purchase products across several categories such as SIM, eSIM, Student SIM, recharge, Student Insurance, Travel Insurance, and Visa services.",
MAX,gyftr,https://www.gyftr.com/max,yes,yes,8.0,8.0,Amazon Pay: 6.0% | Credit Card: 6.0% | Debit Card: 6.0% | MobiKwik: 6.0% | Net Banking: 6.0% | PAYTM UPI: 8.0% | Paytm Wallet: 6.0% | UPI: 8.0% | e-Pay: 0.0%,500 / 1000 / 2000,no,yes,,,yes,no,yes,unlimited,no,yes,yes,,,,,,,,Multiple GV/GC can be used against one bill.,The GV/GC can be clubbed with the existing offers.,,
Max Fashion,buyhatke,https://buyhatke.com/gift-cards/max-fashion-gift-card,no,no,,,,500 / 1000 / 1500 / 2000,yes,,,,same denomination only,yes,no,unlimited,yes,no,yes,,,minimum 6 months,"usually instant, may be delayed 24-48 hours",,,,Multiple E-Gift Cards can be redeemed in a single invoice,E-Gift Cards can be used during sales and promotional periods,,
Max Fashion (Offline),maximize,https://www.maximize.money/gift-cards/Max Fashion (Offline)/923,yes,yes,7.25,7.25,Amazon pay: 5.25% | Amex: 5.0% | CC on UPI: 4.9% | Credit Card: 5.35% | Debit Card: 6.0% | Diners Club: 5.0% | Pay With Rewards: 3.95% | UPI: 7.25% | Wallets: 4.9%,500 / 1000 / 2000 / 3000 / 4000,yes,yes,,7.5,same denomination only,no,yes,unlimited,no,yes,yes,,,Minimum 6 months from the date of issuance,,,,,Multiple eGift Cards can be redeemed in a single invoice,"Can be clubbed with other offers? Yes, clubbable with other offers / coupons",,
Max Fashion In Store,buyhatke,https://buyhatke.com/gift-cards/max-fashion-(in-store)-gift-card,no,no,,,,,no,,,,same denomination only,,,,,,,,,,,,,,,,,
Max Fashion Online,gyftr,https://www.gyftr.com/max-fashion-online,yes,yes,9.0,9.0,Amazon Pay: 8.0% | Credit Card: 8.0% | Debit Card: 8.0% | MobiKwik: 8.0% | Net Banking: 8.0% | PAYTM UPI: 9.0% | Paytm Wallet: 8.0% | UPI: 9.0% | e-Pay: 9.0%,500 / 2000,no,,,,yes,yes,no,10,yes,no,yes,,,between 3 to 12 months,normally instant; delivery can be delayed up to 24-48 hours,,,,Maximum 10 Gift Cards can be used against one bill,Max Online e-Gift Cards can also be used during sales & promotions.,,
McDonalds,buyhatke,https://buyhatke.com/gift-cards/mcdonalds-gift-card,no,no,,,,500 / 1000 / 1500 / 2000,yes,yes,,,same denomination only,no,yes,1,,no,,McDonald's products at McDonald's restaurants in the west and south of India only,McDelivery App | SOK | any third party app,1 year from date of purchase,,,,,Maximum one card can be used per order.,,The card can be used only for purchase in McDonald's' restaurants in the west and south of India.,
McDonalds In Store,buyhatke,https://buyhatke.com/gift-cards/mcdonalds-(in-store)-gift-card,no,no,,,,,no,,,,same denomination only,,,,,,,,,,,,,,,,,
McDonalds McCafe (In Store),buyhatke,https://buyhatke.com/gift-cards/mcdonalds-mccafe-(in-store)-gift-card,no,no,,,,500 / 1000 / 1500 / 2000,yes,yes,,,same denomination only,no,yes,,,no,,"8 cups of McCafe beverages: Cappuccino, Vietnamese Iced Coffee, Latte, Iced Latte, Americano, Iced Americano, Peach Iced Tea, Watermelon Coolers","add-ons such as flavoured syrups, extra shots, non-dairy milk (chargeable)",2 months from the date of activation,"usually instant, may be delayed 24 to 48 hours",,"one cup of coffee per day, on a single invoice",,,,"The Coffee Subscription Card covers the following Beverage Options: Cappuccino, Vietnamese Iced Coffee, Americano, Iced Americano, Latte, Iced Latte, Peach Iced Tea, Watermelon Coolers",
Me N Moms,buyhatke,https://buyhatke.com/gift-cards/me-n-moms-gift-card,no,no,,,,,no,,,,same denomination only,,,,,,,,,,,,,,,,,
Me N Moms,gyftr,https://www.gyftr.com/me-n-moms,yes,yes,11.0,11.0,Amazon Pay: 9.0% | Credit Card: 9.0% | Debit Card: 9.0% | MobiKwik: 9.0% | Net Banking: 9.0% | PAYTM UPI: 11.0% | Paytm Wallet: 9.0% | UPI: 11.0% | e-Pay: 11.0%,1000 / 500 / 100 / 2000,yes,,,,yes,yes,no,unlimited,yes,yes,yes,,,,,,,,Multiple Gift Vouchers CAN be combined & added to the e-Pay balance,The GV/e-Pay CAN be clubbed with existing offers.,,
Me N Moms,maximize,https://www.maximize.money/gift-cards/Me N Moms/753,yes,yes,9.75,9.75,Amazon pay: 7.75% | Amex: 7.5% | CC on UPI: 7.4% | Credit Card: 7.85% | Debit Card: 8.5% | Diners Club: 7.5% | Pay With Rewards: 6.45% | UPI: 9.75% | Wallets: 7.4%,500 / 1000 / 2500 / 5000,yes,,,10.25,same denomination only,yes,no,unlimited,yes,no,yes,,,up to 6 months,,,,,Can the cards be clubbed? Use several gift cards in one purchase,"Can be clubbed with other offers? Yes, clubbable with other offers / coupons",,
Medibuddy Gold,buyhatke,https://buyhatke.com/gift-cards/medibuddy-gold-gift-card,no,no,,,,500 / 1000 / 1500 / 2000,yes,,,,same denomination only,yes,no,,,yes,,Unlimited doctor consultation for you and your family for 1 year,,2 months,,,,,,,Allows Unlimited Consultation for any Doctor 24*7 from anywhere in India for you and your entire family for 1 year,
Mediwheel,buyhatke,https://buyhatke.com/gift-cards/mediwheel-gift-card,yes,yes,21.88,21.88,any: 21.88%,250 / 500 / 1000 / 2000 / 2500 / 5000,yes,,,,same denomination only,yes,no,1,,yes,yes,,EMI transactions,,,,,,Maximum 1 voucher can be in one transaction,The GV/GC can be clubbed with any existing offer on its website.,,
Mediwheel,gyftr,https://www.gyftr.com/mediwheel,yes,yes,22.0,22.0,Amazon Pay: 21.0% | Credit Card: 21.0% | Debit Card: 21.0% | MobiKwik: 21.0% | Net Banking: 21.0% | PAYTM UPI: 22.0% | Paytm Wallet: 21.0% | UPI: 22.0% | e-Pay: 22.0%,250 / 2500 / 500 / 100 / 2000 / 1000 / 5000,yes,,,,yes,yes,,1,yes,yes,yes,,EMI transactions,,,,,,Only one GV/GC can be used for one subscription.,The GV/GC can be clubbed with any existing offer on its website.,,
Mia,gyftr,https://www.gyftr.com/mia,yes,yes,3.5,3.5,Amazon Pay: 1.5% | Credit Card: 1.5% | Debit Card: 1.5% | MobiKwik: 1.5% | Net Banking: 1.5% | PAYTM UPI: 3.5% | UPI: 3.5% | e-Pay: 3.5%,5000 / 10000,no,yes,,,yes,no,yes,unlimited,no,yes,yes,MIA Studded Jewellery Products,Gold Coins | 22K products,180 days from the date of issuance,,,,,Multiple GV/GCs can be used against one bill.,The GV/GC can be clubbed with ongoing offers.,This GV/GC is valid only on MIA Studded Jewellery Products. (Not applicable on Gold Coins & 22K products).,
Mia By Tanishq,maximize,https://www.maximize.money/gift-cards/Mia By Tanishq/345,yes,yes,4.0,4.0,Amazon pay: 2.0% | Amex: 1.75% | CC on UPI: 1.65% | Credit Card: 2.1% | Debit Card: 2.75% | Diners Club: 1.75% | Pay With Rewards: 0.7% | UPI: 4.0% | Wallets: 1.65%,500 / 1000 / 2500 / 5000 / 10000 / 25000 / 50000,yes,yes,,4.1,same denomination only,no,yes,1,no,yes,no,Mia Studded Products only,location: only participating Mia by Tanishq Authorised Showrooms in India,180 days from date of issuance,,,,,Can the cards be clubbed? Multiple cards can't be clubbed,"Can be clubbed with other offers? No, can't club with other offers / coupons",This e-Gift card is valid only on Mia Studded Products at the participating Mia by Tanishq Authorised Showrooms in India.,
Mia By Tanishq In Store,buyhatke,https://buyhatke.com/gift-cards/mia-by-tanishq-(in-store)-gift-card,yes,yes,2.88,2.88,any: 2.88%,500 / 1000 / 2500 / 5000 / 10000 / 25000 / 50000,yes,yes,,,same denomination only,no,yes,,no,yes,,Mia Studded Products only,,6 months,,,,,,,Gift card is valid only on Mia Studded Products at all Mia Showrooms in India,
Michael Kors Luxe In Store,buyhatke,https://buyhatke.com/gift-cards/michael-kors-luxe-(in-store)-gift-card,yes,yes,10.95,10.95,any: 10.95%,1000 / 2000 / 5000 / 10000,yes,yes,,,same denomination only,no,yes,unlimited,,yes,,full-priced merchandise only,location: airport stores,1 year,,,,,This is a one-time use giftcard; multiple cards can be used in 1 transaction,,Luxe Gift Card can only be redeemed against full-priced merchandise,
Michael Kors-Luxe,maximize,https://www.maximize.money/gift-cards/Michael Kors-Luxe/583,yes,yes,10.0,10.0,Amex: 10.0% | CC on UPI: 10.0% | Credit Card: 10.0% | Debit Card: 10.0% | Diners Club: 10.0% | UPI: 10.0%,2000 / 5000 / 10000,yes,yes,,13.0,same denomination only,yes,yes,unlimited,no,yes,no,Full-priced merchandise only,discounted items | location: airport stores,12 months from date of purchase,,,,,Multiple Luxe Gift Cards can be used in a single transaction.,"Can be clubbed with other offers? No, can't club with other offers / coupons",The Gift Card can be redeemed only on full-priced merchandise and is not applicable on discounted items unless specified otherwise.,
Michael Kors-Luxe Gift Card,gyftr,https://www.gyftr.com/luxe-gift-card-michael-kors,yes,yes,10.0,10.0,Credit Card: 10.0% | Debit Card: 10.0% | Net Banking: 10.0% | PAYTM UPI: 10.0% | UPI: 10.0% | e-Pay: 10.0%,5000 / 2000 / 1000 / 10000,no,yes,,,yes,no,yes,unlimited,no,yes,no,,location: Airport stores | Merchandise that is not full priced,,,,,,7. Multiple GV/GC can be used for one bill.,11. The GV/GC can be redeemed only against full priced merchandise.,,
Microsoft Office,gyftr,https://www.gyftr.com/microsoft-office,yes,yes,6.0,6.0,Amazon Pay: 4.0% | Credit Card: 4.0% | Debit Card: 4.0% | MobiKwik: 4.0% | Net Banking: 4.0% | PAYTM UPI: 6.0% | UPI: 6.0% | e-Pay: 6.0%,6899 / 8199 / 10999,no,,,,yes,yes,,1,,yes,no,Microsoft 365 subscription,,,,,,,Only one GV/GC can be used for one subscription.,The GV/GC cannot be clubbed with any existing offers.,This is a Microsoft 365 subscription GV/GC (Gift Voucher/Gift Card) that will be accepted online at Office.com/setup.,
Microsoft Office,maximize,https://www.maximize.money/gift-cards/Microsoft Office/1129,yes,yes,4.0,4.0,Amazon pay: 2.0% | Amex: 1.75% | CC on UPI: 1.65% | Credit Card: 2.1% | Debit Card: 2.75% | Diners Club: 1.75% | Pay With Rewards: 0.7% | UPI: 4.0% | Wallets: 1.65%,6899 / 8199 / 10999,no,,,4.25,same denomination only,yes,no,1,,yes,no,One Microsoft 365 subscription only,,up to 6 months from purchase,,,,,Only one Gift Voucher can be used per subscription.,Cannot be clubbed with any existing offers or promotions.,Valid for one Microsoft 365 subscription only.,
Microsoft Xbox Game Pass Core,buyhatke,https://buyhatke.com/gift-cards/microsoft-xbox-game-pass-core-gift-card,no,no,,,,500 / 1000 / 1500 / 2000,yes,,,,same denomination only,yes,no,,,,,,,,,,,,,,,
Microsoft Xbox Game Pass Core,gyftr,https://www.gyftr.com/microsoft-xbox-game-pass-core,yes,yes,6.0,6.0,Amazon Pay: 4.0% | Credit Card: 4.0% | Debit Card: 4.0% | MobiKwik: 4.0% | Net Banking: 4.0% | PAYTM UPI: 6.0% | UPI: 6.0% | e-Pay: 6.0%,499 / 2249,no,,,,yes,,,,,,,,,,,,,,,,,
Microsoft Xbox PC Game Pass,gyftr,https://www.gyftr.com/microsoft-xbox-pc-game-pass,no,no,0.0,0.0,Amazon Pay: 0.0% | Credit Card: 0.0% | Debit Card: 0.0% | MobiKwik: 0.0% | Net Banking: 0.0% | Payzapp: 0.0% | UPI: 0.0% | e-Pay: 0.0%,,no,,,,yes,,,,,,,,,,,,,,,,,
Milkbasket,buyhatke,https://buyhatke.com/gift-cards/milkbasket-gift-card,yes,yes,1.59,1.59,any: 1.59%,500 / 1000 / 2000,yes,,,,same denomination only,yes,no,,,,,,,6 months,,,,,,,,
Milkbasket,gyftr,https://www.gyftr.com/milkbasket,yes,yes,3.0,3.0,Credit Card: 2.0% | Debit Card: 2.0% | MobiKwik: 2.0% | Net Banking: 2.0% | PAYTM UPI: 3.0% | UPI: 3.0% | e-Pay: 3.0%,1000 / 100 / 500 / 2000,no,,,,yes,yes,,unlimited,yes,yes,yes,,,,,,,,Multiple GV/GC can be combined and added to the e-Pay Balance,The GV/e-Pay can be clubbed with the existing offers.,,
Milkbasket,maximize,https://www.maximize.money/gift-cards/Milkbasket/1004,yes,no,0.0,0.0,Amazon pay: 0.0% | Amex: 0.0% | CC on UPI: 0.0% | Credit Card: 0.0% | Debit Card: 0.0% | Diners Club: 0.0% | Pay With Rewards: 0.0% | UPI: 0.0% | Wallets: 0.0%,100 / 500 / 1000 / 2000,no,,,,same denomination only,yes,no,unlimited,yes,no,yes,,,up to 12 months from purchase,,,,,Can the cards be clubbed? Use several gift cards in one purchase,"Can be clubbed with other offers? Yes, clubbable with other offers / coupons",,
Milton,buyhatke,https://buyhatke.com/gift-cards/milton-gift-card,yes,yes,6.69,6.69,any: 6.69%,500 / 1500 / 5000 / 50000,yes,,,,same denomination only,yes,no,,yes,no,,,,1 year,,,,,,,,
Minecraft Minecoins,buyhatke,https://buyhatke.com/gift-cards/minecraft-minecoins-gift-card,yes,yes,4.14,4.14,any: 4.14%,549 / 1090,yes,,,,same denomination only,yes,no,,,,,,,lifetime,,,,,,,,
MiniKlub,buyhatke,https://buyhatke.com/gift-cards/miniklub-gift-card,no,no,,,,,no,,,,same denomination only,,,,,,,,,,,,,,,,,
Minus30,gyftr,https://www.gyftr.com/minus30,no,no,17.0,17.0,Amazon Pay: 15.0% | Credit Card: 15.0% | Debit Card: 15.0% | MobiKwik: 15.0% | Net Banking: 15.0% | PAYTM UPI: 17.0% | Payzapp: 15.0% | UPI: 17.0% | e-Pay: 17.0%,,no,,,,yes,yes,,unlimited,yes,yes,yes,,,,,,,,Multiple GV/GCs can be combined and added to the e-Pay balance,The GV/e-Pay can be clubbed with the existing offers on the website.,,
Minus30,maximize,https://www.maximize.money/gift-cards/Minus30/1015,yes,yes,16.75,16.75,Amazon pay: 14.75% | Amex: 14.5% | CC on UPI: 14.4% | Credit Card: 14.85% | Debit Card: 15.5% | Diners Club: 14.5% | Pay With Rewards: 13.45% | UPI: 16.75% | Wallets: 14.4%,200 / 500 / 1000 / 2000 / 5000 / 10000,yes,,,17.0,same denomination only,yes,no,unlimited,yes,no,yes,,,6 months,,,,,Can the cards be clubbed? Use several gift cards in one purchase,"The Gift Voucher (GV) can be used over and above any discounts offered by the brand on its website. However, only one code can be redeemed either a Gift Voucher or a promo code along with Brand offer.",,
Miraggio,buyhatke,https://buyhatke.com/gift-cards/miraggio-gift-card,no,no,,,,,no,,,,same denomination only,,,,,,,,,,,,,,,,,
Miraggio,maximize,https://www.maximize.money/gift-cards/Miraggio/1098,yes,yes,13.25,13.25,Amazon pay: 11.25% | Amex: 11.0% | CC on UPI: 10.9% | Credit Card: 11.35% | Debit Card: 12.0% | Diners Club: 11.0% | Pay With Rewards: 9.95% | UPI: 13.25% | Wallets: 10.9%,1000 / 2500 / 4000 / 5000 / 7500 / 8000 / 10000,yes,,,13.5,same denomination only,yes,no,1,yes,no,no,,,1 year from the date of issue,,,,,Only one Gift Card can be redeemed per order.,"Can be clubbed with other offers? No, can't club with other offers / coupons",,
Moba Legends,buyhatke,https://buyhatke.com/gift-cards/moba-legends-gift-card,no,no,,,,,no,,,,same denomination only,,,,,,,,,,,,,,,,,
Moba Legends 5v5,gyftr,https://www.gyftr.com/moba-legends-5v5,yes,yes,7.0,7.0,Amazon Pay: 5.0% | Credit Card: 5.0% | Debit Card: 5.0% | MobiKwik: 5.0% | Net Banking: 5.0% | PAYTM UPI: 7.0% | UPI: 7.0% | e-Pay: 7.0%,290 / 1161 / 145 / 434,no,,,,yes,yes,,,yes,yes,no,in-game currency (diamonds) in Mobile Legends only,,,,,,,,The GV/GC cannot be clubbed with any existing offers.,The GV/GC can only be used to obtain in-game currency (diamonds) in Mobile Legends and cannot be used for any other product or service.,
Moba Legends 5v5,maximize,https://www.maximize.money/gift-cards/Moba Legends 5v5/963,yes,yes,8.25,8.25,Amazon pay: 6.25% | Amex: 6.0% | CC on UPI: 5.9% | Credit Card: 6.35% | Debit Card: 7.0% | Diners Club: 6.0% | Pay With Rewards: 4.95% | UPI: 8.25% | Wallets: 5.9%,145 / 290 / 434 / 959 / 1161 / 3483 / 5809,no,,,8.5,same denomination only,yes,,1,,yes,no,In-game currency only,location: region-locked - the voucher region must match the game account region,6 months from the date of purchase or issuance,,,,,Can the cards be clubbed? Multiple cards can't be clubbed,"Can be clubbed with other offers? No, can't club with other offers / coupons","Gift Card value is credited only in the form of in-game currency and cannot be exchanged for cash, reloaded, refunded, transferred, or resold.",
Mobile Postpaid - Bill Payment,gyftr,https://www.gyftr.com/mobile-postpaid-bill-payment,yes,no,0.0,0.0,Amazon Pay: 0.0% | Credit Card: 0.0% | Debit Card: 0.0% | MobiKwik: 0.0% | Net Banking: 0.0% | Payzapp: 0.0% | UPI: 0.0% | e-Pay: 0.0%,10000 / 5000 / 100 / 1000 / 7500 / 250 / 100 / 500 / 2000,yes,,,,yes,yes,,,yes,,,services and billers available on gyftr.com/loyaltylifecycle/bills-utilities and linked portals,,,,,,,,,GV/e-Pay is valid only for services and billers available on https://www.gyftr.com/loyaltylifecycle/bills-utilities and linked portals.,
Mobile Prepaid - Recharge,gyftr,https://www.gyftr.com/mobile-prepaid-recharge,yes,no,0.0,0.0,Amazon Pay: 0.0% | Credit Card: 0.0% | Debit Card: 0.0% | MobiKwik: 0.0% | Net Banking: 0.0% | Payzapp: 0.0% | UPI: 0.0% | e-Pay: 0.0%,250 / 100 / 100 / 500 / 1000 / 5000 / 2000 / 10000 / 7500,yes,,,,yes,yes,,,yes,,,services and billers available on www.gyftr.com/loyaltylifecycle/bills-utilities and linked portals,,,,,,,,,GV/e-Pay is valid only for services and billers available on www.gyftr.com/loyaltylifecycle/bills-utilities and linked portals.,
Modern Bazaar,buyhatke,https://buyhatke.com/gift-cards/modern-bazaar-gift-card,yes,yes,5.73,5.73,any: 5.73%,1000 / 2000 / 2500 / 5000 / 7500 / 10000,yes,yes,,,same denomination only,yes,yes,unlimited,no,yes,yes,,location: Select City Walk (Delhi NCR) store,,,No minimum purchase required,,,"Multiple vouchers can be used in one bill (online & in-store, except Select City Walk)",Can be used with existing offers and schemes,,
Modern Bazaar,maximize,https://www.maximize.money/gift-cards/Modern Bazaar/884,yes,yes,6.25,6.25,Amazon pay: 4.25% | Amex: 4.0% | CC on UPI: 3.9% | Credit Card: 4.35% | Debit Card: 5.0% | Diners Club: 4.0% | Pay With Rewards: 2.95% | UPI: 6.25% | Wallets: 3.9%,1000 / 2000 / 2500 / 5000 / 7500 / 10000,no,yes,,6.5,same denomination only,yes,yes,unlimited,no,yes,yes,,location: Select City Walk (Delhi NCR) | location: delivery not available in Faridabad & Ghaziabad,up to 6 months from purchase,,none - no minimum purchase required,,,"Multiple vouchers can be used in one bill (online & in-store, except Select City Walk)",Can be used with existing offers and schemes,,
Mokobara,buyhatke,https://buyhatke.com/gift-cards/mokobara-gift-card,yes,yes,7.64,7.64,any: 7.64%,2500 / 5000 / 10000 / 20000 / 30000,yes,yes,,,same denomination only,yes,yes,unlimited,yes,no,,,other gift cards,,,,,,Multiple E-Gift Cards can be combined in a single order.,,,
Mokobara,maximize,https://www.maximize.money/gift-cards/Mokobara/622,yes,yes,8.0,8.0,Amazon pay: 6.0% | Amex: 5.75% | CC on UPI: 5.65% | Credit Card: 6.1% | Debit Card: 6.75% | Diners Club: 5.75% | Pay With Rewards: 4.7% | UPI: 8.0% | Wallets: 5.65%,5000 / 10000 / 20000,yes,yes,,8.25,same denomination only,yes,yes,unlimited,yes,no,no,,other gift cards,up to 6 months,,,,,Multiple E-Gift Cards can be combined in a single order.,"Can be clubbed with other offers? No, can't club with other offers / coupons",,
Moments by The Leela In Store,buyhatke,https://buyhatke.com/gift-cards/moments-by-the-leela-(in-store)-gift-card,yes,yes,6.38,6.38,any: 6.38%,5000 / 10000,yes,yes,,,same denomination only,no,yes,1,yes,no,no,,,1 year,,,,,Gift card cannot be used and clubbed with other promotional programs and user cannot club more than 1 Gift Card in one order,Gift card cannot be used and clubbed with other promotional programs and user cannot club more than 1 Gift Card in one order,,
MOTHER CARE-Luxe,maximize,https://www.maximize.money/gift-cards/MOTHER CARE-Luxe/932,yes,yes,12.75,12.75,Amex: 10.5% | CC on UPI: 10.4% | Credit Card: 10.85% | Debit Card: 11.5% | Diners Club: 10.5% | UPI: 12.75%,2000 / 5000 / 10000,yes,yes,,13.0,same denomination only,yes,yes,unlimited,no,yes,no,Full-priced merchandise only,discounted items | location: airport stores,12 months from date of purchase,,,,,Multiple Luxe Gift Cards can be used in a single transaction.,"Can be clubbed with other offers? No, can't club with other offers / coupons",The Gift Card can be redeemed only on full-priced merchandise and is not applicable on discounted items unless specified otherwise.,
Mothercare Luxe In Store,buyhatke,https://buyhatke.com/gift-cards/mothercare-luxe-(in-store)-gift-card,yes,yes,10.95,10.95,any: 10.95%,1000 / 2000 / 5000 / 10000,yes,yes,,,same denomination only,no,yes,unlimited,,yes,,full-priced merchandise only,location: airport stores,1 year,,,,,This is a one-time use giftcard; multiple cards can be used in 1 transaction,,Luxe Gift Card can only be redeemed against full-priced merchandise,
Mothercare-Luxe Gift Card,gyftr,https://www.gyftr.com/luxe-gift-card-mothercare,yes,no,0.0,0.0,Amazon Pay: 0.0% | Credit Card: 0.0% | Debit Card: 0.0% | MobiKwik: 0.0% | Net Banking: 0.0% | Payzapp: 0.0% | UPI: 0.0% | e-Pay: 0.0%,5000 / 2000 / 1000 / 10000,no,yes,,,yes,yes,yes,unlimited,no,yes,no,,location: Airport stores | Merchandise that is not full priced,,,,,,7. Multiple GV/GC can be used for one bill.,11. The GV/GC can be redeemed only against full priced merchandise.,,
MPJ Gold Jewellery,maximize,https://www.maximize.money/gift-cards/MPJ Gold Jewellery/1110,yes,yes,3.0,3.0,Amazon pay: 1.0% | Amex: 0.75% | CC on UPI: 0.65% | Credit Card: 1.1% | Debit Card: 1.75% | Diners Club: 0.75% | Pay With Rewards: 0.0% | UPI: 3.0% | Wallets: 0.65%,1000 / 2000 / 3000 / 5000 / 10000,no,yes,,3.1,same denomination only,no,yes,1,no,yes,no,"Gold Jewellery, Diamond Jewellery, Platinum Jewellery, Silver Jewellery",Gold Coins | Silver Coins | location: only participating MPJ Jewellers showrooms,90 days from the date of activation/issuance,"generally instant, may take up to 24-48 hours",,,,Can the cards be clubbed? Multiple cards can't be clubbed,"Can be clubbed with other offers? No, can't club with other offers / coupons","Applicable on: Gold Jewellery, Diamond Jewellery, Platinum Jewellery, Silver Jewellery",
MPJ Diamond Jewellery,maximize,https://www.maximize.money/gift-cards/MPJ&nbsp;Diamond Jewellery/1109,yes,yes,4.0,4.0,Amazon pay: 2.0% | Amex: 1.75% | CC on UPI: 1.65% | Credit Card: 2.1% | Debit Card: 2.75% | Diners Club: 1.75% | Pay With Rewards: 0.7% | UPI: 4.0% | Wallets: 1.65%,1000 / 2000 / 3000 / 5000 / 10000,no,yes,,4.25,same denomination only,no,yes,1,no,yes,no,Diamond-studded jewellery only,gold coins | silver coins | location: only participating MPJ Jewellers showrooms,90 days from the date of activation/issuance,"generally instant, may take up to 24-48 hours",,,,Can the cards be clubbed? Multiple cards can't be clubbed,"Can be clubbed with other offers? No, can't club with other offers / coupons",Applicable only on diamond-studded jewellery.,
MS Xbox Game Pass Ultimate,gyftr,https://www.gyftr.com/ms-xbox-game-pass-ultimate,yes,yes,6.0,6.0,Amazon Pay: 4.0% | Credit Card: 4.0% | Debit Card: 4.0% | MobiKwik: 4.0% | Net Banking: 4.0% | PAYTM UPI: 6.0% | UPI: 6.0% | e-Pay: 6.0%,3269 / 1089,no,,,,yes,,,,,,,,,,,,,,,,,
Muji Luxe In Store,buyhatke,https://buyhatke.com/gift-cards/muji-luxe-(in-store)-gift-card,yes,yes,10.95,10.95,any: 10.95%,1000 / 2000 / 10000 / 50000,yes,yes,,,same denomination only,no,yes,unlimited,,yes,,full-priced merchandise only,location: airport stores,1 year,,,,,This is a one-time use giftcard; multiple cards can be used in 1 transaction,,Luxe Gift Card can only be redeemed against full-priced merchandise,
MUJI- Luxe Gift Card,gyftr,https://www.gyftr.com/muji,yes,yes,10.0,10.0,Credit Card: 10.0% | Debit Card: 10.0% | Net Banking: 10.0% | PAYTM UPI: 10.0% | UPI: 10.0% | e-Pay: 10.0%,5000 / 2000 / 1000 / 10000,no,yes,,,yes,yes,yes,unlimited,no,yes,no,,location: airport stores,,,,,,Multiple GV/GC can be used for one bill.,The GV/GC can be redeemed only against full priced merchandise.,,
Muro In Store,buyhatke,https://buyhatke.com/gift-cards/muro-(in-store)-gift-card,yes,yes,7.53,7.53,any: 7.53%,1000 / 2000 / 10000 / 100000,yes,yes,,,same denomination only,no,yes,,,,no,"Dine-in only, at Muro Outlet, Bangalore",,,"usually instant, may be delayed 24-48 hours",,,,,Offers cannot be combined.,Codes can be used for Dine-in Only.,
Muro QC,maximize,https://www.maximize.money/gift-cards/Muro QC/653,yes,yes,7.75,7.75,Amazon pay: 5.75% | Amex: 5.5% | CC on UPI: 5.4% | Credit Card: 5.85% | Debit Card: 6.5% | Diners Club: 5.5% | Pay With Rewards: 4.45% | UPI: 7.75% | Wallets: 5.4%,2000 / 5000 / 10000 / 20000 / 50000 / 100000,yes,yes,,8.25,same denomination only,no,yes,1,,yes,no,Dine-in only,"location: Muro Outlet, Bangalore",up to 6 months,"normally instant, may be delayed up to 24-48 hours",,,,Can the cards be clubbed? Multiple cards can't be clubbed,Offers cannot be combined.,Codes can be used for Dine-in Only.,
Muscle Blaze,maximize,https://www.maximize.money/gift-cards/Muscle%20Blaze/1126,yes,yes,4.75,4.75,Amazon pay: 2.75% | Amex: 2.5% | CC on UPI: 2.4% | Credit Card: 2.85% | Debit Card: 3.5% | Diners Club: 2.5% | Pay With Rewards: 1.45% | UPI: 4.75% | Wallets: 2.4%,2000 / 5000,no,,,5.0,same denomination only,yes,no,unlimited,yes,no,no,Eligible products sold by listed sellers on the MuscleBlaze website,other Gift Cards,365 days (12 months) from the date of issue,,,,,Can the cards be clubbed? Use several gift cards in one purchase,"Can be clubbed with other offers? No, can't club with other offers / coupons",Redeemable only on the official MuscleBlaze website against eligible products sold by listed sellers.,
Muthoot Gold,buyhatke,https://buyhatke.com/gift-cards/muthoot-gold-gift-card,yes,yes,2.13,2.13,any: 2.13%,1000 / 2000 / 5000,yes,,,,same denomination only,yes,no,,no,yes,,,,six months from the date of issue,,,,,,,,
Muthoot Gold Voucher,gyftr,https://www.gyftr.com/muthoot-gold-voucher,yes,yes,2.0,2.0,Credit Card: 1.0% | Debit Card: 1.0% | PAYTM UPI: 2.0% | UPI: 2.0% | e-Pay: 2.0%,1000 / 5000 / 2000,no,,,,yes,yes,no,5,no,yes,yes,,,six months from the date of issue,,,,,A maximum of 5 GV/GCs CAN be used in one bill.,GV/GC CAN be clubbed with existing offers.,,
Muthoot Gold Voucher,maximize,https://www.maximize.money/gift-cards/Muthoot Gold Voucher/654,yes,yes,3.0,3.0,Amazon pay: 1.0% | Amex: 0.75% | CC on UPI: 0.65% | Credit Card: 1.1% | Debit Card: 1.75% | Diners Club: 0.75% | Pay With Rewards: 0.0% | UPI: 3.0% | Wallets: 0.65%,1000 / 2000 / 5000,no,,,3.1,same denomination only,yes,no,unlimited,no,yes,yes,,,six months from the date of issue,,,,,Can the cards be clubbed? Use several gift cards in one purchase,"Can be clubbed with other offers? Yes, clubbable with other offers / coupons",,
MXPlayer,buyhatke,https://buyhatke.com/gift-cards/mxplayer-gift-card,no,no,,,,500 / 1000 / 1500 / 2000,yes,,,,same denomination only,yes,no,,,yes,no,MX Player Gold subscription only,,3 months,,,,,,This is a one-time use Gift Card and cannot be clubbed with any other offer,"Comes with 3-months validity, and the offer is applicable on MX Player Gold subscription",
My Jio Store In Store,buyhatke,https://buyhatke.com/gift-cards/my-jio-store-(in-store)-gift-card,yes,yes,0.74,0.74,any: 0.74%,250 / 500 / 1000,yes,yes,,,same denomination only,no,yes,unlimited,no,yes,,,Gold/Silver coins | Mobiles | Oil | Ghee | Sugar | Baby Food | Alcohol | Tobacco,1 year,,,,,Comes with 1 year of validity and multiple vouchers can be used in one single bill,,,
myHQ,buyhatke,https://buyhatke.com/gift-cards/myhq-gift-card,no,no,,,,500 / 1000 / 1500 / 2000,yes,,,,same denomination only,yes,no,,,,,,,1 year,,,,,,,,
Myntra,buyhatke,https://buyhatke.com/gift-cards/myntra-gift-card,yes,yes,3.51,3.51,any: 3.51%,200 / 250 / 500 / 1000 / 1500 / 2000 / 2500 / 5000 / 7500 / 10000,yes,,,,same denomination only,yes,no,unlimited,yes,no,,,Gold & Silver coins | Fine Jewellery | other gift cards,,,,,,Multiple E- Gift Cards can be clubbed in a single order.,,,
Myntra,gyftr,https://www.gyftr.com/myntra,yes,yes,3.0,3.0,Credit Card: 1.0% | Debit Card: 1.0% | Net Banking: 1.0% | PAYTM UPI: 3.0% | UPI: 3.0% | e-Pay: 3.0%,1000 / 7500,no,,,,yes,yes,no,unlimited,yes,yes,yes,,Gold & Silver coins | Fine Jewellery | other gift cards,,,,,,Multiple E- Gift Cards can be clubbed in a single order.,Gift Vouchers CAN be used to buy discounted products.,,
Myntra,maximize,https://www.maximize.money/gift-cards/Myntra (Custom)/363,no,no,,,,,no,,,,same denomination only,,,,,,,,,,,,,,,,,
Myntra LUXE,buyhatke,https://buyhatke.com/gift-cards/myntra-luxe-gift-card,yes,yes,5.0,5.0,any: 5.0%,200 / 500 / 1000 / 1500 / 2000 / 2500 / 3000 / 5000 / 10000,yes,,,,same denomination only,yes,no,15,yes,no,yes,,Titan Company Limited | Bluestone Jewellery & Lifestyle Pvt. Ltd. | Aditya Birla Fashion & Retail Pvt. Ltd | Gold & Silver | Gold & Silver coins | Fine Jewellery | other gift cards,1 year,,,,,Upto 15 virtual cards can be clubbed in a single order and gift card can be used multiple times as long as it carries a balance,All brand funded offers can be clubbed during purchase.,,
myUpchar Medicines,buyhatke,https://buyhatke.com/gift-cards/myupchar-medicines-gift-card,yes,yes,4.38,4.38,any: 4.38%,500 / 2000 / 5000,yes,,,,same denomination only,yes,no,unlimited,,,,Medicines only,,3 months,,,,,Multiple vouchers can be used in one transaction,,Gift Card is only applicable on Medicines,
Nat Habit,buyhatke,https://buyhatke.com/gift-cards/nat-habit-gift-card,yes,yes,21.14,21.14,any: 21.14%,500 / 1000 / 2000,yes,,,,same denomination only,yes,no,,yes,no,yes,,,,,,,,,The GV/e-Pay can be clubbed with discounts offered by the brand on their website.,,
Nat Habit,gyftr,https://www.gyftr.com/nat-habit,yes,yes,22.0,22.0,Amazon Pay: 22.0% | Credit Card: 22.0% | Debit Card: 22.0% | MobiKwik: 22.0% | Net Banking: 22.0% | PAYTM UPI: 22.0% | Paytm Wallet: 22.0% | UPI: 22.0% | e-Pay: 22.0%,1000 / 2000 / 100 / 500,yes,,,,yes,yes,,unlimited,yes,yes,yes,,,,,,,,Multiple Gift Vouchers CAN be combined & added to the e-Pay balance,The GV/e-Pay can be clubbed with discounts offered by the brand on their website.,,
Natural Salon 10K,maximize,https://www.maximize.money/gift-cards/Natural Salon 10K/1075,yes,yes,16.75,16.75,Amazon pay: 14.75% | Amex: 14.5% | CC on UPI: 14.4% | Credit Card: 14.85% | Debit Card: 15.5% | Diners Club: 14.5% | Pay With Rewards: 13.45% | UPI: 16.75% | Wallets: 14.4%,10000,no,yes,,17.0,same denomination only,no,yes,1,yes,no,no,Salon services,location: only participating Naturals Salon outlets,365 days from the date of activation,"generally instant, may take up to 24-48 hours",,,,Can the cards be clubbed? Multiple cards can't be clubbed,"Multiple discounts, vouchers, or promotional offers cannot be combined.",Applicable on salon services at more than 700 Naturals Salon outlets.,
Natural Salon 20K,maximize,https://www.maximize.money/gift-cards/Natural Salon 20K/1074,yes,yes,16.75,16.75,Amazon pay: 14.75% | Amex: 14.5% | CC on UPI: 14.4% | Credit Card: 14.85% | Debit Card: 15.5% | Diners Club: 14.5% | Pay With Rewards: 13.45% | UPI: 16.75% | Wallets: 14.4%,20000,no,yes,,17.0,same denomination only,no,yes,1,yes,no,no,Salon services,location: only participating Naturals Salon outlets,365 days from the date of activation,"generally instant, may take up to 24-48 hours",,,,Can the cards be clubbed? Multiple cards can't be clubbed,"Multiple discounts, vouchers, or promotional offers cannot be combined.",Applicable on salon services at more than 700 Naturals Salon outlets.,
Natural Salon 4K,maximize,https://www.maximize.money/gift-cards/Natural Salon 4K/1113,yes,yes,16.75,16.75,Amazon pay: 14.75% | Amex: 14.5% | CC on UPI: 14.4% | Credit Card: 14.85% | Debit Card: 15.5% | Diners Club: 14.5% | Pay With Rewards: 13.45% | UPI: 16.75% | Wallets: 14.4%,4000,no,yes,,17.0,same denomination only,no,yes,1,yes,no,no,Salon services,location: only 700+ Naturals Salon outlets across India,365 days from the date of activation,"generally instant, may take up to 24-48 hours",,,,Can the cards be clubbed? Multiple cards can't be clubbed,"Multiple discounts, vouchers, or promotional offers cannot be combined.",Redeemable against salon services at 700+ Naturals Salon outlets across India.,
Naturals - Luzo Gift Card,gyftr,https://www.gyftr.com/naturals-luzo-gift-card,yes,yes,9.0,9.0,Credit Card: 7.0% | Debit Card: 7.0% | MobiKwik: 7.0% | Net Banking: 7.0% | PAYTM UPI: 9.0% | UPI: 9.0% | e-Pay: 9.0%,5000 / 10000 / 2500 / 500 / 250 / 1500 / 1000,no,,,,yes,yes,,unlimited,yes,,yes,"salon, spa, and clinic services booked through the Luzo app at partner outlets",,,,,,,Multiple GV/GCs can be added to the Luzo wallet,The GV/GC can be clubbed with existing offers.,"The GV/GC can be used for salon, spa, and clinic services booked through the Luzo app at partner outlets.",
Nature's Basket,maximize,https://www.maximize.money/gift-cards/Nature's Basket/656,yes,yes,1.25,1.25,Amazon pay: 0.0% | Amex: 0.0% | CC on UPI: 0.0% | Credit Card: 0.0% | Debit Card: 0.0% | Diners Club: 0.0% | Pay With Rewards: 0.0% | UPI: 1.25% | Wallets: 0.0%,500 / 1000 / 2000 / 5000 / 10000 / 20000 / 50000,yes,yes,,1.5,same denomination only,no,yes,1,no,yes,no,,,12 months from the date of issue,,,,,Can the cards be clubbed? Multiple cards can't be clubbed,"Can be clubbed with other offers? No, can't club with other offers / coupons",,
Natures Basket,buyhatke,https://buyhatke.com/gift-cards/natures-basket-gift-card,yes,yes,0.74,0.74,any: 0.74%,500 / 1500 / 5000 / 50000,yes,yes,,,same denomination only,yes,yes,,,yes,,,,1 year,,,,,,,,
Natures Basket In Store,buyhatke,https://buyhatke.com/gift-cards/natures-basket-(in-store)-gift-card,yes,yes,1.38,1.38,any: 1.38%,100 / 500 / 2500 / 50000,yes,yes,,,same denomination only,no,yes,,no,yes,,,,12 months from the date of issue,,,,,,,,
Nautica,buyhatke,https://buyhatke.com/gift-cards/nautica-gift-card,no,no,,,,500 / 1000 / 1500 / 2000,yes,,,,same denomination only,,,,,,,,,,,,,,,,,
Nautica,gyftr,https://www.gyftr.com/nautica,yes,yes,3.0,3.0,Amazon Pay: 3.0% | Credit Card: 3.0% | Debit Card: 3.0% | MobiKwik: 3.0% | Net Banking: 3.0% | PAYTM UPI: 3.0% | UPI: 3.0% | e-Pay: 3.0%,1000 / 100 / 5000 / 2000 / 500 / 250 / 10000,yes,yes,,,yes,,yes,,yes,yes,yes,,,,,,,,,The GV/e-Pay can be clubbed with the existing offers.,,
Nautica,maximize,https://www.maximize.money/gift-cards/Nautica/1071,yes,yes,5.0,5.0,Amazon pay: 3.0% | Amex: 2.75% | CC on UPI: 2.65% | Credit Card: 3.1% | Debit Card: 3.75% | Diners Club: 2.75% | Pay With Rewards: 1.7% | UPI: 5.0% | Wallets: 2.65%,200 / 500 / 1000 / 2000 / 5000 / 10000,yes,yes,,5.25,same denomination only,no,yes,unlimited,yes,no,yes,,location: only listed Nautica retail outlets,up to 6 months from purchase,,,,,Multiple Gift Vouchers can be combined and added to the e-Pay wallet balance.,Gift Vouchers can be clubbed with existing offers.,,
Neeman's,maximize,https://www.maximize.money/gift-cards/Neeman's/790,yes,yes,10.0,10.0,Amazon pay: 8.0% | Amex: 7.75% | CC on UPI: 7.65% | Credit Card: 8.1% | Debit Card: 8.75% | Diners Club: 7.75% | Pay With Rewards: 6.7% | UPI: 10.0% | Wallets: 7.65%,200 / 500 / 1000 / 2000 / 5000 / 10000,yes,,,10.5,same denomination only,yes,no,unlimited,yes,no,yes,,,up to 6 months from purchase,,,,,Can the cards be clubbed? Use several gift cards in one purchase,The GV/GC can be used along with existing discounts on the Neeman’s website.,,
Neemans,buyhatke,https://buyhatke.com/gift-cards/neemans-gift-card,yes,yes,9.13,9.13,any: 9.13%,500 / 1000 / 2000,yes,,,,same denomination only,yes,no,,yes,no,yes,,,,,,,,,The GV/GC can be used along with existing discounts on the Neeman’s website.,,
Neemans,gyftr,https://www.gyftr.com/neemans,yes,yes,10.0,10.0,Amazon Pay: 9.0% | Credit Card: 9.0% | Debit Card: 9.0% | MobiKwik: 9.0% | Net Banking: 9.0% | PAYTM UPI: 10.0% | Paytm Wallet: 9.0% | UPI: 10.0% | e-Pay: 10.0%,500 / 100 / 1000 / 2000,yes,,,,yes,yes,no,unlimited,yes,yes,yes,,,,,,,,Multiple Gift Vouchers CAN be combined & added to the e-Pay balance,The GV/e-Pay can be clubbed with discounts and offers offered by Neeman’s on their website.,,
Neerus,maximize,https://www.maximize.money/gift-cards/Neerus/885,yes,yes,8.75,8.75,Amazon pay: 6.75% | Amex: 6.5% | CC on UPI: 6.4% | Credit Card: 6.85% | Debit Card: 7.5% | Diners Club: 6.5% | Pay With Rewards: 5.45% | UPI: 8.75% | Wallets: 6.4%,500 / 1000 / 5000 / 10000 / 15000 / 20000 / 25000,no,yes,,9.0,same denomination only,no,yes,1,no,yes,no,Any fashion apparel or accessories (Yuva) available in-store,location: partner stores - valid only at Neeru's Exclusive outlets,6 months from the date of issue,,,,,Can the cards be clubbed? Multiple cards can't be clubbed,"Can be clubbed with other offers? No, can't club with other offers / coupons",Can be redeemed against any fashion apparel or accessories (Yuva) available in-store,
Neerus In Store,buyhatke,https://buyhatke.com/gift-cards/neerus-(in-store)-gift-card,yes,yes,7.85,7.85,any: 7.85%,500 / 1000 / 5000 / 10000 / 15000 / 20000 / 25000,yes,yes,,,same denomination only,no,yes,,no,,,Any fashion apparel or accessories (Yuva) available in-store,location: partner stores,6 months from the date of issue,,,,,,,Can be redeemed against any fashion apparel or accessories (Yuva) available in-store,
Nestasia,buyhatke,https://buyhatke.com/gift-cards/nestasia-gift-card,no,no,,,,500 / 1000 / 1500 / 2000,yes,,,,same denomination only,,,,,,,,,,,,,,,,,
Nestasia,gyftr,https://www.gyftr.com/nestasia,yes,yes,13.0,13.0,Amazon Pay: 11.0% | Credit Card: 11.0% | Debit Card: 11.0% | MobiKwik: 11.0% | Net Banking: 11.0% | PAYTM UPI: 13.0% | Paytm Wallet: 13.0% | Payzapp: 11.0% | UPI: 13.0% | e-Pay: 13.0%,5000 / 1000 / 10000 / 500 / 2000,no,yes,,,yes,no,yes,unlimited,yes,yes,yes,,,,,,,,Multiple Gift Vouchers CAN be added to e-Pay balance,The GV/e-Pay can be clubbed with existing offers.,,
Nestasia,maximize,https://www.maximize.money/gift-cards/Nestasia/1082,yes,yes,12.25,12.25,Amazon pay: 10.25% | Amex: 10.0% | CC on UPI: 9.9% | Credit Card: 10.35% | Debit Card: 11.0% | Diners Club: 10.0% | Pay With Rewards: 8.95% | UPI: 12.25% | Wallets: 9.9%,500 / 1000 / 2000 / 5000 / 10000,no,yes,,12.5,same denomination only,no,yes,unlimited,yes,no,yes,,location: only participating Nestasia stores,up to 12 months from purchase,,,,,Multiple Gift Vouchers can be combined and added to the e-Pay balance.,Gift Vouchers can be clubbed with existing offers and discounts.,,
Netmeds,buyhatke,https://buyhatke.com/gift-cards/netmeds-gift-card,yes,yes,7.55,7.55,any: 7.55%,250 / 500 / 1000 / 2000,yes,,,,same denomination only,yes,no,unlimited,yes,no,no,Medicines only,"Toiletries | Cosmetics | Wellness | FMCG products, or products of a similar kind",,,,,,Multiple GVs can be combined and added to the e-Pay balance.,The GV/e-Pay cannot be clubbed with ongoing offers and promo codes available on the website.,This GV/e-Pay entitles customers to order medicines ONLY.,
Netmeds,gyftr,https://www.gyftr.com/netmeds,yes,yes,10.0,10.0,Amazon Pay: 10.0% | Credit Card: 10.0% | Debit Card: 10.0% | MobiKwik: 10.0% | Net Banking: 10.0% | PAYTM UPI: 10.0% | Paytm Wallet: 10.0% | UPI: 10.0% | e-Pay: 10.0%,500 / 1500 / 2000 / 250 / 1000 / 100,yes,,,,yes,yes,,unlimited,yes,yes,no,medicines only,Toiletries | Cosmetics | FMCG products | Ayurvedic and Homeopathy products,,,,,,Multiple Gift Vouchers CAN be combined & added to the e-Pay balance,The GV/e-Pay cannot be clubbed with the ongoing sales and offers.,This GV/e-Pay entitles customers to order medicines ONLY.,
Netmeds,maximize,https://www.maximize.money/gift-cards/Netmeds/280,yes,yes,16.0,16.0,Amazon pay: 14.0% | Amex: 13.75% | CC on UPI: 13.65% | Credit Card: 14.1% | Debit Card: 14.75% | Diners Club: 13.75% | Pay With Rewards: 12.7% | UPI: 16.0% | Wallets: 13.65%,250 / 500 / 1000,no,,,16.25,same denomination only,yes,no,unlimited,yes,no,no,Medicines only,Toiletries | Cosmetics | Wellness | FMCG products,up to 6 months,,,,,Multiple GVs can be combined and added to the e-Pay balance.,The GV/e-Pay cannot be clubbed with ongoing offers and promo codes available on the website.,This GV/e-Pay entitles customers to order medicines ONLY.,
NEXT,gyftr,https://www.gyftr.com/next,yes,yes,3.0,3.0,Amazon Pay: 3.0% | Credit Card: 3.0% | Debit Card: 3.0% | MobiKwik: 3.0% | Net Banking: 3.0% | PAYTM UPI: 3.0% | Paytm Wallet: 3.0% | UPI: 3.0% | e-Pay: 3.0%,5000 / 1000 / 10000 / 2000 / 100,yes,yes,,,yes,,yes,unlimited,yes,,yes,,,,,,,,Multiple Gift Vouchers can be combined & added to the e-Pay balance,The GV/e-Pay can be clubbed with the existing offers.,,
NEXT,maximize,https://www.maximize.money/gift-cards/NEXT/972,yes,yes,3.0,3.0,Amazon pay: 1.0% | Amex: 0.75% | CC on UPI: 0.65% | Credit Card: 1.1% | Debit Card: 1.75% | Diners Club: 0.75% | Pay With Rewards: 0.0% | UPI: 3.0% | Wallets: 0.65%,200 / 500 / 1000 / 2000 / 5000 / 10000,yes,yes,,5.75,same denomination only,no,yes,unlimited,yes,no,yes,,location: listed Next retail stores/outlets only,up to 6 months from purchase,,,,,Multiple Gift Vouchers can be combined and added to the e-Pay balance.,The GV/e-Pay can be clubbed with existing offers.,,
NEXT In Store,buyhatke,https://buyhatke.com/gift-cards/next-(in-store)-gift-card,yes,yes,3.29,3.29,any: 3.29%,1000 / 2000 / 5000 / 10000,yes,yes,,,same denomination only,no,yes,,,,yes,,,6 months,,,,,,The Gift card can be clubbed with the existing offers.,,
Nilkamal Homes,maximize,https://www.maximize.money/gift-cards/Nilkamal Homes/329,yes,yes,7.5,7.5,Amazon pay: 5.5% | Amex: 5.25% | CC on UPI: 5.15% | Credit Card: 5.6% | Debit Card: 6.25% | Diners Club: 5.25% | Pay With Rewards: 4.2% | UPI: 7.5% | Wallets: 5.15%,500 / 1000 / 2000 / 5000 / 10000 / 15000 / 20000 / 25000,no,yes,,7.6,same denomination only,yes,yes,unlimited,no,yes,yes,,,one year from the date of purchase,"normally instant, may be delayed up to 24-48 hours",,,,Can the cards be clubbed? Use several gift cards in one purchase,The E-Gift can be utilized with combination of other promotional offers at store or website.,,
Nintendo,buyhatke,https://buyhatke.com/gift-cards/nintendo-gift-card,yes,yes,4.57,4.57,any: 4.57%,950 / 1900 / 3320 / 4750,yes,,,,same denomination only,yes,no,,,,,Games and other content on Nintendo eShop and other Nintendo shopping services,,,,,,,,,The Gift card Balance is only redeemable using a Nintendo Account on Nintendo eShop and other Nintendo shopping services to purchase gamesand other content.,
Nintendo eShop Voucher,gyftr,https://www.gyftr.com/nintendo-eshop-voucher,yes,yes,5.0,5.0,Amazon Pay: 3.0% | Credit Card: 3.0% | Debit Card: 3.0% | MobiKwik: 3.0% | Net Banking: 3.0% | PAYTM UPI: 5.0% | UPI: 5.0% | e-Pay: 5.0%,3325 / 1900 / 4750 / 950,no,,,,yes,yes,,,yes,yes,no,games and other digital content on Nintendo eShop and other Nintendo shopping services,,,,,,,,The GV/GC cannot be clubbed with any existing offers on Nintendo eShop or Nintendo shopping services.,The GV/GC can only be used to purchase games and other digital content on Nintendo eShop and other Nintendo shopping services.,
Nintendo Shop,maximize,https://www.maximize.money/gift-cards/Nintendo Shop/1121,yes,yes,4.0,4.0,Amazon pay: 2.0% | Amex: 1.75% | CC on UPI: 1.65% | Credit Card: 2.1% | Debit Card: 2.75% | Diners Club: 1.75% | Pay With Rewards: 0.7% | UPI: 4.0% | Wallets: 1.65%,950 / 1900 / 3325 / 4750,no,,,4.1,same denomination only,yes,no,unlimited,yes,yes,no,"Games, downloadable content (DLC) and other digital content on Nintendo eShop",physical products | purchases outside Nintendo shopping services,up to 6 months,,,,,Multiple Gift Vouchers can be added to a single Nintendo Account.,Cannot be clubbed with existing promotional offers or discount codes.,"Can be used to purchase games, downloadable content (DLC), and other digital content available on Nintendo eShop.",
NU Ayurveda In Store,buyhatke,https://buyhatke.com/gift-cards/nu-ayurveda-(in-store)-gift-card,yes,yes,10.88,10.88,any: 10.88%,500 / 1000 / 2000 / 5000 / 10000,yes,yes,,,same denomination only,no,yes,unlimited,,,yes,,,3 months,,,,,Unlimited e-Gift Voucher can be clubbed against single retail billing,Gift Voucher can be used during End of Season Sale,,
Nua Woman,gyftr,https://www.gyftr.com/nua-woman,yes,yes,27.0,27.0,Amazon Pay: 26.0% | Credit Card: 26.0% | Debit Card: 26.0% | MobiKwik: 26.0% | Net Banking: 26.0% | PAYTM UPI: 27.0% | Paytm Wallet: 26.0% | UPI: 27.0% | e-Pay: 27.0%,2000 / 500 / 1000 / 100,yes,,,,yes,yes,no,unlimited,yes,yes,yes,,Nua subscription,,,,,,Multiple Gift Vouchers can be combined & added to the e-Pay balance,The GV/e-Pay can be clubbed with existing offers on the website.,,
Nua Women,buyhatke,https://buyhatke.com/gift-cards/nua-women-gift-card,yes,yes,23.78,23.78,any: 23.78%,500 / 1000 / 2000,yes,,,,same denomination only,yes,no,,yes,no,yes,,subscriptions,,,,,,,GV can be used over and above existing website discounts,,
Nua Women,maximize,https://www.maximize.money/gift-cards/Nua Women/806,yes,yes,26.75,26.75,Amazon pay: 24.75% | Amex: 24.5% | CC on UPI: 24.4% | Credit Card: 24.85% | Debit Card: 25.5% | Diners Club: 24.5% | Pay With Rewards: 23.45% | UPI: 26.75% | Wallets: 24.4%,200 / 500 / 1000 / 2000 / 5000 / 10000,yes,,,27.5,same denomination only,yes,no,unlimited,yes,no,yes,,subscriptions,up to 6 months from purchase,,,,,Can the cards be clubbed? Use several gift cards in one purchase,GV can be used over and above existing website discounts,,
Nykaa,buyhatke,https://buyhatke.com/gift-cards/nykaa-gift-card,yes,yes,4.74,4.74,any: 4.74%,500 / 1000 / 1500 / 2000 / 5000 / 10000,yes,yes,,,same denomination only,yes,yes,1,yes,no,yes,,Gold/Silver Coins | Gold/Silver Bars | Jewellery | other gift cards,365 days from the date of issue,,,,,You can redeem only 1 Gift Card per order.,The Gift Card can be combined with promotional codes and with other payment options,,
Nykaa,gyftr,https://www.gyftr.com/nykaa,yes,yes,5.0,5.0,Credit Card: 3.0% | Debit Card: 3.0% | Net Banking: 3.0% | PAYTM UPI: 5.0% | Paytm Wallet: 3.0% | UPI: 5.0% | e-Pay: 5.0%,1500 / 5000 / 500 / 10000 / 2000 / 1000,no,yes,,,yes,yes,yes,1,no,yes,yes,,other gift cards | Gold/Silver Coins | Gold/Silver Bars | Jewellery,,,,,,You can redeem only 1 Gift Card per order.,"The GV/GC can be clubbed with existing offers, promotional codes, and with other payment options.",,
Nykaa (Custom),maximize,https://www.maximize.money/gift-cards/Nykaa/234,yes,yes,6.0,6.0,Amex: 3.75% | CC on UPI: 3.65% | Credit Card: 4.1% | Debit Card: 4.75% | Diners Club: 3.75% | UPI: 6.0%,250 / 500 / 1000 / 2000 / 5000 / 10000,yes,yes,,6.1,same denomination only,yes,yes,1,yes,no,yes,,Gold | Silver | Jewellery | other Gift Cards,365 days,,,,,"Only 1 Gift Card per order is allowed, but registered users may add multiple cards to Wallet.","Wallet or Gift Cards cannot be used for Gold, Silver, or Jewellery, and cannot be redeemed for cash, credit, or reloaded; they can be combined with promo codes and other payments.",,
Nykaa Fashion,buyhatke,https://buyhatke.com/gift-cards/nykaa-fashion-gift-card,yes,yes,4.74,4.74,any: 4.74%,500 / 1000 / 2000 / 5000 / 10000,yes,,,,same denomination only,yes,no,1,yes,no,yes,,Gold/Silver Coins | Gold/Silver Bars | Jewellery | other gift cards,365 days from the date of issue,,,,,You can redeem only 1 Gift Card per order.,The Gift Card can be combined with promotional codes and with other payment options.,,
Nykaa Fashion,gyftr,https://www.gyftr.com/nykaa-fashion,yes,yes,4.0,4.0,Credit Card: 3.0% | Debit Card: 3.0% | Net Banking: 3.0% | PAYTM UPI: 4.0% | Paytm Wallet: 3.0% | UPI: 4.0% | e-Pay: 4.0%,5000 / 10000 / 2000 / 1000,no,yes,,,yes,yes,yes,1,,yes,yes,,,,,,,,You can redeem only 1 Gift Card per order.,Gift Vouchers CAN be used during Sale.,,
Nykaa Fashion,maximize,https://www.maximize.money/gift-cards/Nykaa Fashion/340,yes,yes,6.0,6.0,Amex: 3.75% | CC on UPI: 3.65% | Credit Card: 4.1% | Debit Card: 4.75% | Diners Club: 3.75% | UPI: 6.0%,250 / 500 / 1000 / 1500 / 2500 / 5000 / 7500 / 10000,yes,yes,,6.1,same denomination only,yes,yes,1,yes,no,yes,,Gold Silver Coins | Gold Silver Bars | Jewellery | other gift cards,365 days from the date of issue,,,,,You can redeem only 1 Gift Card per order,The Gift Card can be combined with promotional codes and with other payment options,,
Nykaa LUXE,buyhatke,https://buyhatke.com/gift-cards/nykaa-luxe-gift-card,yes,yes,4.99,4.99,any: 4.99%,500 / 1000 / 2000 / 5000 / 10000,yes,,,,same denomination only,yes,,1,,,,,Gold & Silver coins | bars | Jewellery,,,,,,Only one GV can be redeemed per order.,,,
Nykaa Man,buyhatke,https://buyhatke.com/gift-cards/nykaa-man-gift-card,yes,yes,4.74,4.74,any: 4.74%,500 / 1000 / 2000 / 5000 / 10000,yes,,,,same denomination only,yes,no,1,yes,no,yes,,Gold/Silver Coins | Gold/Silver Bars | Jewellery | other gift cards,365 days from the date of issue,,,,,You can redeem only 1 Gift Card per order.,The Gift Card can be combined with promotional codes and with other payment options,,
Nykaa Man,gyftr,https://www.gyftr.com/nykaa-man,yes,yes,4.0,4.0,Credit Card: 3.0% | Debit Card: 3.0% | Net Banking: 3.0% | PAYTM UPI: 4.0% | Paytm Wallet: 3.0% | UPI: 4.0% | e-Pay: 4.0%,5000 / 10000 / 2000 / 1000,no,yes,,,yes,yes,yes,1,no,yes,yes,,other gift cards | Gold/Silver Coins | Gold/Silver Bars | Jewellery,,,,,,You can redeem only 1 Gift Card per order.,"The GV/GC can be clubbed with existing offers, promotional codes, and with other payment options.",,
Nykaa Men,maximize,https://www.maximize.money/gift-cards/Nykaa Men/341,yes,yes,6.0,6.0,Amex: 3.75% | CC on UPI: 3.65% | Credit Card: 4.1% | Debit Card: 4.75% | Diners Club: 3.75% | UPI: 6.0%,250 / 500 / 1000 / 1500 / 2500 / 5000 / 7500 / 10000,yes,,,6.1,same denomination only,yes,no,5,yes,no,yes,,other gift cards,1 year,"normally instant, may be delayed up to 24 hours",,,,You can redeem up to 5 Gift Cards in a single order.,The Gift Card can also be combined with promotional codes and with other prepaid payment options.,,
O2 Spa (In Store),buyhatke,https://buyhatke.com/gift-cards/o2-spa-(in-store)-gift-card,no,no,,,,500 / 1000 / 1500 / 2000,yes,yes,,,same denomination only,no,yes,5,,,,,,180 days from the day of activation,,,,,Maximum of five gift cards can be redeemed against single invoice,,,
O2 Spa Salon In Store,buyhatke,https://buyhatke.com/gift-cards/o2-spa-salon-(in-store)-gift-card,yes,yes,11.88,11.88,any: 11.88%,500 / 1000 / 2500 / 10000,yes,yes,,,same denomination only,no,yes,5,,,,,,6 months,,,,,Maximum of five gift cards can be redeemed against a single invoice,,,
Oberoi Hotels Resorts,buyhatke,https://buyhatke.com/gift-cards/oberoi-hotels-resorts-gift-card,no,no,,,,500 / 1000 / 1500 / 2000,yes,yes,,,same denomination only,yes,yes,,yes,no,,,"Deposit, advance purchase, or securing/confirming a reservation",One year from the date of issue,,,,,,,,
Ode Spa Salon,maximize,https://www.maximize.money/gift-cards/Ode Spa Salon/775,yes,yes,12.75,12.75,Amazon pay: 10.75% | Amex: 10.5% | CC on UPI: 10.4% | Credit Card: 10.85% | Debit Card: 11.5% | Diners Club: 10.5% | Pay With Rewards: 9.45% | UPI: 12.75% | Wallets: 10.4%,1000,yes,yes,,13.25,same denomination only,,yes,5,,yes,no,,,180 days from the date of activation,"normally instant, may be delayed up to 24 hours",,,,A maximum of five gift cards can be redeemed against a single invoice.,"Can be clubbed with other offers? No, can't club with other offers / coupons",,
Ode Spa Salon In Store,buyhatke,https://buyhatke.com/gift-cards/ode-spa-salon-(in-store)-gift-card,yes,yes,10.95,10.95,any: 10.95%,1000,yes,yes,,,same denomination only,no,yes,5,,,,,,180 days from the date of activation,Usually instant; may be delayed up to 24 hours,,,,A maximum of five gift cards can be redeemed against a single invoice.,,,
Oh Calcutta In Store,buyhatke,https://buyhatke.com/gift-cards/oh-calcutta-(in-store)-gift-card,yes,yes,12.98,12.98,any: 12.98%,250 / 500 / 1000 / 1500 / 2000 / 2500 / 3000 / 5000,yes,yes,,,same denomination only,no,yes,unlimited,no,yes,no,Food and non-alcoholic beverages only,Meal Combos | Blockout dates,,,,,,Multiple vouchers can be used in one bill.,Cannot be clubbed with other offers or vouchers. Cannot be used on Meal Combos.,Valid only for food and non-alcoholic beverages.,
Oh! Calcutta,gyftr,https://www.gyftr.com/oh-calcutta,yes,yes,10.0,10.0,Amazon Pay: 8.0% | Credit Card: 8.0% | Debit Card: 8.0% | MobiKwik: 8.0% | Net Banking: 8.0% | PAYTM UPI: 10.0% | UPI: 10.0% | e-Pay: 10.0%,250 / 1000 / 5000 / 2000 / 500,no,yes,,,yes,no,yes,unlimited,no,yes,no,Food & Non-Alcoholic beverages,,,,,,,Multiple GV/GC can be used against one bill.,GV/GC cannot be clubbed with any other offer or voucher.,Speciality Restaurants GV/GC is valid only on Food & Non-Alcoholic beverages,
Oh! Calcutta,maximize,https://www.maximize.money/gift-cards/Oh! Calcutta/544,yes,yes,13.25,13.25,Amazon pay: 11.25% | Amex: 11.0% | CC on UPI: 10.9% | Credit Card: 11.35% | Debit Card: 12.0% | Diners Club: 11.0% | Pay With Rewards: 9.95% | UPI: 13.25% | Wallets: 10.9%,250 / 500 / 1000 / 1500 / 2000 / 2500 / 3000 / 5000,no,yes,,13.75,same denomination only,no,yes,unlimited,no,yes,no,Food and non-alcoholic beverages,Meal Combos | location: only listed outlets,up to 6 months,,,,,Multiple vouchers can be used in one bill.,Cannot be clubbed with other offers or vouchers. Cannot be used on Meal Combos.,Valid only for food and non-alcoholic beverages.,
Ola Cabs,buyhatke,https://buyhatke.com/gift-cards/ola-cabs-gift-card,yes,yes,6.69,6.69,any: 6.69%,100 / 250 / 500,yes,,,,same denomination only,yes,no,1,no,yes,no,Ride fare only,"Ola Drive | Ola Share | Rentals | Outstation | Food | Luxury | Auto | Bike & Shuttle | Taxes, tolls and miscellaneous charges",,,,,,Only ONE GV / GC can be used in one bill.,Ola GV / GC cannot be clubbed with any other Promo code.,"Gift voucher is redeemable only against the fare of the ride. Any taxes, tolls and miscellaneous charges will not be included in the voucher value.",
OLA CABS,gyftr,https://www.gyftr.com/ola-cabs,yes,no,0.0,10.0,Amazon Pay: 10.0% | Credit Card: 0.0% | Debit Card: 0.0% | MobiKwik: 0.0% | Net Banking: 0.0% | UPI: 0.0% | e-Pay: 0.0%,500 / 100 / 150 / 50,no,,,,yes,yes,no,1,no,yes,no,the fare of the ride only,Ola Drive | Ola Share | Rentals | Outstation | Food | Luxury | Auto | Bike & Shuttle,,,,,,Only ONE GV / GC can be used in one bill.,Gift voucher CANNOT be clubbed with on-going promotions/offers.,"Gift voucher is redeemable only against the fare of the ride. Any taxes, tolls and miscellaneous charges will not be included in the voucher value.",
OM BOOK SHOP,buyhatke,https://buyhatke.com/gift-cards/om-book-shop-gift-card,no,no,,,,500 / 1000 / 1500 / 2000,yes,,,,same denomination only,yes,no,,,no,yes,,BBdaily | Tata neu coins,1 year,,,,,,All brand funded offers can be clubbed during purchase; but gift card cannot be used on BBdaily,,
ONLY (In Store),buyhatke,https://buyhatke.com/gift-cards/only-(in-store)-gift-card,no,no,,,,500 / 1000 / 1500 / 2000,yes,yes,,,same denomination only,no,yes,,no,yes,,,,One year from the date of purchase/issue,,,,,,,,
Organic In Store,buyhatke,https://buyhatke.com/gift-cards/organic-(in-store)-gift-card,yes,yes,9.89,9.89,any: 9.89%,250 / 500 / 750 / 1000 / 1500,yes,yes,,,same denomination only,no,yes,unlimited,yes,no,no,,Block-out dates,6 months from issuance,,,,,Multiple GVs/GCs can be used in one bill.,GVs cannot be clubbed with ongoing promotions or on block-out dates.,,
ORGANIC INDIA,gyftr,https://www.gyftr.com/organic-india,yes,yes,10.0,10.0,Amazon Pay: 8.0% | Credit Card: 8.0% | Debit Card: 8.0% | MobiKwik: 8.0% | Net Banking: 8.0% | PAYTM UPI: 10.0% | Paytm Wallet: 8.0% | UPI: 10.0% | e-Pay: 10.0%,250 / 1500 / 500 / 1000 / 100 / 100,yes,yes,,,yes,no,yes,unlimited,yes,,no,,,6 months,,,,,Multiple Gift Vouchers CAN be used in one bill at the store/retail outlets,Organic India GV / GC cannot be clubbed with on-going promotions.,,
Organic India,maximize,https://www.maximize.money/gift-cards/Organic India/546,yes,yes,10.25,10.25,Amazon pay: 8.25% | Amex: 8.0% | CC on UPI: 7.9% | Credit Card: 8.35% | Debit Card: 9.0% | Diners Club: 8.0% | Pay With Rewards: 6.95% | UPI: 10.25% | Wallets: 7.9%,250 / 500 / 1000 / 1500,yes,yes,,10.75,same denomination only,no,yes,unlimited,yes,no,no,,location: only listed Organic India outlets,6 months from issuance,,,,,Multiple GVs/GCs can be used in one bill.,GVs cannot be clubbed with ongoing promotions or on block-out dates.,,
Origin Nutrition,buyhatke,https://buyhatke.com/gift-cards/origin-nutrition-gift-card,yes,yes,15.88,15.88,any: 15.88%,500 / 1000 / 2000 / 5000 / 10000,yes,,,,same denomination only,yes,no,,no,yes,yes,,,6 months,,,,,,E-Gift Vouchers can be clubbed with the on-going offers & schemes,,
Ornaz,buyhatke,https://buyhatke.com/gift-cards/ornaz-gift-card,yes,yes,9.89,9.89,any: 9.89%,500 / 1500 / 5000 / 25000,yes,,,,same denomination only,yes,no,3,,,,Jewellery products only,,1 year,,,,,Multiple Gift Card(s) of up to three can be used in a single transaction,,Comes with 1-year validity and can be redeemed on purchase of any jewellery products only on Ornaz.com and Ornaz mobile app,
OTTplay,buyhatke,https://buyhatke.com/gift-cards/ottplay-gift-card,no,no,,,,500 / 1000 / 1500 / 2000,yes,,,,same denomination only,yes,no,1,,yes,no,,,,,,,,Only one GV/GC can be used for one subscription.,The GV/GC cannot be clubbed with any existing offer on its website.,,
Oven Story,buyhatke,https://buyhatke.com/gift-cards/oven-story-gift-card,yes,yes,8.39,8.39,any: 8.39%,250 / 500 / 1000 / 1500 / 2000,yes,,,,same denomination only,yes,no,unlimited,yes,,no,,,,,,,,Multiple GV/GC can be combined and added to the EatSure wallet balance.,"GV/GC can be used to buy discounted items on the EatSure app, but it cannot be clubbed with other aggregator offers.",,
Oven Story,gyftr,https://www.gyftr.com/oven-story,yes,yes,12.0,12.0,Amazon Pay: 10.0% | Credit Card: 10.0% | Debit Card: 10.0% | MobiKwik: 10.0% | Net Banking: 10.0% | PAYTM UPI: 12.0% | Paytm Wallet: 10.0% | UPI: 12.0% | e-Pay: 10.0%,2000 / 100 / 250 / 500 / 1500 / 1000,yes,,,,yes,yes,,unlimited,yes,yes,yes,,,,,,,,Multiple GV/GC can be combined and added to the EatSure wallet balance,"GV/GC can be used to buy discounted items on the EatSure app, but it cannot be clubbed with other aggregator offers.",,
Ovenstory,buyhatke,https://buyhatke.com/gift-cards/ovenstory-gift-card,no,no,,,,,no,,,,same denomination only,,,,,,,,,,,,,,,,,
Ovenstory,maximize,https://www.maximize.money/gift-cards/Ovenstory/659,yes,yes,9.75,9.75,Amex: 7.5% | CC on UPI: 7.4% | Credit Card: 7.85% | Debit Card: 8.5% | Diners Club: 7.5% | UPI: 9.75%,250 / 500 / 1000 / 1500 / 2000,no,,,10.25,same denomination only,yes,no,1,yes,no,no,,another Oven Story Gift Card,12 months from the date of issue,"usually instant, may take up to 24 hours",,,,Only one Gift Card can be used per order.,"Can be clubbed with other offers? No, can't club with other offers / coupons",,
Ovenstory Pizza,gyftr,https://www.gyftr.com/ovenstory-pizza,no,no,0.0,0.0,Amazon Pay: 0.0% | Credit Card: 0.0% | Debit Card: 0.0% | MobiKwik: 0.0% | Net Banking: 0.0% | Payzapp: 0.0% | UPI: 0.0% | e-Pay: 0.0%,,no,,,,yes,,,,,,,,,,,,,,,,,
Pa Pa Ya,gyftr,https://www.gyftr.com/pa-pa-ya,yes,yes,15.0,15.0,Amazon Pay: 13.0% | Credit Card: 13.0% | Debit Card: 13.0% | MobiKwik: 13.0% | Net Banking: 13.0% | PAYTM UPI: 15.0% | UPI: 15.0% | e-Pay: 15.0%,1000 / 500 / 10000 / 2500 / 5000 / 100 / 7500,yes,yes,,,yes,no,yes,unlimited,yes,yes,no,,,,,,,,Multiple GVs can be combined and added to the e-Pay balance,The GV/e-Pay cannot be clubbed with any existing offers.,,
Palmonas,gyftr,https://www.gyftr.com/palmonas,yes,yes,13.0,13.0,Amazon Pay: 11.0% | Credit Card: 11.0% | Debit Card: 11.0% | MobiKwik: 11.0% | Net Banking: 11.0% | PAYTM UPI: 13.0% | UPI: 13.0% | e-Pay: 13.0%,5000 / 1000 / 2000 / 500 / 2500 / 100,yes,,,,yes,yes,no,,yes,yes,yes,,,,,,,,,The Gift Voucher GV/e-Pay can be used over and above any discounts offered by the brand.,,
Palmonas,maximize,https://www.maximize.money/gift-cards/Palmonas/1014,yes,yes,13.0,13.0,Amazon pay: 11.0% | Amex: 10.75% | CC on UPI: 10.65% | Credit Card: 11.1% | Debit Card: 11.75% | Diners Club: 10.75% | Pay With Rewards: 9.7% | UPI: 13.0% | Wallets: 10.65%,200 / 500 / 1000 / 2000 / 5000 / 10000,yes,,,13.25,same denomination only,yes,no,unlimited,yes,no,yes,,,up to 12 months from purchase,,,,,Can the cards be clubbed? Use several gift cards in one purchase,The Gift Voucher GV/e-Pay can be used over and above any discounts offered by the brand on its website.,,
PANTALOONS,gyftr,https://www.gyftr.com/pantaloons,yes,yes,7.0,7.0,Amazon Pay: 5.0% | Credit Card: 5.0% | Debit Card: 5.0% | Net Banking: 5.0% | PAYTM UPI: 7.0% | Paytm Wallet: 5.0% | UPI: 7.0% | e-Pay: 7.0%,100 / 1000 / 7500 / 500 / 2000 / 5000,yes,yes,,,yes,,yes,unlimited,,yes,yes,,shop-in-shops | jewellery,,4 hours from the time of purchase,,,,More than one GV / GC can be used in one bill.,Pantaloons GV / GC can be used during sale.,,
Pantaloons,maximize,https://www.maximize.money/gift-cards/Pantaloons/660,yes,yes,7.75,7.75,Amazon pay: 5.75% | Amex: 5.5% | CC on UPI: 5.4% | Credit Card: 5.85% | Debit Card: 6.5% | Diners Club: 5.5% | Pay With Rewards: 4.45% | UPI: 7.75% | Wallets: 5.4%,250 / 500 / 1000 / 1500 / 2000 / 2500 / 3000 / 4000 / 5000 / 7500,yes,yes,,8.0,same denomination only,,yes,unlimited,no,yes,yes,,jewellery | location: shop-in-shops,up to 12 months,redeemable only after 4 hours from the time of purchase,,,,More than one GV / GC can be used in one bill.,"Can be clubbed with other offers? Yes, clubbable with other offers / coupons",,
Pantaloons (4 Hr Wait),buyhatke,https://buyhatke.com/gift-cards/pantaloons-(4-hr-wait)-gift-card,no,no,,,,500 / 1000 / 1500 / 2000,yes,yes,,,same denomination only,yes,yes,unlimited,no,yes,,,Shop-in-shops | Jewellery,12 months from the date of activation,Usable only 4 hours after code generation,,,,Multiple Pantaloons E-Gift Vouchers can be redeemed against a single invoice.,,,
"Pantaloons (In Store, 4 Hr Wait)",buyhatke,https://buyhatke.com/gift-cards/pantaloons-(in-store%2C-4-hr-wait)-gift-card,yes,no,,,,100 / 450 / 1500 / 5000,yes,yes,yes,,same denomination only,no,yes,,,yes,,,Shop-in-shops | Jewellery,1 year,Usable only 4 hours after code generation,,,,,,,
Park Avenue,gyftr,https://www.gyftr.com/park-avenue,yes,yes,10.0,10.0,Amazon Pay: 9.0% | Credit Card: 9.0% | Debit Card: 9.0% | MobiKwik: 9.0% | Net Banking: 9.0% | PAYTM UPI: 10.0% | Paytm Wallet: 9.0% | UPI: 10.0% | e-Pay: 10.0%,5000 / 2500 / 7500 / 3000 / 1000 / 500 / 10000 / 2000 / 1500 / 100,yes,yes,,,yes,no,yes,unlimited,yes,,no,,discounted products during EOSS,,,,,,Multiple Gift Vouchers CAN be combined & added to the e-Pay balance,Gift Voucher/ e-Pay CANNOT be used on discounted products during EOSS.,,
Park Avenue,maximize,https://www.maximize.money/gift-cards/Park Avenue/323,yes,yes,10.75,10.75,Amazon pay: 8.75% | Amex: 8.5% | CC on UPI: 8.4% | Credit Card: 8.85% | Debit Card: 9.5% | Diners Club: 8.5% | Pay With Rewards: 7.45% | UPI: 10.75% | Wallets: 8.4%,500 / 1000 / 1500 / 2000 / 2500 / 3000 / 5000 / 7500 / 10000,no,yes,,11.0,same denomination only,,yes,unlimited,yes,no,no,Ready-made products only,Custom Tailoring bills | discounted products during the End of Season Sale | location: only listed outlets,6 - 12 months,,,,,More than one GV / GC can be used in one bill.,"GV/e-Pay can be used during the End of Season Sale (EOSS), but they cannot be applied to discounted products during the sale.",The Park Avenue GV / GC can only be used to purchase ready-made products.,
Park Avenue In Store,buyhatke,https://buyhatke.com/gift-cards/park-avenue-(in-store)-gift-card,no,no,,,,,no,,,,same denomination only,,,,,,,,,,,,,,,,,
Parx,gyftr,https://www.gyftr.com/parx,yes,yes,10.0,10.0,Amazon Pay: 9.0% | Credit Card: 9.0% | Debit Card: 9.0% | MobiKwik: 9.0% | Net Banking: 9.0% | PAYTM UPI: 10.0% | Paytm Wallet: 9.0% | UPI: 10.0% | e-Pay: 10.0%,3000 / 7500 / 10000 / 5000 / 1000 / 500 / 2000 / 2500 / 1500 / 100,yes,yes,,,yes,no,yes,unlimited,yes,,no,ready-made products only,Custom Tailoring bills | discounted products during EOSS,,,,,,More than one GV / GC can be used in one bill.,"GV/e-Pay can be used during the End of Season Sale (EOSS), but they cannot be applied to discounted products during the sale.",The Parx GV / GC can only be used to purchase ready-made products.,
Parx,maximize,https://www.maximize.money/gift-cards/Parx/324,yes,yes,10.75,10.75,Amazon pay: 8.75% | Amex: 8.5% | CC on UPI: 8.4% | Credit Card: 8.85% | Debit Card: 9.5% | Diners Club: 8.5% | Pay With Rewards: 7.45% | UPI: 10.75% | Wallets: 8.4%,500 / 1000 / 1500 / 2000 / 2500 / 3000 / 5000 / 7500 / 10000,no,yes,,11.0,same denomination only,,yes,unlimited,yes,no,no,Ready-made products only,Custom Tailoring bills | discounted products during the End of Season Sale | location: only listed outlets,6 - 12 months,,,,,More than one GV / GC can be used in one bill.,"GV/e-Pay can be used during the End of Season Sale (EOSS), but they cannot be applied to discounted products during the sale.",The Parx GV / GC can only be used to purchase ready-made products.,
Parx In Store,buyhatke,https://buyhatke.com/gift-cards/parx-(in-store)-gift-card,no,no,,,,,no,,,,same denomination only,,,,,,,,,,,,,,,,,
Paul and Shark - Luxe,maximize,https://www.maximize.money/gift-cards/Paul and Shark - Luxe/35,yes,yes,9.75,9.75,Amazon pay: 7.75% | Amex: 7.5% | CC on UPI: 7.4% | Credit Card: 7.85% | Debit Card: 8.5% | Diners Club: 7.5% | Pay With Rewards: 6.45% | UPI: 9.75% | Wallets: 7.4%,1000 / 2000 / 5000 / 10000,no,yes,,12.5,same denomination only,,yes,unlimited,no,yes,no,,,up to 6 months,,,,,Can the cards be clubbed? Use several gift cards in one purchase,Non-transferable and cannot be combined with other offers.,,
Paul and Shark Luxe In Store,buyhatke,https://buyhatke.com/gift-cards/paul-and-shark-luxe-(in-store)-gift-card,no,no,,,,,no,,,,same denomination only,,,,,,,,,,,,,,,,,
Paul Shark Luxe In Store,buyhatke,https://buyhatke.com/gift-cards/paul-shark-luxe-(in-store)-gift-card,yes,yes,10.95,10.95,any: 10.95%,1000 / 2000 / 5000 / 10000,yes,yes,,,same denomination only,no,yes,unlimited,,yes,,Full-priced merchandise only,location: Airport stores,1 year,,,,,This is a one-time use giftcard; multiple cards can be used in 1 transaction,,Luxe Gift Card can only be redeemed against full-priced merchandise,
PAUL SHARK- Luxe Gift Card,gyftr,https://www.gyftr.com/paul-and-shark,yes,yes,10.0,10.0,Credit Card: 10.0% | Debit Card: 10.0% | Net Banking: 10.0% | PAYTM UPI: 10.0% | UPI: 10.0% | e-Pay: 10.0%,5000 / 2000 / 1000 / 10000,no,yes,,,yes,no,yes,unlimited,no,yes,no,,location: airport stores,,,,,,Multiple GV/GC can be used for one bill.,The GV/GC can be redeemed only against full priced merchandise.,,
Paul Smith In Store,buyhatke,https://buyhatke.com/gift-cards/paul-smith-(in-store)-gift-card,yes,yes,11.88,11.88,any: 11.88%,1000 / 2000 / 5000 / 10000,yes,yes,,,same denomination only,no,yes,unlimited,,yes,,Full-priced merchandise only,location: Airport stores,1 year,,,,,This is a one-time use giftcard; multiple cards can be used in 1 transaction,,Luxe Gift Card can only be redeemed against full-priced merchandise,
PC Chandra Gems Gold Coin,buyhatke,https://buyhatke.com/gift-cards/pc-chandra-gems-gold-coin-gift-card,no,no,,,,500 / 1000 / 1500 / 2000,yes,yes,,,same denomination only,yes,yes,,,yes,,,,6 months from the date of purchase/activation,,,,,,,,
PC Chandra Gold Coin,buyhatke,https://buyhatke.com/gift-cards/pc-chandra-gold-coin-gift-card,yes,yes,0.13,0.13,any: 0.13%,1000 / 2000 / 5000 / 10000,yes,yes,,,same denomination only,yes,yes,,,yes,,,,6 months from the date of purchase or activation,,,,,,,,
PC Chandra Gold Coin,maximize,https://www.maximize.money/gift-cards/PC Chandra Gold Coin/939,yes,yes,1.0,1.0,Amazon pay: 0.0% | Amex: 0.0% | CC on UPI: 0.0% | Credit Card: 0.0% | Debit Card: 0.0% | Diners Club: 0.0% | Pay With Rewards: 0.0% | UPI: 1.0% | Wallets: 0.0%,2000 / 5000 / 10000,yes,yes,,1.0,same denomination only,yes,yes,1,no,yes,no,,location: only participating P. C. Chandra Jewellers showrooms and website,6 months from the date of purchase or activation,,,,,Can the cards be clubbed? Multiple cards can't be clubbed,"Can be clubbed with other offers? No, can't club with other offers / coupons",,
PC Jeweller Diamond,gyftr,https://www.gyftr.com/pc-jeweller-diamond,yes,yes,3.0,3.0,Amazon Pay: 1.0% | Credit Card: 1.0% | Debit Card: 1.0% | MobiKwik: 1.0% | Net Banking: 1.0% | PAYTM UPI: 3.0% | UPI: 3.0% | e-Pay: 3.0%,100 / 500 / 2000,yes,yes,,,yes,,yes,unlimited,no,yes,yes,Diamond Jewellery only,,,,,,,Multiple GV/GC can be used against one bill.,Gift voucher can be clubbed with on-going promotions/offers.,This GV/GC can only be used to purchase Diamond Jewellery.,
PC Jeweller Gold,gyftr,https://www.gyftr.com/pc-jeweller-gold,yes,yes,1.0,1.0,Amazon Pay: 0.0% | Credit Card: 0.0% | Debit Card: 0.0% | MobiKwik: 0.0% | Net Banking: 0.0% | PAYTM UPI: 1.0% | UPI: 1.0% | e-Pay: 1.0%,1000 / 5000 / 100 / 2000,yes,yes,,,yes,,yes,unlimited,no,yes,yes,Gold Jewellery only,,,,,,,Multiple GV/GC can be used against one bill.,Gift voucher can be clubbed with on-going promotions/offers.,This GV/GC can only be used to purchase Gold Jewellery.,
PC Jeweller Gold Coin,gyftr,https://www.gyftr.com/pc-jeweller-gold-coin,yes,no,0.0,0.0,Debit Card: 0.0% | MobiKwik: 0.0% | Net Banking: 0.0% | UPI: 0.0% | e-Pay: 0.0%,100 / 2000 / 5000 / 2500 / 1000,yes,yes,,,yes,,yes,unlimited,no,yes,yes,Gold Coins only,,,,,,,Multiple GV/GC can be used against one bill.,Gift voucher can be clubbed with on-going promotions/offers.,This GV/GC can only be used to purchase Gold Coins.,
PCJ Diamond,buyhatke,https://buyhatke.com/gift-cards/pcj-diamond-gift-card,yes,yes,3.08,3.08,any: 3.08%,500 / 1000 / 2000 / 5000 / 7500 / 9990 / 10000,yes,yes,,,same denomination only,yes,yes,unlimited,no,yes,yes,Diamond Jewellery only,,,,,,,More than one GV can be used in one bill.,PC Jeweller Insta Gift Voucher (GV) / Gift Card can be used during sale.,PC Jeweller Diamond Jewellery Insta Gift Voucher (GV) / Gift Card can only be used to purchase Diamond Jewellery.,
PCJ Diamond (In Store),buyhatke,https://buyhatke.com/gift-cards/pcj-diamond-(in-store)-gift-card,yes,yes,2.44,2.44,any: 2.44%,100 / 500 / 2000 / 10000,yes,yes,,,same denomination only,no,yes,unlimited,no,yes,yes,Diamond Jewellery only,,,,,,,Multiple GV/GC can be used against one bill.,This GV/GC can be used during sales/promotional periods.,This GV/GC can only be used to purchase Diamond Jewellery.,
PCJ Diamond Jewellery,maximize,https://www.maximize.money/gift-cards/PCJ Diamond Jewellery/907,yes,yes,4.5,4.5,Amazon pay: 2.5% | Amex: 2.25% | CC on UPI: 2.15% | Credit Card: 2.6% | Debit Card: 3.25% | Diners Club: 2.25% | Pay With Rewards: 1.2% | UPI: 4.5% | Wallets: 2.15%,2000 / 5000 / 10000 / 20000 / 50000 / 100000,yes,yes,,4.75,same denomination only,,yes,unlimited,no,yes,no,Diamond Jewellery only,,two years from the date of issue,"normally instant, may be delayed up to 24-48 hours",,"Rs. 1,00,000 - maximum denomination the gift card can be purchased for",,Can the cards be clubbed? Use several gift cards in one purchase.,"Can be clubbed with other offers? No, can't club with other offers / coupons",A Diamond Jewellery Card can be used to purchase Diamond Jewellery only,
PCJ Diamond Jewellery In Store,buyhatke,https://buyhatke.com/gift-cards/pcj-diamond-jewellery-(in-store)-gift-card,yes,yes,2.02,2.02,any: 2.02%,500 / 1000 / 2000 / 5000,yes,yes,,,same denomination only,no,yes,,,yes,,Diamond Jewellery only,,Two years from the date of issue,Usually instant; may be delayed up to 24-48 hours,,,,,,A Diamond Jewellery Card can be used to purchase Diamond Jewellery only,
PCJ Gold Coin,buyhatke,https://buyhatke.com/gift-cards/pcj-gold-coin-gift-card,yes,yes,0.53,0.53,any: 0.53%,500 / 1000 / 2000 / 2500 / 5000 / 7500 / 10000,yes,yes,,,same denomination only,yes,yes,unlimited,no,yes,yes,Gold Coins only,,,,,,,More than one GV can be used in one bill.,PC Jeweller Insta Gift Voucher (GV) / Gift Card can be used during sale.,PC Jeweller Gold Coin Insta Gift Voucher (GV) / Gift Card can only be used to purchase Gold Coins.,
PCJ Gold Coin,maximize,https://www.maximize.money/gift-cards/PCJ Gold Coin/909,yes,yes,0.75,0.75,Amazon pay: 0.0% | Amex: 0.0% | CC on UPI: 0.0% | Credit Card: 0.0% | Debit Card: 0.0% | Diners Club: 0.0% | Pay With Rewards: 0.0% | UPI: 0.75% | Wallets: 0.0%,500 / 1000 / 2000 / 2500 / 5000 / 7500 / 10000,yes,yes,,0.86,same denomination only,,yes,unlimited,yes,no,no,"Gold coins, gold jewellery, and diamond jewellery",,1 year from the date of issue,,,"₹1,00,000 - maximum denomination the card can be purchased for",,Can the cards be clubbed? Use several gift cards in one purchase,"Can be clubbed with other offers? No, can't club with other offers / coupons","Gold Coin Cards can be used to purchase gold coins, gold jewellery, and diamond jewellery.",
PCJ Gold Coin In Store,buyhatke,https://buyhatke.com/gift-cards/pcj-gold-coin-(in-store)-gift-card,yes,yes,0.74,0.74,any: 0.74%,500 / 1000 / 2000 / 2500 / 5000 / 7500 / 10000,yes,yes,,,same denomination only,no,yes,,yes,no,,"Gold coins, gold jewellery and diamond jewellery",,1 year from the date of issue,,,,,,,"Gold Coin Cards can be used to purchase gold coins, gold jewellery, and diamond jewellery.",
PCJ Gold Jewellery,buyhatke,https://buyhatke.com/gift-cards/pcj-gold-jewellery-gift-card,yes,yes,0.63,0.63,any: 0.63%,500 / 1000 / 2000 / 5000 / 7500 / 9990 / 10000,yes,yes,,,same denomination only,yes,yes,unlimited,no,yes,yes,Gold Jewellery only,,,,,,,More than one GV can be used in one bill.,PC Jeweller Insta Gift Voucher (GV) / Gift Card can be used during sale.,PC Jeweller Gold Jewellery Insta Gift Voucher (GV) / Gift Card can only be used to purchase Gold Jewellery.,
PCJ Gold Jewellery,maximize,https://www.maximize.money/gift-cards/PCJ Gold Jewellery/908,yes,yes,1.75,1.75,Amazon pay: 0.0% | Amex: 0.0% | CC on UPI: 0.0% | Credit Card: 0.0% | Debit Card: 0.5% | Diners Club: 0.0% | Pay With Rewards: 0.0% | UPI: 1.75% | Wallets: 0.0%,2000 / 5000 / 10000 / 20000 / 50000 / 100000,yes,yes,,2.0,same denomination only,,yes,unlimited,yes,no,no,Diamond Jewellery / Gold Jewellery,,two years from the date of issue,"normally instant, may be delayed up to 24-48 hours",,"Rs. 1,00,000 - maximum denomination the gift card can be purchased for",,Can the cards be clubbed? Use several gift cards in one purchase,"Can be clubbed with other offers? No, can't club with other offers / coupons",A Gold Jewellery Card can be used to purchase Diamond Jewellery/ Gold Jewellery.,
PCJ Gold Jewellery In Store,buyhatke,https://buyhatke.com/gift-cards/pcj-gold-jewellery-(in-store)-gift-card,yes,yes,1.59,1.59,any: 1.59%,1000 / 2000 / 10000 / 100000,yes,yes,,,same denomination only,no,yes,,,,,Diamond Jewellery / Gold Jewellery only,Gold coins/bars | Subscription schemes,1 year,,,,,,,This card can be used to purchase Diamond Jewellery/ Gold Jewellery,
Peora Fashions,maximize,https://www.maximize.money/gift-cards/Peora Fashions/876,yes,yes,13.25,13.25,Amazon pay: 11.25% | Amex: 11.0% | CC on UPI: 10.9% | Credit Card: 11.35% | Debit Card: 12.0% | Diners Club: 11.0% | Pay With Rewards: 9.95% | UPI: 13.25% | Wallets: 10.9%,500 / 1000 / 2500 / 5000,no,yes,,13.5,same denomination only,no,yes,1,,yes,no,Any Jewellery at Peora Fashion Jewellery Pvt Ltd Stores in India,Package invoices | Special Priced Items | location: only Peora Fashions Pvt Ltd Stores in India,364 days from issue,,,,,Can the cards be clubbed? Multiple cards can't be clubbed,This voucher cannot be clubbed with Package invoices and Special Priced Items,This E-Gift Card is Redeemable on Any Jewellery at Peora Fashion Jewellery Pvt Ltd Stores in India.,
Peora Fashions In Store,buyhatke,https://buyhatke.com/gift-cards/peora-fashions-(in-store)-gift-card,yes,yes,12.73,12.73,any: 12.73%,500 / 1000 / 2500 / 5000,yes,yes,,,same denomination only,no,yes,,,yes,no,,Package invoices | Special Priced Items,364 days from issue,,,,,,This voucher cannot be clubbed with Package invoices and Special Priced Items,,
PEORA In Store,buyhatke,https://buyhatke.com/gift-cards/peora-(in-store)-gift-card,yes,yes,10.95,10.95,any: 10.95%,500 / 1000 / 2500 / 5000,yes,yes,,,same denomination only,no,yes,,,yes,no,,Package invoices | Special Priced Items,1 year,,,,,,This voucher cannot be clubbed with Package invoices and Special Priced Items.,,
Pepperfry,buyhatke,https://buyhatke.com/gift-cards/pepperfry-gift-card,yes,yes,5.73,5.73,any: 5.73%,100 / 500 / 2500 / 50000,yes,,,,same denomination only,yes,no,,yes,no,,,Pepperfry Mobile App | Purchase of other Pepperfry Gift Cards,1 year from the Date of Issue,,,,,,,,
Pepperfry,maximize,https://www.maximize.money/gift-cards/Pepperfry/443,yes,yes,6.75,6.75,Amex: 4.5% | CC on UPI: 4.4% | Credit Card: 4.85% | Debit Card: 5.5% | Diners Club: 4.5% | UPI: 6.75%,200 / 500 / 1000 / 2000 / 5000 / 10000,yes,yes,,6.9,same denomination only,yes,yes,5,yes,no,yes,,other Pepperfry Gift Cards,1 year from the date of issue,"usually instant, may take up to 24-48 hours",,,,"A maximum of 5 Gift Cards can be used in a single transaction, and Pepperfry reserves the right to revise this limit at its discretion.","Can be clubbed with other offers? Yes, clubbable with other offers / coupons",,
Pepperfry Luxury,buyhatke,https://buyhatke.com/gift-cards/pepperfry-luxury-gift-card,yes,yes,4.99,4.99,any: 4.99%,100 / 500 / 2000 / 10000,yes,yes,,,same denomination only,yes,yes,5,yes,no,,,,1 year,,,,,A maximum of 5 Gift Cards can be used in a single transaction and Pepperfry reserves the right to revise this limit at its discretion.,,,
Perfume2Order,buyhatke,https://buyhatke.com/gift-cards/perfume2order-gift-card,no,no,,,,500 / 1000 / 1500 / 2000,yes,,,,same denomination only,yes,no,3,,no,yes,,BBdaily | Tata neu coins,1 year,,,,,Maximum 3 vouchers can be in one transaction,All brand funded offers can be clubbed during purchase; but gift card cannot be used on BBdaily,,
Peter England,maximize,https://www.maximize.money/gift-cards/Peter England/584,yes,yes,3.0,3.0,Amazon pay: 1.0% | Amex: 0.75% | CC on UPI: 0.65% | Credit Card: 1.1% | Debit Card: 1.75% | Diners Club: 0.75% | Pay With Rewards: 0.0% | UPI: 3.0% | Wallets: 0.65%,1000 / 2000 / 5000 / 10000,yes,yes,,3.1,same denomination only,no,yes,unlimited,,yes,no,,location: only Exclusive Peter England Outlets,6 months from the date of issuance,"normally instant, may be delayed up to 24 hours",a minimum purchase is required to activate the card (amount not specified),,,Can the cards be clubbed? Use several gift cards in one purchase,"Can be clubbed with other offers? No, can't club with other offers / coupons",,
Peter England Gift Voucher,gyftr,https://www.gyftr.com/peter-england-gift-voucher,yes,yes,2.0,2.0,Amazon Pay: 0.0% | Credit Card: 0.0% | Debit Card: 0.0% | MobiKwik: 0.0% | Net Banking: 0.0% | PAYTM UPI: 2.0% | UPI: 2.0% | e-Pay: 2.0%,1500 / 2500 / 500 / 2000 / 250 / 3000 / 1000 / 5000,no,yes,,,yes,no,yes,unlimited,no,yes,yes,,,,,,,,Multiple GV/GC can be used against one bill.,The GV/GC can be clubbed with the existing offers.,,
Peter England In Store,buyhatke,https://buyhatke.com/gift-cards/peter-england-(in-store)-gift-card,yes,yes,2.23,2.23,any: 2.23%,250 / 500 / 1000 / 1500 / 2000 / 2500 / 5000 / 7500 / 10000,yes,yes,,,same denomination only,no,yes,,,yes,,,,6 months from the date of issuance,Usually instant; may be delayed up to 24 hours,,,,,,,
Philips,buyhatke,https://buyhatke.com/gift-cards/philips-gift-card,yes,yes,8.39,8.39,any: 8.39%,500 / 1000 / 2000 / 5000,yes,,,,same denomination only,yes,no,,yes,no,no,,,,,,,,,The GV/e-Pay will not be applicable over and above any discounts offered by the brand on the website.,,
Philips,gyftr,https://www.gyftr.com/philips,yes,yes,10.0,10.0,Amazon Pay: 8.5% | Credit Card: 8.5% | Debit Card: 8.5% | MobiKwik: 8.5% | Net Banking: 8.5% | PAYTM UPI: 10.0% | Paytm Wallet: 8.5% | UPI: 10.0% | e-Pay: 10.0%,2000 / 5000 / 500 / 1000,no,,,,yes,yes,,unlimited,yes,,,,,,,,,,Multiple GV/e-Pay can be combined and added to the e-Pay balance,,,
PhonePe,buyhatke,https://buyhatke.com/gift-cards/phonepe-gift-card,no,no,,,,500 / 1000 / 1500 / 2000,yes,,,,same denomination only,yes,no,,yes,no,,,,1 year from the date of issue,,,50000,,,,,
PhonePe (Fixed),maximize,https://www.maximize.money/gift-cards/PhonePe (Fixed)/219,yes,no,0.0,0.0,Amex: 0.0% | CC on UPI: 0.0% | Credit Card: 0.0% | Debit Card: 0.0% | Diners Club: 0.0% | UPI: 0.0%,100 / 250 / 500 / 1000 / 2000 / 3000 / 5000 / 7500 / 10000,no,,,0.1,same denomination only,yes,,unlimited,yes,no,no,Eligible PhonePe merchants and services,,1 year from the date of issue,,,"₹50,000 worth of gift cards per month per individual user",,Can the cards be clubbed? Use several gift cards in one purchase,"Can be clubbed with other offers? No, can't club with other offers / coupons",PhonePe Giftcards can be used as payment option across all Eligible PhonePe merchants and services.,
PhonePe 5000 and 10000,maximize,https://www.maximize.money/gift-cards/PhonePe/801,yes,no,0.0,0.0,Amex: 0.0% | CC on UPI: 0.0% | Credit Card: 0.0% | Debit Card: 0.0% | Diners Club: 0.0% | UPI: 0.0%,5000,no,,,0.15,same denomination only,yes,,unlimited,yes,no,no,Eligible PhonePe merchants and services,,1 year from the date of issue,,,"₹50,000 worth of gift cards per month per individual user",,Can the cards be clubbed? Use several gift cards in one purchase,"Can be clubbed with other offers? No, can't club with other offers / coupons",PhonePe Giftcards can be used as payment option across all Eligible PhonePe merchants and services.,
Photojaanic,buyhatke,https://buyhatke.com/gift-cards/photojaanic-gift-card,yes,yes,15.88,15.88,any: 15.88%,500 / 1000 / 2000 / 5000,yes,,,,same denomination only,yes,no,1,no,yes,no,,,6 months,,,,,VOUCHER cannot be clubbed with existing offers at website. Multiple E-GIFT VOUCHER’s cannot be used,VOUCHER cannot be clubbed with existing offers at website. Multiple E-GIFT VOUCHER’s cannot be used,,
Pigeon,gyftr,https://www.gyftr.com/pigeon,yes,yes,10.0,10.0,Amazon Pay: 9.0% | Credit Card: 9.0% | Debit Card: 9.0% | MobiKwik: 9.0% | Net Banking: 9.0% | PAYTM UPI: 10.0% | Paytm Wallet: 9.0% | UPI: 10.0% | e-Pay: 10.0%,1000 / 100 / 5000 / 100 / 2000 / 100,yes,yes,,,yes,no,yes,unlimited,no,yes,,,location: Exchange Offer at the Pigeon Exclusive Store,,,,,,Multiple Gift Vouchers CAN be combined & added to the e-Pay balance,,,
Pigeon In Store,buyhatke,https://buyhatke.com/gift-cards/pigeon-(in-store)-gift-card,yes,yes,8.89,8.89,any: 8.89%,100 / 500 / 1000 / 1500 / 2000 / 2500 / 4000 / 5000,yes,yes,,,same denomination only,no,yes,unlimited,,,,,location: In-store exchange offers,,,,,,Multiple GVs can be combined and added to e-Pay balance.,,,
PinePerksRupayPrime WH (4 Day Wait),buyhatke,https://buyhatke.com/gift-cards/pineperksrupayprime-wh-(4-day-wait)-gift-card,no,no,,,,500 / 1000 / 1500 / 2000,yes,yes,,,same denomination only,yes,yes,,,,,,,,Usable only 96 hours after code generation,,,,,,,
PinePerksRupayPrime-WH,maximize,https://www.maximize.money/gift-cards/PinePerksRupayPrime-WH/413,yes,yes,1.1,1.1,Amex: 0.0% | CC on UPI: 0.0% | Credit Card: 0.0% | Debit Card: 0.0% | Diners Club: 0.0% | UPI: 1.1%,2000 / 5000 / 10000,no,yes,,1.2,same denomination only,yes,yes,1,,no,no,,,12 months,3-4 days activation turnaround,,,,Can the cards be clubbed? Multiple cards can't be clubbed,"Can be clubbed with other offers? No, can't club with other offers / coupons",,
Pixel Go,buyhatke,https://buyhatke.com/gift-cards/pixel-go-gift-card,yes,yes,15.49,15.49,any: 15.49%,999,yes,,,,same denomination only,yes,no,1,no,yes,no,,Block-out dates,,,,,,A single GV/GC can be used in one bill/transaction only.,GV/GC cannot be combined with any other ongoing offers on the Pixel Go website.,,
Pixel Go,maximize,https://www.maximize.money/gift-cards/Pixel Go/664,yes,yes,14.75,14.75,Amazon pay: 12.75% | Amex: 12.5% | CC on UPI: 12.4% | Credit Card: 12.85% | Debit Card: 13.5% | Diners Club: 12.5% | Pay With Rewards: 11.45% | UPI: 14.75% | Wallets: 12.4%,999,no,,,16.75,same denomination only,yes,no,1,no,yes,no,,date: block-out dates announced by Pixel Go,6 months,,,,,A single GV/GC can be used in one bill/transaction only.,GV/GC cannot be combined with any other ongoing offers on the Pixel Go website.,,
Pizza Hut,buyhatke,https://buyhatke.com/gift-cards/pizza-hut-gift-card,yes,yes,7.39,7.39,any: 7.39%,100 / 200 / 250 / 500 / 1000 / 1500 / 2000 / 5000 / 10000,yes,yes,,,same denomination only,yes,yes,1,no,yes,,,,6 months from the date of purchase,,,,,"Multiple E-Gift Cards can be used in a single bill at physical stores, but only one E-Gift Card can be used per bill on the website or mobile app.",,,Vouchers Per Bill=unlimited
Pizza Hut,gyftr,https://www.gyftr.com/pizza-hut,yes,yes,8.5,8.5,Amazon Pay: 7.0% | Credit Card: 7.0% | Debit Card: 7.0% | MobiKwik: 7.0% | Net Banking: 7.0% | PAYTM UPI: 8.5% | Paytm Wallet: 7.0% | UPI: 8.5% | e-Pay: 8.5%,1000 / 500 / 2000 / 100 / 250,no,yes,,,yes,yes,yes,1,no,yes,yes,,,3-12 months,,,,,Up to 5 GV/GCs can be used in one bill at the listed Pizza Hut stores. Only 1 GV/GC can be used in one bill on the mobile app and website.,The GV/GC can be clubbed with the existing offers.,,Vouchers Per Bill=5
Pizza Hut Offline In Store,buyhatke,https://buyhatke.com/gift-cards/pizza-hut-offline-(in-store)-gift-card,yes,yes,4.99,4.99,any: 4.99%,250 / 500 / 1000 / 1500 / 2000,yes,yes,,,same denomination only,no,yes,unlimited,,yes,,,,6 months,,,,,Multiple Gift Vouchers can be used in one bill.,,,
Planet Fashion,maximize,https://www.maximize.money/gift-cards/Planet Fashion/905,yes,yes,3.0,3.0,Amazon pay: 1.0% | Amex: 0.75% | CC on UPI: 0.65% | Credit Card: 1.1% | Debit Card: 1.75% | Diners Club: 0.75% | Pay With Rewards: 0.0% | UPI: 3.0% | Wallets: 0.65%,250 / 500 / 1000 / 1500 / 2000 / 2500 / 3000 / 5000 / 7500 / 9999,yes,yes,,3.1,same denomination only,no,yes,1,no,yes,no,,location: only selected stores of Planet Fashion,6 months,"usually instant, can be delayed up to 24 hours",,,,Can the cards be clubbed? Multiple cards can't be clubbed,"Can be clubbed with other offers? No, can't club with other offers / coupons",,
Planet Fashion Gift Voucher,gyftr,https://www.gyftr.com/planet-fashion-gift-voucher,yes,yes,2.0,2.0,Credit Card: 0.0% | Debit Card: 0.0% | MobiKwik: 0.0% | Net Banking: 0.0% | PAYTM UPI: 2.0% | UPI: 2.0%,5000 / 2500 / 2000 / 500 / 250 / 1500 / 3000 / 1000,no,yes,,,yes,no,yes,unlimited,no,yes,yes,,,,,,,,More than one GV / GC can be used in one bill.,This GV / GC can be used during sale.,,
Planet Fashion In Store,buyhatke,https://buyhatke.com/gift-cards/planet-fashion-(in-store)-gift-card,yes,yes,2.13,2.13,any: 2.13%,250 / 500 / 1000 / 1500 / 2000 / 2500 / 3000 / 5000 / 7500 / 9990,yes,yes,,,same denomination only,no,yes,,no,yes,,,,1 year,,,,,,,,
Playo,buyhatke,https://buyhatke.com/gift-cards/playo-gift-card,no,no,,,,500 / 1000 / 1500 / 2000,yes,,,,same denomination only,,,,,,,,,,,,,,,,,
Playstation,buyhatke,https://buyhatke.com/gift-cards/playstation-gift-card,no,no,,,,500 / 1000 / 1500 / 2000,yes,,,,same denomination only,yes,no,,,,,Items in the PS Store available to Indian account holders,,12 months,,,,,,,Comes with 12 months validity and can be used by the redeeming account holder (and their child Family Member accounts) to pay for items in the PS Store available to Indian account holders,
PMJ Jewellers In Store,buyhatke,https://buyhatke.com/gift-cards/pmj-jewellers-(in-store)-gift-card,yes,yes,1.59,1.59,any: 1.59%,2500 / 5000 / 10000 / 15000 / 25000 / 50000,yes,yes,,,same denomination only,no,yes,,,,,,,6 months,,,,,,,,
Points for Good,buyhatke,https://buyhatke.com/gift-cards/points-for-good-gift-card,yes,yes,2.88,2.88,any: 2.88%,250 / 500 / 1000 / 2500 / 5000,yes,,,,same denomination only,yes,no,,no,yes,,,,6 months after purchase,,,,,,,,
Points for Good,gyftr,https://www.gyftr.com/points-for-good,yes,no,0.0,0.0,Amazon Pay: 0.0% | Credit Card: 0.0% | Debit Card: 0.0% | MobiKwik: 0.0% | Net Banking: 0.0% | Payzapp: 0.0% | UPI: 0.0% | e-Pay: 0.0%,100 / 100 / 250 / 500,yes,,,,yes,yes,,1,no,yes,,,,6 months after purchase,,,,,Only ONE Donation Voucher can be used for one donation.,,,
Points for Good,maximize,https://www.maximize.money/gift-cards/Points for Good/935,yes,yes,2.25,2.25,Amazon pay: 0.25% | Amex: 0.0% | CC on UPI: 0.0% | Credit Card: 0.35% | Debit Card: 1.0% | Diners Club: 0.0% | Pay With Rewards: 0.0% | UPI: 2.25% | Wallets: 0.0%,250 / 500 / 1000 / 2500 / 5000,no,,,2.5,same denomination only,yes,,1,no,yes,no,Donation to the selected charity or cause only,,6 months,,,,,Can the cards be clubbed? Multiple cards can't be clubbed,"Can be clubbed with other offers? No, can't club with other offers / coupons",The full value of the E-Gift Card will be directly donated to the selected charity or cause,
Polar bear In Store,buyhatke,https://buyhatke.com/gift-cards/polar-bear-(in-store)-gift-card,no,no,,,,,no,,,,same denomination only,,,,,,,,,,,,,,,,,
Polaroid,buyhatke,https://buyhatke.com/gift-cards/polaroid-gift-card,no,no,,,,500 / 1000 / 1500 / 2000,yes,,,,same denomination only,yes,no,,,,,,,,,,,,,,,
Porter,maximize,https://www.maximize.money/gift-cards/Porter/1042,yes,yes,10.75,10.75,Amazon pay: 8.75% | Amex: 8.5% | CC on UPI: 8.4% | Credit Card: 8.85% | Debit Card: 9.5% | Diners Club: 8.5% | Pay With Rewards: 7.45% | UPI: 10.75% | Wallets: 8.4%,1000 / 2500 / 5000 / 10000,no,,,11.0,same denomination only,yes,no,1,no,yes,no,Porter Packers & Movers services only,Trucks | Two-Wheelers | Enterprise business services,6 months from purchase,,,,,Multiple GV/GCs cannot be redeemed in a single booking/order.,The GV/GC cannot be clubbed with the existing offers.,"This GV/GC is applicable only for Packers & Movers services and is not valid for booking Trucks, Two-Wheelers, or Enterprise business services on the Porter platform.",
Porter Packers and Movers,gyftr,https://www.gyftr.com/porter,yes,yes,11.0,11.0,Credit Card: 9.0% | Debit Card: 9.0% | MobiKwik: 9.0% | Net Banking: 9.0% | PAYTM UPI: 11.0% | UPI: 11.0% | e-Pay: 11.0%,7000 / 10000 / 3000 / 2000 / 9000 / 4000 / 5000 / 6000 / 1000 / 8000,no,,,,yes,yes,,1,,yes,no,Packers & Movers services only,,,,,,,Multiple Vouchers CANNOT be used in a single booking.,Gift Vouchers CANNOT be clubbed with offers.,Gift Vouchers CAN be used only to book Packers & Movers services.,
Pothys In Store,buyhatke,https://buyhatke.com/gift-cards/pothys-(in-store)-gift-card,yes,yes,1.38,1.38,any: 1.38%,500 / 1000 / 2000 / 5000,yes,yes,,,same denomination only,no,yes,10,,,yes,,location: Franchise Outlets | www.pothys.com,12 months,,,,,Multiple e-Gift Vouchers up to 10 vouchers can be combined and redeemed in a single billing transaction,Vouchers can be clubbed with the on-going offers & schemes,,
Pottery Barn Luxe In Store,buyhatke,https://buyhatke.com/gift-cards/pottery-barn-luxe-(in-store)-gift-card,yes,yes,10.95,10.95,any: 10.95%,1000 / 2000 / 10000 / 50000,yes,yes,,,same denomination only,no,yes,unlimited,,yes,,Full-priced merchandise only,location: Airport stores,1 year,,,,,This is a one-time use giftcard; multiple cards can be used in 1 transaction,,Luxe Gift Card can only be redeemed against full-priced merchandise,
Pottery Barn- Luxe Gift Card,gyftr,https://www.gyftr.com/pottery-barn--luxe-gift-card,yes,yes,10.0,10.0,Credit Card: 10.0% | Debit Card: 10.0% | Net Banking: 10.0% | PAYTM UPI: 10.0% | UPI: 10.0% | e-Pay: 10.0%,5000 / 2000 / 1000,no,yes,,,yes,no,yes,unlimited,,yes,no,,,,,,,,Multiple Gift Vouchers CAN be used in one bill.,Gift Vouchers CANNOT be used during Sale.,,
Prestige,buyhatke,https://buyhatke.com/gift-cards/prestige-gift-card,yes,yes,8.39,8.39,any: 8.39%,250 / 500 / 1000 / 2000 / 5000 / 10000,yes,yes,,,same denomination only,yes,yes,unlimited,no,yes,yes,,Block-out dates,,,Product price must be equal to or higher than the voucher value,,,Multiple GV/GCs can be used in one bill.,Can be used during sale periods.,,
Prestige,gyftr,https://www.gyftr.com/prestige,yes,no,0.0,0.0,Amazon Pay: 0.0% | Credit Card: 0.0% | Debit Card: 0.0% | MobiKwik: 0.0% | Net Banking: 0.0% | UPI: 0.0% | e-Pay: 0.0%,1000 / 2000 / 500 / 100 / 5000 / 100,yes,yes,,,yes,yes,yes,unlimited,yes,yes,yes,,,,,Product price must be equal to or higher than the voucher value,,,Multiple Gift Vouchers CAN be used in one bill.,Gift Vouchers CAN be used to buy discounted products.,,
Prestige,maximize,https://www.maximize.money/gift-cards/Prestige/667,yes,no,0.0,0.0,Amazon pay: 0.0% | Amex: 0.0% | CC on UPI: 0.0% | Credit Card: 0.0% | Debit Card: 0.0% | Diners Club: 0.0% | Pay With Rewards: 0.0% | UPI: 0.0% | Wallets: 0.0%,250 / 500 / 1000 / 2000 / 5000 / 10000,yes,yes,,10.9,same denomination only,yes,yes,unlimited,no,yes,yes,,date: specific block-out dates,6 months,,Product price must be equal to or higher than the voucher value,,,Multiple GV/GCs can be used in one bill.,"Can be clubbed with other offers? Yes, clubbable with other offers / coupons",,
Prestige Smart Kitchen,buyhatke,https://buyhatke.com/gift-cards/prestige-smart-kitchen-gift-card,no,no,,,,500 / 1000 / 1500 / 2000,yes,yes,,,same denomination only,yes,yes,2,no,yes,,,,180 days from the date of issue,,,,,Maximum 2 vouchers can be in one transaction,,,
Pret A Manger Luxe In Store,buyhatke,https://buyhatke.com/gift-cards/pret-a-manger-luxe-(in-store)-gift-card,yes,yes,10.95,10.95,any: 10.95%,1000 / 2000 / 10000 / 50000,yes,yes,,,same denomination only,no,yes,unlimited,,yes,,Full-priced merchandise only,location: Airport stores,1 year,,,,,This is a one-time use giftcard; multiple cards can be used in 1 transaction,,Luxe Gift Card can only be redeemed against full-priced merchandise,
Pret A Manger-Luxe Gift Card,gyftr,https://www.gyftr.com/pret-a-manger-luxe-gift-card,yes,yes,10.0,10.0,Credit Card: 10.0% | Debit Card: 10.0% | Net Banking: 10.0% | PAYTM UPI: 10.0% | UPI: 10.0% | e-Pay: 10.0%,5000 / 2000 / 1000,no,yes,,,yes,no,yes,unlimited,no,yes,no,,location: airport stores,,,,,,Multiple GV/GC can be used for one bill.,The GV/GC can be redeemed only against full priced merchandise.,,
Pronto,buyhatke,https://buyhatke.com/gift-cards/pronto-gift-card,yes,yes,14.77,14.77,any: 14.77%,100 / 500 / 2000 / 10000,yes,,,,same denomination only,yes,no,unlimited,yes,no,no,,,,,,,,Multiple GVs can be used in one bill/transaction.,The GV/e-Pay cannot be clubbed with the existing offers.,,
Pronto,gyftr,https://www.gyftr.com/pronto,yes,yes,18.0,18.0,Amazon Pay: 16.0% | Credit Card: 16.0% | Debit Card: 16.0% | MobiKwik: 16.0% | Net Banking: 16.0% | PAYTM UPI: 18.0% | UPI: 18.0% | e-Pay: 18.0%,250 / 100 / 100 / 1500 / 750 / 2000 / 1000 / 500,yes,,,,yes,yes,,unlimited,yes,yes,no,,,,,,,,Multiple GVs can be used in one bill/transaction.,The GV/e-Pay cannot be clubbed with the existing offers.,,
Pronto,maximize,https://www.maximize.money/gift-cards/Pronto/1033,yes,yes,17.5,17.5,Amazon pay: 15.5% | Amex: 15.25% | CC on UPI: 15.15% | Credit Card: 15.6% | Debit Card: 16.25% | Diners Club: 15.25% | Pay With Rewards: 14.2% | UPI: 17.5% | Wallets: 15.15%,200 / 500 / 1000 / 2000 / 5000 / 10000,yes,,,17.75,same denomination only,yes,no,unlimited,yes,no,no,,,12 months from purchase,,,,,Multiple GVs can be used in one bill/transaction.,The GV/e-Pay cannot be clubbed with the existing offers.,,
Puma,gyftr,https://www.gyftr.com/puma,yes,yes,11.0,11.0,Amazon Pay: 8.0% | Credit Card: 8.0% | Debit Card: 8.0% | MobiKwik: 8.0% | Net Banking: 8.0% | PAYTM UPI: 11.0% | Paytm Wallet: 8.0% | UPI: 11.0% | e-Pay: 11.0%,1000 / 5000 / 10000 / 1500 / 500 / 2000,no,yes,,,yes,no,yes,1,no,yes,yes,shoes and other accessories,location: PUMA ‘Factory Outlets’ | location: ‘Multi Brand Outlets’,,,,,,Only ONE GV/GC can be used in a single bill/transaction.,The GV/GC can be clubbed with the existing offers.,The GV/GC is applicable for purchasing shoes and other accessories.,
Puma,maximize,https://www.maximize.money/gift-cards/Puma/669,yes,yes,10.75,10.75,Amazon pay: 8.75% | Amex: 8.5% | CC on UPI: 8.4% | Credit Card: 8.85% | Debit Card: 9.5% | Diners Club: 8.5% | Pay With Rewards: 7.45% | UPI: 10.75% | Wallets: 8.4%,500 / 1000 / 1500 / 2000 / 5000 / 10000,no,yes,,11.0,same denomination only,no,yes,1,yes,,yes,,location: Factory Outlets | location: Multi Brand Outlets | location: puma.com,12 months from the day of receiving coupon code,,,,,Multiple vouchers cannot be combined in a single transaction.,Puma Vouchers can be clubbed with the on-going offers/ schemes.,,
Puma In Store,buyhatke,https://buyhatke.com/gift-cards/puma-(in-store)-gift-card,yes,yes,9.64,9.64,any: 9.64%,100 / 250 / 500 / 1000 / 1500 / 2000 / 2500 / 3000 / 5000 / 6000 / 10000 / 15000 / 20000 / 30000,yes,yes,,,same denomination only,no,yes,1,yes,,yes,,,12 months from the day of receiving the coupon code,,,,,Multiple vouchers cannot be combined in a single transaction.,Puma Vouchers can be clubbed with the on-going offers/ schemes.,,
Punjab Grill,maximize,https://www.maximize.money/gift-cards/Punjab Grill/951,yes,yes,8.5,8.5,Amazon pay: 6.5% | Amex: 6.25% | CC on UPI: 6.15% | Credit Card: 6.6% | Debit Card: 7.25% | Diners Club: 6.25% | Pay With Rewards: 5.2% | UPI: 8.5% | Wallets: 6.15%,1000 / 2000 / 5000 / 10000 / 20000 / 50000,yes,yes,,8.75,same denomination only,,yes,1,,yes,no,Dine-in and takeaway only,date: 31st December,6 months from the date of issue,,,,,Only one voucher can be redeemed per bill,Voucher cannot be clubbed with any other offer running at outlets,Valid only for dine-in and takeaway,
Punjab Grill In Store,buyhatke,https://buyhatke.com/gift-cards/punjab-grill-(in-store)-gift-card,yes,yes,7.39,7.39,any: 7.39%,500 / 1500 / 5000 / 50000,yes,yes,,,same denomination only,no,yes,,no,yes,no,,,6 months,,,,,,voucher cannot be clubbed with any other offers running at outlets,,
Pure Home & Living,maximize,https://www.maximize.money/gift-cards/Pure Home &amp; Living/604,yes,yes,9.0,9.0,Amazon pay: 7.0% | Amex: 6.75% | CC on UPI: 6.65% | Credit Card: 7.1% | Debit Card: 7.75% | Diners Club: 6.75% | Pay With Rewards: 5.7% | UPI: 9.0% | Wallets: 6.65%,250 / 500 / 1000 / 2000 / 5000 / 10000,yes,yes,,9.5,same denomination only,yes,yes,unlimited,yes,no,yes,,,6 months,,,,,Can the cards be clubbed? Use several gift cards in one purchase,GV / e-Pay can be clubbed with ongoing discounts offered by Pure Home + Living.,,
Pure Home + Living,gyftr,https://www.gyftr.com/pure-home-living,yes,yes,10.0,10.0,Amazon Pay: 9.0% | Credit Card: 9.0% | Debit Card: 9.0% | MobiKwik: 9.0% | Net Banking: 9.0% | PAYTM UPI: 10.0% | Paytm Wallet: 9.0% | UPI: 10.0% | e-Pay: 10.0%,5000 / 7500 / 2000 / 100 / 500 / 250 / 1000 / 10000,yes,yes,,,yes,yes,yes,unlimited,yes,yes,no,,discounted products,,,,,,Multiple GVs can be combined and added to the e-Pay balance,"The GV/e-Pay cannot be combined with any ongoing offers, promotions, discount codes, or other discounts available on the website or in stores.",,
Pure Home Living,buyhatke,https://buyhatke.com/gift-cards/pure-home-living-gift-card,yes,yes,8.27,8.27,any: 8.27%,250 / 500 / 1000 / 2000 / 5000 / 7500 / 10000,yes,yes,,,same denomination only,yes,yes,,yes,no,yes,,,,,,,,,GV / e-Pay can be clubbed with ongoing discounts offered by Pure Home + Living.,,
PVR,buyhatke,https://buyhatke.com/gift-cards/pvr-gift-card,yes,yes,20.88,20.88,any: 20.88%,100 / 450 / 1500 / 5000,yes,yes,,,same denomination only,yes,yes,unlimited,yes,no,,Movie tickets and food & beverage purchases,Bundle offers available on PVR or INOX | Purchase of another Gift Card,12 months from the date of purchase/activation,,,,,Multiple Gift Cards can be used in a single transaction.,,"Can be used for movie tickets and food & beverage purchases, subject to availability.",
PVR Cinemas,buyhatke,https://buyhatke.com/gift-cards/pvr-cinemas-gift-card,no,no,,,,500 / 1000 / 1500 / 2000,yes,,,,same denomination only,yes,no,unlimited,no,yes,yes,"Movie ticket bookings, or movie ticket + food bookings in a single transaction",Food-only purchases,,,,,,Multiple Gift Vouchers can be used in a single booking.,Gift Voucher can be clubbed with existing offers except the APP100 coupon code.,Valid only for movie ticket bookings or combined movie ticket + food bookings in a single transaction.,
PVR Cinemas - GYFTR,maximize,https://www.maximize.money/gift-cards/PVR Cinemas - GYFTR/1125,yes,yes,20.25,20.25,Amazon pay: 18.25% | Amex: 18.0% | CC on UPI: 17.9% | Credit Card: 18.35% | Debit Card: 19.0% | Diners Club: 18.0% | Pay With Rewards: 16.95% | UPI: 20.25% | Wallets: 17.9%,250 / 500 / 1000 / 2000 / 2500 / 5000,no,,,21.0,same denomination only,yes,no,unlimited,no,yes,yes,"Movie ticket bookings, or movie ticket + food bookings in one transaction",food-only purchases | date: selected blackout dates,12 months,,,,,Multiple Gift Vouchers can be used in a single booking.,Gift Voucher can be clubbed with existing offers except the APP100 coupon code.,Valid only for movie ticket bookings or combined movie ticket + food bookings in a single transaction.,
PVR INOX,gyftr,https://www.gyftr.com/pvr,yes,yes,16.0,16.0,Amazon Pay: 14.0% | Credit Card: 14.0% | Debit Card: 14.0% | MobiKwik: 14.0% | Net Banking: 14.0% | PAYTM UPI: 16.0% | UPI: 16.0% | e-Pay: 16.0%,1000 / 2500 / 750 / 500 / 2000 / 5000,no,,,,yes,yes,no,unlimited,no,yes,yes,"Movie ticket bookings only, or combined ticket and food bookings within a single transaction",INOX screens,,,,,,Multiple GV/GC can be used against one bill.,"The GV/GC can be clubbed with the existing offers, except the ‘APP100’ coupon code.",The GV/GC cannot be redeemed for food-only purchases.,
PVR Inox Cinemas,maximize,https://www.maximize.money/gift-cards/PVR/553,yes,yes,20.5,20.5,Amazon pay: 18.5% | Amex: 18.25% | CC on UPI: 18.15% | Credit Card: 18.6% | Debit Card: 19.25% | Diners Club: 18.25% | Pay With Rewards: 17.2% | UPI: 20.5% | Wallets: 18.15%,200 / 500 / 1000 / 2000 / 5000,yes,,,20.75,same denomination only,yes,,unlimited,yes,no,yes,Movie tickets and food & beverage purchases,bundle offers available on PVR or INOX,12 months from the date of purchase/activation,,,,,Multiple Gift Cards can be used in a single transaction.,"Can be clubbed with other offers? Yes, clubbable with other offers / coupons","Can be used for movie tickets and food & beverage purchases, subject to availability.",
Quick Heal,gyftr,https://www.gyftr.com/quick-heal,no,no,25.0,25.0,Amazon Pay: 25.0% | Credit Card: 25.0% | Debit Card: 25.0% | MobiKwik: 25.0% | Net Banking: 25.0% | PAYTM UPI: 25.0% | Paytm Wallet: 25.0% | UPI: 25.0%,,no,,,,yes,yes,,1,,yes,no,,,,,,,,Only One GV/GC can be used for one subscription,GV/GC CANNOT be clubbed with existing offers,,
R B,buyhatke,https://buyhatke.com/gift-cards/r-b-gift-card,yes,yes,12.88,12.88,any: 12.88%,100 / 500 / 2000 / 10000,yes,yes,,,same denomination only,yes,yes,unlimited,yes,no,yes,,,,,,,25000,Multiple GVs can be clubbed and added to the e-Pay balance,The GV/e-Pay can be clubbed with the existing offers.,,
R B In Store,buyhatke,https://buyhatke.com/gift-cards/r-b-(in-store)-gift-card,no,no,,,,,no,,,,same denomination only,,,,,,,,,,,,,,,,,
R S BROTHERS,buyhatke,https://buyhatke.com/gift-cards/r-s-brothers-gift-card,no,no,,,,500 / 1000 / 1500 / 2000,yes,,,,same denomination only,yes,no,3,yes,no,yes,,BBdaily,1 year,,,,,Maximum 3 vouchers can be in one transaction,All brand funded offers can be clubbed during purchase; but gift card cannot be used on BBdaily,,
R&B,gyftr,https://www.gyftr.com/r&b,yes,yes,10.0,10.0,Amazon Pay: 10.0% | Credit Card: 10.0% | Debit Card: 10.0% | MobiKwik: 10.0% | Net Banking: 10.0% | PAYTM UPI: 10.0% | Paytm Wallet: 10.0% | UPI: 10.0% | e-Pay: 10.0%,10000 / 500 / 3000 / 1500 / 100 / 1000 / 7500 / 2000 / 100,yes,yes,,,yes,no,yes,unlimited,yes,yes,yes,,,,,,"Rs. 25,000 per 30 days added to the e-Pay balance",,Multiple Gift Vouchers CAN be combined & added to the e-Pay balance,The GV/e-Pay can be clubbed with the existing offers.,,
Rainbow Six Mobile,gyftr,https://www.gyftr.com/rainbow-six-mobile,yes,yes,11.0,11.0,Amazon Pay: 9.0% | Credit Card: 9.0% | Debit Card: 9.0% | MobiKwik: 9.0% | Net Banking: 9.0% | PAYTM UPI: 11.0% | UPI: 11.0% | e-Pay: 11.0%,1199 / 579 / 119 / 295,no,,,,yes,yes,no,,no,yes,no,"Rainbow Six in-game currency, items, or rewards",,,,,,,,The GV/GC cannot be clubbed with any existing offers.,"The GV/GC can only be used for Rainbow Six in-game currency, items, or rewards, and cannot be used for any other product or service.",
Rainbow Six Mobile,maximize,https://www.maximize.money/gift-cards/Rainbow Six Mobile/1123,yes,yes,11.0,11.0,Amazon pay: 9.0% | Amex: 8.75% | CC on UPI: 8.65% | Credit Card: 9.1% | Debit Card: 9.75% | Diners Club: 8.75% | Pay With Rewards: 7.7% | UPI: 11.0% | Wallets: 8.65%,119 / 295 / 579 / 1199,no,,,11.1,same denomination only,yes,no,unlimited,yes,yes,no,"Rainbow Six Mobile in-game currency, items, and rewards only",,6 months from purchase,,,,,Can the cards be clubbed? Use several gift cards in one purchase,Cannot be clubbed with existing promotional offers.,"Can only be used for Rainbow Six Mobile in-game currency, items, and rewards.",
Rangoli Sarees (In Store),buyhatke,https://buyhatke.com/gift-cards/rangoli-sarees-(in-store)-gift-card,no,no,,,,500 / 1000 / 1500 / 2000,yes,yes,,,same denomination only,no,yes,unlimited,yes,no,,,,1 year,,,,,Two or more cards can be clubbed for single purchase,,,
Rangriti,buyhatke,https://buyhatke.com/gift-cards/rangriti-gift-card,yes,yes,6.48,6.48,any: 6.48%,500 / 1000 / 1500 / 2000 / 4000 / 5000,yes,,,,same denomination only,yes,no,unlimited,,,,,,,,,,,Multiple GVs can be clubbed and added to the Rangriti e-Pay balance,,,
Rangriti,gyftr,https://www.gyftr.com/rangriti,yes,yes,8.0,8.0,Amazon Pay: 7.0% | Credit Card: 7.0% | Debit Card: 7.0% | MobiKwik: 7.0% | Net Banking: 7.0% | PAYTM UPI: 8.0% | Paytm Wallet: 7.0% | UPI: 8.0% | e-Pay: 8.0%,4000 / 500 / 2000 / 5000 / 1000 / 1500 / 100,yes,,,,yes,yes,no,unlimited,,,yes,,,,,,,,Multiple Gift Vouchers CAN be used in one bill,Gift Vouchers CAN be clubbed with any on-going promotions on website,,
Rangriti,maximize,https://www.maximize.money/gift-cards/Rangriti/326,yes,yes,7.5,7.5,Amazon pay: 5.5% | Amex: 5.25% | CC on UPI: 5.15% | Credit Card: 5.6% | Debit Card: 6.25% | Diners Club: 5.25% | Pay With Rewards: 4.2% | UPI: 7.5% | Wallets: 5.15%,500 / 1000 / 1500 / 2000 / 4000 / 5000,no,,,7.6,same denomination only,yes,no,unlimited,,no,,,,6 - 12 months,,,,,Multiple GVs can be clubbed and added to the Rangriti e-Pay balance.,,,
Ratnadeep Retail,maximize,https://www.maximize.money/gift-cards/Ratnadeep Retail/925,yes,yes,4.0,4.0,Amazon pay: 2.0% | Amex: 1.75% | CC on UPI: 1.65% | Credit Card: 2.1% | Debit Card: 2.75% | Diners Club: 1.75% | Pay With Rewards: 0.7% | UPI: 4.0% | Wallets: 1.65%,1000 / 2000 / 5000 / 10000 / 20000 / 50000,yes,yes,,4.0,same denomination only,no,yes,1,no,yes,no,,"location: only Ratnadeep Retail outlets in Hyderabad, Secunderabad, Bangalore and Guntur",365 days from the date of issue,,,,,Can the cards be clubbed? Multiple cards can't be clubbed,"Can be clubbed with other offers? No, can't club with other offers / coupons",,
Ratnadeep Retail In Store,buyhatke,https://buyhatke.com/gift-cards/ratnadeep-retail-(in-store)-gift-card,yes,yes,3.13,3.13,any: 3.13%,500 / 1500 / 5000 / 50000,yes,yes,,,same denomination only,no,yes,,no,yes,,,,365 days from the date of issue,,,,,,,,
Ratnadeep Super Market (In Store),buyhatke,https://buyhatke.com/gift-cards/ratnadeep-super-market-(in-store)-gift-card,no,no,,,,500 / 1000 / 1500 / 2000,yes,yes,,,same denomination only,no,yes,,no,yes,,,,365 days from the date of issue,,,,,,,,
Ray Ban,buyhatke,https://buyhatke.com/gift-cards/ray-ban-gift-card,yes,yes,7.39,7.39,any: 7.39%,500 / 1000 / 2500 / 10000,yes,,,,same denomination only,yes,no,5,,,,,,6 months,,,,,Comes with 6 months validity and a maximum of five gift cards can be redeemed against a single invoice,,,
Raymond - Ready to Wear,gyftr,https://www.gyftr.com/raymond---ready-to-wear,yes,yes,10.0,10.0,Amazon Pay: 9.0% | Credit Card: 9.0% | Debit Card: 9.0% | MobiKwik: 9.0% | Net Banking: 9.0% | PAYTM UPI: 10.0% | Paytm Wallet: 9.0% | UPI: 10.0% | e-Pay: 10.0%,500 / 3000 / 7500 / 5000 / 10000 / 2000 / 1000 / 1500 / 2500 / 100,yes,yes,,,yes,no,yes,unlimited,yes,,no,ready-made products only,Custom Tailoring bills | discounted products during EOSS,,,,,,More than one GV / GC can be used in one bill.,"GV/e-Pay can be used during the End of Season Sale (EOSS), but they cannot be applied to discounted products during the sale.",The Raymond - Ready to Wear GV / GC can only be used to purchase ready-made products.,
Raymond - Ready to Wear,maximize,https://www.maximize.money/gift-cards/Raymond - Ready to Wear/320,yes,yes,10.75,10.75,Amazon pay: 8.75% | Amex: 8.5% | CC on UPI: 8.4% | Credit Card: 8.85% | Debit Card: 9.5% | Diners Club: 8.5% | Pay With Rewards: 7.45% | UPI: 10.75% | Wallets: 8.4%,500 / 1000 / 1500 / 2000 / 2500 / 3000 / 5000 / 7500 / 10000,no,yes,,11.0,same denomination only,no,yes,unlimited,yes,no,no,Ready-made products only,Custom Tailoring bills | discounted products during the End of Season Sale (EOSS) | date: specific block out dates,6 months,,,,,More than one GV / GC can be used in one bill.,"Can be clubbed with other offers? No, can't club with other offers / coupons",The Raymond - Ready to Wear GV / GC can only be used to purchase ready-made products.,
Raymond Ready to Wear In Store,buyhatke,https://buyhatke.com/gift-cards/raymond-ready-to-wear-(in-store)-gift-card,yes,yes,9.55,9.55,any: 9.55%,500 / 1000 / 1500 / 2000 / 2500 / 3000 / 5000 / 7500 / 10000,yes,yes,,,same denomination only,no,yes,unlimited,yes,no,no,Ready-made products only,Custom Tailoring bills | Discounted products during the End of Season Sale,,,,,,More than one GV / GC can be used in one bill.,"GV/e-Pay can be used during the End of Season Sale (EOSS), but they cannot be applied to discounted products during the sale.",The Raymond - Ready to Wear GV / GC can only be used to purchase ready-made products.,
Razer Gold,buyhatke,https://buyhatke.com/gift-cards/razer-gold-gift-card,yes,yes,0.32,0.32,any: 0.32%,50 / 100 / 250 / 500 / 1000 / 2000 / 2500 / 3000 / 5000,yes,,,,same denomination only,yes,no,,,,,,,12 months,,,,,,,,
Razer Gold,maximize,https://www.maximize.money/gift-cards/Razer Gold/962,yes,yes,2.0,2.0,Amazon pay: 0.0% | Amex: 0.0% | CC on UPI: 0.0% | Credit Card: 0.1% | Debit Card: 0.75% | Diners Club: 0.0% | Pay With Rewards: 0.0% | UPI: 2.0% | Wallets: 0.0%,100 / 250 / 500 / 1000 / 2000 / 2500 / 3000 / 5000,no,,,2.1,same denomination only,yes,,1,no,yes,no,,location: outside the designated country or region for the PIN,12 months from purchase,,,,,Can the cards be clubbed? Multiple cards can't be clubbed,"Can be clubbed with other offers? No, can't club with other offers / coupons",,
Razorpay Money Bill,maximize,https://www.maximize.money/gift-cards/Razorpay Money Bill/1070,yes,no,0.0,0.0,Amex: 0.0% | CC on UPI: 0.0% | Credit Card: 0.0% | Debit Card: 0.0% | Diners Club: 0.0% | UPI: 0.0%,200 / 500 / 1000 / 2000 / 5000 / 10000,yes,,,,same denomination only,yes,,unlimited,yes,no,no,,,12 months from the date of issuance,,,,,Can the cards be clubbed? Use several gift cards in one purchase,"Can be clubbed with other offers? No, can't club with other offers / coupons",,
Razorpay Money Flex,buyhatke,https://buyhatke.com/gift-cards/razorpay-money-flex-gift-card,yes,yes,3.17,3.17,any: 3.17%,100 / 500 / 2000 / 10000,yes,,,,same denomination only,yes,no,unlimited,yes,no,,Gift cards and vouchers of 100+ brands on the Razorpay Money platform only,,Wallet balance valid for one year from the date of addition,,,,,Multiple GVs can be added to the wallet and the balance can be used across transactions,,This is a Razorpay Money Flex Gift Voucher (GV) redeemable against gift cards and vouchers of 100+ brands across India.,
Razorpay Money Flex,maximize,https://www.maximize.money/gift-cards/Razorpay Money Flex/945,yes,yes,3.25,3.25,Amazon pay: 1.25% | Amex: 1.0% | CC on UPI: 0.9% | Credit Card: 1.35% | Debit Card: 2.0% | Diners Club: 1.0% | Pay With Rewards: 0.0% | UPI: 3.25% | Wallets: 0.9%,200 / 500 / 1000 / 2000 / 5000 / 10000,yes,,,3.5,same denomination only,yes,,unlimited,yes,no,no,Exchanging for gift cards or vouchers of brands on the Razorpay Money platform only,,6 months from purchase,,,,,Can the cards be clubbed? Use several gift cards in one purchase,"Can be clubbed with other offers? No, can't club with other offers / coupons",The GV is not for resale and cannot be used for any purpose other than exchanging for brand gift cards or vouchers within the Razorpay Money platform.,
Reader's Digest,gyftr,https://www.gyftr.com/readers-digest,no,no,25.0,25.0,Amazon Pay: 23.0% | Credit Card: 23.0% | Debit Card: 23.0% | MobiKwik: 23.0% | Net Banking: 23.0% | PAYTM UPI: 25.0% | Paytm Wallet: 23.0% | UPI: 25.0%,,no,,,,yes,yes,,1,,,no,,,,,,,,Only One GV/GC can be used for one subscription.,Gift Vouchers CANNOT be clubbed with existing offers.,,
Relaxo,gyftr,https://www.gyftr.com/relaxo,yes,yes,8.0,8.0,Amazon Pay: 7.0% | Credit Card: 7.0% | Debit Card: 7.0% | MobiKwik: 7.0% | Net Banking: 7.0% | PAYTM UPI: 8.0% | Paytm Wallet: 7.0% | UPI: 8.0% | e-Pay: 8.0%,2000 / 5000 / 500 / 1000 / 100,yes,yes,,,yes,no,yes,unlimited,yes,,yes,,,,,,,,More than one GV can be used in one bill.,The GV/e-Pay can be clubbed with the existing offers.,,
Relaxo,maximize,https://www.maximize.money/gift-cards/Relaxo/281,yes,yes,8.0,8.0,Amazon pay: 6.0% | Amex: 5.75% | CC on UPI: 5.65% | Credit Card: 6.1% | Debit Card: 6.75% | Diners Club: 5.75% | Pay With Rewards: 4.7% | UPI: 8.0% | Wallets: 5.65%,500 / 1000 / 1500 / 2000 / 2500 / 3000 / 5000,no,yes,,11.25,same denomination only,no,yes,unlimited,no,yes,yes,,date: specific block-out dates,6 months,,,,,More than one GV can be used in one bill.,Relaxo Footwears Ltd GV can be clubbed with on-going promotions.,,
Relaxo In Store,buyhatke,https://buyhatke.com/gift-cards/relaxo-(in-store)-gift-card,yes,yes,10.73,10.73,any: 10.73%,500 / 1000 / 1500 / 2000 / 2500 / 3000 / 5000,yes,yes,,,same denomination only,no,yes,unlimited,no,yes,yes,,,,,,,,More than one GV can be used in one bill.,Relaxo Footwears Ltd GV can be clubbed with on-going promotions.,,
Reliance Digital,gyftr,https://www.gyftr.com/reliance-digital,yes,yes,0.5,0.5,Amazon Pay: 0.0% | Credit Card: 0.0% | Debit Card: 0.0% | MobiKwik: 0.0% | PAYTM UPI: 0.5% | UPI: 0.5% | e-Pay: 0.5%,5000 / 1000 / 500 / 2000 / 9999 / 7500 / 3000 / 250 / 1500 / 2500,yes,yes,,,yes,no,yes,unlimited,no,yes,yes,,Gold/Silver Coins | Fine Jewellery | Apple | OnePlus | Motorola | Sony products | other mobile phones | baby food | alcohol | tobacco | oil | ghee | sugar,,,,,,Multiple Gift Vouchers CAN be used in one bill,The GV/GC can be clubbed with the existing offers.,,
Reliance Digital,maximize,https://www.maximize.money/gift-cards/Reliance Digital/671,yes,no,0.0,0.0,Amazon pay: 0.0% | Amex: 0.0% | CC on UPI: 0.0% | Credit Card: 0.0% | Debit Card: 0.0% | Diners Club: 0.0% | Pay With Rewards: 0.0% | UPI: 0.0% | Wallets: 0.0%,500 / 1000 / 1500 / 2000 / 3000 / 5000 / 7500,no,yes,,0.75,same denomination only,no,yes,unlimited,,yes,no,,Gold/Silver Coins,6 months,,,,,This is a one-time use gift card. Multiple Gift cards can be used in one bill.,"Can be clubbed with other offers? No, can't club with other offers / coupons",,
Reliance In Store,buyhatke,https://buyhatke.com/gift-cards/reliance-(in-store)-gift-card,yes,no,0.0,0.0,any: 0.0%,500 / 1000 / 1500 / 2000 / 3000 / 5000 / 7500,yes,yes,,,same denomination only,no,yes,unlimited,,yes,,,Gold/Silver coins | Mobiles | Oil | Ghee | Sugar | Baby Food | Alcohol | Tobacco,6 months,,,,,This is a one time use gift card. Multiple Gift cards can be used in one bill,,,
Reliance Jewels,gyftr,https://www.gyftr.com/reliance-jewels,yes,no,0.0,0.0,Amazon Pay: 0.0% | Credit Card: 0.0% | Debit Card: 0.0% | MobiKwik: 0.0% | Net Banking: 0.0% | UPI: 0.0% | e-Pay: 0.0%,1000 / 500 / 2000 / 5000 / 1500 / 2500 / 9999 / 3000 / 7500,no,yes,,,yes,no,yes,unlimited,no,yes,yes,,Gold/Silver Coins | Fine Jewellery | Apple | 1+ | Motorola | Sony Products | other mobile phones | baby food | alcohol | tobacco | oil | ghee | sugar,3 to 12 months from the issue date,,,,,Multiple Gift Vouchers CAN be used in one bill.,Gift Vouchers CAN be used to buy discounted products.,,
Reliance Jewels,maximize,https://www.maximize.money/gift-cards/Reliance Jewels/672,yes,no,0.0,0.0,Amazon pay: 0.0% | Amex: 0.0% | CC on UPI: 0.0% | Credit Card: 0.0% | Debit Card: 0.0% | Diners Club: 0.0% | Pay With Rewards: 0.0% | UPI: 0.0% | Wallets: 0.0%,500 / 1000 / 1500 / 2000 / 2500 / 3000 / 5000 / 7500 / 9999,no,yes,,0.75,same denomination only,no,yes,unlimited,no,yes,no,,Gold/Silver Coins,12 months from the date of receipt,,,,,Multiple Gift Vouchers CAN be used in one bill,"Can be clubbed with other offers? No, can't club with other offers / coupons",,
Reliance Jewels In Store,buyhatke,https://buyhatke.com/gift-cards/reliance-jewels-(in-store)-gift-card,yes,yes,0.74,0.74,any: 0.74%,500 / 1000 / 1500 / 2000 / 2500 / 3000 / 5000 / 7500 / 9990,yes,yes,,,same denomination only,no,yes,unlimited,,yes,,,Gold/Silver Coins,12 months,,,,,Comes with 12-month validity. Multiple gift cards can be used in a single transaction.,,,
Reliance Jio Mart,gyftr,https://www.gyftr.com/reliance-jio-mart,yes,yes,0.5,0.5,Amazon Pay: 0.0% | Credit Card: 0.0% | Debit Card: 0.0% | MobiKwik: 0.0% | Net Banking: 0.0% | PAYTM UPI: 0.5% | UPI: 0.5% | e-Pay: 0.5%,1500 / 250 / 750 / 1000,no,,,,yes,yes,,1,no,yes,yes,,Gold/Silver Coins | Fine Jewellery | Apple | OnePlus | Motorola | Sony products | other mobile phones | baby food | alcohol | tobacco | oil | ghee | sugar,,,,,,Multiple vouchers CANNOT be used in one transaction,The GV/GC can be clubbed with the existing offers.,,
Reliance Jio Mart,maximize,https://www.maximize.money/gift-cards/Reliance Jio Mart/224,no,no,,,,,no,,,,same denomination only,,,,,,,,,,,,,,,,,
Reliance My Jio Store,gyftr,https://www.gyftr.com/reliance-my-jio-store,yes,no,0.0,0.0,Amazon Pay: 0.0% | Credit Card: 0.0% | Debit Card: 0.0% | MobiKwik: 0.0% | Net Banking: 0.0% | Payzapp: 0.0% | UPI: 0.0% | e-Pay: 0.0%,5000 / 250 / 2000 / 1000 / 500,no,yes,,,yes,no,yes,10,no,yes,yes,,Gold/Silver Coins | Fine Jewellery | Apple | OnePlus | Motorola | Sony products | other mobile phones | baby food | alcohol | tobacco | oil | ghee | sugar,6 - 12 months from the issue date,,,,,Up to 10 GV/GCs can be redeemed in a single order.,The GV/GC can be clubbed with the existing offers.,,
Reliance My Jio Store,maximize,https://www.maximize.money/gift-cards/Reliance My Jio Store/282,yes,yes,0.75,0.75,Amazon pay: 0.0% | Amex: 0.0% | CC on UPI: 0.0% | Credit Card: 0.0% | Debit Card: 0.0% | Diners Club: 0.0% | Pay With Rewards: 0.0% | UPI: 0.75% | Wallets: 0.0%,250 / 500 / 1000 / 2000 / 2500,no,yes,,0.75,same denomination only,,yes,unlimited,no,yes,no,,Gold/Silver Coins,minimum 6 months from the date of receipt,,,,,Can the cards be clubbed? Use several gift cards in one purchase,"Can be clubbed with other offers? No, can't club with other offers / coupons",,
Reliance Smart,buyhatke,https://buyhatke.com/gift-cards/reliance-smart-gift-card,yes,yes,0.13,0.13,any: 0.13%,100 / 500 / 2000 / 10000,yes,yes,,,same denomination only,,yes,,no,yes,,,"Gold/Silver coins | Mobiles | Oil | Ghee | Sugar | Baby Food | Milk and Milk products | Alcohol | Tobacco | Apple, 1+, Motorola, Sony products and all other mobile phones",12 months,,,,,,,,
Reliance Smart,gyftr,https://www.gyftr.com/reliance-smart,yes,no,0.0,0.0,Amazon Pay: 0.0% | Credit Card: 0.0% | Debit Card: 0.0% | Net Banking: 0.0% | UPI: 0.0% | e-Pay: 0.0%,1000 / 3000 / 500 / 2500 / 7500 / 2000 / 250 / 9999 / 1500 / 5000,no,yes,,,yes,no,yes,unlimited,no,yes,yes,,Gold/Silver Coins | Fine Jewellery | Apple | OnePlus | Motorola | Sony products | other mobile phones | baby food | alcohol | tobacco | oil | ghee | sugar,,,,,,Multiple Gift Vouchers CAN be used in one bill.,The GV/GC can be clubbed with the existing offers.,,
Reliance Smart Bazaar,gyftr,https://www.gyftr.com/reliance-smart-bazaar,yes,yes,1.0,1.0,Credit Card: 0.0% | Debit Card: 0.0% | MobiKwik: 0.0% | Net Banking: 0.0% | PAYTM UPI: 1.0% | UPI: 1.0% | e-Pay: 1.0%,500 / 2500 / 1000 / 5000 / 9999 / 1500 / 7500 / 2000 / 3000,no,yes,,,yes,no,yes,unlimited,no,yes,yes,,,,,,,,Multiple Gift Vouchers CAN be used in one bill.,Gift Vouchers CAN be used to buy discounted products.,,
Reliance Smart Bazaar In Store,buyhatke,https://buyhatke.com/gift-cards/reliance-smart-bazaar-(in-store)-gift-card,yes,no,,,,500 / 1000 / 2000 / 3000 / 5000 / 7500,yes,yes,,,same denomination only,no,yes,unlimited,no,yes,,,"Gold/Silver coins | Mobiles | Oil | Ghee | Sugar | Baby Food | Milk and Milk products | Alcohol | Tobacco | Apple, 1+, Motorola, Sony products and all other mobile phones",12 months,,,,,Multiple gift cards CAN be used in one bill.,,,
Reliance Smart In Store,buyhatke,https://buyhatke.com/gift-cards/reliance-smart-(in-store)-gift-card,yes,yes,0.74,0.74,any: 0.74%,500 / 1000 / 1500 / 2000 / 2500 / 5000 / 7500 / 9990,yes,yes,,,same denomination only,no,yes,,no,yes,,,Gold/Silver Coins | baby food | alcohol | tobacco,Minimum 6 months from the date of receipt,,,,,,,,
Reliance Smart Point,gyftr,https://www.gyftr.com/reliance-smart-point,yes,no,0.0,0.0,Credit Card: 0.0% | Debit Card: 0.0% | Net Banking: 0.0% | UPI: 0.0% | e-Pay: 0.0%,500 / 1000 / 2000,no,yes,,,yes,no,yes,unlimited,no,yes,yes,,Gold/Silver Coins | Fine Jewellery | Apple | OnePlus | Motorola | Sony products | other mobile phones | baby food | alcohol | tobacco | oil | ghee | sugar,,,,,,Multiple Gift Vouchers CAN be used in one bill,The GV/GC can be clubbed with the existing offers.,,
Reliance Smart Point In Store,buyhatke,https://buyhatke.com/gift-cards/reliance-smart-point-(in-store)-gift-card,yes,no,,,,100 / 500 / 2000 / 10000,yes,yes,,,same denomination only,no,yes,unlimited,no,yes,,,Gold/Silver coins | Mobiles | Oil | Ghee | Sugar | Baby Food | Milk and Milk products | Alcohol | Tobacco,1 year,,,,,Comes with 1 year of validity and multiple vouchers can be used in one single bill,,,
Reliance Trends,gyftr,https://www.gyftr.com/reliance-trends,yes,yes,5.0,5.0,Amazon Pay: 2.0% | Credit Card: 2.0% | Debit Card: 2.0% | MobiKwik: 2.0% | Net Banking: 2.0% | PAYTM UPI: 5.0% | Paytm Wallet: 2.0% | UPI: 5.0% | e-Pay: 5.0%,3000 / 9999 / 2500 / 1000 / 5000 / 1500 / 2000,no,yes,,,yes,no,yes,unlimited,no,yes,yes,,Gold/Silver Coins | Fine Jewellery | Apple | OnePlus | Motorola | Sony products | other mobile phones | baby food | alcohol | tobacco | oil | ghee | sugar,6-12 months from the issue date,,,,,Multiple Gift Vouchers CAN be used in one bill,The GV/GC can be clubbed with the existing offers.,,
Reliance Trends,maximize,https://www.maximize.money/gift-cards/Reliance Trends/575,yes,yes,5.5,5.5,Amazon pay: 3.5% | Amex: 3.25% | CC on UPI: 3.15% | Credit Card: 3.6% | Debit Card: 4.25% | Diners Club: 3.25% | Pay With Rewards: 2.2% | UPI: 5.5% | Wallets: 3.15%,500 / 1000 / 1500 / 2000 / 2500 / 5000,yes,yes,,5.6,same denomination only,no,yes,unlimited,no,yes,yes,,Gold/Silver Coins,12 months from the date of receipt,"usually instant, can be delayed up to 24-48 hours",,,,Multiple Gift Vouchers can be used in a single bill and can also be used on discounted products at all listed outlets on storelocator.ril.com/Retail.,"Can be clubbed with other offers? Yes, clubbable with other offers / coupons",,
Reliance Trends Footwear,gyftr,https://www.gyftr.com/reliance-trends-footwear,yes,yes,6.0,6.0,Amazon Pay: 3.0% | Credit Card: 3.0% | Debit Card: 3.0% | MobiKwik: 3.0% | Net Banking: 3.0% | PAYTM UPI: 6.0% | Paytm Wallet: 3.0% | UPI: 6.0% | e-Pay: 6.0%,250 / 1500 / 2500 / 7500 / 2000 / 9999 / 1000 / 500,no,yes,,,yes,no,yes,unlimited,no,yes,yes,,Gold/Silver Coins | Fine Jewellery | Apple | OnePlus | Motorola | Sony products | other mobile phones | baby food | alcohol | tobacco | oil | ghee | sugar,6-12 months from the issue date,,,,,Multiple Gift Vouchers CAN be used in one bill,The GV/GC can be clubbed with the existing offers.,,
Reliance Trends In Store,buyhatke,https://buyhatke.com/gift-cards/reliance-trends-(in-store)-gift-card,yes,yes,4.99,4.99,any: 4.99%,500 / 1000 / 1500 / 2000 / 2500 / 3000 / 5000 / 7500 / 9990,yes,yes,,,same denomination only,no,yes,unlimited,no,yes,yes,,"Gold/Silver Coins | Fine Jewellery | Apple, OnePlus, Motorola, Sony products, other mobile phones | baby food | alcohol | tobacco | oil | ghee | sugar",,,,,,Multiple Gift Vouchers CAN be used in one bill,The GV/GC can be clubbed with the existing offers.,,
Renee Cosmetics,buyhatke,https://buyhatke.com/gift-cards/renee-cosmetics-gift-card,no,no,,,,500 / 1000 / 1500 / 2000,yes,,,,same denomination only,yes,no,1,no,yes,,,,6 months,,,,,Multiple Gift Vouchers CANNOT be used in one single purchase,,,
Renee Cosmetics,gyftr,https://www.gyftr.com/renee-cosmetics,no,no,15.0,15.0,Amazon Pay: 14.0% | Credit Card: 14.0% | Debit Card: 14.0% | MobiKwik: 14.0% | Net Banking: 14.0% | PAYTM UPI: 15.0% | Paytm Wallet: 14.0% | UPI: 15.0%,,no,,,,yes,yes,,1,,yes,,,,,,,,,Multiple Gift Vouchers CANNOT be used in one single purchase.,,,
Rentomojo,buyhatke,https://buyhatke.com/gift-cards/rentomojo-gift-card,no,no,,,,500 / 1000 / 1500 / 2000,yes,,,,same denomination only,yes,no,,yes,no,,Rental payments for products rented from the Company only,Security deposit payments | Any other ancillary charges,12 months from the date of purchase,Normally instant; delivery can be delayed up to 24 hours,,,,,,The Gift Card is applicable exclusively for rental payments of the products (“Products”) rented from the Company.,
Replay In Store,buyhatke,https://buyhatke.com/gift-cards/replay-(in-store)-gift-card,yes,yes,11.88,11.88,any: 11.88%,1000 / 2000 / 5000 / 10000,yes,yes,,,same denomination only,no,yes,unlimited,,yes,,Full-priced merchandise only,,1 year,,,,,This is a one-time use giftcard; multiple cards can be used in 1 transaction,,Luxe Gift Card can only be redeemed against full-priced merchandise,
Resonate Router UPS,buyhatke,https://buyhatke.com/gift-cards/resonate-router-ups-gift-card,yes,yes,8.89,8.89,any: 8.89%,250 / 500 / 1000 / 2500 / 5000,yes,,,,same denomination only,yes,no,1,,,,,,12 months from the date of activation,,,,,Only one gift card can be redeemed per invoice.,,,
Resonate Router UPS,maximize,https://www.maximize.money/gift-cards/Resonate Router UPS/474,yes,yes,10.0,10.0,Amazon pay: 8.0% | Amex: 7.75% | CC on UPI: 7.65% | Credit Card: 8.1% | Debit Card: 8.75% | Diners Club: 7.75% | Pay With Rewards: 6.7% | UPI: 10.0% | Wallets: 7.65%,250 / 500 / 1000 / 2500 / 5000,no,,,10.5,same denomination only,yes,no,1,no,yes,no,,"location: offline retail outlets, multi-brand stores and marketplaces like Amazon, Flipkart, Paytm",12 months from the date of activation,,,,,Only one gift card can be redeemed per invoice.,"Can be clubbed with other offers? No, can't club with other offers / coupons",,
Riot League of Legends 1660,maximize,https://www.maximize.money/gift-cards/Riot League of Legends 1660/1022,yes,yes,2.25,2.25,Amazon pay: 0.25% | Amex: 0.0% | CC on UPI: 0.0% | Credit Card: 0.35% | Debit Card: 1.0% | Diners Club: 0.0% | Pay With Rewards: 0.0% | UPI: 2.25% | Wallets: 0.0%,1660,no,,,2.5,same denomination only,yes,no,1,no,yes,no,Riot Games Virtual Currency at Riot Games online stores and clients only,location: redeemable in India only,12 months from purchase,,,,,Can the cards be clubbed? Multiple cards can't be clubbed,"Can be clubbed with other offers? No, can't club with other offers / coupons","This Riot Games (""RG"") Virtual Currency (""VC"") code (this ""Code"") permits you to purchase VC to the value of the amount printed on the front of this Code for use only at the Riot Games online stores and Riot Games clients listed at prepaidcards.riotgames.com.",
Riot League of Legends 2900,maximize,https://www.maximize.money/gift-cards/Riot League of Legends 2900/1023,yes,yes,2.25,2.25,Amazon pay: 0.25% | Amex: 0.0% | CC on UPI: 0.0% | Credit Card: 0.35% | Debit Card: 1.0% | Diners Club: 0.0% | Pay With Rewards: 0.0% | UPI: 2.25% | Wallets: 0.0%,2900,no,,,2.5,same denomination only,yes,no,1,no,yes,no,Riot Games Virtual Currency at Riot Games online stores and clients only,location: redeemable in India only,12 months from purchase,,,,,Can the cards be clubbed? Multiple cards can't be clubbed,"Can be clubbed with other offers? No, can't club with other offers / coupons","This Riot Games (""RG"") Virtual Currency (""VC"") code (this ""Code"") permits you to purchase VC to the value of the amount printed on the front of this Code for use only at the Riot Games online stores and Riot Games clients listed at prepaidcards.riotgames.com.",
Riot League of Legends 415,maximize,https://www.maximize.money/gift-cards/Riot League of Legends 415/1020,yes,yes,2.25,2.25,Amazon pay: 0.25% | Amex: 0.0% | CC on UPI: 0.0% | Credit Card: 0.35% | Debit Card: 1.0% | Diners Club: 0.0% | Pay With Rewards: 0.0% | UPI: 2.25% | Wallets: 0.0%,415,no,,,2.5,same denomination only,yes,no,1,no,yes,no,Riot Games Virtual Currency at Riot Games online stores and clients only,location: redeemable in India only,12 months from purchase,,,,,Can the cards be clubbed? Multiple cards can't be clubbed,"Can be clubbed with other offers? No, can't club with other offers / coupons","This Riot Games (""RG"") Virtual Currency (""VC"") code (this ""Code"") permits you to purchase VC to the value of the amount printed on the front of this Code for use only at the Riot Games online stores and Riot Games clients listed at prepaidcards.riotgames.com.",
Riot League of Legends 4150,maximize,https://www.maximize.money/gift-cards/Riot League of Legends 4150/1024,yes,yes,2.25,2.25,Amazon pay: 0.25% | Amex: 0.0% | CC on UPI: 0.0% | Credit Card: 0.35% | Debit Card: 1.0% | Diners Club: 0.0% | Pay With Rewards: 0.0% | UPI: 2.25% | Wallets: 0.0%,4150,no,,,2.5,same denomination only,yes,no,1,no,yes,no,Riot Games Virtual Currency at Riot Games online stores and clients only,location: redeemable in India only,12 months from purchase,,,,,Can the cards be clubbed? Multiple cards can't be clubbed,"Can be clubbed with other offers? No, can't club with other offers / coupons","This Riot Games (""RG"") Virtual Currency (""VC"") code (this ""Code"") permits you to purchase VC to the value of the amount printed on the front of this Code for use only at the Riot Games online stores and Riot Games clients listed at prepaidcards.riotgames.com.",
Riot League of Legends 830,maximize,https://www.maximize.money/gift-cards/Riot League of Legends 830/1021,yes,yes,2.25,2.25,Amazon pay: 0.25% | Amex: 0.0% | CC on UPI: 0.0% | Credit Card: 0.35% | Debit Card: 1.0% | Diners Club: 0.0% | Pay With Rewards: 0.0% | UPI: 2.25% | Wallets: 0.0%,830,no,,,2.5,same denomination only,yes,no,1,no,yes,no,Riot Games Virtual Currency at Riot Games online stores and clients only,location: redeemable in India only,12 months from purchase,,,,,Can the cards be clubbed? Multiple cards can't be clubbed,"Can be clubbed with other offers? No, can't club with other offers / coupons","This Riot Games (""RG"") Virtual Currency (""VC"") code (this ""Code"") permits you to purchase VC to the value of the amount printed on the front of this Code for use only at the Riot Games online stores and Riot Games clients listed at prepaidcards.riotgames.com.",
Ritu Kumar Luxe In Store,buyhatke,https://buyhatke.com/gift-cards/ritu-kumar-luxe-(in-store)-gift-card,yes,yes,10.95,10.95,any: 10.95%,1000 / 2000 / 10000 / 50000,yes,yes,,,same denomination only,no,yes,unlimited,,yes,,Full-priced merchandise only,,1 year,,,,,This is a one-time use giftcard; multiple cards can be used in 1 transaction,,Luxe Gift Card can only be redeemed against full-priced merchandise,
RITU KUMAR- Luxe Gift Card,gyftr,https://www.gyftr.com/ritu-kumar,yes,yes,10.0,10.0,Credit Card: 10.0% | Debit Card: 10.0% | Net Banking: 10.0% | PAYTM UPI: 10.0% | UPI: 10.0% | e-Pay: 10.0%,5000 / 2000 / 1000 / 10000,no,yes,,,yes,yes,yes,unlimited,no,yes,no,,location: airport stores,,,,,,Multiple GV/GC can be used for one bill.,The GV/GC can be redeemed only against full priced merchandise.,,
River Roost In Store,buyhatke,https://buyhatke.com/gift-cards/river-roost-(in-store)-gift-card,yes,yes,9.89,9.89,any: 9.89%,500 / 1000 / 2000 / 5000,yes,yes,,,same denomination only,no,yes,6,no,yes,,,,6 months,,,,,Multiple E-Gift Voucher upto 6 can be used to redeem against a single Invoice billing,,,
Roblox,buyhatke,https://buyhatke.com/gift-cards/roblox-gift-card,yes,yes,5.21,5.21,any: 5.21%,900 / 1800,yes,,,,same denomination only,yes,no,,,,,"Roblox credits on www.roblox.com, usable for Robux or a Roblox Premium Subscription",The Roblox App,,,,,,,,"It can only be redeemed on www.roblox.com for Roblox credits, which can be used to buy Robux or a Roblox Premium Subscription",
Roblox,gyftr,https://www.gyftr.com/roblox,yes,yes,6.0,6.0,Amazon Pay: 4.0% | Credit Card: 4.0% | Debit Card: 4.0% | MobiKwik: 4.0% | Net Banking: 4.0% | PAYTM UPI: 6.0% | Paytm Wallet: 4.0% | UPI: 6.0%,940 / 1880,no,,,,yes,yes,,unlimited,no,yes,yes,"Roblox Credit, usable for Robux or a Premium subscription",the Roblox App,,,,,,Multiple GV/GC can be used against one bill.,The GV/GC can be clubbed with the existing offers.,"Upon redemption, the card value is converted to Roblox Credit, which can be used to purchase Robux or a Premium subscription.",
Roblox,maximize,https://www.maximize.money/gift-cards/Roblox/795,yes,yes,6.5,6.5,Amazon pay: 4.5% | Amex: 4.25% | CC on UPI: 4.15% | Credit Card: 4.6% | Debit Card: 5.25% | Diners Club: 4.25% | Pay With Rewards: 3.2% | UPI: 6.5% | Wallets: 4.15%,940 / 1880,no,,,6.75,same denomination only,yes,no,1,no,yes,no,"Roblox credits, used to buy Robux or a Roblox Premium Subscription",the Roblox App,12 months from purchase,,,,,Can the cards be clubbed? Multiple cards can't be clubbed,"Can be clubbed with other offers? No, can't club with other offers / coupons","This is a Roblox Membership Gift Voucher/Gift Card (GV/GC). It can only be redeemed on https://www.roblox.com for Roblox credits, which can be used to buy Robux or a Roblox Premium Subscription (pricing may change; check https://www.roblox.com/upgrades/robux ).",
Roblox Gift Card,gyftr,https://www.gyftr.com/roblox-gift-card,yes,yes,5.0,5.0,Amazon Pay: 3.0% | Credit Card: 3.0% | Debit Card: 3.0% | MobiKwik: 3.0% | Net Banking: 3.0% | PAYTM UPI: 5.0% | UPI: 5.0% | e-Pay: 5.0%,2375 / 950,no,,,,yes,yes,,unlimited,yes,yes,yes,"Roblox Credit, usable for Robux or a Premium subscription",,,,,,,Multiple GV/GC can be used against one bill.,The GV/GC can be clubbed with the existing offers.,"Upon redemption, the card value is converted to Roblox Credit, which can be used to purchase Robux or a Premium subscription.",
ROWAN- Luxe Gift Card,gyftr,https://www.gyftr.com/rowan,yes,yes,10.0,10.0,Credit Card: 10.0% | Debit Card: 10.0% | Net Banking: 10.0% | PAYTM UPI: 10.0% | UPI: 10.0% | e-Pay: 10.0%,5000 / 2000 / 1000 / 10000,no,yes,,,yes,,yes,unlimited,no,yes,no,,location: airport stores,,,,,,Multiple GV/GC can be used for one bill.,The GV/GC can be redeemed only against full priced merchandise.,,
Salty,buyhatke,https://buyhatke.com/gift-cards/salty-gift-card,yes,yes,15.19,15.19,any: 15.19%,500,yes,,,,same denomination only,yes,no,,yes,no,,,,6-12 months,,,,,,,,
Samsonite,buyhatke,https://buyhatke.com/gift-cards/samsonite-gift-card,yes,yes,2.38,2.38,any: 2.38%,500 / 1000 / 2000 / 2500 / 4000 / 5000 / 7000 / 9000 / 10000 / 15000 / 20000,yes,yes,,,same denomination only,yes,yes,unlimited,no,yes,yes,,Samsonite products with more than 30% discount,6 months,,,,,Multiple EGV’s per invoice can be used.,This EGV can be clubbed with existing offers at stores and website.,,
Samsonite,gyftr,https://www.gyftr.com/samsonite,yes,yes,5.5,5.5,Amazon Pay: 4.0% | Credit Card: 4.0% | Debit Card: 4.0% | MobiKwik: 4.0% | Net Banking: 4.0% | PAYTM UPI: 5.5% | UPI: 5.5% | e-Pay: 5.0%,10000 / 5000 / 1000 / 2000 / 1000 / 7500,yes,yes,,,yes,no,yes,unlimited,no,yes,yes,Only products discounted up to 30% for Samsonite and up to 50% for American Tourister,,,,,,,Multiple GV's can be used in one single purchase,Gift Vouchers CAN be used during Sale.,GV will be Valid for redemption only on products on discount upto 30% in case of Samsonite and upto 50% on American Tourister respectively.,
Samsonite,maximize,https://www.maximize.money/gift-cards/Samsonite/251,yes,yes,6.25,6.25,Amazon pay: 4.25% | Amex: 4.0% | CC on UPI: 3.9% | Credit Card: 4.35% | Debit Card: 5.0% | Diners Club: 4.0% | Pay With Rewards: 2.95% | UPI: 6.25% | Wallets: 3.9%,2000 / 5000 / 10000,yes,yes,,6.5,same denomination only,,yes,unlimited,no,yes,yes,Only products on discount up to 30% (Samsonite) and up to 50% (American Tourister),,6 months,,,,,Multiple GV's can be used in one single purchase.,"Can be clubbed with other offers? Yes, clubbable with other offers / coupons",GV will be valid for redemption only on products on discount up to 30% in case of Samsonite and up to 50% on American Tourister respectively.,
Samsonite In Store,buyhatke,https://buyhatke.com/gift-cards/samsonite-(in-store)-gift-card,yes,yes,4.99,4.99,any: 4.99%,2000 / 5000 / 10000,yes,yes,,,same denomination only,no,yes,unlimited,no,yes,,Products on discount up to 30% for Samsonite and up to 50% for American Tourister,,,,,,,Multiple GV's can be used in one single purchase.,,GV will be valid for redemption only on products on discount up to 30% in case of Samsonite and up to 50% on American Tourister respectively.,
Sandro Luxe In Store,buyhatke,https://buyhatke.com/gift-cards/sandro-luxe-(in-store)-gift-card,yes,yes,10.95,10.95,any: 10.95%,1000 / 2000 / 10000 / 50000,yes,yes,,,same denomination only,no,yes,unlimited,,yes,,Full-priced merchandise only,,1 year,,,,,This is a one-time use giftcard; multiple cards can be used in 1 transaction,,Luxe Gift Card can only be redeemed against full-priced merchandise,
Sandro-Luxe Gift Card,gyftr,https://www.gyftr.com/sandro,yes,yes,10.0,10.0,Credit Card: 10.0% | Debit Card: 10.0% | Net Banking: 10.0% | PAYTM UPI: 10.0% | UPI: 10.0% | e-Pay: 10.0%,5000 / 2000 / 1000 / 10000,no,yes,,,yes,no,yes,unlimited,no,yes,no,,location: airport stores,,,,,,Multiple GV/GC can be used for one bill.,The GV/GC can be redeemed only against full priced merchandise.,,
Sathya In Store,buyhatke,https://buyhatke.com/gift-cards/sathya-(in-store)-gift-card,yes,yes,1.38,1.38,any: 1.38%,500 / 1000 / 2000 / 5000,yes,yes,,,same denomination only,no,yes,,no,yes,yes,,,6 months,,,,,,E-Gift Vouchers can be clubbed with the on-going offers & schemes,,
Satya Paul Luxe,buyhatke,https://buyhatke.com/gift-cards/satya-paul-luxe-gift-card,no,no,,,,,no,,,,same denomination only,,,,,,,,,,,,,,,,,
Satya Paul Luxe In Store,buyhatke,https://buyhatke.com/gift-cards/satya-paul-luxe-(in-store)-gift-card,yes,yes,11.88,11.88,any: 11.88%,1000 / 2000 / 5000 / 10000,yes,yes,,,same denomination only,no,yes,unlimited,,yes,,Full-priced merchandise only,,1 year,,,,,This is a one-time use giftcard; multiple cards can be used in 1 transaction,,Luxe Gift Card can only be redeemed against full-priced merchandise,
Satya Paul- Luxe Gift Card,gyftr,https://www.gyftr.com/luxe-gift-card-satya-paul,yes,no,0.0,0.0,Amazon Pay: 0.0% | Credit Card: 0.0% | Debit Card: 0.0% | MobiKwik: 0.0% | Net Banking: 0.0% | Payzapp: 0.0% | UPI: 0.0% | e-Pay: 0.0%,5000 / 2000 / 1000,no,yes,,,yes,yes,yes,unlimited,no,yes,no,,location: Airport stores | Merchandise that is not full priced,,,,,,7. Multiple GV/GC can be used for one bill.,11. The GV/GC can be redeemed only against full priced merchandise.,,
Satya Paul-Luxe,maximize,https://www.maximize.money/gift-cards/Satya Paul-Luxe/475,yes,yes,10.0,10.0,Amex: 10.0% | CC on UPI: 10.0% | Credit Card: 10.0% | Debit Card: 10.0% | Diners Club: 10.0% | UPI: 10.0%,2000 / 5000 / 10000,yes,yes,,13.0,same denomination only,yes,yes,unlimited,no,yes,no,Full-priced merchandise only,discounted items | location: airport stores,12 months from the date of purchase,,,,,Multiple Luxe Gift Cards can be used in a single transaction.,"Can be clubbed with other offers? No, can't club with other offers / coupons",The Gift Card can be redeemed only on full-priced merchandise and is not applicable on discounted items unless specified otherwise.,
Scotch & Soda -Luxe Gift Card,gyftr,https://www.gyftr.com/luxe-gift-card-scotch-soda,yes,no,0.0,0.0,Amazon Pay: 0.0% | Credit Card: 0.0% | Debit Card: 0.0% | MobiKwik: 0.0% | Net Banking: 0.0% | Payzapp: 0.0% | UPI: 0.0% | e-Pay: 0.0%,5000 / 2000 / 1000 / 10000,no,yes,,,yes,,yes,unlimited,no,yes,no,,location: Airport stores | Merchandise that is not full priced,,,,,,7. Multiple GV/GC can be used for one bill.,11. The GV/GC can be redeemed only against full priced merchandise.,,
Scotch and Soda Luxe In Store,buyhatke,https://buyhatke.com/gift-cards/scotch-and-soda-luxe-(in-store)-gift-card,yes,yes,11.67,11.67,any: 11.67%,1000 / 2000 / 5000 / 10000,yes,yes,,,same denomination only,no,yes,unlimited,no,yes,,Full-priced merchandise only,,12 months from the date of purchase,,,,,Multiple Luxe Gift Cards can be used in a single transaction.,,Card is valid only on full-priced merchandise.,
Scotch and Soda-Luxe,maximize,https://www.maximize.money/gift-cards/Scotch and Soda-Luxe/476,yes,yes,10.0,10.0,Amex: 10.0% | CC on UPI: 10.0% | Credit Card: 10.0% | Debit Card: 10.0% | Diners Club: 10.0% | UPI: 10.0%,2000 / 5000 / 10000,yes,yes,,13.0,same denomination only,yes,yes,unlimited,no,yes,no,Full-priced merchandise only,discounted items | location: airport stores,12 months from the date of purchase,,,,,Multiple Luxe Gift Cards can be used in a single transaction.,"Can be clubbed with other offers? No, can't club with other offers / coupons",The Gift Card can be redeemed only on full-priced merchandise and is not applicable on discounted items unless specified otherwise.,
Scotch Soda Luxe,buyhatke,https://buyhatke.com/gift-cards/scotch-soda-luxe-gift-card,no,no,,,,500 / 1000 / 1500 / 2000,yes,yes,,,same denomination only,yes,yes,unlimited,no,yes,,Full priced merchandise only,Discounted merchandise,12 months from the date of purchase,,,,,Multiple Luxe Gift Cards can be used in a single transaction.,,Luxe Gift Card can be redeemed only against full priced merchandise.,
Scotch Soda Luxe In Store,buyhatke,https://buyhatke.com/gift-cards/scotch-soda-luxe-(in-store)-gift-card,yes,yes,10.95,10.95,any: 10.95%,1000 / 2000 / 5000 / 10000,yes,yes,,,same denomination only,no,yes,unlimited,,yes,,Full-priced merchandise only,,1 year,,,,,This is a one-time use giftcard; multiple cards can be used in 1 transaction,,Luxe Gift Card can only be redeemed against full-priced merchandise,
SELECTED HOMME (In Store),buyhatke,https://buyhatke.com/gift-cards/selected-homme-(in-store)-gift-card,no,no,,,,500 / 1000 / 1500 / 2000,yes,yes,,,same denomination only,no,yes,,no,yes,,,,6 months,,,,,,,,
Senco Gold,maximize,https://www.maximize.money/gift-cards/Senco Gold/726,yes,yes,3.25,3.25,Amazon pay: 1.25% | Amex: 1.0% | CC on UPI: 0.9% | Credit Card: 1.35% | Debit Card: 2.0% | Diners Club: 1.0% | Pay With Rewards: 0.0% | UPI: 3.25% | Wallets: 0.9%,1000 / 15000 / 25000 / 50000 / 100000,no,yes,,3.45,same denomination only,,yes,1,no,yes,no,"Gold Jewelry, Diamond Jewelry, Gossip collection, Astral Gems/Jewelry, Silver products, Gold & Silver coins, 'Sennes' Leather Bags, 'Sennes' Lab Grown Diamond Jewelry and 'Sennes' Perfume",,305 days from the date of issue,,,,,Can the cards be clubbed? Multiple cards can't be clubbed,"Can be clubbed with other offers? No, can't club with other offers / coupons","Can be redeemed against Gold Jewelry, Diamond Jewelry, Gossip collection, Astral Gems/Jewelry, Silver products, Gold & Silver coins, “Sennes” Leather Bags, “Sennes” Lab Grown Diamond Jewelry, and “Sennes” Perfume.",
Senco Gold In Store,buyhatke,https://buyhatke.com/gift-cards/senco-gold-(in-store)-gift-card,yes,yes,0.63,0.63,any: 0.63%,500 / 1000 / 2000 / 5000 / 15000 / 25000 / 50000 / 100000,yes,yes,,,same denomination only,no,yes,,no,yes,,"Gold Jewelry, Diamond Jewelry, Gossip collection, Astral Gems/Jewelry, Silver products, Gold & Silver coins, “Sennes” Leather Bags, “Sennes” Lab Grown Diamond Jewelry, and “Sennes” Perfume",,305 days from the date of issue,,,,,,,"Can be redeemed against Gold Jewelry, Diamond Jewelry, Gossip collection, Astral Gems/Jewelry, Silver products, Gold & Silver coins, “Sennes” Leather Bags, “Sennes” Lab Grown Diamond Jewelry, and “Sennes” Perfume.",
Seniority,gyftr,https://www.gyftr.com/seniority,no,no,0.0,0.0,Amazon Pay: 0.0% | Credit Card: 0.0% | Debit Card: 0.0% | MobiKwik: 0.0% | Net Banking: 0.0% | Payzapp: 0.0% | UPI: 0.0% | e-Pay: 0.0%,,no,,,,yes,,,1,,yes,no,,,,,,,,Multiple GV cannot be used in one bill/transaction.,Seniority GV cannot be clubbed with any one of the existing offer on its website.,,
Seniority (In Store),buyhatke,https://buyhatke.com/gift-cards/seniority-(in-store)-gift-card,no,no,,,,500 / 1000 / 1500 / 2000,yes,yes,,,same denomination only,no,yes,unlimited,,yes,yes,,,6 months,,,,,Multiple Gift Vouchers can be used in one bill,Gift Vouchers can be used to buy discounted products; multiple Gift Vouchers can be used in one bill,,
SHEAFFER,buyhatke,https://buyhatke.com/gift-cards/sheaffer-gift-card,no,no,,,,500 / 1000 / 1500 / 2000,yes,,,,same denomination only,yes,no,3,yes,no,yes,,BBdaily,1 year,,,,,Maximum 3 vouchers can be in one transaction,All brand funded offers can be clubbed during purchase; but gift card cannot be used on BBdaily,,
Shell (1 Day Wait),buyhatke,https://buyhatke.com/gift-cards/shell-(1-day-wait)-gift-card,no,no,,,,500 / 1000 / 1500 / 2000,yes,,,,same denomination only,yes,no,1,no,,no,"Fuel purchases at Shell-owned company-operated (COCO) mobility stations, via the Shell Asia App",,3 months from the date of redeeming the code in the Shell Asia Customer Account,Usable 24 hours after the code is redeemed on the Shell Asia App,Fuel purchase must be equal to or exceed the voucher value,,,Multiple vouchers cannot be combined in a single transaction.,"This offer cannot be combined or exchanged with any other Shell offer, nor redeemed for cash or cheque.",Valid only at Shell-owned company-operated (COCO) mobility stations and only via the Shell Asia App.,
Shell Fuel 1 Day Wait,buyhatke,https://buyhatke.com/gift-cards/shell-fuel-(1-day-wait)-gift-card,yes,yes,1.59,1.59,any: 1.59%,100 / 500 / 1000 / 2000,yes,yes,,,same denomination only,yes,yes,3,no,,,,,1 month,Usable only after 24 hours from redeeming the code on the Shell Asia App,,,,Maximum 3 vouchers can be in one transaction,,,
ShemarooMe,buyhatke,https://buyhatke.com/gift-cards/shemaroome-gift-card,yes,yes,28.8,28.8,any: 28.8%,299 / 449 / 699 / 999,yes,,,,same denomination only,yes,no,1,,,no,,,6 months,,,,,A single Gift Card can be used in one bill/transaction.,The Gift Card cannot be clubbed with any other offers on its website/application.,,
ShemarooMe,gyftr,https://www.gyftr.com/shemaroome,yes,yes,30.0,30.0,Amazon Pay: 28.0% | Credit Card: 28.0% | Debit Card: 28.0% | MobiKwik: 28.0% | Net Banking: 28.0% | PAYTM UPI: 30.0% | Paytm Wallet: 28.0% | UPI: 30.0% | e-Pay: 30.0%,299 / 449 / 699 / 999,no,,,,yes,yes,,1,no,yes,no,,,,,,,,A single GV/GC can be used in one bill/transaction.,The GV/GC cannot be clubbed with any other offers on its website/application.,,
ShemarooMe Premium,buyhatke,https://buyhatke.com/gift-cards/shemaroome-premium-gift-card,no,no,,,,500 / 1000 / 1500 / 2000,yes,,,,same denomination only,yes,no,1,no,yes,,ShemarooMe Subscription Plans only,,3 months,,,,,Single gift voucher can be used in one bill/transaction,,Comes with 3 months validity and would be valid for ShemarooMe Subscription Plans only on https://www.shemarooent.com/.,
Shilhaandara In Store,buyhatke,https://buyhatke.com/gift-cards/shilhaandara-(in-store)-gift-card,yes,yes,9.89,9.89,any: 9.89%,500 / 1000 / 2000 / 5000,yes,yes,,,same denomination only,no,yes,6,no,yes,,,,6 months,,,,,Multiple E-Gift Voucher upto 6 can be used to redeem against a single Invoice billing,,,
Shiv Naresh,buyhatke,https://buyhatke.com/gift-cards/shiv-naresh-gift-card,yes,yes,3.38,3.38,any: 3.38%,1000 / 2000,yes,,,,same denomination only,yes,no,1,,,,,,6 months,,,,,Only One Gift Voucher can be used in one bill,,,
Shiv Naresh,gyftr,https://www.gyftr.com/shiv-naresh,no,no,0.0,0.0,Amazon Pay: 0.0% | Credit Card: 0.0% | Debit Card: 0.0% | MobiKwik: 0.0% | Net Banking: 0.0% | Payzapp: 0.0% | UPI: 0.0% | e-Pay: 0.0%,,no,,,,yes,yes,,1,,,yes,,,,,,,,Only One Gift Voucher can be used in one bill.,Gift Vouchers can be used to buy discounted products.,,
Shiva Organic,buyhatke,https://buyhatke.com/gift-cards/shiva-organic-gift-card,yes,yes,16.89,16.89,any: 16.89%,500 / 1000,yes,,,,same denomination only,yes,no,3,yes,no,,,,6 months,,,,,Maximum 3 Shiva Organic Gift card can be combined for a single transaction.,,,
Shiva Organic,gyftr,https://www.gyftr.com/shiva-organic,no,no,16.0,16.0,Amazon Pay: 15.0% | Credit Card: 15.0% | Debit Card: 15.0% | MobiKwik: 15.0% | Net Banking: 15.0% | PAYTM UPI: 16.0% | Paytm Wallet: 15.0% | UPI: 16.0% | e-Pay: 16.0%,,no,,,,yes,yes,no,,yes,,,,,,,,,,,,,
Shoppers Stop,buyhatke,https://buyhatke.com/gift-cards/shoppers-stop-gift-card,no,no,,,,500 / 1000 / 1500 / 2000,yes,,,,same denomination only,yes,no,3,no,,,,electronics | Phone Accessories | Jewellery,1 year,,,,,Maximum 3 vouchers can be in one transaction,,,
Shoppers Stop,gyftr,https://www.gyftr.com/shoppers-stop,yes,no,0.0,0.0,Amazon Pay: 0.0% | Credit Card: 0.0% | Debit Card: 0.0% | MobiKwik: 0.0% | Net Banking: 0.0% | UPI: 0.0%,500 / 1000 / 2000 / 10000 / 5000,no,yes,,,yes,yes,yes,unlimited,yes,no,yes,,Mobiles | Mobile Phone Accessories | Cameras | mp3 players | laptops | 22K & 24K Gold Jewellery & Gold Coins of any Jewellery brand,,,,,,You can club multiple GV/GCs against a single bill.,The GV/GC can be clubbed with existing offers on its website/store.,,
Shoppers Stop,maximize,https://www.maximize.money/gift-cards/Shoppers Stop/777,yes,no,0.0,0.0,Amazon pay: 0.0% | Amex: 0.0% | CC on UPI: 0.0% | Credit Card: 0.0% | Debit Card: 0.0% | Diners Club: 0.0% | Pay With Rewards: 0.0% | UPI: 0.0% | Wallets: 0.0%,500 / 1000 / 2000 / 3000 / 5000 / 10000,no,yes,,4.5,same denomination only,yes,yes,unlimited,yes,no,no,,Mobiles | Mobile Accessories | Cameras | MP3 players | Laptops | 22K & 24K Gold Jewellery | Gold Coins,1 year from issue date,"usually instant, may take 24-48 hours",,,,Can the cards be clubbed? Use several gift cards in one purchase,"Can be clubbed with other offers? No, can't club with other offers / coupons",,
Shopy Vision,buyhatke,https://buyhatke.com/gift-cards/shopy-vision-gift-card,yes,yes,2.88,2.88,any: 2.88%,500 / 1000 / 2000 / 5000,yes,,,,same denomination only,yes,no,1,,,no,,,1 year,,,,,More than one GV/GC cannot be clubbed in a single order,GV/GC cannot be clubbed with any other coupon or voucher,,
Shopy Vision,gyftr,https://www.gyftr.com/shopy-vision,yes,no,0.0,0.0,Amazon Pay: 0.0% | Credit Card: 0.0% | Debit Card: 0.0% | MobiKwik: 0.0% | Net Banking: 0.0% | Payzapp: 0.0% | UPI: 0.0% | e-Pay: 0.0%,1000 / 5000 / 500,no,,,,yes,yes,no,1,no,yes,no,,,,,,,,Only one GV/GC can be used against one bill/transaction.,The GV/GC cannot be clubbed with any other coupon or voucher.,,
SIGREE,gyftr,https://www.gyftr.com/sigree,no,no,0.0,0.0,Amazon Pay: 0.0% | Credit Card: 0.0% | Debit Card: 0.0% | MobiKwik: 0.0% | Net Banking: 0.0% | Payzapp: 0.0% | UPI: 0.0% | e-Pay: 0.0%,,no,yes,,,yes,no,yes,unlimited,,,,,Meal Combos,,,,,,Multiple Gift Vouchers CAN be used in one bill.,,,
SIGREE,maximize,https://www.maximize.money/gift-cards/SIGREE/678,yes,yes,13.0,13.0,Amazon pay: 11.0% | Amex: 10.75% | CC on UPI: 10.65% | Credit Card: 11.1% | Debit Card: 11.75% | Diners Club: 10.75% | Pay With Rewards: 9.7% | UPI: 13.0% | Wallets: 10.65%,100 / 250 / 500 / 1000 / 1500 / 2000 / 2500 / 5000,no,yes,,13.5,same denomination only,no,yes,unlimited,no,yes,no,Food and non-alcoholic beverages only,date: certain block-out dates,12 months,,,,,More than one GV / GC can be used in a single bill.,GV / GC cannot be combined with any other offer or voucher.,Valid only for food and non-alcoholic beverages.,
SIGREE In Store,buyhatke,https://buyhatke.com/gift-cards/sigree-(in-store)-gift-card,yes,yes,12.98,12.98,any: 12.98%,100 / 250 / 500 / 1000 / 1500 / 2000 / 2500 / 5000,yes,yes,,,same denomination only,no,yes,unlimited,no,yes,no,Food and non-alcoholic beverages only,,,,,,,More than one GV / GC can be used in a single bill.,GV / GC cannot be combined with any other offer or voucher.,Valid only for food and non-alcoholic beverages.,
Simon Carter,maximize,https://www.maximize.money/gift-cards/Simon Carter/556,yes,yes,2.9,2.9,Amazon pay: 0.9% | Amex: 0.65% | CC on UPI: 0.55% | Credit Card: 1.0% | Debit Card: 1.65% | Diners Club: 0.65% | Pay With Rewards: 0.0% | UPI: 2.9% | Wallets: 0.55%,100 / 500 / 1000 / 1500 / 2000 / 2500 / 3000 / 5000 / 7500 / 10000,no,yes,,3.0,same denomination only,no,yes,1,no,yes,no,,,1 year from the date issue,,,,,Can the cards be clubbed? Multiple cards can't be clubbed,"Can be clubbed with other offers? No, can't club with other offers / coupons",,
Simon Carter Gift Voucher,gyftr,https://www.gyftr.com/simon-carter-gift-voucher,yes,yes,2.0,2.0,Amazon Pay: 0.0% | Credit Card: 0.0% | Debit Card: 0.0% | MobiKwik: 0.0% | Net Banking: 0.0% | PAYTM UPI: 2.0% | UPI: 2.0% | e-Pay: 2.0%,3000 / 2000 / 1000 / 1500 / 2500 / 5000 / 250 / 500,no,yes,,,yes,no,yes,unlimited,no,yes,yes,,,,,,,,Multiple GV/GC can be used against one bill.,The GV/GC can be clubbed with the existing offers.,,
Simon Carter In Store,buyhatke,https://buyhatke.com/gift-cards/simon-carter-(in-store)-gift-card,yes,yes,5.88,5.88,any: 5.88%,100 / 250 / 500 / 1000 / 1500 / 2000 / 2500 / 3000 / 5000,yes,yes,,,same denomination only,no,yes,unlimited,,,,,,1 year,,,,,Multiple Gift Vouchers CAN be used in one bill at the Stores,,,
Simple,buyhatke,https://buyhatke.com/gift-cards/simple-gift-card,no,no,,,,500 / 1000 / 1500 / 2000,yes,,,,same denomination only,yes,no,1,no,yes,no,,,,,,,,Multiple vouchers cannot be used in a single purchase; only one voucher can be redeemed per transaction.,The voucher cannot be clubbed with existing offers.,,
Siri Nature Roost In Store,buyhatke,https://buyhatke.com/gift-cards/siri-nature-roost-(in-store)-gift-card,yes,yes,9.89,9.89,any: 9.89%,500 / 1000 / 2000 / 5000,yes,yes,,,same denomination only,no,yes,6,no,yes,,,,6 months,,,,,Multiple E-Gift Vouchers upto 6 can be used to redeem against a single Invoice billing,,,
Skechers,buyhatke,https://buyhatke.com/gift-cards/skechers-gift-card,yes,yes,9.73,9.73,any: 9.73%,250 / 500 / 1000 / 1500 / 2000 / 2500 / 3000 / 5000 / 7500 / 10000,yes,yes,,,same denomination only,yes,yes,unlimited,no,yes,yes,,,,,,,,Multiple GV can be used in one bill/transaction.,Skechers GV can be clubbed with any one of the existing offer.,,
Skechers,gyftr,https://www.gyftr.com/skechers,yes,yes,10.0,10.0,Amazon Pay: 8.0% | Credit Card: 8.0% | Debit Card: 8.0% | MobiKwik: 8.0% | Net Banking: 8.0% | PAYTM UPI: 10.0% | Paytm Wallet: 8.0% | UPI: 10.0% | e-Pay: 10.0%,5000 / 1000 / 2000 / 100 / 500 / 100,yes,yes,,,yes,yes,yes,unlimited,yes,yes,yes,,,,,,,,Multiple GV can be used in one bill/transaction.,The GV/e-Pay can be clubbed with any one of the existing offers.,,
Skechers,maximize,https://www.maximize.money/gift-cards/Skechers/288,yes,yes,11.75,11.75,Amazon pay: 9.75% | Amex: 9.5% | CC on UPI: 9.4% | Credit Card: 9.85% | Debit Card: 10.5% | Diners Club: 9.5% | Pay With Rewards: 8.45% | UPI: 11.75% | Wallets: 9.4%,250 / 500 / 1000 / 1500 / 2000 / 2500 / 3000 / 5000 / 7500 / 10000,yes,yes,,12.0,same denomination only,yes,yes,unlimited,no,yes,yes,,date: specific block out dates,6 - 12 months,,,,,Multiple GV can be used in one bill/transaction.,Skechers GV can be clubbed with any one of the existing offer.,,
Skechers In Store,buyhatke,https://buyhatke.com/gift-cards/skechers-(in-store)-gift-card,yes,yes,8.39,8.39,any: 8.39%,500 / 1500 / 5000 / 20000,yes,yes,,,same denomination only,no,yes,unlimited,,yes,,,,6 months,,,,,Multiple gift cards can be used against 1 transaction,,,
Skinn,gyftr,https://www.gyftr.com/skinn,yes,no,0.0,0.0,Amazon Pay: 0.0% | Credit Card: 0.0% | Debit Card: 0.0% | MobiKwik: 0.0% | Net Banking: 0.0% | Payzapp: 0.0% | UPI: 0.0% | e-Pay: 0.0%,2000 / 500 / 1000,no,yes,,,yes,no,yes,5,no,yes,no,,,,,,,,A Maximum of 5 Gift vouchers can be clubbed for a single purchase.,Not valid for in-store offers.,,
Skinn,maximize,https://www.maximize.money/gift-cards/Skinn/683,no,no,,,,,no,,,,same denomination only,,,,,,,,,,,,,,,,,
Skinn In Store,buyhatke,https://buyhatke.com/gift-cards/skinn-(in-store)-gift-card,yes,yes,6.38,6.38,any: 6.38%,500 / 1000 / 1500 / 2000 / 5000,yes,yes,,,same denomination only,no,yes,5,,yes,no,,,6 months,,,,,A maximum of 5 Gift Vouchers can be used in one bill,Gift Vouchers can be used in-store only and no offers can be clubbed with this card,,
Skinn In Store 3 Day Wait,buyhatke,https://buyhatke.com/gift-cards/skinn-(in-store%2C-3-day-wait)-gift-card,yes,yes,7.42,7.42,any: 7.42%,500 / 1000 / 1500 / 2000 / 5000,yes,yes,,,same denomination only,no,yes,5,no,yes,no,,,,Can be used after 72 hours from code generation,,,,"Only valid vouchers, at the sole discretion of TITAN, shall be accepted; a maximum of 5 vouchers can be clubbed per bill.","Not valid for in-store offers, and cannot be redeemed on specific block-out dates decided by TITAN.",,
Skullcandy,buyhatke,https://buyhatke.com/gift-cards/skullcandy-gift-card,yes,yes,16.88,16.88,any: 16.88%,500 / 1000 / 2000 / 3000 / 5000,yes,,,,same denomination only,yes,no,,yes,,,,,,,,,,,,,
Skullcandy,gyftr,https://www.gyftr.com/skullcandy,yes,yes,10.0,10.0,Credit Card: 8.0% | Debit Card: 8.0% | MobiKwik: 8.0% | Net Banking: 8.0% | PAYTM UPI: 10.0% | Paytm Wallet: 8.0% | UPI: 10.0% | e-Pay: 10.0%,2000 / 1000 / 5000 / 3000 / 100 / 100,yes,,,,yes,yes,,unlimited,yes,,no,,,,,,,,Multiple Gift Vouchers CAN be combined & added to the e-Pay balance.,The GV/e-Pay cannot be clubbed with the existing offers.,,
Skullcandy,maximize,https://www.maximize.money/gift-cards/Skullcandy/289,yes,yes,17.5,17.5,Amazon pay: 15.5% | Amex: 15.25% | CC on UPI: 15.15% | Credit Card: 15.6% | Debit Card: 16.25% | Diners Club: 15.25% | Pay With Rewards: 14.2% | UPI: 17.5% | Wallets: 15.15%,500 / 1000 / 2000 / 3000 / 5000,yes,,,18.25,same denomination only,yes,no,unlimited,yes,no,no,,date: specific block out dates,6 months,,,,,Can the cards be clubbed? Use several gift cards in one purchase,"Can be clubbed with other offers? No, can't club with other offers / coupons",,
Smile Foundation,buyhatke,https://buyhatke.com/gift-cards/smile-foundation-gift-card,yes,yes,15.73,15.73,any: 15.73%,500 / 1000,yes,,,,same denomination only,yes,no,,no,yes,,,,6 months after purchase,,,,,,,,
Smile Foundation,gyftr,https://www.gyftr.com/smile-foundation,yes,no,0.0,0.0,Amazon Pay: 0.0% | Credit Card: 0.0% | Debit Card: 0.0% | MobiKwik: 0.0% | Net Banking: 0.0% | Payzapp: 0.0% | UPI: 0.0% | e-Pay: 0.0%,1000 / 100 / 5000 / 2000 / 500 / 100,yes,,,,yes,yes,no,,yes,yes,,,,6 months after purchase,,,,,,,,
Smile Foundation,maximize,https://www.maximize.money/gift-cards/Smile Foundation/684,yes,yes,14.75,14.75,Amazon pay: 12.75% | Amex: 12.5% | CC on UPI: 12.4% | Credit Card: 12.85% | Debit Card: 13.5% | Diners Club: 12.5% | Pay With Rewards: 11.45% | UPI: 14.75% | Wallets: 12.4%,500 / 1000,yes,,,16.0,same denomination only,yes,no,unlimited,no,yes,no,Donation on the Smile Foundation voucher page only,,6 months after purchase,,,,,Can the cards be clubbed? Use several gift cards in one purchase,"Can be clubbed with other offers? No, can't club with other offers / coupons",This is a Smile Foundation Donation Voucher (DV) and can only be used at https://donate.smilefoundationindia.org/shiksha-na-ruke-voucher.,
Snapdeal 1000,buyhatke,https://buyhatke.com/gift-cards/snapdeal-1000-gift-card,no,no,,,,500 / 1000 / 1500 / 2000,yes,,,,same denomination only,yes,no,1,yes,no,,"Fashion, Home, FMCG and BPC (Beauty and Personal care) products only",,12 months from the date of issuance,Usually instant; up to 48–72 hours in rare cases,,,,The user can redeem only one gift card in a single transaction.,,"Gift Cards are valid and can be redeemed only on Fashion, Home, FMCG, and BPC (Beauty and Personal care) products.",
Snapdeal 500,buyhatke,https://buyhatke.com/gift-cards/snapdeal-500-gift-card,no,no,,,,500 / 1000 / 1500 / 2000,yes,,,,same denomination only,yes,no,1,yes,no,,"Fashion, Home, FMCG and BPC (Beauty and Personal care) products only",,12 months from the date of issuance,Usually instant; up to 48–72 hours in rare cases,,,,The user can redeem only one gift card in a single transaction.,,"Gift Cards are valid and can be redeemed only on Fashion, Home, FMCG, and BPC (Beauty and Personal care) products.",
Snitch,gyftr,https://www.gyftr.com/snitch,yes,yes,7.0,7.0,Amazon Pay: 5.0% | Credit Card: 5.0% | Debit Card: 5.0% | MobiKwik: 5.0% | Net Banking: 5.0% | PAYTM UPI: 7.0% | UPI: 7.0% | e-Pay: 7.0%,100 / 250 / 3000 / 2000 / 5000 / 1500 / 1000,yes,yes,,,yes,yes,yes,unlimited,yes,yes,yes,,,,,,,,Multiple GV/GCs can be used for one bill.,"GV/GC CAN be clubbed with other offers on the website, app, and stores.",,
Snitch,maximize,https://www.maximize.money/gift-cards/Snitch (Custom)/848,no,no,,,,,no,,,,same denomination only,,,,,,,,,,,,,,,,,
Snitch E,buyhatke,https://buyhatke.com/gift-cards/snitch-e-gift-card,yes,yes,5.23,5.23,any: 5.23%,500 / 1000 / 2000 / 2500 / 5000 / 7500 / 10000,yes,yes,,,same denomination only,yes,yes,unlimited,yes,no,,,,12 months from the date of purchase,,,,,"You can use your Wallet balance partially and combine it with other payment methods such as UPI, cards, or COD. Multiple Gift Cards can be redeemed into a single SNITCH wallet",,,
Soch,buyhatke,https://buyhatke.com/gift-cards/soch-gift-card,yes,yes,10.88,10.88,any: 10.88%,100 / 500 / 2000 / 10000,yes,yes,,,same denomination only,yes,yes,unlimited,yes,no,yes,,,,,,,,Multiple GVs can be combined and added to the e-Pay balance.,The GV/e-Pay can be clubbed with the existing offers and schemes.,,
Soch,gyftr,https://www.gyftr.com/soch-apparels,yes,yes,8.0,8.0,Credit Card: 8.0% | Debit Card: 8.0% | MobiKwik: 8.0% | Net Banking: 8.0% | PAYTM UPI: 8.0% | Paytm Wallet: 8.0% | UPI: 8.0% | e-Pay: 8.0%,2000 / 100 / 2500 / 100 / 1000 / 5000 / 500,yes,yes,,,yes,no,yes,unlimited,yes,,yes,,,,,,,,Multiple Gift Vouchers CAN be combined & added to the e-Pay balance.,GV/e-Pay CAN be clubbed with the ongoing offers & schemes.,,
Soch,maximize,https://www.maximize.money/gift-cards/Soch/685,no,no,,,,,no,,,,same denomination only,,,,,,,,,,,,,,,,,
Soch In Store,buyhatke,https://buyhatke.com/gift-cards/soch-(in-store)-gift-card,no,no,,,,500 / 1000 / 1500 / 2000,yes,yes,,,same denomination only,no,yes,unlimited,yes,,yes,,,,,,,,GV/e-Pay can be clubbed with ongoing offers and schemes. Multiple vouchers can be combined and added to the e-Pay balance.,GV/e-Pay can be clubbed with ongoing offers and schemes. Multiple vouchers can be combined and added to the e-Pay balance.,,
Solara,gyftr,https://www.gyftr.com/solara,yes,yes,9.0,9.0,Credit Card: 8.0% | Debit Card: 8.0% | MobiKwik: 8.0% | Net Banking: 8.0% | PAYTM UPI: 9.0% | UPI: 9.0% | e-Pay: 9.0%,5000 / 1000 / 7500 / 10000 / 2000 / 3500,no,,,,yes,yes,,,yes,yes,yes,,,,,,,,,The GV/e-Pay can be clubbed with the existing offers.,,
Sony Playstation,gyftr,https://www.gyftr.com/sony-playstation,yes,no,0.0,0.0,Credit Card: 0.0% | Debit Card: 0.0% | MobiKwik: 0.0% | Net Banking: 0.0% | UPI: 0.0%,2000 / 3000 / 1000 / 5000 / 4000,no,,,,yes,yes,no,,yes,yes,,,,,,,,,,,,
SonyLiv,buyhatke,https://buyhatke.com/gift-cards/sonyliv-gift-card,yes,yes,29.64,29.64,any: 29.64%,299 / 399 / 699 / 999 / 1490,yes,,,,same denomination only,yes,no,1,,yes,no,,Redemption on the iPhone iOS App,6 months,,,,,Only 1 Gift Voucher can be used in one transaction,Sony LIV GV or GC cannot be clubbed with any one of the existing offer on its website.,,
SonyLiv,gyftr,https://www.gyftr.com/sonyliv,yes,yes,20.0,20.0,Amazon Pay: 20.0% | Credit Card: 20.0% | Debit Card: 20.0% | MobiKwik: 20.0% | Net Banking: 20.0% | PAYTM UPI: 20.0% | Paytm Wallet: 20.0% | Payzapp: 0.0% | UPI: 20.0% | e-Pay: 20.0%,1499 / 699 / 299 / 999 / 399,no,,,,yes,yes,no,1,,yes,no,SonyLIV subscription only,,,,,,,Only one GV/GC can be used for one subscription.,The GV/GC cannot be clubbed with any existing offer on its website.,This is a SonyLIV Subscription GV/GC (Gift Voucher/Gift Card) that will be accepted on the website through this URL: https://www.sonyliv.com/subscription and on the Android App.,
SonyLiv 6 Months,buyhatke,https://buyhatke.com/gift-cards/sonyliv-6-months-gift-card,no,no,,,,500 / 1000 / 1500 / 2000,yes,,,,same denomination only,yes,no,1,,yes,,,Redemption on the iPhone iOS App,6 months,,,,,Only 1 Gift Voucher can be used in one transaction,,,
SOTC Travel,maximize,https://www.maximize.money/gift-cards/SOTC Travel/1103,yes,yes,4.25,4.25,Amazon pay: 2.25% | Amex: 2.0% | CC on UPI: 1.9% | Credit Card: 2.35% | Debit Card: 3.0% | Diners Club: 2.0% | Pay With Rewards: 0.95% | UPI: 4.25% | Wallets: 1.9%,1000 / 2000 / 5000 / 10000 / 20000 / 50000 / 100000,yes,yes,,4.5,same denomination only,no,yes,1,no,yes,no,,Foreign Exchange | Visa | Insurance | Tour Cost services | group discounted holiday packages,1 year from the date of activation,,,,,Can the cards be clubbed? Multiple cards can't be clubbed,"Cannot be clubbed with any other SOTC offers, promotions, or discounts.",,
SOTC Travel In Store,buyhatke,https://buyhatke.com/gift-cards/sotc-travel-(in-store)-gift-card,yes,yes,3.88,3.88,any: 3.88%,500 / 1500 / 5000 / 250000,yes,yes,,,same denomination only,no,yes,,no,yes,no,,Group discounted packages | Foreign exchange (Personal & Tour Cost) | Visa and Insurance services,1 year,,,,,,The above offer cannot be clubbed with any other program/scheme offered by SOTC Travel Limited,,
Soulflower,buyhatke,https://buyhatke.com/gift-cards/soulflower-gift-card,yes,yes,12.64,12.64,any: 12.64%,500 / 1000 / 2000 / 5000 / 10000,yes,,,,same denomination only,yes,no,,,,,,,6 months,,,,,,,,
Soulflower,gyftr,https://www.gyftr.com/soulflower,yes,yes,17.0,17.0,Amazon Pay: 15.0% | Credit Card: 15.0% | Debit Card: 15.0% | MobiKwik: 15.0% | Net Banking: 15.0% | PAYTM UPI: 17.0% | UPI: 17.0% | e-Pay: 17.0%,2000 / 10000 / 100 / 5000 / 500 / 1000,yes,,,,yes,yes,,,yes,yes,yes,,,,,,,,,The GV/e-Pay can be clubbed with the existing offers.,,
Soulflower,maximize,https://www.maximize.money/gift-cards/Soulflower/1003,yes,yes,15.75,15.75,Amazon pay: 13.75% | Amex: 13.5% | CC on UPI: 13.4% | Credit Card: 13.85% | Debit Card: 14.5% | Diners Club: 13.5% | Pay With Rewards: 12.45% | UPI: 15.75% | Wallets: 13.4%,200 / 500 / 1000 / 2000 / 5000 / 10000,yes,,,16.0,same denomination only,yes,,unlimited,yes,no,yes,,,12 months from purchase,,,,,Can the cards be clubbed? Use several gift cards in one purchase,The GV will be applicable to be used over and above any discounts offered by the brand on their website.,,
SOUTH SHOPPING MALL,buyhatke,https://buyhatke.com/gift-cards/south-shopping-mall-gift-card,no,no,,,,500 / 1000 / 1500 / 2000,yes,,,,same denomination only,yes,no,3,,no,yes,,BBdaily,1 year,,,,,Maximum 3 vouchers can be in one transaction,All brand funded offers can be clubbed during purchase; but gift card cannot be used on BBdaily,,
Spar Hypermart In Store,buyhatke,https://buyhatke.com/gift-cards/spar-hypermart-(in-store)-gift-card,yes,yes,3.72,3.72,any: 3.72%,500 / 1000 / 2000 / 5000 / 10000,yes,yes,,,same denomination only,no,yes,,,yes,,,Liquor and/or Tobacco products,1 year,,,,,,,,
Speedo,buyhatke,https://buyhatke.com/gift-cards/speedo-gift-card,yes,yes,11.88,11.88,any: 11.88%,500 / 1500 / 5000 / 50000,yes,,,,same denomination only,yes,no,3,,yes,,,,1 year,,,,,Maximum of 3 gift cards can be redeemed against single invoice,,,
Speedo,gyftr,https://www.gyftr.com/speedo,yes,yes,13.0,13.0,Amazon Pay: 11.0% | Credit Card: 11.0% | Debit Card: 11.0% | MobiKwik: 11.0% | Net Banking: 11.0% | PAYTM UPI: 13.0% | Paytm Wallet: 11.0% | UPI: 13.0% | e-Pay: 13.0%,100 / 250 / 500 / 2000 / 100 / 1000,yes,,,,yes,yes,no,3,no,yes,yes,,,,,Order value must be at least the GV/GC value,,,A maximum of 3 GV/GCs can be utilized per invoice/order.,GV/GC CAN be clubbed with on-going promotions/offers.,,
Speedo,maximize,https://www.maximize.money/gift-cards/Speedo/926,yes,yes,13.25,13.25,Amazon pay: 11.25% | Amex: 11.0% | CC on UPI: 10.9% | Credit Card: 11.35% | Debit Card: 12.0% | Diners Club: 11.0% | Pay With Rewards: 9.95% | UPI: 13.25% | Wallets: 10.9%,100 / 250 / 500 / 1000 / 2000,yes,,,13.5,same denomination only,yes,no,3,no,yes,yes,,location: Exclusive Speedo stores | location: Multi Brand Speedo stores | online marketplaces such as amazon.com or flipkart.com,365 days from the date of activation,,,,,A maximum of three E-Gift Cards can be redeemed against a single invoice,"Can be clubbed with other offers? Yes, clubbable with other offers / coupons",,
Spencers (In Store),buyhatke,https://buyhatke.com/gift-cards/spencers-(in-store)-gift-card,yes,yes,3.88,3.88,any: 3.88%,250 / 500 / 1000 / 2000 / 2500 / 3000 / 5000 / 7500 / 10000,yes,yes,,,same denomination only,no,yes,unlimited,no,yes,yes,,Bulk purchases and customized pricing,,,,,,Multiple GV/GCs can be used against one bill.,The GV/GC can be clubbed with existing offers.,,
Spencers Retail (In Store),buyhatke,https://buyhatke.com/gift-cards/spencers-retail-(in-store)-gift-card,no,no,,,,500 / 1000 / 1500 / 2000,yes,yes,,,same denomination only,no,yes,unlimited,,,,,,6 months,,,,,More than one Gift Card can be used in one bill.,,,
SpiceJet,buyhatke,https://buyhatke.com/gift-cards/spicejet-gift-card,no,no,,,,500 / 1000 / 1500 / 2000,yes,,,,same denomination only,yes,no,3,yes,no,no,Flight bookings and eligible add-on services on www.spicejet.com,"location: Redemption on the SpiceJet mobile app, airport ticket counters, or reservation desks",,,,,,A maximum of three Gift Cards can be used in a single transaction,"Gift Cards cannot be refunded, cancelled, returned, renewed, extended, or exchanged for cash and cannot be clubbed with any other voucher, promo code, scheme, or offer","Gift Cards are redeemable only on www.spicejet.com for booking flights and eligible add-on services, subject to availability",
Spotify,gyftr,https://www.gyftr.com/spotify,no,no,3.0,3.0,Amazon Pay: 2.0% | Credit Card: 2.0% | Debit Card: 2.0% | MobiKwik: 2.0% | Net Banking: 2.0% | PAYTM UPI: 3.0% | Paytm Wallet: 2.0% | UPI: 3.0%,,no,,,,yes,yes,no,1,,yes,no,,,,,,,,Only One GV/GC can be used for one subscription.,Gift Vouchers CANNOT be clubbed with existing offers.,,
Sri Jagdamba Pearls,buyhatke,https://buyhatke.com/gift-cards/sri-jagdamba-pearls-gift-card,yes,yes,14.34,14.34,any: 14.34%,1000 / 2500 / 5000 / 10000,yes,,,,same denomination only,yes,no,,,yes,,Pearl jewellery only,"Gold, Diamond Jewellery, Gold, Silver Coins & Silver Articles",1 year,,,,,,,This gift voucher is redeemable only for pearl jewellery.,
SSUNSU,buyhatke,https://buyhatke.com/gift-cards/ssunsu-gift-card,yes,yes,11.03,11.03,any: 11.03%,100 / 500 / 2000 / 10000,yes,,,,same denomination only,yes,no,,yes,no,no,,,,,,,,,"GV/e-Pay can be used on slash-priced items, not applicable with promo codes",,
SSUNSU,gyftr,https://www.gyftr.com/ssunsu,yes,yes,12.0,12.0,Amazon Pay: 11.0% | Credit Card: 11.0% | Debit Card: 11.0% | MobiKwik: 11.0% | Net Banking: 11.0% | PAYTM UPI: 12.0% | Paytm Wallet: 11.0% | UPI: 12.0% | e-Pay: 12.0%,2000 / 5000 / 1000 / 500 / 100,yes,,,,yes,yes,no,unlimited,yes,yes,yes,,,,,,,,Multiple Gift Vouchers CAN be combined & added to the e-Pay balance.,GV/e-Pay can be used on slash-priced items but not with promo codes.,,
SSUNSU,maximize,https://www.maximize.money/gift-cards/SSUNSU/807,yes,yes,12.0,12.0,Amazon pay: 10.0% | Amex: 9.75% | CC on UPI: 9.65% | Credit Card: 10.1% | Debit Card: 10.75% | Diners Club: 9.75% | Pay With Rewards: 8.7% | UPI: 12.0% | Wallets: 9.65%,200 / 500 / 1000 / 2000 / 5000 / 10000,yes,,,12.5,same denomination only,yes,no,unlimited,yes,no,no,,,6 months from purchase,,,,,Can the cards be clubbed? Use several gift cards in one purchase,"GV/e-Pay can be used on slash-priced items, not applicable with promo codes",,
Starbucks,buyhatke,https://buyhatke.com/gift-cards/starbucks-gift-card,yes,yes,4.88,4.88,any: 4.88%,500 / 1000 / 2000,yes,yes,,,same denomination only,yes,yes,unlimited,,no,yes,,,1 year,,,,,All brand-funded offers can be clubbed during the purchase and multiple cards can be used on single purchase,All brand-funded offers can be clubbed during the purchase and multiple cards can be used on single purchase,,
Starbucks,gyftr,https://www.gyftr.com/starbucks,yes,yes,8.0,8.0,Amazon Pay: 6.0% | Credit Card: 6.0% | Debit Card: 6.0% | MobiKwik: 6.0% | Net Banking: 6.0% | PAYTM UPI: 8.0% | Paytm Wallet: 6.0% | UPI: 8.0% | e-Pay: 8.0%,1000 / 2000 / 500,no,yes,,,yes,no,yes,1,yes,,,,,,,,,,Multiple GV/GC cannot be used in one bill.,,,
Starbucks,maximize,https://www.maximize.money/gift-cards/Starbucks/910,no,no,,,,,no,,,,same denomination only,,,,,,,,,,,,,,,,,
Starbucks,maximize,https://www.maximize.money/gift-cards/Starbucks/321,yes,yes,8.75,8.75,Amazon pay: 6.75% | Amex: 6.5% | CC on UPI: 6.4% | Credit Card: 6.85% | Debit Card: 7.5% | Diners Club: 6.5% | Pay With Rewards: 5.45% | UPI: 8.75% | Wallets: 6.4%,500 / 1000 / 2000,no,yes,,9.0,same denomination only,yes,yes,1,no,yes,no,,,6 months,,,,,Multiple GV/GC cannot be used in one bill.,"Can be clubbed with other offers? No, can't club with other offers / coupons",,
Starbucks (In Store),buyhatke,https://buyhatke.com/gift-cards/starbucks-(in-store)-gift-card,no,no,,,,500 / 1000 / 1500 / 2000,yes,yes,,,same denomination only,no,yes,,,,,"Beverages, food and merchandise",,,,,,,,,"Valid for purchasing beverages, food, and merchandise.",
StayVista,buyhatke,https://buyhatke.com/gift-cards/stayvista-gift-card,yes,yes,12.02,12.02,any: 12.02%,100 / 500 / 2500 / 500000,yes,,,,same denomination only,yes,no,,yes,no,no,,Security deposits | On-property payments (unless explicitly enabled),12 months from the date of issuance,,,,,,"Gift Cards cannot be combined with other promotional offers, including coupon codes or bank discounts, unless explicitly stated otherwise by StayVista.",,
StayVista,maximize,https://www.maximize.money/gift-cards/StayVista/1007,yes,yes,13.75,13.75,Amazon pay: 11.75% | Amex: 11.5% | CC on UPI: 11.4% | Credit Card: 11.85% | Debit Card: 12.5% | Diners Club: 11.5% | Pay With Rewards: 10.45% | UPI: 13.75% | Wallets: 11.4%,200 / 500 / 1000 / 2000 / 5000 / 10000 / 20000 / 50000 / 100000,yes,,,14.0,same denomination only,yes,no,1,yes,no,no,,meal plans | bonfire | BBQ | security deposits or on-property payments,12 months from the date of issuance,,,,,Can the cards be clubbed? Multiple cards can't be clubbed,"Gift Cards cannot be combined with other promotional offers, coupon codes, or bank discounts unless explicitly allowed by StayVista.",,
Steam,buyhatke,https://buyhatke.com/gift-cards/steam-gift-card,yes,no,,,,100 / 450 / 1000 / 2500,yes,,,,same denomination only,yes,no,,,,,,,1 year,,,,,,,,
Steam Gift Card,gyftr,https://www.gyftr.com/steam-gift-card,yes,yes,2.0,2.0,Amazon Pay: 1.5% | Credit Card: 1.5% | Debit Card: 1.5% | MobiKwik: 1.5% | Net Banking: 1.5% | PAYTM UPI: 2.0% | UPI: 2.0% | e-Pay: 2.0%,250 / 500 / 2500 / 150,no,,,,yes,yes,no,unlimited,yes,yes,no,,,,,,,,Multiple GV/GC can be clubbed into Steam Wallet.,The GV/GC cannot be clubbed with the existing offers.,,
Steam Lysto,buyhatke,https://buyhatke.com/gift-cards/steam-lysto-gift-card,no,no,,,,500 / 1000 / 1500 / 2000,yes,,,,same denomination only,yes,no,,,,,,,,,,,,,,,
Steam Wallet,gyftr,https://www.gyftr.com/steam-wallet,yes,yes,2.0,2.0,Credit Card: 1.5% | Debit Card: 1.5% | MobiKwik: 1.5% | Net Banking: 1.5% | PAYTM UPI: 2.0% | Paytm Wallet: 1.5% | UPI: 2.0% | e-Pay: 2.0%,500 / 150 / 1000,no,,,,yes,yes,no,unlimited,yes,yes,no,,,,,,,,Multiple GV/GC can be clubbed into Steam Wallet.,The GV/GC cannot be clubbed with the existing offers.,,
Steam Wallet INR 150,maximize,https://www.maximize.money/gift-cards/Steam Wallet INR 150/861,no,no,,,,,no,,,,same denomination only,,,,,,,,,,,,,,,,,
Steam Wallet INR 1680,maximize,https://www.maximize.money/gift-cards/Steam Wallet INR 1680/1128,no,no,,,,,no,,,,same denomination only,,,,,,,,,,,,,,,,,
Steam Wallet INR 500,maximize,https://www.maximize.money/gift-cards/Steam Wallet INR 500/863,no,no,,,,,no,,,,same denomination only,,,,,,,,,,,,,,,,,
Steam Wallet INR 975,maximize,https://www.maximize.money/gift-cards/Steam Wallet INR 975/1127,no,no,,,,,no,,,,same denomination only,,,,,,,,,,,,,,,,,
Sterling Holidays,buyhatke,https://buyhatke.com/gift-cards/sterling-holidays-gift-card,yes,yes,3.88,3.88,any: 3.88%,1000 / 2000 / 10000 / 50000,yes,yes,,,same denomination only,yes,yes,,yes,no,no,,,1 year,,,,,,The E-gift card shall not be applicable for redemption in conjunction with any other offer/promotion or benefit(s),,
Sterling Holidays,maximize,https://www.maximize.money/gift-cards/Sterling Holidays/929,yes,yes,13.25,13.25,Amazon pay: 11.25% | Amex: 11.0% | CC on UPI: 10.9% | Credit Card: 11.35% | Debit Card: 12.0% | Diners Club: 11.0% | Pay With Rewards: 9.95% | UPI: 13.25% | Wallets: 10.9%,2000 / 5000 / 10000 / 20000 / 50000,yes,,,13.5,same denomination only,yes,no,1,yes,no,no,Hotel stay (room) bookings on the Sterling Holidays website only,"package bookings | MICE | Corporate CUG bookings | bookings through OTAs, travel agents or corporate rates | food & beverages | spa | activities | transfers | sightseeing | banquet services | retail purchases | location: Sterling resorts and third-party booking platforms",12 months from the date of issue,,,,,Only one Gift Card can be used per booking.,"Cannot be combined with other offers, promotions, or discounts unless specifically mentioned.","Valid only for hotel stay bookings and not applicable for package bookings, MICE, Corporate CUG bookings, or bookings through OTAs, travel agents, or corporate rates.",
Steve Madde Luxe,buyhatke,https://buyhatke.com/gift-cards/steve-madde-luxe-gift-card,yes,yes,12.63,12.63,any: 12.63%,1000 / 2000 / 2500 / 5000 / 10000,yes,yes,,,same denomination only,yes,yes,unlimited,no,yes,no,Full-priced merchandise only,location: Airport stores | Discounted items,12 months from the date of purchase,,,,,Multiple Luxe Gift Cards can be used in a single transaction.,The Gift Card can be redeemed only on full-priced merchandise and is not applicable on discounted items unless specified otherwise.,The Gift Card can be redeemed only on full-priced merchandise and is not applicable on discounted items unless specified otherwise.,
Steve Madde-Luxe,maximize,https://www.maximize.money/gift-cards/Steve Madde-Luxe/901,yes,yes,10.0,10.0,Amex: 10.0% | CC on UPI: 10.0% | Credit Card: 10.0% | Debit Card: 10.0% | Diners Club: 10.0% | UPI: 10.0%,1000 / 2000 / 2500 / 5000 / 10000,yes,yes,,13.75,same denomination only,yes,yes,unlimited,no,yes,no,Full-priced merchandise only,discounted items | location: airport stores,12 months from the date of purchase,,,,,Multiple Luxe Gift Cards can be used in a single transaction.,"Can be clubbed with other offers? No, can't club with other offers / coupons",The Gift Card can be redeemed only on full-priced merchandise and is not applicable on discounted items unless specified otherwise.,
Steve Madden Luxe In Store,buyhatke,https://buyhatke.com/gift-cards/steve-madden-luxe-(in-store)-gift-card,yes,yes,11.5,11.5,any: 11.5%,1000 / 2000 / 5000 / 10000,yes,yes,,,same denomination only,no,yes,unlimited,no,yes,,Full-priced merchandise only,location: Airport stores,12 months from the date of purchase,,,,,Multiple Luxe Gift Cards can be used in a single transaction.,,Luxe Gift Card can be redeemed only against full-priced merchandise.,
Steve Madden-Luxe Gift Card,gyftr,https://www.gyftr.com/luxe-gift-card-steve-madden,yes,yes,10.0,10.0,Credit Card: 10.0% | Debit Card: 10.0% | Net Banking: 10.0% | PAYTM UPI: 10.0% | UPI: 10.0% | e-Pay: 10.0%,5000 / 2000 / 1000 / 10000,no,yes,,,yes,yes,yes,unlimited,no,yes,no,,location: Airport stores | Merchandise that is not full priced,,,,,,7. Multiple GV/GC can be used for one bill.,11. The GV/GC can be redeemed only against full priced merchandise.,,
Street Food by Punjab,maximize,https://www.maximize.money/gift-cards/Street Food by Punjab/1049,yes,yes,8.5,8.5,Amazon pay: 6.5% | Amex: 6.25% | CC on UPI: 6.15% | Credit Card: 6.6% | Debit Card: 7.25% | Diners Club: 6.25% | Pay With Rewards: 5.2% | UPI: 8.5% | Wallets: 6.15%,1000 / 2000 / 5000 / 10000 / 20000 / 50000,yes,yes,,8.75,same denomination only,,yes,1,,yes,no,Dine-in and takeaway orders only,date: 31st December,6 months from the date of issue,,,,,Only one Gift Card can be used per bill.,Cannot be clubbed with any other ongoing offer or promotion.,Valid only for dine-in and takeaway orders.,
Street Foods By Punjab Grill,buyhatke,https://buyhatke.com/gift-cards/street-foods-by-punjab-grill-gift-card,no,no,,,,500 / 1000 / 1500 / 2000,yes,,,,same denomination only,yes,no,,,,,,,,,,,,,,,
Street Foods By Punjab Grill In Store,buyhatke,https://buyhatke.com/gift-cards/street-foods-by-punjab-grill-(in-store)-gift-card,yes,yes,6.69,6.69,any: 6.69%,500 / 1500 / 5000 / 50000,yes,yes,,,same denomination only,no,yes,,no,yes,no,,,6 months,,,,,,Voucher is not valid on 31st December and voucher cannot be clubbed with any other offers running at outlets,,
STYLE BAAZAR,gyftr,https://www.gyftr.com/style-bazaar,yes,yes,6.0,6.0,Amazon Pay: 4.0% | Credit Card: 4.0% | Debit Card: 4.0% | MobiKwik: 4.0% | Net Banking: 4.0% | PAYTM UPI: 6.0% | UPI: 6.0% | e-Pay: 6.0%,100 / 1000 / 500 / 2000 / 250,yes,yes,,,yes,,yes,unlimited,yes,yes,yes,,,,,,,,Multiple Gift Vouchers CAN be combined & added to the e-Pay balance.,The GV/e-Pay can be clubbed with the existing offers.,,
STYLE BAAZAR,maximize,https://www.maximize.money/gift-cards/STYLE BAAZAR/1001,yes,yes,5.25,5.25,Amazon pay: 3.25% | Amex: 3.0% | CC on UPI: 2.9% | Credit Card: 3.35% | Debit Card: 4.0% | Diners Club: 3.0% | Pay With Rewards: 1.95% | UPI: 5.25% | Wallets: 2.9%,200 / 500 / 1000 / 2000 / 5000 / 10000,yes,yes,,5.5,same denomination only,,yes,unlimited,yes,no,yes,,,12 months from purchase,,,,,Can the cards be clubbed? Use several gift cards in one purchase,The GV/e-Pay can be clubbed with the existing offers.,,
Style Bazaar In Store,buyhatke,https://buyhatke.com/gift-cards/style-bazaar-(in-store)-gift-card,yes,yes,2.87,2.87,any: 2.87%,250 / 500 / 1000 / 2000,yes,yes,,,same denomination only,no,yes,,,,yes,,,6 months,,,,,,The Gift card can be clubbed with the existing offers.,,
Subway,gyftr,https://www.gyftr.com/subway,yes,yes,25.0,25.0,Amazon Pay: 25.0% | Credit Card: 25.0% | Debit Card: 25.0% | MobiKwik: 25.0% | Net Banking: 25.0% | PAYTM UPI: 25.0% | Paytm Wallet: 7.0% | UPI: 25.0% | e-Pay: 25.0%,750 / 250 / 100 / 500 / 1000,no,yes,,,yes,no,yes,unlimited,yes,yes,yes,,,,,,,,Multiple Gift Vouchers CAN be combined & added to the e-Pay balance.,The GV/GC can be used over and above any discounts.,,
Subway,maximize,https://www.maximize.money/gift-cards/Subway/896,yes,yes,11.0,11.0,Amazon pay: 9.0% | Amex: 8.75% | CC on UPI: 8.65% | Credit Card: 9.1% | Debit Card: 9.75% | Diners Club: 8.75% | Pay With Rewards: 7.7% | UPI: 11.0% | Wallets: 8.65%,100 / 250 / 500 / 750 / 1000,no,yes,,11.0,same denomination only,,yes,unlimited,yes,no,yes,,,up to 6 months,,,,,Can the cards be clubbed? Multiple Gift Vouchers can be combined and added to the e-Pay balance,GV/e-Pay can be used in addition to in-store discounts.,,
Subway (Custom),maximize,https://www.maximize.money/gift-cards/Subway (Custom)/330,yes,yes,10.0,10.0,Amazon pay: 8.0% | Amex: 7.75% | CC on UPI: 7.65% | Credit Card: 8.1% | Debit Card: 8.75% | Diners Club: 7.75% | Pay With Rewards: 6.7% | UPI: 10.0% | Wallets: 7.65%,100 / 500 / 1000 / 1500 / 2500 / 5000,yes,yes,,10.5,same denomination only,no,yes,1,no,yes,no,dine-in transactions only,"delivery platforms such as Zomato, Swiggy, ONDC sellers",6 months from purchase,,,,,Multiple Gift Cards (i.e. – more than one) cannot be clubbed in a single transaction,"Can be clubbed with other offers? No, can't club with other offers / coupons","Gift Card is valid for 6 months from the date of purchase for dine-in transactions only, and the validity of the Gift Card shall not be extended in any event whatsoever.",
Subway In Store,buyhatke,https://buyhatke.com/gift-cards/subway-(in-store)-gift-card,yes,yes,8.89,8.89,any: 8.89%,100 / 250 / 500 / 750 / 1000 / 1500 / 2500 / 5000,yes,yes,,,same denomination only,no,yes,1,no,yes,,Dine-in transactions only,"Purchase on any delivery platform (eg Zomato, Swiggy, ONDC sellers)",6 months from the date of purchase,,,,,Multiple Gift Cards (i.e. – more than one) cannot be clubbed in a single transaction,,"Gift Card is valid for 6 months from the date of purchase for dine-in transactions only, and the validity of the Gift Card shall not be extended in any event whatsoever.",
Sun Scoop,buyhatke,https://buyhatke.com/gift-cards/sun-scoop-gift-card,no,no,,,,500 / 1000 / 1500 / 2000,yes,,,,same denomination only,yes,no,unlimited,,,yes,,,1 year,,,,,Multiple Gift Vouchers CAN be combined & added to the e-Pay balance,The GV/GC CAN be clubbed with ongoing sales.,,
Sunglass Hut In Store,buyhatke,https://buyhatke.com/gift-cards/sunglass-hut-(in-store)-gift-card,yes,yes,10.95,10.95,any: 10.95%,1000 / 2000 / 10000 / 50000,yes,yes,,,same denomination only,no,yes,unlimited,,yes,,Full-priced merchandise only,location: Airport stores,1 year,,,,,This is a one-time use giftcard; multiple cards can be used in 1 transaction,,Luxe Gift Card can only be redeemed against full-priced merchandise,
Sunglass Hut- Luxe Gift Card,gyftr,https://www.gyftr.com/sunglass-hut,yes,yes,10.0,10.0,Credit Card: 10.0% | Debit Card: 10.0% | Net Banking: 10.0% | PAYTM UPI: 10.0% | UPI: 10.0% | e-Pay: 10.0%,5000 / 2000 / 1000 / 10000,no,yes,,,yes,yes,yes,unlimited,no,yes,no,,location: Airport stores | Merchandise that is not full priced,,,,,,Multiple GV/GC can be used for one bill.,Gift Vouchers CANNOT be used during Sale.,,
SUPA,buyhatke,https://buyhatke.com/gift-cards/supa-gift-card,no,no,,,,500 / 1000 / 1500 / 2000,yes,,,,same denomination only,yes,no,1,,,,,,365 days from the date of activation (purchase),Normally instant; delivery can be delayed up to 48-72 hours,,,,Only One gift card can be redeemed against single invoice.,,,
SuperBottoms,buyhatke,https://buyhatke.com/gift-cards/superbottoms-gift-card,yes,yes,7.55,7.55,any: 7.55%,500 / 1000,yes,,,,same denomination only,yes,no,1,no,yes,yes,,,,,,,,Multiple gift vouchers cannot be used in a single purchase,Gift Cards can be used during sale,,
Superbottoms,gyftr,https://www.gyftr.com/superbottoms,yes,yes,15.0,15.0,Amazon Pay: 13.0% | Credit Card: 13.0% | Debit Card: 13.0% | MobiKwik: 13.0% | Net Banking: 13.0% | PAYTM UPI: 15.0% | Paytm Wallet: 13.0% | UPI: 15.0% | e-Pay: 15.0%,500 / 1000 / 2000,no,,,,yes,yes,,1,,yes,yes,,,,,,,,You can redeem only 1 Gift Card per order.,"Yes, even if SuperBottoms runs its own offers and discounts, you can use your SuperBottoms Gift Card. There are no restrictions related to deals and discounts.",,
SuperBottoms,maximize,https://www.maximize.money/gift-cards/SuperBottoms/890,yes,yes,14.0,14.0,Amazon pay: 12.0% | Amex: 11.75% | CC on UPI: 11.65% | Credit Card: 12.1% | Debit Card: 12.75% | Diners Club: 11.75% | Pay With Rewards: 10.7% | UPI: 14.0% | Wallets: 11.65%,1000,no,,,14.1,same denomination only,yes,no,1,no,yes,yes,,Cash on Delivery orders,6 months from purchase,,,,,Multiple gift vouchers cannot be used in a single purchase,"Can be clubbed with other offers? Yes, clubbable with other offers / coupons",,
Superdry - Luxe,maximize,https://www.maximize.money/gift-cards/Superdry-Luxe/902,yes,yes,10.0,10.0,Amex: 10.0% | CC on UPI: 10.0% | Credit Card: 10.0% | Debit Card: 10.0% | Diners Club: 10.0% | UPI: 10.0%,1000 / 2000 / 2500 / 5000 / 10000,yes,yes,,13.75,same denomination only,yes,yes,unlimited,no,yes,no,,discounted items (full-priced merchandise only) | location: airport stores,12 months from purchase,,,,,Multiple Luxe Gift Cards can be used in a single transaction.,The Gift Card can be redeemed only on full-priced merchandise and is not applicable on discounted items unless specified otherwise.,,
Superdry Luxe,buyhatke,https://buyhatke.com/gift-cards/superdry-luxe-gift-card,no,no,,,,,no,,,,same denomination only,,,,,,,,,,,,,,,,,
Superdry Luxe In Store,buyhatke,https://buyhatke.com/gift-cards/superdry-luxe-(in-store)-gift-card,yes,yes,11.88,11.88,any: 11.88%,1000 / 2000 / 5000 / 10000,yes,yes,,,same denomination only,no,yes,unlimited,,yes,,Full-priced merchandise only,location: Airport stores,1 year,,,,,This is a one-time use giftcard; multiple cards can be used in 1 transaction,,Luxe Gift Card can only be redeemed against full-priced merchandise,
SUPERDRY SPORT- Luxe Gift Card,gyftr,https://www.gyftr.com/superdry-sport,yes,yes,10.0,10.0,Credit Card: 10.0% | Debit Card: 10.0% | Net Banking: 10.0% | PAYTM UPI: 10.0% | UPI: 10.0% | e-Pay: 10.0%,5000 / 2000 / 1000 / 10000,no,yes,,,yes,yes,yes,unlimited,no,yes,no,,location: Airport stores | Merchandise that is not full priced,,,,,,Multiple GV/GC can be used for one bill.,Gift Vouchers CANNOT be used during Sale.,,
Superdry-Luxe Gift Card,gyftr,https://www.gyftr.com/luxe-gift-card-superdry,yes,yes,13.0,13.0,Amazon Pay: 11.0% | Credit Card: 11.0% | Debit Card: 11.0% | MobiKwik: 11.0% | Net Banking: 11.0% | PAYTM UPI: 13.0% | Paytm Wallet: 11.0% | UPI: 13.0% | e-Pay: 13.0%,5000 / 2000 / 1000 / 10000,no,yes,,,yes,yes,yes,unlimited,no,yes,no,,location: Airport stores | Merchandise that is not full priced,,,,,,7. Multiple GV/GC can be used for one bill.,11. The GV/GC can be redeemed only against full priced merchandise.,,
Surat Diamond,maximize,https://www.maximize.money/gift-cards/Surat Diamond/689,yes,yes,13.75,13.75,Amazon pay: 11.75% | Amex: 11.5% | CC on UPI: 11.4% | Credit Card: 11.85% | Debit Card: 12.5% | Diners Club: 11.5% | Pay With Rewards: 10.45% | UPI: 13.75% | Wallets: 11.4%,1000 / 2000 / 5000 / 10000,yes,,,14.25,same denomination only,yes,,1,no,yes,no,,bullion/ Coins | Certified Solitaires | already discounted Products,up to 6 months,,,,,This offer cannot be clubbed with any other Voucher or offer (ie; it is to be redeemed individually),This offer cannot be clubbed with any other Voucher or offer (ie; it is to be redeemed individually),,
Surat Diamond Solitaire,maximize,https://www.maximize.money/gift-cards/Surat Diamonds Solitaire/1108,yes,yes,2.0,2.0,Amazon pay: 0.0% | Amex: 0.0% | CC on UPI: 0.0% | Credit Card: 0.1% | Debit Card: 0.75% | Diners Club: 0.0% | Pay With Rewards: 0.0% | UPI: 2.0% | Wallets: 0.0%,500 / 1000 / 2500 / 5000 / 10000 / 25000,no,,,2.0,same denomination only,yes,no,1,no,yes,no,eligible solitaire jewellery available on the Solitaire website,location: Surat Diamonds main website or other promotional websites,12 months from issue,,,,,Can the cards be clubbed? Multiple cards can't be clubbed,Cannot be clubbed with any other offers or promotions.,Applicable only on eligible solitaire jewellery available on the Solitaire website.,
Surat Diamonds,buyhatke,https://buyhatke.com/gift-cards/surat-diamonds-gift-card,yes,yes,12.64,12.64,any: 12.64%,100 / 500 / 2000 / 10000,yes,,,,same denomination only,yes,no,1,yes,no,no,,bullion/Coins | Certified Solitaires | already discounted Products,,,,,,Maximum 1 voucher can be in one transaction,The GV/e-Pay cannot be clubbed with the existing offers.,,
Surat Diamonds,gyftr,https://www.gyftr.com/surat-diamonds,yes,yes,18.0,18.0,Amazon Pay: 16.0% | Credit Card: 16.0% | Debit Card: 16.0% | MobiKwik: 16.0% | Net Banking: 16.0% | PAYTM UPI: 18.0% | Paytm Wallet: 16.0% | UPI: 18.0% | e-Pay: 18.0%,100 / 1000 / 2000 / 100,yes,,,,yes,yes,no,1,yes,yes,no,,bullion/Coins | Certified Solitaires | already discounted Products,,,,,,Multiple GV/GCs cannot be used against one bill.,The GV/GC cannot be clubbed with any other Voucher or Offer.,,
Surat Diamonds Main,buyhatke,https://buyhatke.com/gift-cards/surat-diamonds-main-gift-card,no,no,,,,500 / 1000 / 1500 / 2000,yes,,,,same denomination only,yes,no,,,,no,Jewellery from www.suratdiamond.com only,bullion/ Coins | Certified Solitaires | already discounted Products,1 year,,,,,,These E-Gift cards cannot be clubbed with any other offer.,"Comes with 1 year validity,These E-Gift cards entitles you to a discount of mentioned Amount on a purchase of any jewellery from www.suratdiamond.com only.",
Surat Diamonds Main,maximize,https://www.maximize.money/gift-cards/Surat Diamonds Main/1107,yes,yes,13.0,13.0,Amazon pay: 11.0% | Amex: 10.75% | CC on UPI: 10.65% | Credit Card: 11.1% | Debit Card: 11.75% | Diners Club: 10.75% | Pay With Rewards: 9.7% | UPI: 13.0% | Wallets: 10.65%,500 / 1000 / 2500 / 5000 / 10000 / 25000,no,,,13.25,same denomination only,yes,no,1,no,yes,no,jewellery purchases only,Bullion | Coins | Certified Solitaires | already discounted products,12 months from issue,,,,,Can the cards be clubbed? Multiple cards can't be clubbed,Cannot be clubbed with any other offers or promotions.,Applicable on jewellery purchases only.,
Surat Diamonds Solitaire,buyhatke,https://buyhatke.com/gift-cards/surat-diamonds-solitaire-gift-card,no,no,,,,500 / 1000 / 1500 / 2000,yes,,,,same denomination only,yes,no,,,,no,Jewellery from https://ringdesign.suratdiamond.com/Default.aspx,Purchase from main website and offer website,1 year from the date of issue,,,,,,These E-Gift cards cannot be clubbed with any other offer.,These E-Gift cards entitles you to a discount of mentioned Amount on a purchase of any jewellery from https://ringdesign.suratdiamond.com/Default.aspx,
Svenklas,buyhatke,https://buyhatke.com/gift-cards/svenklas-gift-card,no,no,,,,500 / 1000 / 1500 / 2000,yes,,,,same denomination only,yes,no,1,,yes,no,,,3 months,,,,,Maximum 1 voucher can be in one transaction,The gift voucher code can't be clubbed with any other offers or promotions on the Svenklas website (https://svenklas.com/) and can be availed only once per transaction.,,
Swan,gyftr,https://www.gyftr.com/swan,yes,yes,15.0,15.0,Amazon Pay: 13.0% | Credit Card: 13.0% | Debit Card: 13.0% | MobiKwik: 13.0% | Net Banking: 13.0% | PAYTM UPI: 15.0% | UPI: 15.0% | e-Pay: 15.0%,10000 / 2500 / 1000 / 5000 / 100 / 7500 / 500,yes,yes,,,yes,,yes,unlimited,yes,,no,,,,,,,,"After conversion into e-Pay balance, this GV is valid for partial redemption. The balance would remain in the e-Pay balance and can be used for multiple transactions within the validity period. Multiple GVs can be combined and added to the e-Pay balance.",The GV/e-Pay cannot be clubbed with any existing offers.,,
Sweet Bengal,gyftr,https://www.gyftr.com/sweet-bengal,yes,yes,12.0,12.0,Amazon Pay: 10.0% | Credit Card: 10.0% | Debit Card: 10.0% | MobiKwik: 10.0% | Net Banking: 10.0% | PAYTM UPI: 12.0% | Paytm Wallet: 10.0% | UPI: 12.0% | e-Pay: 12.0%,250 / 500,no,yes,,,yes,no,yes,unlimited,,,,,Meal Combos,,,,,,Multiple Gift Vouchers CAN be used in one bill.,,,
Sweet Bengal,maximize,https://www.maximize.money/gift-cards/Sweet Bengal/691,yes,yes,14.0,14.0,Amazon pay: 12.0% | Amex: 11.75% | CC on UPI: 11.65% | Credit Card: 12.1% | Debit Card: 12.75% | Diners Club: 11.75% | Pay With Rewards: 10.7% | UPI: 14.0% | Wallets: 11.65%,250 / 500 / 1000 / 1500 / 2000 / 5000,no,yes,,14.5,same denomination only,,yes,unlimited,no,yes,no,food & non-alcoholic beverages only,date: specific blackout dates,up to 6 months,,,,,More than one GV/GC can be used in a single bill.,GV/GC cannot be clubbed with any other offer or voucher.,Valid only on food & non-alcoholic beverages.,
Sweet Bengal In Store,buyhatke,https://buyhatke.com/gift-cards/sweet-bengal-(in-store)-gift-card,yes,yes,12.52,12.52,any: 12.52%,250 / 500 / 1000 / 1500 / 2000 / 5000,yes,yes,,,same denomination only,no,yes,unlimited,no,yes,no,Food & non-alcoholic beverages only,,,,,,,More than one GV/GC can be used in a single bill.,GV/GC cannot be clubbed with any other offer or voucher.,Valid only on food & non-alcoholic beverages.,
Sweet Truth,buyhatke,https://buyhatke.com/gift-cards/sweet-truth-gift-card,yes,yes,9.55,9.55,any: 9.55%,250 / 500 / 1000 / 1500 / 2000,yes,,,,same denomination only,yes,,unlimited,yes,no,no,,,,,,,,"Vouchers (GVs) convert into EatSure wallet balance, which can be used partially, over multiple transactions, and for any amount; multiple GVs can be combined.",EatSure GVs are different from promotional coupon codes; they can be used to buy discounted products but cannot be clubbed with other aggregator offers.,,
Sweet Truth,gyftr,https://www.gyftr.com/sweet-truth,yes,yes,12.0,12.0,Amazon Pay: 10.0% | Credit Card: 10.0% | Debit Card: 10.0% | MobiKwik: 10.0% | Net Banking: 10.0% | PAYTM UPI: 12.0% | Paytm Wallet: 10.0% | UPI: 12.0% | e-Pay: 12.0%,2000 / 100 / 1500 / 500 / 1000,yes,,,,yes,yes,no,unlimited,yes,yes,no,,,,,,,,Multiple GV/GC can be combined and added to the EatSure wallet balance.,"GV/GC can be used to buy discounted items on the EatSure app, but it cannot be clubbed with other aggregator offers.",,
Sweet Truth,maximize,https://www.maximize.money/gift-cards/Sweet Truth/692,yes,yes,10.75,10.75,Amex: 8.5% | CC on UPI: 8.4% | Credit Card: 8.85% | Debit Card: 9.5% | Diners Club: 8.5% | UPI: 10.75%,250 / 500 / 1000 / 1500 / 2000,yes,,,11.0,same denomination only,yes,,unlimited,yes,no,no,,,up to 6 months,,,,,"Vouchers (GVs) convert into EatSure wallet balance, which can be used partially, over multiple transactions, and for any amount; multiple GVs can be combined.",EatSure GVs are different from promotional coupon codes; they can be used to buy discounted products but cannot be clubbed with other aggregator offers.,,
Swiggy Food Discount Voucher,gyftr,https://www.gyftr.com/swiggy-food-discount-voucher,no,no,12.0,12.0,Credit Card: 11.0% | Debit Card: 11.0% | MobiKwik: 11.0% | Net Banking: 11.0% | PAYTM UPI: 12.0% | Paytm Wallet: 11.0% | UPI: 12.0%,,no,,,,yes,,,1,,,,"A single restaurant's full bill value, including food charges, taxes, delivery and packing charges",,,,,,,Offer valid once per user per transaction.,,"Offer valid for a single restaurant Full bill value. Coupon would be applied on overall amount which includes food charges, taxes, delivery and packing charges.",
Swiggy Instamart,buyhatke,https://buyhatke.com/gift-cards/swiggy-instamart-gift-card,yes,yes,2.66,2.66,any: 2.66%,50 / 100 / 150 / 200 / 250 / 300 / 450 / 500 / 600 / 750 / 1000 / 1500 / 2000 / 3000 / 4000 / 5000 / 6000 / 7500,yes,,,,same denomination only,yes,,,yes,no,,,,6 months,,,,,,,,
Swiggy Instamart,gyftr,https://www.gyftr.com/swiggy-instamart,no,no,3.0,3.0,Credit Card: 2.0% | Debit Card: 2.0% | MobiKwik: 2.0% | Net Banking: 2.0% | PAYTM UPI: 3.0% | UPI: 3.0% | e-Pay: 3.0%,,no,,,,yes,yes,no,,,yes,yes,,,"Once money is loaded in the Swiggy Wallet, valid for 365 days",,,,,,GV/GC can be used to buy discounted products,,
Swiggy Money Voucher,gyftr,https://www.gyftr.com/swiggy-gv,yes,yes,2.5,2.5,Credit Card: 0.0% | Debit Card: 0.0% | Net Banking: 0.0% | PAYTM UPI: 2.5% | UPI: 2.5% | e-Pay: 2.5%,3000 / 150 / 1000 / 500 / 100 / 200 / 5000,no,,,,yes,yes,no,unlimited,yes,yes,yes,,Swiggy Minis orders | precious metals such as gold and silver,"365 days from the date of activation, once added to Swiggy Money",,,,,Multiple GV/GCs can be used in a single transaction.,The GV/GC can be clubbed with existing offers on the platform.,,
Swiggy One,buyhatke,https://buyhatke.com/gift-cards/swiggy-one-gift-card,no,no,,,,500 / 1000 / 1500 / 2000,yes,,,,same denomination only,yes,,,,,,Swiggy One membership activation only,,3 months,,,,,,,Select the One membership tab and click on Redeem Membership Coupon,
Swiggy One Lite Membership,gyftr,https://www.gyftr.com/swiggy-one-lite-membership,no,no,0.0,0.0,Amazon Pay: 0.0% | Credit Card: 0.0% | Debit Card: 0.0% | MobiKwik: 0.0% | Net Banking: 0.0% | Payzapp: 0.0% | UPI: 0.0% | e-Pay: 0.0%,,no,,,,yes,,,,,,,,,,,,,,,,,
SWISS BEAUTY,buyhatke,https://buyhatke.com/gift-cards/swiss-beauty-gift-card,no,no,,,,500 / 1000 / 1500 / 2000,yes,,,,same denomination only,yes,no,1,no,yes,no,,,6 months,,,,,Multiple gift card cannot be clubbed in one bill/transaction,SWISS BEAUTY gift card cannot be clubbed with any one of the existing offers,,
SWISS BEAUTY,gyftr,https://www.gyftr.com/swiss-beauty,no,no,15.0,15.0,Amazon Pay: 15.0% | Credit Card: 15.0% | Debit Card: 15.0% | MobiKwik: 15.0% | Net Banking: 15.0% | PAYTM UPI: 15.0% | Paytm Wallet: 15.0% | UPI: 15.0%,,no,,,,yes,yes,no,1,,yes,no,,,,,,,,Multiple GV’s cannot be clubbed in one bill/transaction.,Vouchers are not redeemable on sale days.,,
TA iServeU Gift Card - Generic (Upto 2000),maximize,https://www.maximize.money/gift-cards/TA iServeU Gift Card - Generic (Upto 2000)/1131,yes,no,0.0,0.0,Debit Card: 0.0% | UPI: 0.0%,100 / 250 / 500 / 1000 / 1500 / 2000,yes,,,,same denomination only,yes,no,1,yes,no,,,other gift cards | a few merchant categories where iServeU Cards cannot be redeemed,up to 1 year from issuance,"usually instant, may take up to 3 working days",,,,"Can the cards be clubbed? No, Multiple cards can't be clubbed",,,
TA iServeU Gift Card - Generic Variant,maximize,https://www.maximize.money/gift-cards/TA iServeU Gift Card - Generic Variant/940,yes,no,0.0,0.0,Amex: 0.0% | CC on UPI: 0.0% | Credit Card: 0.0% | Debit Card: 0.0% | Diners Club: 0.0% | Pay With Rewards: 0.0% | UPI: 0.0%,100 / 250 / 500 / 1000 / 1500 / 2000 / 5000 / 10000,yes,,,,same denomination only,yes,no,1,yes,no,,,other gift cards | a few merchant categories where iServeU Cards cannot be redeemed,up to 1 year from issuance,"usually instant, may take up to 3 working days",,,,"Can the cards be clubbed? No, Multiple cards can't be clubbed",,,
TA iServeU Gift Card - Limited (Upto 2000),maximize,https://www.maximize.money/gift-cards/TA iServeU Gift Card - Limited (Upto 2000)/1132,yes,yes,1.25,1.25,Debit Card: 0.7% | UPI: 1.25%,100 / 250 / 500 / 1000 / 1500 / 2000,yes,,,1.25,same denomination only,yes,no,1,yes,no,,,other gift cards | restricted merchant categories as defined by iServeU,up to 1 year from issuance,"usually instant, may take up to 3 working days",,,,"Can the cards be clubbed? No, Multiple cards can't be clubbed",,,
TA iServeU Gift Card - Limited Variant,maximize,https://www.maximize.money/gift-cards/TA iServeU Gift Card - Limited Variant/967,yes,yes,1.25,1.25,Amex: 0.0% | CC on UPI: 0.0% | Credit Card: 0.0% | Debit Card: 0.0% | Diners Club: 0.0% | Pay With Rewards: 0.0% | UPI: 1.25%,100 / 250 / 500 / 1000 / 1500 / 2000 / 5000 / 10000,yes,,,1.25,same denomination only,yes,no,1,yes,no,yes,,other gift cards | restricted merchant categories as defined by iServeU,up to 1 year from issuance,"usually instant, may take up to 3 working days",,,,"Can the cards be clubbed? No, Multiple cards can't be clubbed",Can be clubbed with other offers? Yes,,
TA iServeU Gift Card - Max Variant,maximize,https://www.maximize.money/gift-cards/TA iServeU Gift Card - Max Variant/1086,yes,no,0.0,0.0,Amex: 0.0% | CC on UPI: 0.0% | Credit Card: 0.0% | Debit Card: 0.0% | Diners Club: 0.0% | Pay With Rewards: 0.0% | UPI: 0.0%,1500 / 2000 / 2500 / 3000 / 5000 / 7500 / 10000,yes,,,,same denomination only,yes,no,1,yes,no,yes,,other gift cards | a few merchant categories where iServeU Cards cannot be redeemed,up to 1 year from issuance,"usually instant, may take up to 3 working days",,,,"Can the cards be clubbed? No, Multiple cards can't be clubbed",Can be clubbed with other offers? Yes,,
TA iServeU Gift Card - Max Variant (Upto 1000),maximize,https://www.maximize.money/gift-cards/TA iServeU Gift Card - Max Variant (Upto 1000)/1130,yes,no,0.0,0.0,Amex: 0.0% | CC on UPI: 0.0% | Credit Card: 0.0% | Debit Card: 0.0% | Diners Club: 0.0% | Pay With Rewards: 0.0% | UPI: 0.0%,100 / 200 / 250 / 500 / 750 / 1000,yes,,,,same denomination only,yes,no,1,yes,no,yes,,other gift cards | a few merchant categories where iServeU Cards cannot be redeemed,up to 1 year from issuance,"usually instant, may take up to 3 working days",,,,"Can the cards be clubbed? No, Multiple cards can't be clubbed",Can be clubbed with other offers? Yes,,
Taco Bell,maximize,https://www.maximize.money/gift-cards/Taco Bell/856,yes,yes,8.75,8.75,Amazon pay: 6.75% | Amex: 6.5% | CC on UPI: 6.4% | Credit Card: 6.85% | Debit Card: 7.5% | Diners Club: 6.5% | Pay With Rewards: 5.45% | UPI: 8.75% | Wallets: 6.4%,1000 / 2000,yes,yes,,8.85,same denomination only,no,yes,1,yes,no,no,,"location: Taco Bell App, Kiosk or any third party app where Taco Bell products are listed",1 year from purchase,"usually instant, may be delayed up to 24 - 48 hours",,,,Maximum one card can be used per order.,"Can be clubbed with other offers? No, can't club with other offers / coupons",,
Taco Bell In Store,buyhatke,https://buyhatke.com/gift-cards/taco-bell-(in-store)-gift-card,yes,yes,7.89,7.89,any: 7.89%,500 / 750 / 1000 / 1500 / 2000,yes,yes,,,same denomination only,no,yes,1,yes,no,,,Taco Bell App | location: Kiosk | any third party app where Taco Bell products are listed,1 year from date of purchase,"normally instant, sometimes delayed up to 24-48 hours",,,,Maximum one card can be used per order.,,,
Tagg,buyhatke,https://buyhatke.com/gift-cards/tagg-gift-card,no,no,,,,500 / 1000 / 1500 / 2000,yes,,,,same denomination only,yes,,1,no,yes,,,,6 months,,,,,1 EGV can be clubbed in single Invoice,,,
Taj Dining,buyhatke,https://buyhatke.com/gift-cards/taj-dining-gift-card,yes,yes,4.88,4.88,any: 4.88%,1000 / 2000 / 10000 / 25000,yes,yes,,,same denomination only,yes,yes,,yes,no,,,Ginger Hotels,1 year,,,,,,,,
Taj Experiences,buyhatke,https://buyhatke.com/gift-cards/taj-experiences-gift-card,yes,yes,4.99,4.99,any: 4.99%,1000 / 2000 / 10000 / 25000,yes,yes,,,same denomination only,yes,yes,,yes,no,,,Ginger Hotels,1 year,,,,,,,,
Taj Experiences,gyftr,https://www.gyftr.com/taj-hotels,yes,yes,13.0,13.0,Amazon Pay: 10.0% | Credit Card: 10.0% | Debit Card: 10.0% | MobiKwik: 10.0% | Net Banking: 10.0% | PAYTM UPI: 13.0% | UPI: 13.0% | e-Pay: 13.0%,1000 / 3000 / 10000 / 5000 / 2000,no,yes,,,yes,no,yes,,yes,no,yes,"Spends on rooms, food and beverages, spa, other services, and applicable taxes at Taj, SeleQtions, Gateway, Vivanta hotels, and Ama Trails & Stays in India",The Claridges | Tree of Life Resorts | Ginger Hotels | location: retail spends at third-party outlets | business centre equipment hire | hired services from third-party sources | expenses of a personal nature such as medicines or repairs of personal items,,,,,,,The GV/GC can be clubbed with existing offers.,"The GV/GC may be redeemed towards spends on rooms, food and beverages, spa, other services, and applicable taxes at Taj, SeleQtions, Gateway, Vivanta hotels, and Ama Trails & Stays in India.",
Taj Experiences,maximize,https://www.maximize.money/gift-cards/Taj Experiences/211,yes,yes,12.0,12.0,Amazon pay: 10.0% | Amex: 9.75% | CC on UPI: 9.65% | Credit Card: 10.1% | Debit Card: 10.75% | Diners Club: 9.75% | Pay With Rewards: 8.7% | UPI: 12.0% | Wallets: 9.65%,1000 / 2000 / 2500 / 3000 / 5000 / 7500 / 10000,no,yes,,12.25,same denomination only,,yes,unlimited,yes,no,no,,another gift card | location: Ginger Hotels,12 months from activation,,,,,Can the cards be clubbed? Use several gift cards in one purchase,Cannot be combined with other offers.,,
Taj Experiences In Store,buyhatke,https://buyhatke.com/gift-cards/taj-experiences-(in-store)-gift-card,yes,yes,7.55,7.55,any: 7.55%,1000 / 2000 / 3000 / 5000 / 10000,yes,yes,,,same denomination only,,yes,,yes,no,no,,buying another gift card,12 months from the date of activation,,,,,,Cannot be combined with other offers.,,
Taj Hotels,buyhatke,https://buyhatke.com/gift-cards/taj-hotels-gift-card,no,no,,,,500 / 1000 / 1500 / 2000,yes,yes,,,same denomination only,yes,yes,,yes,no,,,location: retail spends at third-party outlets | business center equipment | third-party hired services | banquets | conferences | events | personal payouts like medicines or repairs | Ginger Hotels,365 days from issuance or from the last load/reload date,,,,,,,,
Taj Hotels J Wellness Circle,gyftr,https://www.gyftr.com/taj-wellness-gift-card,yes,yes,8.5,11.0,Amazon Pay: 7.0% | Credit Card: 7.0% | Debit Card: 7.0% | MobiKwik: 7.0% | Net Banking: 7.0% | PAYTM UPI: 11.0% | Paytm Wallet: 7.0% | UPI: 8.5% | e-Pay: 8.5%,6000 / 12000,no,yes,,,yes,no,yes,,yes,yes,,"Only at participating J Wellness Circle Spas across Taj, SeleQtions, and Vivanta hotels",,,,,,,,,"The GV/GC can only be redeemed at the participating J Wellness Circle Spas across Taj, SeleQtions, and Vivanta hotels on all days of the week.",
Taj Hotels J Wellness Circle Bliss Duo,maximize,https://www.maximize.money/gift-cards/Taj Hotels J Wellness Circle Bliss Duo/746,yes,yes,11.25,11.25,Amazon pay: 9.25% | Amex: 9.0% | CC on UPI: 8.9% | Credit Card: 9.35% | Debit Card: 10.0% | Diners Club: 9.0% | Pay With Rewards: 7.95% | UPI: 11.25% | Wallets: 8.9%,12000,no,yes,,11.75,same denomination only,,yes,1,no,yes,no,"the said spa treatment at participating Spas across Taj, SeleQtions Gateway and Vivanta hotels",Spa Indulgences,up to 6 months,,,,,Can the cards be clubbed? Multiple cards can't be clubbed,"Can be clubbed with other offers? No, can't club with other offers / coupons","These vouchers entitles you to the said spa treatment (does not include Spa Indulgences), only at participating Spas across Taj, SeleQtions Gateway and Vivanta hotels, subject to availability.",
Taj Hotels J Wellness Circle Bliss Duo In Store,buyhatke,https://buyhatke.com/gift-cards/taj-hotels-j-wellness-circle-bliss-duo-(in-store)-gift-card,yes,yes,7.99,7.99,any: 7.99%,12000,yes,yes,,,same denomination only,,yes,,,yes,,"The stated spa treatment at participating Spas across Taj, SeleQtions Gateway and Vivanta hotels only",Spa Indulgences,,,,,,,,"These vouchers entitles you to the said spa treatment (does not include Spa Indulgences), only at participating Spas across Taj, SeleQtions Gateway and Vivanta hotels, subject to availability.",
Taj Hotels J Wellness Circle Bliss Solo,maximize,https://www.maximize.money/gift-cards/Taj Hotels J Wellness Circle Bliss Solo/747,yes,yes,11.25,11.25,Amazon pay: 9.25% | Amex: 9.0% | CC on UPI: 8.9% | Credit Card: 9.35% | Debit Card: 10.0% | Diners Club: 9.0% | Pay With Rewards: 7.95% | UPI: 11.25% | Wallets: 8.9%,6000,no,yes,,11.75,same denomination only,,yes,1,no,yes,no,"the said spa treatment at participating Spas across Taj, SeleQtions Gateway and Vivanta hotels",Spa Indulgences,up to 6 months,,,,,Can the cards be clubbed? Multiple cards can't be clubbed,"Can be clubbed with other offers? No, can't club with other offers / coupons","These vouchers entitles you to the said spa treatment (does not include Spa Indulgences), only at participating Spas across Taj, SeleQtions Gateway and Vivanta hotels, subject to availability.",
Taj Hotels J Wellness Circle Bliss Solo In Store,buyhatke,https://buyhatke.com/gift-cards/taj-hotels-j-wellness-circle-bliss-solo-(in-store)-gift-card,yes,yes,7.99,7.99,any: 7.99%,6000 / 12000,yes,yes,,,same denomination only,,yes,,,yes,,"The stated spa treatment at participating Spas across Taj, SeleQtions Gateway and Vivanta hotels only",Spa Indulgences,,,,,,,,"These vouchers entitles you to the said spa treatment (does not include Spa Indulgences), only at participating Spas across Taj, SeleQtions Gateway and Vivanta hotels, subject to availability.",
Taj Spa,buyhatke,https://buyhatke.com/gift-cards/taj-spa-gift-card,yes,yes,4.99,4.99,any: 4.99%,1000 / 2000 / 10000 / 25000,yes,yes,,,same denomination only,yes,yes,,yes,no,,,Ginger Hotels,1 year,,,,,,,,
Taneira,buyhatke,https://buyhatke.com/gift-cards/taneira-gift-card,yes,yes,8.0,8.0,any: 8.0%,250 / 500 / 1000 / 2500 / 5000 / 10000 / 15000 / 25000 / 40000,yes,yes,,,same denomination only,yes,yes,,,,,,,180 days from the date of loading/reloading,"normally instant, sometimes delayed up to 24 hours",,,,,,,
Taneira,gyftr,https://www.gyftr.com/taneira,yes,yes,8.0,8.0,Amazon Pay: 7.0% | Credit Card: 7.0% | Debit Card: 7.0% | MobiKwik: 7.0% | Net Banking: 7.0% | PAYTM UPI: 8.0% | Paytm Wallet: 7.0% | UPI: 8.0% | e-Pay: 8.0%,5000 / 500 / 1000 / 2000,no,yes,,,yes,no,yes,unlimited,no,yes,,,,6 months from the date of issuance,,,,,Multiple vouchers can be used against one bill,,,
Taneira,maximize,https://www.maximize.money/gift-cards/Taneira/354,yes,yes,8.0,8.0,Amazon pay: 6.0% | Amex: 5.75% | CC on UPI: 5.65% | Credit Card: 6.1% | Debit Card: 6.75% | Diners Club: 5.75% | Pay With Rewards: 4.7% | UPI: 8.0% | Wallets: 5.65%,250 / 500 / 1000 / 2500 / 5000 / 10000 / 15000 / 25000 / 40000,yes,yes,,8.0,same denomination only,,yes,1,no,yes,no,,,180 days from loading/reloading,"usually instant, may be delayed up to 24 hours",,,,Can the cards be clubbed? Multiple cards can't be clubbed,"Can be clubbed with other offers? No, can't club with other offers / coupons",,
Taneira In Store,buyhatke,https://buyhatke.com/gift-cards/taneira-(in-store)-gift-card,yes,yes,8.0,8.0,any: 8.0%,500 / 1000 / 2000 / 5000,yes,yes,,,same denomination only,,yes,,,,,,,6 months,,,,,,,,
Tanishq,gyftr,https://www.gyftr.com/tanishq,yes,no,0.0,0.0,Credit Card: 0.0% | Debit Card: 0.0% | UPI: 0.0% | e-Pay: 0.0%,2000 / 5000 / 10000 / 1000 / 500,no,yes,,,yes,no,yes,10,no,,yes,Tanishq Gold Coin & Jewellery products only,,,,,,,10 vouchers can be used in a single transaction.,Voucher can be combined with other ongoing offers at Tanishq stores.,This Voucher is valid only for the purchase of Tanishq Gold Coin & Jewellery products from authorized Tanishq showrooms.,
Tanishq Diamond,maximize,https://www.maximize.money/gift-cards/Tanishq Diamond/1053,yes,yes,4.0,4.0,Amazon pay: 1.65% | Amex: 1.75% | CC on UPI: 1.25% | Credit Card: 2.1% | Debit Card: 2.15% | Diners Club: 1.75% | Pay With Rewards: 0.95% | UPI: 4.0% | Wallets: 1.65%,1000 / 2000 / 5000 / 10000 / 20000 / 50000 / 100000,yes,yes,,4.1,same denomination only,,yes,1,no,yes,no,studded jewellery only,gold coins,180 days (6 months) from issuance,,,,,Can the cards be clubbed? Multiple cards can't be clubbed,"Can be clubbed with other offers? No, can't club with other offers / coupons",Valid only on studded jewellery purchases at participating Tanishq showrooms in India.,
Tanishq Diamond Jewellery,gyftr,https://www.gyftr.com/tanishq-diamond-jewellery,yes,no,0.0,0.0,Amazon Pay: 0.0% | Credit Card: 0.0% | Debit Card: 0.0% | MobiKwik: 0.0% | Net Banking: 0.0% | Payzapp: 0.0% | UPI: 0.0% | e-Pay: 0.0%,1000 / 2000 / 10000 / 5000,no,yes,,,yes,no,yes,10,no,yes,yes,Tanishq Diamond Jewellery only,,,,,,,Upto 10 vouchers can be used in a single transaction.,Voucher can be combined with other ongoing offers at Tanishq stores.,This Voucher is valid only for the purchase of Tanishq Diamond Jewellery from authorized Tanishq showrooms.,
Tanishq Gold Coin,buyhatke,https://buyhatke.com/gift-cards/tanishq-gold-coin-gift-card,yes,yes,0.62,0.62,any: 0.62%,500 / 1000 / 2500 / 5000 / 10000 / 25000 / 50000,yes,yes,,,same denomination only,yes,yes,,no,yes,,,,180 days (6 months) from the date of activation/issuance,,,10000,,,,,
Tanishq Gold Coin,gyftr,https://www.gyftr.com/tanishq-gold-coin,yes,yes,1.0,1.0,Amazon Pay: 0.0% | Credit Card: 0.0% | Debit Card: 0.0% | MobiKwik: 0.0% | Net Banking: 0.0% | PAYTM UPI: 1.0% | UPI: 1.0% | e-Pay: 0.0%,5000,no,yes,,,yes,,yes,10,no,yes,yes,Tanishq Products (Gold Coin or Jewellery) only,,6 months from the date of issuance,,,,,Upto 10 vouchers can be used in a single transaction.,Gift Vouchers CAN be clubbed with on-going promotions/offers.,This Voucher is valid only for the purchase of Tanishq Products(Gold Coin or Jewellery) from authorized Tanishq showrooms.,
Tanishq Gold Coin,maximize,https://www.maximize.money/gift-cards/Tanishq Gold Coin/358,yes,yes,1.0,1.0,Amazon pay: 0.0% | Amex: 0.0% | CC on UPI: 0.0% | Credit Card: 0.0% | Debit Card: 0.0% | Diners Club: 0.0% | Pay With Rewards: 0.0% | UPI: 1.0% | Wallets: 0.0%,500 / 1000 / 2500 / 5000 / 10000 / 25000 / 50000,yes,yes,,1.1,same denomination only,yes,yes,unlimited,no,yes,no,,,180 days (6 months) from activation/issuance,,,"Rs.10,000 per transaction on the website",,Can the cards be clubbed? Use several gift cards in one purchase,"Can be clubbed with other offers? No, can't club with other offers / coupons",,
Tanishq Gold Coin In Store,buyhatke,https://buyhatke.com/gift-cards/tanishq-gold-coin-(in-store)-gift-card,yes,yes,0.32,0.32,any: 0.32%,500 / 1500 / 5000 / 199990,yes,yes,,,same denomination only,,yes,,no,yes,,,,6 months,,,,,,,,
Tanishq Gold Jewellery,gyftr,https://www.gyftr.com/tanishq-gold-jewellery,yes,yes,2.0,2.0,Amazon Pay: 0.0% | Credit Card: 0.0% | Debit Card: 0.0% | MobiKwik: 0.0% | Net Banking: 0.0% | PAYTM UPI: 2.0% | UPI: 2.0% | e-Pay: 2.0%,1000 / 2000 / 10000 / 1000 / 5000,no,yes,,,yes,no,yes,10,no,yes,yes,Tanishq Gold Jewellery only,,,,,,,Upto 10 vouchers can be used in a single transaction.,Voucher can be combined with other ongoing offers at Tanishq stores.,This Voucher is valid only for the purchase of Tanishq Gold Jewellery from authorized Tanishq showrooms.,
Tanishq Gold Jewellery,maximize,https://www.maximize.money/gift-cards/Tanishq Gold Jewellery/1045,yes,yes,2.25,2.25,Amazon pay: 0.0% | Amex: 0.0% | CC on UPI: 0.0% | Credit Card: 0.35% | Debit Card: 0.4% | Diners Club: 0.0% | Pay With Rewards: 0.0% | UPI: 2.25% | Wallets: 0.0%,1000 / 2000 / 5000 / 10000 / 20000 / 50000 / 100000,yes,yes,,2.5,same denomination only,,yes,unlimited,no,yes,yes,Gold Jewellery only,Gold Coins,180 days (6 months) from issuance,,,,,Can the cards be clubbed? Use several gift cards in one purchase,"Can be clubbed with other offers? Yes, clubbable with other offers / coupons",Redeemable on Gold Jewellery only and not valid on Gold Coins.,
Tanishq Gold Jewellery In Store,buyhatke,https://buyhatke.com/gift-cards/tanishq-gold-jewellery-(in-store)-gift-card,yes,yes,2.27,2.27,any: 2.27%,500 / 1500 / 5000 / 199990,yes,yes,,,same denomination only,,yes,,no,yes,,,gold coin,6 months from date of activation/issuance,,,,,,,,
Tanishq Studded In Store,buyhatke,https://buyhatke.com/gift-cards/tanishq-studded-(in-store)-gift-card,yes,yes,3.46,3.46,any: 3.46%,500 / 1500 / 5000 / 199990,yes,yes,,,same denomination only,,yes,,no,yes,,Studded and diamond jewellery only,,6 months from date of activation/issuance,,,,,,,"This e-Gift card is valid on Studded and diamond jewellery only, at the participating Tanishq Showrooms in India.",
Tasva,buyhatke,https://buyhatke.com/gift-cards/tasva-gift-card,no,no,,,,500 / 1000 / 1500 / 2000,yes,,,,same denomination only,,,,,,,,,,,,,,,,,
Tasva,gyftr,https://www.gyftr.com/tasva,yes,yes,7.0,7.0,Credit Card: 5.0% | Debit Card: 5.0% | MobiKwik: 5.0% | Net Banking: 5.0% | PAYTM UPI: 7.0% | UPI: 7.0% | e-Pay: 7.0%,2000 / 100 / 500 / 1000 / 10000 / 5000,yes,yes,,,yes,no,yes,unlimited,no,yes,yes,,,,,,,,Multiple GV/GCs can be used against one bill.,The GV/GC can be clubbed with the existing offers.,,
Tasva,maximize,https://www.maximize.money/gift-cards/Tasva/1080,yes,yes,6.25,6.25,Amazon pay: 4.25% | Amex: 4.0% | CC on UPI: 3.9% | Credit Card: 4.35% | Debit Card: 5.0% | Diners Club: 4.0% | Pay With Rewards: 2.95% | UPI: 6.25% | Wallets: 3.9%,200 / 500 / 1000 / 2000 / 5000 / 10000,yes,yes,,6.5,same denomination only,no,yes,unlimited,no,yes,yes,,,12 months from purchase,,,,,Multiple Gift Vouchers can be used in a single bill.,Gift Vouchers can be clubbed with existing store offers.,,
TATA CLiQ,gyftr,https://www.gyftr.com/tata-cliq,yes,yes,10.0,10.0,Credit Card: 7.0% | Debit Card: 7.0% | Net Banking: 7.0% | PAYTM UPI: 10.0% | Paytm Wallet: 7.0% | UPI: 10.0% | e-Pay: 10.0%,5000 / 500 / 2000 / 1000 / 10000,no,,,,yes,yes,no,unlimited,yes,no,yes,,Gold Jewellery | bullions,,,,,,Multiple GV/GC can be used in one bill/transaction.,GV/GC can be clubbed with any one of the existing offers,,
TATA CLiQ Fashion,buyhatke,https://buyhatke.com/gift-cards/tata-cliq-fashion-gift-card,no,no,,,,500 / 1000 / 1500 / 2000,yes,,,,same denomination only,yes,,,yes,no,,,other gift cards | bullions | gold jewellery,12 months from the date of issuance,,,,,,,,
Tata CliQ Fashion,maximize,https://www.maximize.money/gift-cards/Tata Cliq/887,yes,yes,10.75,10.75,Amex: 8.5% | CC on UPI: 8.4% | Credit Card: 8.85% | Debit Card: 9.5% | Diners Club: 8.5% | UPI: 10.75%,1000 / 2000 / 5000,no,,,10.9,same denomination only,yes,no,unlimited,yes,no,no,,bullions | gold jewellery from 20th June 2025 onwards | other gift cards,one year from issuance,,,,,Can the cards be clubbed? Use several gift cards in one purchase,"Can be clubbed with other offers? No, can't club with other offers / coupons",,
TATA CLiQ Fashion,maximize,https://www.maximize.money/gift-cards/TATA CLiQ Fashion/417,no,no,,,,,no,,,,same denomination only,,,,,,,,,,,,,,,,,
Tata CliQ Luxury,buyhatke,https://buyhatke.com/gift-cards/tata-cliq-luxury-gift-card,yes,yes,7.77,7.77,any: 7.77%,250 / 500 / 1000 / 1500 / 2000 / 2500 / 3000 / 5000 / 7500 / 10000,yes,,,,same denomination only,yes,,,yes,no,,,other gift cards | bullions | gold jewellery,12 months from the date of issuance,,,,,,,,
Tata CliQ Luxury,gyftr,https://www.gyftr.com/tata-cliq-luxury,yes,yes,9.5,9.5,Credit Card: 7.5% | Debit Card: 7.5% | MobiKwik: 7.5% | Net Banking: 7.5% | PAYTM UPI: 9.5% | Paytm Wallet: 7.5% | UPI: 9.5% | e-Pay: 9.5%,5000 / 500 / 2000 / 1000 / 10000,no,,,,yes,yes,no,unlimited,yes,no,yes,,Gold Jewellery | bullions,,,,,,Multiple GV/GC can be used in one bill/transaction.,GV/GC can be clubbed with any one of the existing offers,,
Tata CliQ Luxury,maximize,https://www.maximize.money/gift-cards/Tata CliQ Luxury/418,no,no,,,,,no,,,,same denomination only,,,,,,,,,,,,,,,,,
TataCliq Fashion,buyhatke,https://buyhatke.com/gift-cards/tatacliq-fashion-gift-card,yes,yes,5.88,5.88,any: 5.88%,250 / 500 / 1000 / 1500 / 2000 / 2500 / 3000 / 5000 / 7500 / 10000,yes,,,,same denomination only,yes,,,yes,no,,,bullions | gold jewellery | other gift cards,one year from date of issuance,,,,,,,,
Tattva Spa,buyhatke,https://buyhatke.com/gift-cards/tattva-spa-gift-card,yes,yes,16.73,16.73,any: 16.73%,1500 / 2000 / 2500 / 3000 / 5000,yes,,,,same denomination only,yes,,unlimited,,,no,,,,,,,,Multiple GVs can be combined and added to the e-Pay balance.,The GV/e-Pay cannot be clubbed with ongoing deals and discounts.,,
Tattva Spa,gyftr,https://www.gyftr.com/tattva-spa,yes,yes,15.0,15.0,Amazon Pay: 15.0% | Credit Card: 15.0% | Debit Card: 15.0% | MobiKwik: 15.0% | Net Banking: 15.0% | PAYTM UPI: 15.0% | UPI: 15.0% | e-Pay: 15.0%,2000 / 2500 / 5000 / 1500 / 100 / 100,yes,yes,,,yes,yes,yes,unlimited,yes,yes,no,Spa therapies only,memberships | gift vouchers | deals/experiences,,,,,,Multiple GVs can be combined and added to the e-Pay balance.,The GV/e-Pay cannot be clubbed with ongoing deals and discounts.,"The GV/e-Pay is valid only on spa therapies. Not valid on memberships, gift vouchers, or deals/experiences.",
Tattva Spa,maximize,https://www.maximize.money/gift-cards/Tattva Spa/327,yes,yes,16.75,16.75,Amazon pay: 14.75% | Amex: 14.5% | CC on UPI: 14.4% | Credit Card: 14.85% | Debit Card: 15.5% | Diners Club: 14.5% | Pay With Rewards: 13.45% | UPI: 16.75% | Wallets: 14.4%,1500 / 2000 / 2500 / 3000 / 5000,yes,,,17.25,same denomination only,yes,,unlimited,yes,no,no,,,up to 6 months,,,,,Multiple GVs can be combined and added to the e-Pay balance.,The GV/e-Pay cannot be clubbed with ongoing deals and discounts.,,
TBZ (In Store),buyhatke,https://buyhatke.com/gift-cards/tbz-(in-store)-gift-card,no,no,,,,500 / 1000 / 1500 / 2000,yes,yes,,,same denomination only,,yes,,,yes,,,gold coins/bars | subscription schemes,one year,,,,,,,,
TEGO,buyhatke,https://buyhatke.com/gift-cards/tego-gift-card,yes,yes,9.89,9.89,any: 9.89%,1000 / 2000,yes,,,,same denomination only,yes,,unlimited,no,yes,yes,,,,,,,,Multiple GV/GCs can be used against one bill.,The GV/GC can be cubbed with existing offers.,,
TEGO,gyftr,https://www.gyftr.com/tego,yes,no,0.0,0.0,Amazon Pay: 0.0% | Credit Card: 0.0% | Debit Card: 0.0% | MobiKwik: 0.0% | Net Banking: 0.0% | Payzapp: 0.0% | UPI: 0.0% | e-Pay: 0.0%,2000,no,,,,yes,yes,no,unlimited,no,yes,yes,,,Between three to 12 months,,,,,Multiple GV/GCs can be used against one bill.,The GV/GC can be cubbed with existing offers.,,
TEGO,maximize,https://www.maximize.money/gift-cards/TEGO/840,yes,yes,15.75,15.75,Amazon pay: 13.75% | Amex: 13.5% | CC on UPI: 13.4% | Credit Card: 13.85% | Debit Card: 14.5% | Diners Club: 13.5% | Pay With Rewards: 12.45% | UPI: 15.75% | Wallets: 13.4%,1000 / 2000,no,,,16.0,same denomination only,yes,no,unlimited,no,yes,,,,6 months from purchase,,,,,Multiple Gift Vouchers can be used in one single purchase.,,,
TGI Fridays In Store,buyhatke,https://buyhatke.com/gift-cards/tgi-fridays-(in-store)-gift-card,yes,yes,6.38,6.38,any: 6.38%,500 / 1000 / 2000 / 5000,yes,yes,,,same denomination only,no,yes,unlimited,,,,,meal combos,6 months,,,,,Multiple Gift card can be used in one bill but cannot be used on meal combos,,,
TGIF,gyftr,https://www.gyftr.com/tgif,yes,yes,6.0,6.0,Credit Card: 5.0% | Debit Card: 5.0% | MobiKwik: 5.0% | PAYTM UPI: 6.0% | Paytm Wallet: 5.0% | UPI: 6.0% | e-Pay: 6.0%,1000 / 2000 / 100 / 100 / 5000 / 500 / 100,yes,yes,,,yes,no,yes,unlimited,yes,yes,no,,Meal Combos | lunch or dinner combo | discounted promotional menus,,,,,,Multiple Instant Gift Vouchers can be used against one bill,This Instant Gift Voucher cant be redeemed for lunch or dinner combo or any discounted promotional menus. Two promotional offers cannot be clubbed.,,
TGIF (In Store),buyhatke,https://buyhatke.com/gift-cards/tgif-(in-store)-gift-card,yes,yes,8.39,8.39,any: 8.39%,100 / 500 / 2000 / 10000,yes,yes,,,same denomination only,,yes,unlimited,yes,no,no,,lunch or dinner combo | discounted promotional menus,,,,,,Multiple Instant Gift Vouchers can be used against one bill,This Instant Gift Voucher cant be redeemed for lunch or dinner combo or any discounted promotional menus. Two promotional offers cannot be clubbed.,,
Thalaiva Biryani,buyhatke,https://buyhatke.com/gift-cards/thalaiva-biryani-gift-card,yes,yes,9.24,9.24,any: 9.24%,250 / 500 / 1000 / 1500 / 2000,yes,,,,same denomination only,yes,,1,yes,no,,,,1 year,,,,,Multiple gift cards cannot be clubbed in one order and the user needs to add the Gift Card to the EatSure User Account,,,
The Bear House,maximize,https://www.maximize.money/gift-cards/The Bear House/875,yes,yes,8.25,8.25,Amazon pay: 6.25% | Amex: 6.0% | CC on UPI: 5.9% | Credit Card: 6.35% | Debit Card: 7.0% | Diners Club: 6.0% | Pay With Rewards: 4.95% | UPI: 8.25% | Wallets: 5.9%,1000 / 2000 / 5000 / 10000 / 20000,yes,,,8.5,same denomination only,yes,,unlimited,yes,no,no,,other gift cards,180 days from receipt,,,,,Multiple E-Gift Cards can be used in a single order.,"Can be clubbed with other offers? No, can't club with other offers / coupons",,
The Biryani Life,buyhatke,https://buyhatke.com/gift-cards/the-biryani-life-gift-card,yes,yes,9.24,9.24,any: 9.24%,250 / 500 / 1000 / 1500 / 2000,yes,,,,same denomination only,yes,,1,yes,no,,,,1 year,,,,,Multiple gift cards cannot be clubbed in one order and the user needs to add the Gift Card to the EatSure User Account,,,
The Body Shop,buyhatke,https://buyhatke.com/gift-cards/the-body-shop-gift-card,yes,yes,4.13,4.13,any: 4.13%,250 / 500 / 1000 / 1500 / 2000 / 2500 / 3000 / 4000 / 5000 / 7500 / 10000,yes,yes,,,same denomination only,yes,yes,unlimited,yes,no,yes,,Gift Cards | Loyalty Cards,,,,,,"Multiple GV / GC can be used in one bill/transaction and cannot be redeemed for cash.Once the voucher gets added to the EPay balance, it can be utilized till the balance gets exhausted or expires.",The Body Shop GV / GC can be clubbed with any one of the existing offers.,,
The Body Shop,gyftr,https://www.gyftr.com/the-body-shop,yes,yes,3.0,3.0,Amazon Pay: 2.0% | Credit Card: 2.0% | Debit Card: 2.0% | MobiKwik: 2.0% | Net Banking: 2.0% | PAYTM UPI: 3.0% | Paytm Wallet: 2.0% | UPI: 3.0% | e-Pay: 3.0%,100,yes,yes,,,yes,yes,yes,unlimited,,,yes,,,,,,,,Multiple Gift Vouchers CAN be used in one bill.,Gift Vouchers CAN be clubbed with in store promotions/offers.,,
The Body Shop,maximize,https://www.maximize.money/gift-cards/The Body Shop/292,yes,yes,5.0,5.0,Amazon pay: 3.0% | Amex: 2.75% | CC on UPI: 2.65% | Credit Card: 3.1% | Debit Card: 3.75% | Diners Club: 2.75% | Pay With Rewards: 1.7% | UPI: 5.0% | Wallets: 2.65%,250 / 500 / 1000 / 1500 / 2000 / 2500 / 5000 / 10000,yes,yes,,5.1,same denomination only,yes,yes,unlimited,yes,no,yes,,Gift Cards and Loyalty Cards | date: specific block out dates,up to 6 months,,,,,"Multiple GV / GC can be used in one bill/transaction and cannot be redeemed for cash.Once the voucher gets added to the EPay balance, it can be utilized till the balance gets exhausted or expires.",The Body Shop GV / GC can be clubbed with any one of the existing offers.,,
The Collective,buyhatke,https://buyhatke.com/gift-cards/the-collective-gift-card,yes,yes,2.88,2.88,any: 2.88%,500 / 1500 / 5000 / 100000,yes,yes,,,same denomination only,yes,yes,,,yes,,,,6 months from date of activation,,,,,,,,
The Collective,maximize,https://www.maximize.money/gift-cards/The Collective/728,yes,yes,3.0,3.0,Amazon pay: 1.0% | Amex: 0.75% | CC on UPI: 0.65% | Credit Card: 1.1% | Debit Card: 1.75% | Diners Club: 0.75% | Pay With Rewards: 0.0% | UPI: 3.0% | Wallets: 0.65%,1000 / 2000 / 5000 / 10000 / 20000 / 50000 / 100000,yes,yes,,3.1,same denomination only,yes,yes,unlimited,yes,no,no,,,six months from issue,"usually instant, may be delayed up to 24 hours",,,,Can the cards be clubbed? Use several gift cards in one purchase,"Can be clubbed with other offers? No, can't club with other offers / coupons",,
The Good Bowl,buyhatke,https://buyhatke.com/gift-cards/the-good-bowl-gift-card,yes,yes,9.24,9.24,any: 9.24%,250 / 500 / 1000 / 1500 / 2000,yes,,,,same denomination only,yes,,unlimited,yes,no,no,,,,,,,,Multiple GV/GC can be combined and added to the EatSure wallet balance.,"GV/GC can be used to buy discounted items on the EatSure app, but it cannot be clubbed with other aggregator offers.",,
The Good Bowl,gyftr,https://www.gyftr.com/the-good-bowl,yes,yes,12.0,12.0,Amazon Pay: 10.0% | Credit Card: 10.0% | Debit Card: 10.0% | MobiKwik: 10.0% | Net Banking: 10.0% | PAYTM UPI: 12.0% | Paytm Wallet: 10.0% | UPI: 12.0% | e-Pay: 12.0%,1500 / 2000 / 500 / 1000 / 100,yes,,,,yes,yes,no,unlimited,yes,yes,no,,,,,,,,Multiple GV/GC can be combined and added to the EatSure wallet balance.,"GV/GC can be used to buy discounted items on the EatSure app, but it cannot be clubbed with other aggregator offers.",,
The Good Bowl,maximize,https://www.maximize.money/gift-cards/The Good Bowl/697,yes,yes,9.75,9.75,Amex: 7.5% | CC on UPI: 7.4% | Credit Card: 7.85% | Debit Card: 8.5% | Diners Club: 7.5% | UPI: 9.75%,250 / 500 / 1000 / 1500 / 2000,yes,,,10.5,same denomination only,yes,,unlimited,yes,no,no,,,up to 6 months,,,,,Multiple GVs can be combined and added to the EatSure Wallet balance.,"Can be clubbed with other offers? No, can't club with other offers / coupons",,
The Leela,maximize,https://www.maximize.money/gift-cards/The Leela/1118,yes,yes,10.0,10.0,Amazon pay: 8.0% | Amex: 7.75% | CC on UPI: 7.65% | Credit Card: 8.1% | Debit Card: 8.75% | Diners Club: 7.75% | Pay With Rewards: 6.7% | UPI: 10.0% | Wallets: 7.65%,10000,yes,yes,,10.25,same denomination only,,yes,1,yes,no,no,"eligible hotel stays, dining, spa services, and other participating experiences",,6 months from purchase,,,,,Can the cards be clubbed? Multiple cards can't be clubbed,"Can be clubbed with other offers? No, can't club with other offers / coupons","Can be redeemed for eligible hotel stays, dining, spa services, and other participating experiences.",
The Man Company,buyhatke,https://buyhatke.com/gift-cards/the-man-company-gift-card,yes,yes,14.34,14.34,any: 14.34%,250 / 500 / 1000 / 2000 / 2500,yes,,,,same denomination only,yes,,1,no,yes,no,,,,,,,,Only one GV / GC can be used in one bill/transaction.,The Man Company GV / GC cannot be clubbed with any one of the existing offer on its website.,,
The Man Company,gyftr,https://www.gyftr.com/the-man-company,yes,yes,16.0,16.0,Amazon Pay: 14.0% | Credit Card: 14.0% | Debit Card: 14.0% | MobiKwik: 14.0% | Net Banking: 14.0% | PAYTM UPI: 16.0% | Paytm Wallet: 14.0% | UPI: 16.0% | e-Pay: 16.0%,1000 / 250 / 500 / 2000,no,,,,yes,yes,,unlimited,yes,yes,yes,,,,,,,,Multiple Gift Vouchers CAN be combined & added to the e-Pay balance.,The GV/GC CAN be clubbed with ongoing sales.,,
The Man Company,maximize,https://www.maximize.money/gift-cards/The Man Company/293,yes,yes,16.75,16.75,Amazon pay: 14.75% | Amex: 14.5% | CC on UPI: 14.4% | Credit Card: 14.85% | Debit Card: 15.5% | Diners Club: 14.5% | Pay With Rewards: 13.45% | UPI: 16.75% | Wallets: 14.4%,250 / 500 / 1000 / 2000 / 2500,no,,,17.0,same denomination only,yes,no,1,no,yes,no,,date: specific block out dates as intimated by The Man Company,a range of 6 - 12 months,,,,,Only one GV / GC can be used in one bill/transaction.,The Man Company GV / GC cannot be clubbed with any one of the existing offer on its website.,,
The Postcard Hotels,maximize,https://www.maximize.money/gift-cards/The Postcard Hotels/1100,yes,yes,10.0,10.0,Amazon pay: 8.0% | Amex: 7.75% | CC on UPI: 7.65% | Credit Card: 8.1% | Debit Card: 8.75% | Diners Club: 7.75% | Pay With Rewards: 6.7% | UPI: 10.0% | Wallets: 7.65%,5000,yes,yes,,10.25,same denomination only,yes,yes,1,yes,no,no,"room stays, dining, spa services, hotel-operated services, and applicable taxes",third-party services | personal expenses (such as medicines or personal repairs) | location: The Postcard Hotels & Resorts in India only,365 days from issue,,,,,Can the cards be clubbed? Multiple cards can't be clubbed,"Can be clubbed with other offers? No, can't club with other offers / coupons","Can be used for room stays, dining, spa services, hotel-operated services, and applicable taxes.",
The Raymond Shop,gyftr,https://www.gyftr.com/the-raymond-shop,yes,yes,10.0,10.0,Amazon Pay: 8.0% | Credit Card: 8.0% | Debit Card: 8.0% | PAYTM UPI: 10.0% | Paytm Wallet: 8.0% | UPI: 10.0% | e-Pay: 10.0%,5000 / 1000 / 100 / 500 / 2000 / 100,yes,yes,,,yes,no,yes,unlimited,,,yes,,discounted products during EOSS,3-12 months,,,,,"Yes, you can use more than one The Raymond Shop Gift Cards in one transaction.",Gift Voucher/e-Pay CAN be used during the Sale.,,
The Raymond Shop,maximize,https://www.maximize.money/gift-cards/The Raymond Shop/889,yes,yes,10.25,10.25,Amazon pay: 8.25% | Amex: 8.0% | CC on UPI: 7.9% | Credit Card: 8.35% | Debit Card: 9.0% | Diners Club: 8.0% | Pay With Rewards: 6.95% | UPI: 10.25% | Wallets: 7.9%,200 / 500 / 1000 / 2000 / 5000 / 10000,yes,yes,,10.5,same denomination only,no,yes,unlimited,yes,no,no,ready-made products only,discounted products | custom tailoring bills | date: block-out dates as decided by The Raymond Shop,6 months from purchase,,,,,Multiple vouchers can be used in a single bill,"Can be used during End of Season Sale (EOSS), but not applicable on discounted products",Voucher can be used only for ready-made products,
The Raymond Shop In Store,buyhatke,https://buyhatke.com/gift-cards/the-raymond-shop-(in-store)-gift-card,yes,yes,9.73,9.73,any: 9.73%,250 / 500 / 1000 / 1500 / 2000 / 2500 / 3000 / 5000 / 7500 / 10000,yes,yes,,,same denomination only,,yes,unlimited,yes,no,,Ready-made products only,discounted products | custom tailoring bills,,,,,,Multiple vouchers can be used in a single bill,,Voucher can be used only for ready-made products,
The Reading Habit,buyhatke,https://buyhatke.com/gift-cards/the-reading-habit-gift-card,no,no,,,,500 / 1000 / 1500 / 2000,yes,,,,same denomination only,yes,,,yes,yes,,Subscription payments on www.thereadinghabit.in,,12 months from the date of activation,,,,,,,"Once added, the wallet balance gets topped up with the Gift Card value and can be used for any subscription payment on the website.",
The Skin Story,gyftr,https://www.gyftr.com/the-skin-story,no,no,0.0,0.0,Amazon Pay: 0.0% | Credit Card: 0.0% | Debit Card: 0.0% | MobiKwik: 0.0% | Net Banking: 0.0% | Payzapp: 0.0% | UPI: 0.0% | e-Pay: 0.0%,,no,,,,yes,yes,no,1,,yes,no,,,,,,,,Multiple vouchers cannot be used in one bill,Any other discount code cannot be clubbed with Gift Voucher,,
The Sleep Company In Store,buyhatke,https://buyhatke.com/gift-cards/the-sleep-company-(in-store)-gift-card,no,no,,,,500 / 1000 / 1500 / 2000,yes,yes,,,same denomination only,,yes,unlimited,yes,no,,,,,,,,,"Multiple GV/GCs can be combined in a single transaction. If partially redeemed, the remaining balance stays usable within validity.",,,
The Wellness Co (In Store),buyhatke,https://buyhatke.com/gift-cards/the-wellness-co-(in-store)-gift-card,no,no,,,,500 / 1000 / 1500 / 2000,yes,yes,,,same denomination only,,yes,,,,no,,,,,,,,,Exclusions: This offer cannot be combined with other ongoing promotions or discounts.,,
The White Crow-Luxe Gift Card,gyftr,https://www.gyftr.com/the-white-crow,yes,yes,10.0,10.0,Credit Card: 10.0% | Debit Card: 10.0% | Net Banking: 10.0% | PAYTM UPI: 10.0% | UPI: 10.0% | e-Pay: 10.0%,5000 / 2000 / 1000 / 10000,no,yes,,,yes,,yes,unlimited,,yes,no,,,,,,,,Multiple Gift Vouchers CAN be used in one bill.,Gift Vouchers CANNOT be used during Sale.,,
Things2Do,buyhatke,https://buyhatke.com/gift-cards/things2do-gift-card,yes,yes,3.72,3.72,any: 3.72%,500 / 1000 / 2000 / 5000,yes,,,,same denomination only,yes,,1,no,yes,no,Exclusives Product category only,,6 months,,,,,Multiple E-Vouchers cannot be clubbed with single retail billing,Voucher cannot be extended clubbed with any other card/vouchers/offers,Comes with 6 months validity and is only redeemable at https://things2.do on the Exclusives Product category only,
Thinsane Pizza,buyhatke,https://buyhatke.com/gift-cards/thinsane-pizza-gift-card,yes,yes,9.24,9.24,any: 9.24%,250 / 500 / 1000 / 1500 / 2000,yes,,,,same denomination only,yes,,1,yes,no,,,,1 year,,,,,Multiple gift cards cannot be clubbed in one order and the user needs to add the Gift Card to the EatSure User Account,,,
Third Wave Coffee,buyhatke,https://buyhatke.com/gift-cards/third-wave-coffee-gift-card,yes,yes,10.38,10.38,any: 10.38%,100 / 450 / 1500 / 5000,yes,,,,same denomination only,yes,,,yes,no,,,gift cards,12 months from the date of purchase,"normally instant, sometimes delayed up to 24-48 hours",,,,,,,
Third Wave Coffee,maximize,https://www.maximize.money/gift-cards/Third Wave Coffee/197,yes,yes,10.0,10.0,Amazon pay: 8.0% | Amex: 7.75% | CC on UPI: 7.65% | Credit Card: 8.1% | Debit Card: 8.75% | Diners Club: 7.75% | Pay With Rewards: 6.7% | UPI: 10.0% | Wallets: 7.65%,500 / 1000 / 2000 / 5000,yes,yes,,10.25,same denomination only,,yes,,,,yes,,,6 months for the code; 1 year to redeem once added to the Third Wave Wallet,,,,,,All brand-funded offers can be clubbed during the purchase.,,
Tim Hortons,gyftr,https://www.gyftr.com/tim-hortons,yes,yes,8.0,8.0,Amazon Pay: 7.0% | Credit Card: 7.0% | Debit Card: 7.0% | MobiKwik: 7.0% | Net Banking: 7.0% | PAYTM UPI: 8.0% | Paytm Wallet: 7.0% | UPI: 8.0% | e-Pay: 8.0%,500 / 1000,no,yes,,,yes,,yes,unlimited,yes,,yes,,,,,,,,Multiple Gift Vouchers CAN be combined & added to the e-Pay balance,GV/e-Pay can be clubbed with the existing offers.,,
Tim Hortons,maximize,https://www.maximize.money/gift-cards/Tim Hortons/797,yes,yes,7.5,7.5,Amazon pay: 5.5% | Amex: 5.25% | CC on UPI: 5.15% | Credit Card: 5.6% | Debit Card: 6.25% | Diners Club: 5.25% | Pay With Rewards: 4.2% | UPI: 7.5% | Wallets: 5.15%,500 / 1000,no,yes,,7.75,same denomination only,,yes,unlimited,yes,no,yes,,,6 months from purchase,,,,,Can the cards be clubbed? Use several gift cards in one purchase,The GV/e-Pay can be clubbed with existing offers.,,
Tim Hortons In Store,buyhatke,https://buyhatke.com/gift-cards/tim-hortons-(in-store)-gift-card,yes,yes,6.78,6.78,any: 6.78%,500 / 1000,yes,yes,,,same denomination only,,yes,,yes,no,yes,,,,,,,,,The GV/e-Pay can be clubbed with existing offers.,,
Times Prime Lite,buyhatke,https://buyhatke.com/gift-cards/times-prime-lite-gift-card,yes,yes,22.84,22.84,any: 22.84%,1490,yes,,,,same denomination only,yes,,1,,yes,,,,"6 months to 12 months depending on the pack, from the date of successful user activation",,,,,Maximum 1 voucher can be in one transaction,,,
Times Prime Power,buyhatke,https://buyhatke.com/gift-cards/times-prime-power-gift-card,yes,yes,44.09,44.09,any: 44.09%,2490,yes,,,,same denomination only,yes,,,,yes,,,,12 months from the date of successful user activation,,,,,,,,
Times Prime Prive,buyhatke,https://buyhatke.com/gift-cards/times-prime-prive-gift-card,yes,yes,38.14,38.14,any: 38.14%,3990,yes,,,,same denomination only,yes,,,,yes,,,,12 months from the date of successful user activation,,,,,,,,
Timezone,buyhatke,https://buyhatke.com/gift-cards/timezone-gift-card,yes,yes,12.13,12.13,any: 12.13%,800 / 1250,yes,,,,same denomination only,yes,,1,,,no,,,,,,,,More than 1 voucher cannot be clubbed together.,Vouchers cannot be clubbed with any other offers.,,
Timezone,gyftr,https://www.gyftr.com/timezone,yes,no,0.0,0.0,Amazon Pay: 0.0% | Credit Card: 0.0% | Debit Card: 0.0% | MobiKwik: 0.0% | Net Banking: 0.0% | Payzapp: 0.0% | UPI: 0.0% | e-Pay: 0.0%,3000 / 1250 / 800 / 2000 / 500,no,yes,,,yes,no,yes,1,,yes,no,Top up of the Timezone PowerCard only,tier upgrades,3-12 months,,,,,Multiple GV/GCs cannot be clubbed together.,Gift Voucher CANNOT be clubbed with on-going promotions/offers.,This is a one-time use GV/GC. It can be used only to top up the Timezone PowerCard at the listed outlets.,
Timezone,maximize,https://www.maximize.money/gift-cards/Timezone/252,yes,yes,13.25,13.25,Amazon pay: 11.25% | Amex: 11.0% | CC on UPI: 10.9% | Credit Card: 11.35% | Debit Card: 12.0% | Diners Club: 11.0% | Pay With Rewards: 9.95% | UPI: 13.25% | Wallets: 10.9%,800 / 1250,no,yes,,13.0,same denomination only,,yes,1,,yes,no,,,up to 6 months,,,,,More than 1 voucher cannot be clubbed together.,Vouchers cannot be clubbed with any other offers.,,
TimeZone In Store,buyhatke,https://buyhatke.com/gift-cards/timezone-(in-store)-gift-card,yes,yes,7.55,7.55,any: 7.55%,800 / 1250,yes,yes,,,same denomination only,no,yes,,,,no,,,,,,,,,Gift Voucher cannot be clubbed with on-going promotions/offers,,
Tinder,buyhatke,https://buyhatke.com/gift-cards/tinder-gift-card,yes,yes,6.57,6.57,any: 6.57%,160 / 280 / 420 / 585 / 740 / 930 / 999 / 1460,yes,,,,same denomination only,yes,,,,yes,no,,,,,,,,,Cannot be clubbed with existing offers.,,
Tinder,gyftr,https://www.gyftr.com/tinder,yes,yes,7.0,7.0,Amazon Pay: 5.5% | Credit Card: 5.5% | Debit Card: 5.5% | MobiKwik: 5.5% | Net Banking: 5.5% | PAYTM UPI: 7.0% | Paytm Wallet: 5.5% | UPI: 7.0%,930 / 160 / 1460 / 999 / 420 / 280 / 740,no,,,,yes,yes,,,,yes,no,"Tinder premium subscriptions: Plus, Gold, or Platinum",,,,,,,,The GV/GC cannot be clubbed with the existing offers.,"You can use your Tinder to subscribe to Tinder’s premium subscriptions: Plus, Gold, or Platinum.",
Tinder,maximize,https://www.maximize.money/gift-cards/Tinder/732,yes,yes,7.0,7.0,Amazon pay: 5.0% | Amex: 4.75% | CC on UPI: 4.65% | Credit Card: 5.1% | Debit Card: 5.75% | Diners Club: 4.75% | Pay With Rewards: 3.7% | UPI: 7.0% | Wallets: 4.65%,160 / 280 / 420 / 585 / 740 / 930 / 999 / 1460,no,,,7.5,same denomination only,yes,,1,,yes,no,,users currently subscribed to Tinder Gold/Plus | location: valid only in India,up to 6 months,,,,,Can the cards be clubbed? Multiple cards can't be clubbed,Cannot be clubbed with existing offers.,,
Tira Beauty,buyhatke,https://buyhatke.com/gift-cards/tira-beauty-gift-card,yes,yes,1.88,1.88,any: 1.88%,500 / 1000 / 1500 / 2000 / 3000 / 5000 / 10000,yes,yes,,,same denomination only,yes,yes,,,,no,,,1 year,,,,,,Gift card cannot be clubbed with any offers during the purchase.,,
Tira Beauty,maximize,https://www.maximize.money/gift-cards/Tira Beauty/1119,yes,yes,3.0,3.0,Amazon pay: 1.0% | Amex: 0.75% | CC on UPI: 0.65% | Credit Card: 1.1% | Debit Card: 1.75% | Diners Club: 0.75% | Pay With Rewards: 0.0% | UPI: 3.0% | Wallets: 0.65%,200 / 500 / 1000 / 2000 / 5000 / 10000,yes,yes,,3.25,same denomination only,yes,yes,unlimited,yes,no,yes,,,365 days from purchase/issuance,,,,,Can the cards be clubbed? Use several gift cards in one purchase,Gift Cards can be clubbed with ongoing offers and promotions.,,
Titan,gyftr,https://www.gyftr.com/titan,yes,yes,8.0,8.0,Amazon Pay: 8.0% | Credit Card: 8.0% | Debit Card: 8.0% | MobiKwik: 8.0% | Net Banking: 8.0% | PAYTM UPI: 8.0% | UPI: 8.0% | e-Pay: 8.0%,1000 / 2000 / 100 / 500 / 5000,yes,yes,,,yes,no,yes,5,no,yes,no,,Titan Nebula collection of Watches | discounted products,Maximum of 6 months from the date of issuance,Redeemable only 8 hours after issuance,,,,Multiple vouchers (upto 5) can be used against single transaction.,Voucher is not applicable on discounted products and cannot be clubbed with any other offer in the store.,,
Titan,maximize,https://www.maximize.money/gift-cards/Titan/253,yes,yes,8.0,8.0,Amazon pay: 6.0% | Amex: 5.75% | CC on UPI: 5.65% | Credit Card: 6.1% | Debit Card: 6.75% | Diners Club: 5.75% | Pay With Rewards: 4.7% | UPI: 8.0% | Wallets: 5.65%,100 / 500 / 1000 / 1500 / 2000 / 2500 / 5000 / 7500 / 10000,yes,yes,,8.5,same denomination only,,yes,5,no,yes,no,,Titan Nebula collection of Watches | discounted products | date: specific block out dates,maximum of 6 months from issuance,,,,,Multiple vouchers (upto 5) can be used against single transaction.,Voucher is not applicable on discounted products and cannot be clubbed with any other offer in the store.,,
Titan Eye Plus,buyhatke,https://buyhatke.com/gift-cards/titan-eye-plus-gift-card,no,no,,,,500 / 1000 / 1500 / 2000,yes,,,,same denomination only,,,,,,,,,,,,,,,,,
Titan Eye Plus,gyftr,https://www.gyftr.com/titan-eye-plus,yes,yes,5.0,5.0,Amazon Pay: 5.0% | Credit Card: 5.0% | Debit Card: 5.0% | MobiKwik: 5.0% | Net Banking: 5.0% | PAYTM UPI: 5.0% | Paytm Wallet: 5.0% | UPI: 5.0% | e-Pay: 5.0%,7500 / 10000 / 5000 / 2000 / 500,no,yes,,,yes,no,yes,5,no,yes,no,,discounted products,Between 3 months minimum and 12 months maximum,,,,,Maximum 5 Gift Vouchers be used in one bill.,Gift Vouchers CANNOT be used during sale,,
Titan Eye Plus,maximize,https://www.maximize.money/gift-cards/Titan Eye Plus/1048,yes,yes,6.5,6.5,Amazon pay: 4.5% | Amex: 4.25% | CC on UPI: 4.15% | Credit Card: 4.6% | Debit Card: 5.25% | Diners Club: 4.25% | Pay With Rewards: 3.2% | UPI: 6.5% | Wallets: 4.15%,200 / 500 / 1000 / 2000 / 5000 / 10000 / 20000 / 50000,yes,yes,,6.75,same denomination only,no,yes,5,no,yes,no,,discounted products,6 months from issuance,,,,,Multiple Gift Cards (up to 5) can be used in a single transaction.,Cannot be clubbed with any other store offer or promotion.,,
Titan Eye Plus In Store,buyhatke,https://buyhatke.com/gift-cards/titan-eye-plus-(in-store)-gift-card,yes,yes,5.48,5.48,any: 5.48%,500 / 2000 / 5000,yes,yes,,,same denomination only,no,yes,,no,yes,no,,discounted products,6 months,,,,,,Comes with 6 month validity. This voucher is not applicable on discounted products and cannot be clubbed with any other offer in the store.,,
Titan In Store 3 Day Wait,buyhatke,https://buyhatke.com/gift-cards/titan-(in-store%2C-3-day-wait)-gift-card,yes,yes,7.34,7.34,any: 7.34%,100 / 500 / 1000 / 1500 / 2000 / 2500 / 5000 / 7500 / 10000,yes,yes,,,same denomination only,no,yes,5,no,yes,no,,Titan Nebula collection of Watches | discounted products,6 months from the date of issuance,72 hours from code generation,,,,Multiple vouchers (upto 5) can be used against single transaction.,Voucher is not applicable on discounted products and cannot be clubbed with any other offer in the store.,,
Titan Minimals,gyftr,https://www.gyftr.com/titan-minimals,yes,yes,7.0,7.0,Amazon Pay: 6.0% | Credit Card: 6.0% | Debit Card: 6.0% | MobiKwik: 6.0% | Net Banking: 6.0% | PAYTM UPI: 7.0% | Paytm Wallet: 6.0% | UPI: 7.0% | e-Pay: 7.0%,500 / 1000 / 2000,no,yes,,,yes,no,yes,5,,,no,,,,,,,,A Maximum of 5 Gift vouchers can be clubbed for a single purchase,Not valid for in-store offers,,
Titan Minimals,maximize,https://www.maximize.money/gift-cards/Titan Minimals/294,yes,yes,8.0,8.0,Amazon pay: 6.0% | Amex: 5.75% | CC on UPI: 5.65% | Credit Card: 6.1% | Debit Card: 6.75% | Diners Club: 5.75% | Pay With Rewards: 4.7% | UPI: 8.0% | Wallets: 5.65%,500 / 1000 / 1500 / 2000 / 5000,no,yes,,9.0,same denomination only,no,yes,5,no,yes,no,Titan Minimal Watch Collection Watch,date: specific block out dates,a range of 6 - 12 months,,,,,A Maximum of 5 Gift vouchers can be clubbed for a single purchase.,Not valid for in-store offers.,Select your choice of Titan Minimal Watch Collection Watch.,
Titan Minimals In Store,buyhatke,https://buyhatke.com/gift-cards/titan-minimals-(in-store)-gift-card,yes,yes,6.88,6.88,any: 6.88%,500 / 1000 / 1500 / 2000 / 5000,yes,yes,,,same denomination only,no,yes,5,no,yes,no,,,,,,,,A Maximum of 5 Gift vouchers can be clubbed for a single purchase.,Not valid for in-store offers.,,
Titan Minimals In Store 3 Day Wait,buyhatke,https://buyhatke.com/gift-cards/titan-minimals-(in-store%2C-3-day-wait)-gift-card,yes,yes,8.06,8.06,any: 8.06%,500 / 1000 / 1500 / 2000 / 5000,yes,yes,,,same denomination only,no,yes,5,no,yes,no,,,,72 hours from code generation,,,,A Maximum of 5 Gift vouchers can be clubbed for a single purchase.,Not valid for in-store offers.,,
Titan Smartwatches,gyftr,https://www.gyftr.com/titan-smartwatches,yes,yes,8.0,8.0,Amazon Pay: 7.0% | Credit Card: 7.0% | Debit Card: 7.0% | MobiKwik: 7.0% | Net Banking: 7.0% | PAYTM UPI: 8.0% | Paytm Wallet: 7.0% | UPI: 8.0% | e-Pay: 8.0%,4000 / 3500 / 5000 / 2000 / 3000 / 1000 / 1500 / 2500,no,yes,,,yes,no,yes,5,no,yes,no,,Titan Nebula collection of Watches | discounted products,Maximum of 6 months from the date of issuance,Redeemable only 8 hours after issuance,,,,Multiple vouchers (upto 5) can be used against single transaction.,Voucher is not applicable on discounted products and cannot be clubbed with any other offer in the store.,,
Tods Luxe In Store,buyhatke,https://buyhatke.com/gift-cards/tods-luxe-(in-store)-gift-card,yes,yes,10.95,10.95,any: 10.95%,1000 / 2000 / 10000 / 50000,yes,yes,,,same denomination only,no,yes,unlimited,,yes,,Full-priced merchandise only,location: airport stores,1 year,,,,,This is a one-time use giftcard; multiple cards can be used in 1 transaction,,Luxe Gift Card can only be redeemed against full-priced merchandise,
TODS- Luxe Gift Card,gyftr,https://www.gyftr.com/tods,yes,yes,10.0,10.0,Credit Card: 10.0% | Debit Card: 10.0% | Net Banking: 10.0% | PAYTM UPI: 10.0% | UPI: 10.0% | e-Pay: 10.0%,5000 / 2000 / 1000 / 10000,no,yes,,,yes,yes,yes,unlimited,no,yes,no,Full priced merchandise only,location: airport stores,,,,,,Multiple GV/GC can be used for one bill.,Gift Vouchers CANNOT be used during Sale.,The GV/GC can be redeemed only against full priced merchandise.,
Toni & Guy - Luzo Gift Card,gyftr,https://www.gyftr.com/toni-and-guy-luzo-gift-card,yes,yes,9.0,9.0,Credit Card: 7.0% | Debit Card: 7.0% | MobiKwik: 7.0% | Net Banking: 7.0% | PAYTM UPI: 9.0% | UPI: 9.0% | e-Pay: 9.0%,5000 / 10000 / 2500 / 500 / 250 / 1500 / 1000,no,,,,yes,yes,no,unlimited,yes,no,yes,"Salon, spa and clinic services booked through the Luzo app at partner outlets",,,,,,,Multiple GV/GCs can be added to the Luzo wallet,The GV/GC can be clubbed with existing offers.,"The GV/GC can be used for salon, spa, and clinic services booked through the Luzo app at partner outlets.",
Tory Burch Luxe In Store,buyhatke,https://buyhatke.com/gift-cards/tory-burch-luxe-(in-store)-gift-card,yes,yes,10.95,10.95,any: 10.95%,1000 / 2000 / 10000 / 50000,yes,yes,,,same denomination only,no,yes,unlimited,,yes,,Full-priced merchandise only,location: airport stores,1 year,,,,,This is a one-time use giftcard; multiple cards can be used in 1 transaction,,Luxe Gift Card can only be redeemed against full-priced merchandise,
TORY BURCH- Luxe Gift Card,gyftr,https://www.gyftr.com/tory-burch,yes,yes,10.0,10.0,Credit Card: 10.0% | Debit Card: 10.0% | Net Banking: 10.0% | PAYTM UPI: 10.0% | UPI: 10.0% | e-Pay: 10.0%,5000 / 2000 / 1000 / 10000,no,yes,,,yes,,yes,unlimited,,yes,no,,,,,,,,Multiple Gift Vouchers CAN be used in one bill.,Gift Vouchers CANNOT be used during Sale.,,
Toscano,maximize,https://www.maximize.money/gift-cards/Toscano/1117,yes,yes,13.0,13.0,Amazon pay: 11.0% | Amex: 10.75% | CC on UPI: 10.65% | Credit Card: 11.1% | Debit Card: 11.75% | Diners Club: 10.75% | Pay With Rewards: 9.7% | UPI: 13.0% | Wallets: 10.65%,2000 / 5000 / 10000 / 20000,yes,yes,,13.25,same denomination only,,yes,1,no,yes,no,Dine-in only,,12 months from purchase/activation,,,,,Can the cards be clubbed? Multiple cards can't be clubbed,"Can be clubbed with other offers? No, can't club with other offers / coupons",Applicable for Dine-in only.,
Toscano In Store,buyhatke,https://buyhatke.com/gift-cards/toscano-(in-store)-gift-card,yes,yes,4.38,4.38,any: 4.38%,999 / 2000 / 10000 / 30000,yes,yes,,,same denomination only,no,yes,,,yes,,Dine-in only,,12 months,,,,,,,Comes with 12 month validity and is applicable for Dine-in only,
Trends Footwear,maximize,https://www.maximize.money/gift-cards/Trends Footwear/941,yes,yes,5.25,5.25,Amazon pay: 3.25% | Amex: 3.0% | CC on UPI: 2.9% | Credit Card: 3.35% | Debit Card: 4.0% | Diners Club: 3.0% | Pay With Rewards: 1.95% | UPI: 5.25% | Wallets: 2.9%,500 / 1000 / 1500 / 2000 / 2500 / 5000 / 7500 / 9999,yes,yes,,5.55,same denomination only,no,yes,unlimited,no,yes,yes,,gold or silver coins,12 months from receipt,,,,,Multiple Gift Vouchers can be used in a single bill,Gift Vouchers can be used to purchase discounted products,,
Trends Footwear In Store,buyhatke,https://buyhatke.com/gift-cards/trends-footwear-(in-store)-gift-card,yes,yes,2.87,2.87,any: 2.87%,250 / 500 / 1000 / 1500 / 2000 / 2500 / 5000 / 7500 / 9990,yes,yes,,,same denomination only,no,yes,unlimited,no,yes,yes,,gold or silver coins,12 months from the date of receipt,,,,,Multiple Gift Vouchers can be used in a single bill,Gift Vouchers can be used to purchase discounted products,,
Trends Junior,maximize,https://www.maximize.money/gift-cards/Trends Junior/942,yes,yes,5.35,5.35,Amazon pay: 3.35% | Amex: 3.1% | CC on UPI: 3.0% | Credit Card: 3.45% | Debit Card: 4.1% | Diners Club: 3.1% | Pay With Rewards: 2.05% | UPI: 5.35% | Wallets: 3.0%,200 / 500 / 1000 / 2000 / 5000 / 10000,yes,yes,,5.45,same denomination only,no,yes,unlimited,no,yes,yes,,gold or silver coins,12 months from receipt,,,,,Multiple Gift Vouchers can be used in a single bill,Gift Vouchers can be used to buy discounted products,,
Trends Junior In Store,buyhatke,https://buyhatke.com/gift-cards/trends-junior-(in-store)-gift-card,yes,yes,4.66,4.66,any: 4.66%,100 / 500 / 2500 / 50000,yes,yes,,,same denomination only,no,yes,unlimited,no,yes,yes,,gold or silver coins,12 months from the date of receipt,,,,,Multiple Gift Vouchers can be used in a single bill,Gift Vouchers can be used to buy discounted products,,
Trends Man,maximize,https://www.maximize.money/gift-cards/Trends Man/946,yes,yes,5.0,5.0,Amazon pay: 3.0% | Amex: 2.75% | CC on UPI: 2.65% | Credit Card: 3.1% | Debit Card: 3.75% | Diners Club: 2.75% | Pay With Rewards: 1.7% | UPI: 5.0% | Wallets: 2.65%,200 / 500 / 1000 / 2000 / 5000 / 10000,yes,yes,,5.25,same denomination only,no,yes,unlimited,no,yes,yes,,gold or silver coins,12 months from receipt,,,,,Multiple Gift Vouchers can be used in a single bill,Gift Vouchers can be used to purchase discounted products,,
Trends Man In Store,buyhatke,https://buyhatke.com/gift-cards/trends-man-(in-store)-gift-card,yes,yes,4.36,4.36,any: 4.36%,100 / 500 / 2000 / 10000,yes,yes,,,same denomination only,no,yes,unlimited,no,yes,yes,,gold or silver coins,12 months from the date of receipt,,,,,Multiple Gift Vouchers can be used in a single bill,Gift Vouchers can be used to purchase discounted products,,
Trends Women,maximize,https://www.maximize.money/gift-cards/Trends Women/947,no,no,,,,,no,,,,same denomination only,,,,,,,,,,,,,,,,,
Trends Women In Store,buyhatke,https://buyhatke.com/gift-cards/trends-women-(in-store)-gift-card,yes,yes,2.87,2.87,any: 2.87%,100 / 500 / 2500 / 50000,yes,yes,,,same denomination only,no,yes,,no,yes,,,Gold/Silver Coins,1 year,,,,,,,,
Tridom In Store,buyhatke,https://buyhatke.com/gift-cards/tridom-(in-store)-gift-card,yes,yes,6.69,6.69,any: 6.69%,500 / 750 / 1000,yes,yes,,,same denomination only,no,yes,unlimited,,yes,,,,6 months,,,,,Multiple eGift Cards can be combined and used in a single transaction.,,,
tripXOXO,buyhatke,https://buyhatke.com/gift-cards/tripxoxo-gift-card,yes,yes,4.14,4.14,any: 4.14%,100 / 200 / 300 / 500,yes,,,,same denomination only,yes,no,unlimited,,,,,,12 months,,,,,Multiple Gift Cards can be combined and used on 1 transaction.,,,
TripXOXO,maximize,https://www.maximize.money/gift-cards/TripXOXO/828,yes,yes,6.5,6.5,Amazon pay: 4.5% | Amex: 4.25% | CC on UPI: 4.15% | Credit Card: 4.6% | Debit Card: 5.25% | Diners Club: 4.25% | Pay With Rewards: 3.2% | UPI: 6.5% | Wallets: 4.15%,100 / 200 / 300 / 500,no,,,7.0,same denomination only,yes,no,unlimited,no,yes,no,tripXOXO services,,12 months from issue,,,,,Multiple Gift Cards can be combined and used in a single transaction.,"Can be clubbed with other offers? No, can't club with other offers / coupons",Gift Cards are redeemable only on https://www.tripXOXO.com for tripXOXO services.,
Troll Beads,gyftr,https://www.gyftr.com/troll-beads,no,no,0.0,0.0,Amazon Pay: 0.0% | Credit Card: 0.0% | Debit Card: 0.0% | MobiKwik: 0.0% | Net Banking: 0.0% | Payzapp: 0.0% | UPI: 0.0% | e-Pay: 0.0%,,no,,,,yes,yes,,1,,yes,,,,,,,,,Only One voucher can be used on one bill.,,,
TRUEFITT & HILL,gyftr,https://www.gyftr.com/truefitt-&-hill,yes,yes,20.0,20.0,Amazon Pay: 20.0% | Credit Card: 20.0% | Debit Card: 20.0% | MobiKwik: 20.0% | Net Banking: 20.0% | PAYTM UPI: 20.0% | Paytm Wallet: 20.0% | UPI: 20.0% | e-Pay: 20.0%,500 / 2000 / 1000 / 1500 / 2500 / 100 / 100,yes,yes,,,yes,,yes,unlimited,yes,no,no,Paid grooming services only,products | memberships | gift cards | combo packages,,,,,,Multiple vouchers can be used against one bill.,The GV/GC cannot be clubbed with ongoing promotions/discounts.,"Truefitt & Hill GV/GC is only applicable to services. GV/GCs do not apply to Truefitt & Hill products, memberships, gift cards, and combo packages.",
TRUEFITT and HILL,maximize,https://www.maximize.money/gift-cards/TRUEFITT and HILL/295,yes,yes,24.75,24.75,Amazon pay: 22.75% | Amex: 22.5% | CC on UPI: 22.4% | Credit Card: 22.85% | Debit Card: 23.5% | Diners Club: 22.5% | Pay With Rewards: 21.45% | UPI: 24.75% | Wallets: 22.4%,500 / 1000 / 1500 / 2000 / 2500,yes,yes,,25.75,same denomination only,,yes,unlimited,no,yes,no,paid services only,Truefitt & Hill products | memberships | gift cards | combo packages | date: specific block-out dates,up to 12 months,,,,,Multiple Vouchers can be used against one bill.,The GV/GC cannot be clubbed with ongoing promotions/discounts.,"Truefitt & Hill GV/GC is only applicable to paid services. GV/GCs do not apply to Truefitt & Hill products, memberships, gift cards, and combo packages.",
TRUEFITT HILL In Store,buyhatke,https://buyhatke.com/gift-cards/truefitt-hill-(in-store)-gift-card,yes,yes,18.88,18.88,any: 18.88%,500 / 1000 / 1500 / 2000 / 2500,yes,yes,,,same denomination only,no,yes,unlimited,,,no,Paid services only,products | memberships | gift cards | combo packages,,,,,,Multiple Vouchers can be used against one bill.,The GV/GC cannot be clubbed with ongoing promotions/discounts.,"Truefitt & Hill GV/GC is only applicable to paid services. GV/GCs do not apply to Truefitt & Hill products, memberships, gift cards, and combo packages.",
Tumi - Luxe,maximize,https://www.maximize.money/gift-cards/Tumi - Luxe/991,yes,yes,12.75,12.75,Amex: 10.5% | CC on UPI: 10.4% | Credit Card: 10.85% | Debit Card: 11.5% | Diners Club: 10.5% | UPI: 12.75%,1000 / 2000 / 5000 / 10000,no,yes,,13.0,same denomination only,yes,yes,unlimited,no,yes,no,,discounted items | location: airport stores,12 months from the date of purchase,,,,,Multiple Luxe Gift Cards can be used in a single transaction.,The Gift Card can be redeemed only on full-priced merchandise and is not applicable on discounted items unless specified otherwise.,,
Tumi - Luxe,maximize,https://www.maximize.money/gift-cards/Tumi - Luxe/1116,yes,yes,12.75,12.75,Amazon pay: 10.75% | Amex: 10.5% | CC on UPI: 10.4% | Credit Card: 10.85% | Debit Card: 11.5% | Diners Club: 10.5% | Pay With Rewards: 9.45% | UPI: 12.75% | Wallets: 10.4%,1000 / 2000 / 5000 / 10000,yes,yes,,13.0,same denomination only,yes,yes,unlimited,no,yes,no,,discounted items | location: airport stores,12 months from the date of purchase,,,,,Multiple Luxe Gift Cards can be used in a single transaction.,The Gift Card can be redeemed only on full-priced merchandise and is not applicable on discounted items unless specified otherwise.,,
Tumi Luxe (In Store),buyhatke,https://buyhatke.com/gift-cards/tumi-luxe-(in-store)-gift-card,no,no,,,,500 / 1000 / 1500 / 2000,yes,yes,,,same denomination only,no,yes,unlimited,no,yes,,Full priced merchandise only,location: airport stores,12 months from the date of purchase,,,,,Multiple Luxe Gift Cards can be used in a single transaction.,,Luxe Gift Card can be redeemed only against full priced merchandise.,
Tumi Luxe Brand In Store,buyhatke,https://buyhatke.com/gift-cards/tumi-luxe-brand-(in-store)-gift-card,yes,yes,10.95,10.95,any: 10.95%,1000 / 2000 / 5000 / 10000,yes,yes,,,same denomination only,no,yes,unlimited,,yes,,Full-priced merchandise only,location: airport stores,1 year,,,,,This is a one-time use giftcard; multiple cards can be used in 1 transaction,,Luxe Gift Card can only be redeemed against full-priced merchandise,
TUMI- Luxe Gift Card,gyftr,https://www.gyftr.com/tumi,yes,no,0.0,0.0,Amazon Pay: 0.0% | Credit Card: 0.0% | Debit Card: 0.0% | MobiKwik: 0.0% | Net Banking: 0.0% | Payzapp: 0.0% | UPI: 0.0% | e-Pay: 0.0%,5000 / 2000 / 1000 / 10000,no,yes,,,yes,yes,yes,unlimited,no,yes,no,Full priced merchandise only,location: airport stores,,,,,,Multiple GV/GC can be used for one bill.,Gift Vouchers CANNOT be used during Sale.,The GV/GC can be redeemed only against full priced merchandise.,
Typsy Beauty,buyhatke,https://buyhatke.com/gift-cards/typsy-beauty-gift-card,yes,yes,12.64,12.64,any: 12.64%,50 / 250 / 500 / 750 / 1000 / 2000,yes,,,,same denomination only,yes,no,,,,yes,,,6 months,,,,,,The Gift Voucher can be clubbed with the existing offers.,,
Typsy Beauty,gyftr,https://www.gyftr.com/typsy-beauty,yes,yes,18.0,18.0,Amazon Pay: 18.0% | Credit Card: 18.0% | Debit Card: 18.0% | MobiKwik: 18.0% | Net Banking: 18.0% | PAYTM UPI: 18.0% | Paytm Wallet: 18.0% | UPI: 18.0% | e-Pay: 18.0%,750 / 2000 / 1000 / 250 / 500,no,,,,yes,yes,,unlimited,yes,yes,yes,,,,,,,,Multiple Gift Vouchers CAN be combined & added to the e-Pay balance,The GV/GC CAN be clubbed with ongoing sales.,,
Tzaro,buyhatke,https://buyhatke.com/gift-cards/tzaro-gift-card,no,no,,,,500 / 1000 / 1500 / 2000,yes,,,,same denomination only,yes,no,unlimited,no,yes,,,,6 months,,,,,Multiple e-Gift Vouchers can be clubbed in single bill,,,
Uber,buyhatke,https://buyhatke.com/gift-cards/uber-gift-card,yes,yes,3.13,3.13,any: 3.13%,100 / 200 / 250 / 500 / 750 / 1000 / 1500 / 2000 / 2500 / 3000 / 5000,yes,,,,same denomination only,yes,no,,yes,no,,,,12 months from the date of activation,,,,,,,,
UBER,gyftr,https://www.gyftr.com/uber,yes,yes,3.0,3.0,Credit Card: 1.0% | Debit Card: 1.0% | Net Banking: 1.0% | PAYTM UPI: 3.0% | UPI: 3.0% | e-Pay: 3.0%,100 / 250 / 1000 / 500,no,,,,yes,yes,,unlimited,yes,yes,no,,Uber Auto rides,,,,,,Multiple Gift voucher CAN be used in one transaction.,Gift voucher CANNOT be clubbed with on-going promotions/offers.,,
Unicorn Apple Premium In Store,buyhatke,https://buyhatke.com/gift-cards/unicorn-apple-premium-(in-store)-gift-card,yes,yes,1.73,1.73,any: 1.73%,100 / 500 / 2500 / 100000,yes,yes,,,same denomination only,no,yes,,no,yes,no,Any Apple product sold at Unicorn stores,,12 months from the date of issue,"normally instant, up to 24-48 hours in rare cases",,,,,The voucher cannot be clubbed with any other Unicorn offers.,This gift voucher can be redeemed on any Apple product sold at Unicorn stores.,
Unicorn Apple Premium Partner,maximize,https://www.maximize.money/gift-cards/Unicorn Apple Premium Partner/798,yes,yes,2.5,2.5,Amazon pay: 0.5% | Amex: 0.25% | CC on UPI: 0.15% | Credit Card: 0.6% | Debit Card: 1.25% | Diners Club: 0.25% | Pay With Rewards: 0.0% | UPI: 2.5% | Wallets: 0.15%,200 / 500 / 1000 / 2000 / 5000 / 10000 / 20000 / 50000 / 100000,yes,yes,,2.6,same denomination only,no,yes,unlimited,no,yes,no,Any Apple product sold at Unicorn stores,,12 months from the date of issue,usually instant; up to 24-48 hours in rare cases,,,,"Can the cards be clubbed? Multiple vouchers may be used in a single transaction, subject to store acceptance.",The voucher cannot be clubbed with any other Unicorn offers.,This gift voucher can be redeemed on any Apple product sold at Unicorn stores.,
UniPin,buyhatke,https://buyhatke.com/gift-cards/unipin-gift-card,yes,yes,2.38,2.38,any: 2.38%,380 / 500 / 750 / 1500 / 2500 / 3800 / 7500,yes,,,,same denomination only,yes,no,,,,,Game top-ups and game vouchers on UniPin,,1 year,,,,,,,Comes with 1-year validity and can be redeemed through direct top-up. Visit www.UniPin.com and choose a game to top up or a game voucher to purchase,
UniPin,gyftr,https://www.gyftr.com/unipin,no,no,5.0,5.0,Amazon Pay: 5.0% | Credit Card: 5.0% | Debit Card: 5.0% | MobiKwik: 5.0% | Net Banking: 5.0% | PAYTM UPI: 5.0% | Paytm Wallet: 5.0% | UPI: 5.0% | e-Pay: 5.0%,,no,,,,yes,yes,no,unlimited,no,yes,no,,,,,,,,Multiple GV/GCs can be clubbed and added to the UniPin Wallet,The GV/GC cannot be clubbed with the existing offers.,,
Unipin,maximize,https://www.maximize.money/gift-cards/Unipin/1104,no,no,,,,,no,,,,same denomination only,,,,,,,,,,,,,,,,,
UniPin BGMI,gyftr,https://www.gyftr.com/unipin-bgmi,yes,yes,5.0,5.0,Amazon Pay: 5.0% | Credit Card: 5.0% | Debit Card: 5.0% | MobiKwik: 5.0% | Net Banking: 5.0% | PAYTM UPI: 5.0% | Paytm Wallet: 5.0% | UPI: 5.0% | e-Pay: 5.0%,7500,no,,,,yes,yes,no,,no,,,,,,,,,,,,,
Unipin- BGMI Voucher,maximize,https://www.maximize.money/gift-cards/Unipin- BGMI Voucher/1105,yes,yes,5.75,5.75,Amazon pay: 3.75% | Amex: 3.5% | CC on UPI: 3.4% | Credit Card: 3.85% | Debit Card: 4.5% | Diners Club: 3.5% | Pay With Rewards: 2.45% | UPI: 5.75% | Wallets: 3.4%,250 / 500 / 750 / 1000 / 1500 / 1900 / 2000 / 2500 / 3800,no,,,6.0,same denomination only,yes,no,1,no,yes,no,BGMI (Indian region) only,,12 months from the date of issue,,,,,Can the cards be clubbed? Multiple cards can't be clubbed,"Can be clubbed with other offers? No, can't club with other offers / coupons",Valid only for BGMI (Indian region).,
United Colors of Benetton BAGLINE,buyhatke,https://buyhatke.com/gift-cards/united-colors-of-benetton-bagline-gift-card,yes,yes,11.59,11.59,any: 11.59%,1000 / 2500 / 5000 / 10000,yes,,,,same denomination only,yes,no,1,no,,,,,,"normally instant, can be delayed up to 24 hours",,,,Partial Redemption and Clubbing is not allowed.,,,
Unlimited,maximize,https://www.maximize.money/gift-cards/Unlimited/938,yes,yes,7.0,7.0,Amazon pay: 5.0% | Amex: 4.75% | CC on UPI: 4.65% | Credit Card: 5.1% | Debit Card: 5.75% | Diners Club: 4.75% | Pay With Rewards: 3.7% | UPI: 7.0% | Wallets: 4.65%,200 / 500 / 1000 / 2000 / 5000,yes,yes,,7.1,same denomination only,no,yes,1,no,yes,no,,FMCG or Kirana sales,1 year from the date of issue,,,,,Can the cards be clubbed? Multiple cards can't be clubbed,"No other offers, discounts, promotions, or loyalty points are applicable with this Gift Card",,
Unlimited In Store,buyhatke,https://buyhatke.com/gift-cards/unlimited-(in-store)-gift-card,yes,yes,6.13,6.13,any: 6.13%,100 / 450 / 1500 / 5000,yes,yes,,,same denomination only,no,yes,,,,no,,FMCG or Kirana sales,1 year from the date of issue,,,,,,"No other offers, discounts, promotions, or loyalty points are applicable with this Gift Card",,
Urban Ladder,buyhatke,https://buyhatke.com/gift-cards/urban-ladder-gift-card,yes,yes,1.13,1.13,any: 1.13%,1000 / 5000 / 6000 / 10000 / 12000 / 20000 / 24000 / 50000 / 100000,yes,,,,same denomination only,yes,no,5,,,,,,180 days from the date of activation,,,,,A maximum of 5 Gift Cards can be used in a single purchase,,,
Urban Ladder,maximize,https://www.maximize.money/gift-cards/Urban Ladder/721,yes,yes,6.0,6.0,Amazon pay: 4.0% | Amex: 3.75% | CC on UPI: 3.65% | Credit Card: 4.1% | Debit Card: 4.75% | Diners Club: 3.75% | Pay With Rewards: 2.7% | UPI: 6.0% | Wallets: 3.65%,1000 / 2000 / 3000 / 5000 / 6000 / 10000 / 12000 / 20000 / 24000 / 50000 / 100000,no,,,6.1,same denomination only,yes,,5,,no,no,,location: only serviceable locations of Reliance Retail Limited,180 days from the date of activation,,,,,A maximum of 5 Gift Cards can be used in a single purchase,"Can be clubbed with other offers? No, can't club with other offers / coupons",,
Urban Space,buyhatke,https://buyhatke.com/gift-cards/urban-space-gift-card,yes,yes,6.99,6.99,any: 6.99%,500 / 1000 / 2500 / 5000,yes,,,,same denomination only,yes,no,,yes,no,yes,,,,,,,,,It can be used over and above any discounts offered on the website.,,
Urban Space,gyftr,https://www.gyftr.com/urban-space,yes,yes,8.0,8.0,Amazon Pay: 6.5% | Credit Card: 6.5% | Debit Card: 6.5% | MobiKwik: 6.5% | Net Banking: 6.5% | PAYTM UPI: 8.0% | Paytm Wallet: 6.5% | UPI: 8.0%,5000 / 100 / 1000 / 2000 / 500,yes,,,,yes,yes,,unlimited,yes,yes,yes,,,,,,,,Multiple Gift Vouchers CAN be combined & added to the e-Pay balance,The GV/e-Pay CAN be clubbed with existing offers.,,
Urban Space,maximize,https://www.maximize.money/gift-cards/Urban Space/751,yes,yes,7.75,7.75,Amazon pay: 5.75% | Amex: 5.5% | CC on UPI: 5.4% | Credit Card: 5.85% | Debit Card: 6.5% | Diners Club: 5.5% | Pay With Rewards: 4.45% | UPI: 7.75% | Wallets: 5.4%,500 / 1000 / 2500 / 5000,yes,,,8.0,same denomination only,yes,no,unlimited,yes,no,yes,,,up to 6 months,,,,,Can the cards be clubbed? Use several gift cards in one purchase,It can be used over and above any discounts offered on the website.,,
US Polo Assn (In Store),buyhatke,https://buyhatke.com/gift-cards/us-polo-assn-(in-store)-gift-card,no,no,,,,500 / 1000 / 1500 / 2000,yes,yes,,,same denomination only,no,yes,5,no,yes,yes,,,6 months from the date of activation,"normally instant, can be delayed up to 24 hours",,,,Only 5 e-gift cards can be used in a single bill.,Payment through e-gift cards is valid during EOSS and promotions at local stores only on MRP products,,
V Mart,gyftr,https://www.gyftr.com/v-mart,yes,no,0.0,0.0,Amazon Pay: 0.0% | Credit Card: 0.0% | Debit Card: 0.0% | MobiKwik: 0.0% | Net Banking: 0.0% | Payzapp: 0.0% | UPI: 0.0% | e-Pay: 0.0%,3000 / 5000 / 1000 / 500 / 250 / 2000,no,yes,,,yes,,yes,unlimited,,yes,,,grocery purchases,,,,,,Multiple Gift Vouchers CAN be used in one bill at the Stores.,,,
V Mart,maximize,https://www.maximize.money/gift-cards/V Mart/296,yes,yes,9.25,9.25,Amazon pay: 7.25% | Amex: 7.0% | CC on UPI: 6.9% | Credit Card: 7.35% | Debit Card: 8.0% | Diners Club: 7.0% | Pay With Rewards: 5.95% | UPI: 9.25% | Wallets: 6.9%,250 / 500 / 2000 / 5000,no,yes,,9.5,same denomination only,no,yes,1,,no,no,,FMCG / Kirana sales,up to 6 months,,,,,Can the cards be clubbed? Multiple cards can't be clubbed,"No other offers, discounts, promotions and loyalty points are valid with this deal",,
V Mart (Custom),maximize,https://www.maximize.money/gift-cards/V Mart (Custom)/930,yes,yes,6.75,6.75,Amazon pay: 4.75% | Amex: 4.5% | CC on UPI: 4.4% | Credit Card: 4.85% | Debit Card: 5.5% | Diners Club: 4.5% | Pay With Rewards: 3.45% | UPI: 6.75% | Wallets: 4.4%,250 / 500 / 1000 / 2000 / 5000,yes,yes,,7.0,same denomination only,no,yes,1,no,yes,no,,"FMCG, grocery, or Kirana sales",1 year from the date of issue,,,,,Multiple E-Gift Cards cannot be redeemed in a single invoice,"Can be clubbed with other offers? No, can't club with other offers / coupons",,
V Mart In Store,buyhatke,https://buyhatke.com/gift-cards/v-mart-(in-store)-gift-card,yes,yes,5.88,5.88,any: 5.88%,250 / 500 / 1000 / 2000 / 3000 / 5000,yes,yes,,,same denomination only,no,yes,1,,yes,,,"FMCG, grocery, or Kirana sales",1 year from the date of issue,,,,,Multiple E-Gift Cards cannot be redeemed in a single invoice,,,
Vaango,maximize,https://www.maximize.money/gift-cards/Vaango/824,yes,yes,8.75,8.75,Amazon pay: 6.75% | Amex: 6.5% | CC on UPI: 6.4% | Credit Card: 6.85% | Debit Card: 7.5% | Diners Club: 6.5% | Pay With Rewards: 5.45% | UPI: 8.75% | Wallets: 6.4%,100 / 250 / 500 / 1000 / 1500 / 2000 / 2500 / 3000 / 5000,no,yes,,9.0,same denomination only,,yes,1,yes,no,no,,,6 months from date of issue,,,,,Can the cards be clubbed? Multiple cards can't be clubbed,"Cannot be clubbed with any other offers, e-coupons, or advertised specials",,
Vaango In Store,buyhatke,https://buyhatke.com/gift-cards/vaango-(in-store)-gift-card,yes,yes,6.27,6.27,any: 6.27%,100 / 250 / 500 / 1000 / 1500 / 2000 / 2500 / 3000 / 5000,yes,yes,,,same denomination only,no,yes,,yes,,,,,6 months,,,,,,,,
Valentino Luxe In Store,buyhatke,https://buyhatke.com/gift-cards/valentino-luxe-(in-store)-gift-card,yes,yes,10.95,10.95,any: 10.95%,1000 / 2000 / 10000 / 50000,yes,yes,,,same denomination only,no,yes,unlimited,,yes,,Full-priced merchandise only,location: airport stores,1 year,,,,,This is a one-time use giftcard; multiple cards can be used in 1 transaction,,Luxe Gift Card can only be redeemed against full-priced merchandise,
VALENTINO- Luxe Gift Card,gyftr,https://www.gyftr.com/valentino,yes,yes,10.0,10.0,Credit Card: 10.0% | Debit Card: 10.0% | Net Banking: 10.0% | PAYTM UPI: 10.0% | UPI: 10.0% | e-Pay: 10.0%,5000 / 2000 / 1000 / 10000,no,yes,,,yes,yes,yes,unlimited,no,yes,no,Full priced merchandise only,location: airport stores,,,,,,Multiple GV/GC can be used for one bill.,Gift Vouchers CANNOT be used during Sale.,The GV/GC can be redeemed only against full priced merchandise.,
Valorant,buyhatke,https://buyhatke.com/gift-cards/valorant-gift-card,yes,yes,1.88,1.88,any: 1.88%,435 / 475 / 870 / 950 / 1420 / 1900 / 2370 / 3320 / 4750 / 7600 / 9500,yes,,,,same denomination only,yes,no,,,yes,no,Valorant Points (VP),,,,,,,,"The GV/GC cannot be combined with any other discounts, promotions, or offers on the website.",The GV/GC allows you to purchase Valorant Points (VP) for use at prepaidcards.riotgames.com and the Valorant in-game store.,
Valorant,gyftr,https://www.gyftr.com/valorant,yes,yes,5.0,5.0,Amazon Pay: 3.0% | Credit Card: 3.0% | Debit Card: 3.0% | MobiKwik: 3.0% | Net Banking: 3.0% | PAYTM UPI: 5.0% | Paytm Wallet: 3.0% | UPI: 5.0% | e-Pay: 5.0%,870 / 950 / 475,no,,,,yes,yes,no,,no,yes,no,Valorant Points (VP) / Riot Games Virtual Currency,,,,,,,,"GV/GC cannot be combined with any other discounts, promotions, or offers on the website.",GV/GC allows you to purchase Valorant Points (VP) for use at prepaidcards.riotgames.com and the Valorant in-game store.,
Valorant,maximize,https://www.maximize.money/gift-cards/Valorant/953,yes,yes,6.25,6.25,Amazon pay: 4.25% | Amex: 4.0% | CC on UPI: 3.9% | Credit Card: 4.35% | Debit Card: 5.0% | Diners Club: 4.0% | Pay With Rewards: 2.95% | UPI: 6.25% | Wallets: 3.9%,475 / 950 / 1425 / 1900 / 2375 / 3325 / 4750 / 7600 / 9500,no,,,6.5,same denomination only,yes,,1,,no,no,Valorant Points (VP) or in-game benefits,location: only regions officially supported by Riot Games,Do not expire unless required under applicable regional law,,,,,Can the cards be clubbed? Multiple cards can't be clubbed,"Can be clubbed with other offers? No, can't club with other offers / coupons",Each gift card provides Valorant Points (VP) or in-game benefits based on its denomination.,
Valorant Gift Card,gyftr,https://www.gyftr.com/valorant-gift-card,yes,yes,5.0,5.0,Amazon Pay: 3.0% | Credit Card: 3.0% | Debit Card: 3.0% | MobiKwik: 3.0% | Net Banking: 3.0% | PAYTM UPI: 5.0% | UPI: 5.0% | e-Pay: 5.0%,950 / 475,no,,,,yes,yes,,unlimited,no,yes,,Eligible in-game content within VALORANT,,,,,,,Multiple GV/GC can be used against one bill.,,"Once redeemed, the virtual currency may be used to purchase eligible in-game content within VALORANT, including but not limited to cosmetic items and other premium digital content, subject to Riot Games’ policies.",
Van Heusen,maximize,https://www.maximize.money/gift-cards/Van Heusen/586,yes,yes,3.0,3.0,Amazon pay: 1.0% | Amex: 0.75% | CC on UPI: 0.65% | Credit Card: 1.1% | Debit Card: 1.75% | Diners Club: 0.75% | Pay With Rewards: 0.0% | UPI: 3.0% | Wallets: 0.65%,1000 / 2000 / 5000 / 10000,yes,yes,,3.1,same denomination only,no,yes,unlimited,no,yes,no,,location: only selected Van Heusen outlets,one year from the date of purchase,,,,,Can the cards be clubbed? Use several gift cards in one purchase,"Can be clubbed with other offers? No, can't club with other offers / coupons",,
Van Heusen Gift Voucher,gyftr,https://www.gyftr.com/van-heusen-gift-voucher,yes,yes,2.0,2.0,Amazon Pay: 0.0% | Credit Card: 0.0% | Debit Card: 0.0% | MobiKwik: 0.0% | Net Banking: 0.0% | PAYTM UPI: 2.0% | UPI: 2.0% | e-Pay: 2.0%,2500 / 1500 / 3000 / 250 / 1000 / 500 / 2000 / 5000,no,yes,,,yes,no,yes,unlimited,no,yes,yes,,,,,,,,Multiple Gift Vouchers CAN be used in one bill at the Stores.,The GV/GC can be clubbed with the existing offers and sales.,,
Van Heusen In Store,buyhatke,https://buyhatke.com/gift-cards/van-heusen-(in-store)-gift-card,yes,yes,2.23,2.23,any: 2.23%,250 / 500 / 1000 / 1500 / 2000 / 2500 / 3000 / 5000 / 7500 / 9990 / 10000,yes,yes,,,same denomination only,no,yes,,no,yes,,,,one year from the date of purchase,,,,,,,,
Vaya,buyhatke,https://buyhatke.com/gift-cards/vaya-gift-card,yes,yes,15.88,15.88,any: 15.88%,500 / 1000 / 2000 / 5000,yes,,,,same denomination only,yes,no,1,,no,yes,,,6 months,,,,,EGV can use multiple times but multiple EGV cannot be clubbed against single retail billing,EGV can be used during End of Season Sale,,
Veridicus,buyhatke,https://buyhatke.com/gift-cards/veridicus-gift-card,yes,yes,22.88,22.88,any: 22.88%,250 / 500,yes,,,,same denomination only,yes,no,1,,,no,,,3 months,,,,,Multiple GV/GCs cannot be clubbed in single invoice/order,Gift Card cannot be clubbed with any other offer currently live on www.odhilife.com,,
Veridicus,gyftr,https://www.gyftr.com/veridicus,no,no,0.0,0.0,Amazon Pay: 0.0% | Credit Card: 0.0% | Debit Card: 0.0% | MobiKwik: 0.0% | Net Banking: 0.0% | Payzapp: 0.0% | UPI: 0.0% | e-Pay: 0.0%,,no,,,,yes,yes,no,1,,,no,Veridicus health and wellness products on odhilife.com only,,,,,,,Multiple Gift Cards cannot be clubbed in single invoice/order.,"This GV/GC cannot be clubbed with any other offer currently live on www.odhilife.com including cash backs, discounts, etc. on a particular credit/debit card.",This is a Veridicus Insta Gift Voucher (GV) / Gift Card (GC) is valid only for buying Veridicus health and wellness products on odhilife.com.,
Vero Moda (In Store),buyhatke,https://buyhatke.com/gift-cards/vero-moda-(in-store)-gift-card,no,no,,,,500 / 1000 / 1500 / 2000,yes,yes,,,same denomination only,no,yes,,no,yes,,,,one year from the date of purchase/ issue,,,,,,,,
Versace Luxe In Store,buyhatke,https://buyhatke.com/gift-cards/versace-luxe-(in-store)-gift-card,yes,yes,10.95,10.95,any: 10.95%,1000 / 2000 / 10000 / 50000,yes,yes,,,same denomination only,no,yes,unlimited,,yes,,Full-priced merchandise only,location: airport stores,1 year,,,,,This is a one-time use giftcard; multiple cards can be used in 1 transaction,,Luxe Gift Card can only be redeemed against full-priced merchandise,
VERSACE- Luxe Gift Card,gyftr,https://www.gyftr.com/versace,yes,no,0.0,0.0,Amazon Pay: 0.0% | Credit Card: 0.0% | Debit Card: 0.0% | MobiKwik: 0.0% | Net Banking: 0.0% | Payzapp: 0.0% | UPI: 0.0% | e-Pay: 0.0%,5000 / 2000 / 1000 / 10000,no,yes,,,yes,yes,yes,unlimited,no,yes,no,Full priced merchandise only,location: airport stores,,,,,,Multiple GV/GC can be used for one bill.,Gift Vouchers CANNOT be used during Sale.,The GV/GC can be redeemed only against full priced merchandise.,
VICTORIA'S SECRET,gyftr,https://www.gyftr.com/victoria's-secret,yes,yes,10.0,10.0,Amazon Pay: 10.0% | Credit Card: 10.0% | Debit Card: 10.0% | MobiKwik: 10.0% | Net Banking: 10.0% | PAYTM UPI: 10.0% | Paytm Wallet: 10.0% | UPI: 10.0% | e-Pay: 10.0%,10000 / 100 / 5000 / 7500 / 500 / 1500 / 100,yes,yes,,,yes,no,yes,unlimited,,yes,yes,,,,,,,,Multiple Gift Vouchers CAN be combined & added to the e-Pay balance,Gift Voucher/e-Pay CAN be used during the Sale.,,
Victoria's Secret,maximize,https://www.maximize.money/gift-cards/Victoria's Secret/316,yes,yes,11.75,11.75,Amazon pay: 9.75% | Amex: 9.5% | CC on UPI: 9.4% | Credit Card: 9.85% | Debit Card: 10.5% | Diners Club: 9.5% | Pay With Rewards: 8.45% | UPI: 11.75% | Wallets: 9.4%,500 / 1000 / 1500 / 2000 / 2500 / 3000 / 5000 / 7500 / 10000,yes,yes,,12.25,same denomination only,,yes,unlimited,,no,,,,up to 6 months,,,,,Multiple GVs can be clubbed and added to a e-Pay balance.,,,
VICTORIA'S SECRET BEAUTY,gyftr,https://www.gyftr.com/victoria's-secret-beauty,yes,yes,10.0,10.0,Amazon Pay: 10.0% | Credit Card: 10.0% | Debit Card: 10.0% | MobiKwik: 10.0% | Net Banking: 10.0% | PAYTM UPI: 10.0% | Paytm Wallet: 10.0% | UPI: 10.0%,10000 / 1500 / 7500 / 5000 / 500 / 1000 / 2000 / 3000 / 2500 / 100,yes,yes,,,yes,no,yes,unlimited,yes,yes,yes,,,,,,"Rs. 25,000 of gift voucher value added to the e-Pay balance in 30 days",,Multiple Gift Vouchers CAN be combined & added to the e-Pay balance,The GV/e-Pay can be clubbed with the existing offers.,,
Victoria's Secret Beauty,maximize,https://www.maximize.money/gift-cards/Victoria's Secret Beauty/315,yes,yes,11.75,11.75,Amazon pay: 9.75% | Amex: 9.5% | CC on UPI: 9.4% | Credit Card: 9.85% | Debit Card: 10.5% | Diners Club: 9.5% | Pay With Rewards: 8.45% | UPI: 11.75% | Wallets: 9.4%,500 / 1000 / 1500 / 2000 / 2500 / 3000 / 5000 / 7500 / 10000,no,yes,,12.25,same denomination only,,yes,unlimited,,,no,,,up to 6 months,,,,,Multiple GVs can be clubbed and added to a e-Pay balance.,"Can be clubbed with other offers? No, can't club with other offers / coupons",,
Victorias Secret,buyhatke,https://buyhatke.com/gift-cards/victorias-secret-gift-card,no,no,,,,,no,,,,same denomination only,,,,,,,,,,,,,,,,,
Victorias Secret (In Store),buyhatke,https://buyhatke.com/gift-cards/victorias-secret-(in-store)-gift-card,yes,yes,11.79,11.79,any: 11.79%,500 / 1000 / 1500 / 2000 / 2500 / 3000 / 5000 / 7500 / 10000,yes,yes,,,same denomination only,no,yes,unlimited,yes,no,yes,,,,,,,25000,Multiple GVs can be clubbed and added to the e-Pay balance.,The GV/e-Pay can be clubbed with the existing offers.,,
Vijay Sales,gyftr,https://www.gyftr.com/vijay-sales,yes,yes,2.5,2.5,Credit Card: 1.0% | Debit Card: 1.0% | MobiKwik: 1.0% | Net Banking: 1.0% | PAYTM UPI: 2.5% | Paytm Wallet: 1.0% | UPI: 2.5% | e-Pay: 2.5%,500 / 2000 / 1000 / 100 / 5000,yes,yes,,,yes,,yes,unlimited,yes,no,yes,,,,,,,,Multiple vouchers can be used against one bill,The GV/e-Pay can be clubbed with the existing offers.,,
Vijay Sales,maximize,https://www.maximize.money/gift-cards/Vijay Sales/298,yes,yes,2.5,2.5,Amazon pay: 0.5% | Amex: 0.25% | CC on UPI: 0.15% | Credit Card: 0.6% | Debit Card: 1.25% | Diners Club: 0.25% | Pay With Rewards: 0.0% | UPI: 2.5% | Wallets: 0.15%,500 / 1000 / 1500 / 2000 / 2500 / 3000 / 5000 / 7500 / 10000,no,yes,,2.6,same denomination only,,yes,5,yes,no,no,,date: specific block out dates,6 to 12 months,,,,,Only 5 vouchers can be combined for INR 500 and INR 1000 denominations.,"Can be clubbed with other offers? No, can't club with other offers / coupons",,
Vijay Sales In Store,buyhatke,https://buyhatke.com/gift-cards/vijay-sales-(in-store)-gift-card,yes,yes,0.88,0.88,any: 0.88%,500 / 1000 / 1500 / 2000 / 2500 / 3000 / 5000 / 7500 / 9990,yes,yes,,,same denomination only,no,yes,5,yes,no,,,,,,,,,Only 5 vouchers can be combined for INR 500 and INR 1000 denominations.,,,
VILLEROY AND BOCH- Luxe Gift Card,gyftr,https://www.gyftr.com/villeroy-and-boch,yes,yes,10.0,10.0,Credit Card: 10.0% | Debit Card: 10.0% | Net Banking: 10.0% | PAYTM UPI: 10.0% | UPI: 10.0% | e-Pay: 10.0%,5000 / 2000 / 1000 / 10000,no,yes,,,yes,yes,yes,unlimited,no,yes,no,Full priced merchandise only,location: airport stores,,,,,,Multiple GV/GC can be used for one bill.,Gift Vouchers CANNOT be used during Sale.,The GV/GC can be redeemed only against full priced merchandise.,
Villeroy Boch Luxe In Store,buyhatke,https://buyhatke.com/gift-cards/villeroy-boch-luxe-(in-store)-gift-card,yes,yes,10.95,10.95,any: 10.95%,1000 / 2000 / 5000 / 10000,yes,yes,,,same denomination only,no,yes,unlimited,,yes,,Full-priced merchandise only,location: airport stores,1 year,,,,,This is a one-time use giftcard; multiple cards can be used in 1 transaction,,Luxe Gift Card can only be redeemed against full-priced merchandise,
Vinci Botanicals,buyhatke,https://buyhatke.com/gift-cards/vinci-botanicals-gift-card,no,no,,,,500 / 1000 / 1500 / 2000,yes,,,,same denomination only,yes,no,,yes,no,yes,,,,,,,,,The GV will be applicable to be used over and above any discounts offered by the brand on their website.,,
Vinzberry,gyftr,https://www.gyftr.com/vinzberry,yes,no,0.0,0.0,Amazon Pay: 0.0% | Credit Card: 0.0% | Debit Card: 0.0% | MobiKwik: 0.0% | Net Banking: 0.0% | Payzapp: 0.0% | UPI: 0.0% | e-Pay: 0.0%,2500 / 1000 / 250 / 2000 / 500,no,,,,yes,yes,no,,yes,yes,yes,,,,,,,,,The GV/e-Pay can be clubbed with the existing offers.,,
Vitamin Haat,buyhatke,https://buyhatke.com/gift-cards/vitamin-haat-gift-card,yes,yes,10.88,10.88,any: 10.88%,500 / 1000,yes,,,,same denomination only,yes,no,2,no,yes,,,,6 months,,,,,Voucher is valid for single purchase only but two vouchers can be clubbed with single retail billing,,,
VROTT,buyhatke,https://buyhatke.com/gift-cards/vrott-gift-card,yes,yes,32.89,32.89,any: 32.89%,499 / 599,yes,,,,same denomination only,yes,no,1,,yes,no,VROTT subscription,,,,,,,Only one GV/GC can be used for one subscription.,GV/GC cannot be clubbed with any other existing offer on the website.,This is a VROTT subscription Gift Voucher/Gift Card (GV/GC) and is accepted on https://vrott.tv/.,
VROTT,gyftr,https://www.gyftr.com/vrott,yes,yes,42.0,42.0,Amazon Pay: 42.0% | Credit Card: 42.0% | Debit Card: 42.0% | MobiKwik: 42.0% | Net Banking: 42.0% | PAYTM UPI: 42.0% | Paytm Wallet: 42.0% | UPI: 42.0% | e-Pay: 42.0%,599,no,,,,yes,yes,no,1,,yes,no,VROTT subscription only,,3 to 12 months,,,,,Only 1 Gift Voucher can be used in one transaction.,The GV/GC cannot be clubbed with any existing offer on its website.,Only one GV/GC can be used for one subscription.,
VROTT,maximize,https://www.maximize.money/gift-cards/VROTT/702,yes,yes,39.75,39.75,Amazon pay: 37.75% | Amex: 37.5% | CC on UPI: 37.4% | Credit Card: 37.85% | Debit Card: 38.5% | Diners Club: 37.5% | Pay With Rewards: 36.45% | UPI: 39.75% | Wallets: 37.4%,599,no,,,43.75,same denomination only,yes,no,1,no,yes,no,VROTT subscription plans,,up to 6 months,,,,,Only one GV/GC can be used for one subscription.,GV/GC cannot be clubbed with any other existing offer on the website.,This is a VROTT subscription Gift Voucher/Gift Card (GV/GC) and is accepted on https://vrott.tv/.,
W,gyftr,https://www.gyftr.com/w,yes,yes,9.0,9.0,Amazon Pay: 9.0% | Credit Card: 9.0% | Debit Card: 9.0% | MobiKwik: 9.0% | Net Banking: 9.0% | PAYTM UPI: 9.0% | Paytm Wallet: 8.0% | UPI: 9.0% | e-Pay: 9.0%,500 / 2000 / 1000 / 100 / 5000,yes,yes,,,yes,no,yes,unlimited,no,yes,yes,,,,,,,,Multiple Gift Vouchers CAN be used in one bill,The GV/GC can be clubbed with existing offers and can be used during the end-of-season sale.,,
W For Woman In Store,buyhatke,https://buyhatke.com/gift-cards/w-for-woman-(in-store)-gift-card,yes,yes,9.89,9.89,any: 9.89%,100 / 500 / 2000 / 10000,yes,yes,,,same denomination only,no,yes,unlimited,no,yes,yes,,,,,,,,Multiple GV/GCs can be used against one bill.,The GV/GC can be clubbed with existing offers and can be used during the end-of-season sale.,,
W For Women,maximize,https://www.maximize.money/gift-cards/W For Women/949,yes,yes,10.75,10.75,Amazon pay: 8.75% | Amex: 8.5% | CC on UPI: 8.4% | Credit Card: 8.85% | Debit Card: 9.5% | Diners Club: 8.5% | Pay With Rewards: 7.45% | UPI: 10.75% | Wallets: 8.4%,500 / 1000 / 2000 / 5000,yes,yes,,11.0,same denomination only,no,yes,unlimited,no,yes,no,,location: Exclusive Brand Outlets only,6 months from the date of issue,,,,,Multiple E-Gift Vouchers can be used in one transaction,"Can be clubbed with other offers? No, can't club with other offers / coupons",,
Wakefit,buyhatke,https://buyhatke.com/gift-cards/wakefit-gift-card,yes,no,,,,500 / 1000 / 2500 / 5000 / 10000 / 20000 / 30000 / 50000,yes,,,,same denomination only,yes,no,1,,yes,,,,,"normally instant, can be delayed up to 24 hours",,,,ONLY ONE E-GIFT CARD CAN BE REDEEMED AGAINST ONE INVOICE,,,
Wakefit,maximize,https://www.maximize.money/gift-cards/Wakefit/352,yes,yes,4.0,4.0,Amazon pay: 2.0% | Amex: 1.75% | CC on UPI: 1.65% | Credit Card: 2.1% | Debit Card: 2.75% | Diners Club: 1.75% | Pay With Rewards: 0.7% | UPI: 4.0% | Wallets: 1.65%,500 / 1000 / 2500 / 5000 / 10000 / 20000 / 30000 / 50000,yes,,,4.0,same denomination only,yes,no,1,no,yes,no,,"location: offline stores, Multi Brand Stores and marketplaces such as amazon.in or flipkart.com",up to 6 months,usually instant; delivery can be delayed up to 24 hours,,,,ONLY ONE E-GIFT CARD CAN BE REDEEMED AGAINST ONE INVOICE,"Can be clubbed with other offers? No, can't club with other offers / coupons",,
Water Bill Payment,gyftr,https://www.gyftr.com/water-bill-payment,yes,no,0.0,0.0,Amazon Pay: 0.0% | Credit Card: 0.0% | Debit Card: 0.0% | MobiKwik: 0.0% | Net Banking: 0.0% | Payzapp: 0.0% | UPI: 0.0% | e-Pay: 0.0%,500 / 10000 / 1000 / 5000 / 7500 / 100 / 100 / 2000 / 250,yes,,,,yes,yes,,,yes,,,Services and billers available on the GyFTR bills & utilities portal,,,,,,,,,GV/e-Pay is valid only for services and billers available on https://www.gyftr.com/loyaltylifecycle/bills-utilities and linked portals.,
Wellbeing Nutrition,buyhatke,https://buyhatke.com/gift-cards/wellbeing-nutrition-gift-card,yes,yes,11.37,11.37,any: 11.37%,500 / 1000 / 2000 / 5000,yes,,,,same denomination only,yes,no,unlimited,yes,no,yes,,,,,,,,Multiple Gift Vouchers can be combined and added to the e-Pay balance.,The Gift Voucher/e-Pay can be used along with ongoing discounts or offers available on the brand website.,,
Wellbeing Nutrition,gyftr,https://www.gyftr.com/wellbeing-nutrition,yes,yes,14.0,14.0,Amazon Pay: 13.0% | Credit Card: 13.0% | Debit Card: 13.0% | MobiKwik: 13.0% | Net Banking: 13.0% | PAYTM UPI: 14.0% | Paytm Wallet: 13.0% | UPI: 14.0% | e-Pay: 14.0%,5000 / 2000 / 500 / 1000 / 10,yes,,,,yes,yes,,unlimited,yes,yes,yes,,,,,,,,Multiple Gift Vouchers can be combined and added to the e-Pay balance,GV/GC can be combined with ongoing offers available on the website.,,
Wellbeing Nutrition,maximize,https://www.maximize.money/gift-cards/Wellbeing Nutrition/965,yes,yes,13.25,13.25,Amazon pay: 11.25% | Amex: 11.0% | CC on UPI: 10.9% | Credit Card: 11.35% | Debit Card: 12.0% | Diners Club: 11.0% | Pay With Rewards: 9.95% | UPI: 13.25% | Wallets: 10.9%,200 / 500 / 1000 / 2000 / 5000 / 10000,yes,,,13.5,same denomination only,yes,no,unlimited,yes,no,yes,,,up to 6 months,,,,,Multiple Gift Vouchers can be combined and added to the e-Pay balance.,The Gift Voucher/e-Pay can be used along with ongoing discounts or offers available on the brand website.,,
Wendy's,gyftr,https://www.gyftr.com/wendy's,yes,yes,12.0,12.0,Amazon Pay: 10.0% | Credit Card: 10.0% | Debit Card: 10.0% | MobiKwik: 10.0% | Net Banking: 10.0% | PAYTM UPI: 12.0% | Paytm Wallet: 10.0% | UPI: 12.0% | e-Pay: 12.0%,100 / 500 / 1000 / 2000 / 1500,yes,,,,yes,yes,no,,yes,yes,no,,,,,,,,,Gift Vouchers CANNOT be clubbed with other aggregator offers.,,
Wendy's,maximize,https://www.maximize.money/gift-cards/Wendy's/704,yes,yes,10.0,10.0,Amex: 7.75% | CC on UPI: 7.65% | Credit Card: 8.1% | Debit Card: 8.75% | Diners Club: 7.75% | UPI: 10.0%,250 / 500 / 1000 / 1500 / 2000,yes,,,10.5,same denomination only,yes,no,unlimited,yes,no,no,,,up to 6 months,,,,,Multiple GVs can be combined and added to the EatSure Wallet balance.,"Can be clubbed with other offers? No, can't club with other offers / coupons",,
Wendys,buyhatke,https://buyhatke.com/gift-cards/wendys-gift-card,yes,yes,9.13,9.13,any: 9.13%,250 / 500 / 1000 / 1500 / 2000,yes,,,,same denomination only,yes,no,unlimited,yes,,,Online orders through the EatSure application/website at www.eatsure.com,,,,,,,Multiple GVs can be combined and added to the EatSure Wallet balance.,,Gift Vouchers (GV) are valid only for online orders placed through the EatSure application/website at www.eatsure.com.,
West Elm Luxe In Store,buyhatke,https://buyhatke.com/gift-cards/west-elm-luxe-(in-store)-gift-card,yes,yes,10.95,10.95,any: 10.95%,1000 / 2000 / 10000 / 50000,yes,yes,,,same denomination only,no,yes,unlimited,,yes,,Full-priced merchandise only,location: airport stores,1 year,,,,,This is a one-time use giftcard; multiple cards can be used in 1 transaction,,Luxe Gift Card can only be redeemed against full-priced merchandise,
WEST ELM- Luxe Gift Card,gyftr,https://www.gyftr.com/west-elm,yes,yes,10.0,10.0,Credit Card: 10.0% | Debit Card: 10.0% | Net Banking: 10.0% | PAYTM UPI: 10.0% | UPI: 10.0% | e-Pay: 10.0%,5000 / 2000 / 1000 / 10000,no,yes,,,yes,yes,yes,unlimited,no,yes,no,Full priced merchandise only,location: airport stores,,,,,,Multiple GV/GC can be used for one bill.,Gift Vouchers CANNOT be used during Sale.,The GV/GC can be redeemed only against full priced merchandise.,
Westside,gyftr,https://www.gyftr.com/westside,yes,no,0.0,0.0,Amazon Pay: 0.0% | Credit Card: 0.0% | Debit Card: 0.0% | MobiKwik: 0.0% | Net Banking: 0.0% | UPI: 0.0% | e-Pay: 0.0%,250 / 500 / 2000 / 5000 / 1000,no,yes,,,yes,no,yes,unlimited,no,yes,yes,,location: food courts & cafes within the Westside Store,Minimum 6 months from the date of issuance,,,,,Multiple GV can be used in one bill/transaction.,GV/GC can be used during sale and existing offers in the store.,,
Westside,maximize,https://www.maximize.money/gift-cards/Westside/563,yes,no,0.0,0.0,Amazon pay: 0.0% | Amex: 0.0% | CC on UPI: 0.0% | Credit Card: 0.0% | Debit Card: 0.0% | Diners Club: 0.0% | Pay With Rewards: 0.0% | UPI: 0.0% | Wallets: 0.0%,1000 / 2000 / 5000 / 10000 / 20000,yes,yes,,10.5,same denomination only,no,yes,1,no,yes,no,,,1 year from the date of purchase; cannot be extended,redeemable only 8 hours after purchase,,,,Can the cards be clubbed? Multiple cards can't be clubbed,"Can be clubbed with other offers? No, can't club with other offers / coupons",,
Westside [No Cooling Period],maximize,https://www.maximize.money/gift-cards/Westside [No Cooling Period]/793,yes,no,0.0,0.0,Amazon pay: 0.0% | Amex: 0.0% | CC on UPI: 0.0% | Credit Card: 0.0% | Debit Card: 0.0% | Diners Club: 0.0% | Pay With Rewards: 0.0% | UPI: 0.0% | Wallets: 0.0%,250 / 500 / 1000 / 2000 / 5000 / 10000,no,yes,,7.5,same denomination only,no,yes,unlimited,no,yes,yes,,food courts & cafés inside Westside | date: block-out dates,up to 12 months,,,,,Multiple GVs can be used in a single bill/transaction.,GVs can be used during sale periods and with existing offers in the store.,,
Westside In Store,buyhatke,https://buyhatke.com/gift-cards/westside-(in-store)-gift-card,yes,no,,,,250 / 500 / 1000 / 2000 / 5000 / 10000,yes,yes,,,same denomination only,no,yes,unlimited,no,yes,yes,,food courts & cafés inside Westside,,,,,,Multiple GVs can be used in a single bill/transaction.,GVs can be used during sale periods and with existing offers in the store.,,
Westside In Store 8 Hr Wait,buyhatke,https://buyhatke.com/gift-cards/westside-(in-store%2C-8-hr-wait)-gift-card,yes,no,,,,500 / 1000 / 2500 / 10000,yes,yes,,,same denomination only,no,yes,,no,yes,,,,1 year,8 hours from the time of activation,,,,,,,
What's Up Wellness,gyftr,https://www.gyftr.com/whats-up-wellness,yes,yes,15.0,15.0,Credit Card: 13.0% | Debit Card: 13.0% | MobiKwik: 13.0% | Net Banking: 13.0% | PAYTM UPI: 15.0% | UPI: 15.0% | e-Pay: 15.0%,500 / 2500 / 1000 / 250 / 2000 / 100,yes,,,,yes,yes,,1,yes,yes,yes,,,,,,,,"The GV/e-Pay can be used over and above any discounts offered by the brand on its website. However, only one code can be redeemed, either a Gift Voucher or a promo code, along with a Brand offer.","The GV/e-Pay can be used over and above any discounts offered by the brand on its website. However, only one code can be redeemed, either a Gift Voucher or a promo code, along with a Brand offer.",,
White Crow In Store,buyhatke,https://buyhatke.com/gift-cards/white-crow-(in-store)-gift-card,yes,yes,11.88,11.88,any: 11.88%,1000 / 2000 / 5000 / 10000,yes,yes,,,same denomination only,no,yes,unlimited,,yes,,Full-priced merchandise only,location: airport stores,1 year,,,,,This is a one-time use giftcard; multiple cards can be used in 1 transaction,,Luxe Gift Card can only be redeemed against full-priced merchandise,
Wildcraft,gyftr,https://www.gyftr.com/wildcraft,yes,yes,7.0,7.0,Amazon Pay: 6.0% | Credit Card: 6.0% | Debit Card: 6.0% | MobiKwik: 6.0% | Net Banking: 6.0% | PAYTM UPI: 7.0% | Paytm Wallet: 6.0% | UPI: 7.0% | e-Pay: 7.0%,2500 / 1000 / 500 / 2000 / 100,yes,yes,,,yes,no,yes,unlimited,yes,yes,yes,,,,,,,,Multiple codes can be clubbed for single purchase.,Gift Vouchers CAN be used during Sale.,,
Wildcraft,maximize,https://www.maximize.money/gift-cards/Wildcraft/449,yes,yes,8.5,8.5,Amazon pay: 6.5% | Amex: 6.25% | CC on UPI: 6.15% | Credit Card: 6.6% | Debit Card: 7.25% | Diners Club: 6.25% | Pay With Rewards: 5.2% | UPI: 8.5% | Wallets: 6.15%,500 / 1000 / 2500 / 5000 / 6000 / 6500 / 7000 / 7500 / 8000 / 9000 / 10000,no,yes,,8.75,same denomination only,no,yes,5,no,yes,no,,,180 days from the date of activation,,,,,A maximum of five gift cards can be redeemed against a single invoice.,"Can be clubbed with other offers? No, can't club with other offers / coupons",,
Wildcraft In Store,buyhatke,https://buyhatke.com/gift-cards/wildcraft-(in-store)-gift-card,yes,yes,6.88,6.88,any: 6.88%,500 / 1000 / 2000 / 2500,yes,yes,,,same denomination only,no,yes,unlimited,yes,no,yes,,,,,,,,Multiple vouchers can be used against one bill.,The GV/e-Pay can be clubbed with the existing offers.,,
William Penn,gyftr,https://www.gyftr.com/william-penn,yes,yes,6.0,6.0,Amazon Pay: 5.0% | Credit Card: 5.0% | Debit Card: 5.0% | MobiKwik: 5.0% | Net Banking: 5.0% | PAYTM UPI: 6.0% | Paytm Wallet: 5.0% | UPI: 6.0% | e-Pay: 6.0%,2000 / 1000 / 5000 / 100,yes,yes,,,yes,no,yes,unlimited,,,yes,,,3 - 12 months,,,,,Multiple Gift Cards CAN be used in one bill,Gift Cards CAN be used during sale,,
William Penn,maximize,https://www.maximize.money/gift-cards/William Penn/705,yes,yes,9.25,9.25,Amazon pay: 7.25% | Amex: 7.0% | CC on UPI: 6.9% | Credit Card: 7.35% | Debit Card: 8.0% | Diners Club: 7.0% | Pay With Rewards: 5.95% | UPI: 9.25% | Wallets: 6.9%,500 / 1000 / 2000 / 5000 / 10000,no,yes,,9.5,same denomination only,,yes,unlimited,yes,yes,yes,,location: airport stores | date: specific block-out dates,up to 6 months,,,,,"Multiple GV/GCs can be used in one bill, but each GV/GC is valid for one-time use only.",GV/GC can be redeemed during sales but not on specific block-out dates (which may change at William Penn’s discretion).,,
William Penn In Store,buyhatke,https://buyhatke.com/gift-cards/william-penn-(in-store)-gift-card,yes,yes,7.98,7.98,any: 7.98%,500 / 1000 / 2000 / 5000 / 10000,yes,yes,,,same denomination only,no,yes,unlimited,yes,yes,yes,,location: airport stores,,,,,,"Multiple GV/GCs can be used in one bill, but each GV/GC is valid for one-time use only.",GV/GC can be redeemed during sales but not on specific block-out dates,,
Woggles,buyhatke,https://buyhatke.com/gift-cards/woggles-gift-card,yes,yes,19.32,19.32,any: 19.32%,500 / 1000,yes,,,,same denomination only,yes,no,unlimited,yes,,,,,,,,,,Multiple GV/GCs can be used against one bill.,,,
Wonderchef,buyhatke,https://buyhatke.com/gift-cards/wonderchef-gift-card,yes,yes,11.88,11.88,any: 11.88%,500 / 1000 / 2000 / 5000 / 10000,yes,,,,same denomination only,yes,no,unlimited,no,yes,,,,365 days from the date of issue,usually instant; up to 24 hours if delayed,,,,Multiple E-Gift Cards can be redeemed in the same bill.,,,
Wonderchef,gyftr,https://www.gyftr.com/wonderchef,yes,yes,12.0,12.0,Amazon Pay: 11.0% | Credit Card: 11.0% | Debit Card: 11.0% | MobiKwik: 11.0% | Net Banking: 11.0% | PAYTM UPI: 12.0% | Paytm Wallet: 11.0% | UPI: 12.0% | e-Pay: 12.0%,500 / 1000 / 100 / 3000 / 5000 / 2000 / 100,yes,yes,,,yes,,yes,,yes,,yes,,,Between 3 to 6 months,,,,,,The GV/e-Pay can be clubbed with the existing offers and can be used during sales.,,
Wonderchef,maximize,https://www.maximize.money/gift-cards/Wonderchef/300,yes,yes,13.75,13.75,Amazon pay: 11.75% | Amex: 11.5% | CC on UPI: 11.4% | Credit Card: 11.85% | Debit Card: 12.5% | Diners Club: 11.5% | Pay With Rewards: 10.45% | UPI: 13.75% | Wallets: 11.4%,500 / 1000 / 1500 / 2000 / 2500 / 3000 / 5000,no,yes,,14.0,same denomination only,no,yes,unlimited,yes,no,yes,,date: specific block out dates,up to 6 months,,,,,Can the cards be clubbed? Use several gift cards in one purchase,Wonderchef GV / GC can be used during sale.,,
Wonderchef,maximize,https://www.maximize.money/gift-cards/Wonderchef/471,yes,yes,13.25,13.25,Amazon pay: 11.25% | Amex: 11.0% | CC on UPI: 10.9% | Credit Card: 11.35% | Debit Card: 12.0% | Diners Club: 11.0% | Pay With Rewards: 9.95% | UPI: 13.25% | Wallets: 10.9%,1000 / 2000 / 5000 / 10000 / 20000,yes,,,13.5,same denomination only,yes,,unlimited,no,yes,no,,,365 days from the date of issue,usually instant; may be delayed up to 24 hours,,,,Multiple E-Gift Cards can be redeemed in the same bill.,"Can be clubbed with other offers? No, can't club with other offers / coupons",,
Woodland,buyhatke,https://buyhatke.com/gift-cards/woodland-gift-card,yes,yes,9.39,9.39,any: 9.39%,250 / 500 / 1000 / 2000 / 5000,yes,yes,,,same denomination only,yes,yes,unlimited,yes,,yes,,,,,,,,Multiple GVs can be combined and added to the e-Pay balance.,The GV/e-Pay can be used with ongoing sales.,,
Woodland,gyftr,https://www.gyftr.com/woodland,yes,yes,10.0,10.0,Amazon Pay: 7.0% | Credit Card: 7.0% | Debit Card: 7.0% | MobiKwik: 7.0% | Net Banking: 7.0% | PAYTM UPI: 10.0% | Paytm Wallet: 7.0% | UPI: 10.0% | e-Pay: 10.0%,2000 / 500 / 5000 / 100 / 250 / 1000,yes,yes,,,yes,yes,yes,unlimited,yes,yes,yes,,,,,,,,More than one GV / GC can be used in one bill.,Gift Vouchers CAN be used during Sale.,,
Woodland In Store,buyhatke,https://buyhatke.com/gift-cards/woodland-(in-store)-gift-card,yes,yes,6.27,6.27,any: 6.27%,500 / 1000 / 2000 / 5000,yes,yes,,,same denomination only,no,yes,3,,yes,,,,3 months,,,,,Multiple gift cards upto 3 can be used in one bill,,,
World of Titan,maximize,https://www.maximize.money/gift-cards/World of Titan/1106,yes,yes,8.0,8.0,Amazon pay: 6.0% | Amex: 5.75% | CC on UPI: 5.65% | Credit Card: 6.1% | Debit Card: 6.75% | Diners Club: 5.75% | Pay With Rewards: 4.7% | UPI: 8.0% | Wallets: 5.65%,200 / 500 / 1000 / 2000 / 5000 / 10000 / 20000 / 50000,yes,yes,,8.0,same denomination only,yes,yes,5,no,yes,no,,discounted products | Titan Nebula collection watches,6 months from the date of issuance,instant,,,,Multiple Gift Cards (up to 5) can be used in a single transaction.,Cannot be clubbed with any other store offers or promotions.,,Wait Before Use=8 hours after issuance
World of Titan (1 Day Wait),buyhatke,https://buyhatke.com/gift-cards/world-of-titan-(1-day-wait)-gift-card,no,no,,,,500 / 1000 / 1500 / 2000,yes,yes,,,same denomination only,yes,yes,5,no,yes,no,,Titan Nebula collection of Watches | discounted products,6 months from the date of issuance,24 hours before it can be used in Titan World stores,,,,Multiple e-gift cards (upto 5) can be used against a single transaction.,Voucher is not applicable on discounted products and cannot be clubbed with any other offer in the store.,,
World of Titan 8 Hr Wait,buyhatke,https://buyhatke.com/gift-cards/world-of-titan-(8-hr-wait)-gift-card,yes,yes,7.34,7.34,any: 7.34%,100 / 500 / 2500 / 50000,yes,yes,,,same denomination only,yes,yes,5,no,yes,no,,Titan Nebula collection watches | discounted products,6 months from the date of issuance,8 hours before it can be used in Titan World stores,,,,Multiple Gift Cards (up to 5) can be used in a single transaction.,Cannot be clubbed with any other store offers or promotions.,,
World of Titan In Store 1 Day Wait,buyhatke,https://buyhatke.com/gift-cards/world-of-titan-(in-store%2C-1-day-wait)-gift-card,yes,yes,8.0,8.0,any: 8.0%,100 / 500 / 2500 / 50000,yes,yes,,,same denomination only,no,yes,5,,yes,no,,Titan Nebula collection of Watches | discounted products,6 months,24 hours from the time of activation,,,,Multiple gift cards (upto 5) can be used against a single transaction but card is not applicable on discounted products and cannot be clubbed with any other offer in the store,Multiple gift cards (upto 5) can be used against a single transaction but card is not applicable on discounted products and cannot be clubbed with any other offer in the store,,
World of Titan SmartWatch,maximize,https://www.maximize.money/gift-cards/World of Titan SmartWatch/581,yes,yes,8.25,8.25,Amazon pay: 6.25% | Amex: 6.0% | CC on UPI: 5.9% | Credit Card: 6.35% | Debit Card: 7.0% | Diners Club: 6.0% | Pay With Rewards: 4.95% | UPI: 8.25% | Wallets: 5.9%,200 / 500 / 1000 / 2000 / 5000 / 10000 / 20000 / 50000,yes,yes,,8.5,same denomination only,yes,yes,5,no,yes,no,,discounted products | Titan Nebula collection watches,6 months from the date of issuance,online instantly; usable in Titan World stores 8 hours after issuance,,,,Multiple Gift Cards (up to 5) can be used in a single transaction.,Cannot be clubbed with any other store offers or promotions.,,
Wow Chicken,buyhatke,https://buyhatke.com/gift-cards/wow-chicken-gift-card,yes,yes,8.39,8.39,any: 8.39%,100 / 250 / 500 / 1000,yes,yes,,,same denomination only,no,yes,unlimited,yes,,yes,Take Away & Dine-in only,Delivery services,,,,,,Multiple GVs can be combined and added to the e-Pay balance.,"The GV/e-Pay can be clubbed with the existing offers, ongoing deals, and discounts.",The GV/e-Pay is valid only on Take Away & Dine-in and not on Delivery services.,
Wow China In Store,buyhatke,https://buyhatke.com/gift-cards/wow-china-(in-store)-gift-card,yes,yes,8.62,8.62,any: 8.62%,100 / 250 / 500 / 750 / 1000 / 2000 / 3000,yes,yes,,,same denomination only,no,yes,unlimited,,,yes,Take Away & Dine-in only,Delivery services,,,,,,Multiple GVs can be combined and added to the e-Pay balance.,The GV/e-Pay can be clubbed with ongoing deals and discounts.,The GV/e-Pay is valid only on Take Away & Dine-in and not on Delivery services.,
Wow Momo,buyhatke,https://buyhatke.com/gift-cards/wow-momo-gift-card,yes,yes,8.39,8.39,any: 8.39%,100 / 500 / 2000 / 10000,yes,yes,,,same denomination only,no,yes,unlimited,yes,,yes,Take Away & Dine-in only,Delivery services,,,,,,Multiple GVs can be combined and added to the e-Pay balance.,"The GV/e-Pay can be clubbed with the existing offers, ongoing deals, and discounts.",The GV/e-Pay is valid only on Take Away & Dine-in and not on Delivery services.,
Wow Momo In Store,buyhatke,https://buyhatke.com/gift-cards/wow-momo-(in-store)-gift-card,yes,yes,6.27,6.27,any: 6.27%,100 / 250 / 500 / 1000 / 2000,yes,yes,,,same denomination only,no,yes,1,no,yes,,,,6 months,,,,,Multiple EGV's cannot be clubbed in single Invoice. 1 Voucher Per Invoice,,,
Wow!Chicken,gyftr,https://www.gyftr.com/wow-chicken,yes,yes,9.0,9.0,Amazon Pay: 8.0% | Credit Card: 8.0% | Debit Card: 8.0% | MobiKwik: 8.0% | Net Banking: 8.0% | PAYTM UPI: 9.0% | Paytm Wallet: 8.0% | UPI: 9.0% | e-Pay: 9.0%,500 / 1000 / 250 / 100 / 100,yes,yes,,,yes,,yes,unlimited,yes,,yes,Take Away & Dine-in only,Delivery services,,,,,,Multiple GVs can be combined and added to the e-Pay balance,The GV/e-Pay can be clubbed with ongoing deals and discounts.,The GV/e-Pay can be used for all purchases of products and services at the Wow! Chicken Retail Stores. The GV/e-Pay is valid only on Take Away & Dine-in and not on Delivery services.,
Wow!China,gyftr,https://www.gyftr.com/wow-china,yes,yes,9.0,9.0,Amazon Pay: 8.0% | Credit Card: 8.0% | Debit Card: 8.0% | MobiKwik: 8.0% | Net Banking: 8.0% | PAYTM UPI: 9.0% | Paytm Wallet: 8.0% | UPI: 9.0%,500 / 100 / 250 / 100 / 100,yes,yes,,,yes,,yes,unlimited,yes,,yes,Take Away & Dine-in only,Delivery services,,,,,,Multiple GVs can be combined and added to the e-Pay balance,The GV/e-Pay can be clubbed with ongoing deals and discounts.,The GV/e-Pay can be used for all purchases of products and services at the Wow! China Retail Stores. The GV/e-Pay is valid only on Take Away & Dine-in and not on Delivery services.,
Wow!Momo,gyftr,https://www.gyftr.com/wow-momo,yes,yes,9.0,9.0,Amazon Pay: 8.0% | Credit Card: 8.0% | Debit Card: 8.0% | MobiKwik: 8.0% | Net Banking: 8.0% | PAYTM UPI: 9.0% | Paytm Wallet: 8.0% | UPI: 9.0% | e-Pay: 9.0%,2000 / 100 / 250 / 1000 / 500 / 100 / 100,yes,yes,,,yes,,yes,unlimited,yes,,yes,Take Away & Dine-in only,Delivery services,,,,,,Multiple GVs can be combined and added to the e-Pay balance,The GV/e-Pay can be clubbed with ongoing deals and discounts.,The GV/e-Pay can be used for all purchases of products and services at the Wow! Momo Retail Stores. The GV/e-Pay is valid only on Take Away & Dine-in and not on Delivery services.,
Wrangler,buyhatke,https://buyhatke.com/gift-cards/wrangler-gift-card,no,no,,,,500 / 1000 / 1500 / 2000,yes,yes,,,same denomination only,yes,yes,5,yes,,no,,articles on discount during end of season sales,12 months from the date of activation,normally instant; up to 48-72 hours if delayed,,,,Maximum of 5 Instant Gift Vouchers can be used against one bill.,The Instant Gift Voucher can not be redeemed on articles on discount during end of season sales.,,
Wrangler,maximize,https://www.maximize.money/gift-cards/Wrangler/485,yes,yes,8.5,8.5,Amazon pay: 6.5% | Amex: 6.25% | CC on UPI: 6.15% | Credit Card: 6.6% | Debit Card: 7.25% | Diners Club: 6.25% | Pay With Rewards: 5.2% | UPI: 8.5% | Wallets: 6.15%,500 / 1000 / 2000 / 2500 / 5000,no,yes,,8.75,same denomination only,yes,yes,5,yes,no,no,,discounted items during end-of-season sales | date: blackout dates as defined by the company/outlet,12 months from the date of activation,usually instant; can be delayed up to 48-72 hours,,,,Maximum of 5 vouchers can be used in one bill.,"Can be clubbed with other offers? No, can't club with other offers / coupons",,
Wrangler In Store,buyhatke,https://buyhatke.com/gift-cards/wrangler-(in-store)-gift-card,yes,yes,6.69,6.69,any: 6.69%,500 / 1000 / 2000 / 5000,yes,yes,,,same denomination only,no,yes,5,,,no,,articles on discount during end-of-season sales,1 year,,,,,Comes with 1 year of validity and a maximum of 5 Gift Cards can be used against one bill,Gift card cannot be applied to articles on discount during end-of-season sales,,
Wynk Music,gyftr,https://www.gyftr.com/wynk-music,no,no,0.0,0.0,Amazon Pay: 0.0% | Credit Card: 0.0% | Debit Card: 0.0% | MobiKwik: 0.0% | Net Banking: 0.0% | Payzapp: 0.0% | UPI: 0.0% | e-Pay: 0.0%,,no,,,,yes,,,,,,no,"Monthly, quarterly & annual subscription packs",,,,,,,,This offer is not transferable and cannot be clubbed with any other offer.,"Offer is available on monthly, quarterly & annual subscription packs.",
Xbox Essential Game Pass,buyhatke,https://buyhatke.com/gift-cards/xbox-essential-game-pass-gift-card,yes,yes,5.84,5.84,any: 5.84%,499 / 2240 / 3940,yes,,,,same denomination only,yes,no,,,,,,,lifetime,,,,,,,,
Xbox Premium Game Pass,buyhatke,https://buyhatke.com/gift-cards/xbox-premium-game-pass-gift-card,yes,yes,5.84,5.84,any: 5.84%,699 / 2090,yes,,,,same denomination only,yes,no,,,,,,,lifetime,,,,,,,,
Xbox Ultimate Game Pass,buyhatke,https://buyhatke.com/gift-cards/xbox-ultimate-game-pass-gift-card,yes,yes,5.84,5.84,any: 5.84%,1080 / 3260,yes,,,,same denomination only,yes,no,,,,,,,lifetime,,,,,,,,
Xfused,buyhatke,https://buyhatke.com/gift-cards/xfused-gift-card,yes,yes,7.55,7.55,any: 7.55%,300 / 600,yes,,,,same denomination only,yes,no,1,,,yes,,,1 year,,,,,Only one gift card can be redeemed per order/transaction.,"Gift cards can be used along with existing offers, discounts, promotions, and sale items available on the platform.",,
Yalla Ludo,gyftr,https://www.gyftr.com/yalla-ludo,yes,yes,1.5,1.5,Credit Card: 0.0% | Debit Card: 0.0% | Net Banking: 0.0% | PAYTM UPI: 1.5% | Paytm Wallet: 1.5% | UPI: 1.5% | e-Pay: 1.5%,190 / 2375 / 950 / 475,no,,,,yes,yes,,,yes,yes,,In-game currency,,,,,,,,,"With your Yalla Ludo Gift Card, you can purchase in-game currency for in-game items, rewards, and more.",
Yalla Ludo,maximize,https://www.maximize.money/gift-cards/Yalla Ludo/1122,yes,yes,1.5,1.5,Amazon pay: 0.0% | Amex: 0.0% | CC on UPI: 0.0% | Credit Card: 0.0% | Debit Card: 0.25% | Diners Club: 0.0% | Pay With Rewards: 0.0% | UPI: 1.5% | Wallets: 0.0%,190 / 475 / 950 / 2375,no,,,1.6,same denomination only,yes,no,unlimited,yes,yes,no,"Yalla Ludo in-game currency, items, and rewards",,up to 6 months,,,,,Multiple Gift Vouchers can be added to a single Yalla Ludo account.,Cannot be clubbed with existing promotional offers.,"Can only be used to purchase Yalla Ludo in-game currency, items, and rewards.",
Yatra,buyhatke,https://buyhatke.com/gift-cards/yatra-gift-card,yes,yes,4.38,4.38,any: 4.38%,500 / 1000 / 2000 / 5000,yes,,,,same denomination only,yes,no,1,yes,no,no,"Domestic & International Flights, Domestic Hotels, Domestic Buses, and Domestic/International Holiday Packages",,,,,,,"However, only one voucher can be used per booking, and multiple vouchers cannot be clubbed in a single transaction.","The EGV cannot be combined with any other discount, cashback, or promotional offer, and no additional discount beyond the voucher value will be applicable.","and is valid for bookings of Domestic & International Flights, Domestic Hotels, Domestic Buses, and Domestic/International Holiday Packages.",
Yatra,maximize,https://www.maximize.money/gift-cards/Yatra/1077,no,no,,,,,no,,,,same denomination only,,,,,,,,,,,,,,,,,
Yatra,maximize,https://www.maximize.money/gift-cards/Yatra/470,yes,yes,5.25,5.25,Amazon pay: 3.25% | Amex: 3.0% | CC on UPI: 2.9% | Credit Card: 3.35% | Debit Card: 4.0% | Diners Club: 3.0% | Pay With Rewards: 1.95% | UPI: 5.25% | Wallets: 2.9%,1000 / 2000 / 5000 / 10000 / 20000 / 50000,yes,,,5.5,same denomination only,yes,no,1,yes,no,no,"Domestic & International Flights, Domestic Hotels, Domestic Buses, and Domestic/International Holiday Packages",,up to 12 months,,,,,"However, only one voucher can be used per booking, and multiple vouchers cannot be clubbed in a single transaction.","The EGV cannot be combined with any other discount, cashback, or promotional offer, and no additional discount beyond the voucher value will be applicable.","and is valid for bookings of Domestic & International Flights, Domestic Hotels, Domestic Buses, and Domestic/International Holiday Packages.",
Yatra - 1500,maximize,https://www.maximize.money/gift-cards/Yatra - 1500/605,yes,yes,35.0,35.0,Amazon pay: 33.0% | Amex: 32.75% | CC on UPI: 32.65% | Credit Card: 33.1% | Debit Card: 33.75% | Diners Club: 32.75% | Pay With Rewards: 31.7% | UPI: 35.0% | Wallets: 32.65%,1500,no,,,35.25,same denomination only,yes,no,1,no,yes,no,Flight bookings on the Yatra website and mobile app only,,up to 6 months,,,,,Only one Gift Card can be used per booking.,"The Gift Card cannot be clubbed with any other offer, discount, cashback, or promotion.",The Gift Card is valid only for flight bookings on the Yatra website and mobile app.,
Yatra - 2000,maximize,https://www.maximize.money/gift-cards/Yatra - 2000/606,yes,yes,25.0,25.0,Amazon pay: 23.0% | Amex: 22.75% | CC on UPI: 22.65% | Credit Card: 23.1% | Debit Card: 23.75% | Diners Club: 22.75% | Pay With Rewards: 21.7% | UPI: 25.0% | Wallets: 22.65%,2000,no,,,25.25,same denomination only,yes,no,1,no,yes,no,Flight bookings on the Yatra website and mobile app only,,up to 6 months,,,,,Only one Gift Card can be used per booking.,"The Gift Card cannot be clubbed with any other offer, discount, cashback, or promotion.",The Gift Card is valid only for flight bookings on the Yatra website and mobile app.,
Yatra - 500,maximize,https://www.maximize.money/gift-cards/Yatra - 500/1078,yes,yes,85.0,85.0,Amazon pay: 83.0% | Amex: 82.75% | CC on UPI: 82.65% | Credit Card: 83.1% | Debit Card: 83.75% | Diners Club: 82.75% | Pay With Rewards: 81.7% | UPI: 85.0% | Wallets: 82.65%,500,no,,,85.25,same denomination only,yes,no,1,no,yes,no,Flight bookings on the Yatra website and mobile app only,,up to 6 months,,,,,Only one Gift Card can be used per booking.,"The Gift Card cannot be clubbed with any other offer, discount, cashback, or promotion.",The Gift Card is valid only for flight bookings on the Yatra website and mobile app.,
Yatra Hotel,buyhatke,https://buyhatke.com/gift-cards/yatra-hotel-gift-card,yes,yes,10.95,10.95,any: 10.95%,500 / 1000 / 2000 / 5000,yes,,,,same denomination only,yes,no,,,,no,Domestic Hotel bookings only,Flights | Holidays | Buses | Prime,,normally instant; up to 24-48 hours if delayed,,,,,"This Gift Card cannot be clubbed with any other ongoing offer, discount, cash back, or promotion run by Yatra.com.","The Gift Card is not applicable for bookings of Flights, Holidays, Buses, Prime, or any other categories except Domestic Hotels Bookings.",
Yatra Hotel,maximize,https://www.maximize.money/gift-cards/Yatra Hotel/837,yes,yes,13.75,13.75,Amazon pay: 11.75% | Amex: 11.5% | CC on UPI: 11.4% | Credit Card: 11.85% | Debit Card: 12.5% | Diners Club: 11.5% | Pay With Rewards: 10.45% | UPI: 13.75% | Wallets: 11.4%,2000 / 5000 / 10000 / 20000 / 50000,yes,,,14.0,same denomination only,yes,no,unlimited,,no,no,Domestic Hotel bookings only,Flights | Holidays | Buses | Prime,up to 12 months,usually instant; may be delayed up to 24-48 hours,,,,Can the cards be clubbed? Use several gift cards in one purchase,"This Gift Card cannot be clubbed with any other ongoing offer, discount, cash back, or promotion run by Yatra.com.","The Gift Card is not applicable for bookings of Flights, Holidays, Buses, Prime, or any other categories except Domestic Hotels Bookings.",
Yatra Hotel Gift Card,gyftr,https://www.gyftr.com/yatra-hotel-gift-card,yes,yes,13.0,13.0,Amazon Pay: 11.5% | Credit Card: 11.5% | Debit Card: 11.5% | MobiKwik: 11.5% | Net Banking: 11.5% | PAYTM UPI: 13.0% | Paytm Wallet: 11.5% | UPI: 13.0% | e-Pay: 13.0%,2000 / 1000 / 500,no,,,,yes,yes,no,3,no,yes,no,Domestic hotel bookings only,Flights | Holidays | Buses | Prime | Any other categories,,,,,,Up to three GV/GCs can be combined and used in a single transaction.,"This GV/GC cannot be clubbed with any other ongoing offer, discount, cashback, or promotion.",The GV/GC is valid for domestic hotel bookings only.,
Yatra Hotels and Holidays,buyhatke,https://buyhatke.com/gift-cards/yatra-hotels-and-holidays-gift-card,yes,yes,4.57,4.57,any: 4.57%,1000 / 2000 / 10000 / 75000,yes,,,,same denomination only,yes,no,1,yes,no,no,"Hotels (Domestic), Holidays (Domestic/International)",Flights | Buses | Prime Membership | Cabs,12 months from the date of issue,,,,,Two or more EGVs cannot be combined in a single transaction.,"EGV cannot be clubbed with any other offer, discount, cashback, or promotion.","EGV is valid for booking of: Hotels (Domestic), Holidays (Domestic/International)",
Yatra Hotels and Holidays,maximize,https://www.maximize.money/gift-cards/Yatra Hotels and Holidays/472,yes,yes,6.25,6.25,Amazon pay: 4.25% | Amex: 4.0% | CC on UPI: 3.9% | Credit Card: 4.35% | Debit Card: 5.0% | Diners Club: 4.0% | Pay With Rewards: 2.95% | UPI: 6.25% | Wallets: 3.9%,2000 / 5000 / 10000 / 20000 / 50000,yes,,,6.5,same denomination only,yes,no,1,yes,no,no,"Hotels (Domestic), Holidays (Domestic/International)",Flights | Buses | Prime Membership | Cabs,12 months from the date of issue,,,,,Two or more EGVs cannot be combined in a single transaction.,"EGV cannot be clubbed with any other offer, discount, cashback, or promotion.","EGV is valid for booking of: Hotels (Domestic), Holidays (Domestic/International)",
Yatra Hotels Holidays,buyhatke,https://buyhatke.com/gift-cards/yatra-hotels-holidays-gift-card,yes,yes,8.39,8.39,any: 8.39%,1000 / 2000 / 10000 / 75000,yes,,,,same denomination only,yes,no,,,,,"Hotels (Domestic/International), and Holidays (Domestic/International)",,12 months from the date of issue,,,,,,,"Card is valid for booking of Hotels (Domestic/International), and Holidays (Domestic/International)",
Yatra Prime,buyhatke,https://buyhatke.com/gift-cards/yatra-prime-gift-card,no,no,,,,500 / 1000 / 1500 / 2000,yes,,,,same denomination only,yes,no,1,no,yes,no,Yatra Prime membership subscription,,30 days from the date of issue,,,,,"EGVs are non-cumulative, i.e. 2 or more EGVs cannot be combined and used in single transaction.",This EGV cannot be clubbed with any other ongoing offer discount/cash back/promotion run by Yatra.com.,EGV is valid for subscription of Yatra Prime membership,
Yatra Special,buyhatke,https://buyhatke.com/gift-cards/yatra-special-gift-card,no,no,,,,500 / 1000 / 1500 / 2000,yes,,,,same denomination only,yes,no,3,yes,no,no,"Flights (Domestic/International), Hotels (Domestic), Holidays (Domestic/International)",,6 months / 180 days from the date of activation,normally instant; up to 24-48 hours if delayed,,,,Multiple Gift Cards (up to 3) can be combined and used in single transaction.,This Gift Card cannot be clubbed with any other ongoing offer discount/cash back/promotion run by Yatra.com.,Gift Card is valid for booking of >Flights (Domestic/International) >Hotels (Domestic) >Holidays (Domestic/International),
Yatra Travel Treat 1000,buyhatke,https://buyhatke.com/gift-cards/yatra-travel-treat-1000-gift-card,no,no,,,,500 / 1000 / 1500 / 2000,yes,,,,same denomination only,yes,no,1,no,yes,,Flights only,Hotels | Bus | Cab | Train | Prime Membership,45 days from the date of issue,,,,,Two or more EGVs can't be used in single transaction.,,EGV is not applicable on Hotels / Bus / Cab / Train / Prime Membership or any other services except Flights only.,
Yatra Voucher,gyftr,https://www.gyftr.com/yatra-voucher,yes,no,0.0,0.0,UPI: 0.0%,500 / 1500 / 2000,no,,,,yes,yes,no,1,no,yes,no,Flight bookings only,,2 months from the date of issue,,,,,Only one GV/GC can be used per booking.,"The GV/GC cannot be clubbed with any other ongoing offer, discount, cashback, or promotion run by Yatra.",The GV/GC is valid only for booking flights.,
YLG (In Store),buyhatke,https://buyhatke.com/gift-cards/ylg-(in-store)-gift-card,no,no,,,,500 / 1000 / 1500 / 2000,yes,yes,,,same denomination only,no,yes,,no,yes,,,,6 months,,,,,,,,
YouMee,buyhatke,https://buyhatke.com/gift-cards/youmee-gift-card,no,no,,,,500 / 1000 / 1500 / 2000,yes,,,,same denomination only,,,,,,,,,,,,,,,,,
YouMee,maximize,https://www.maximize.money/gift-cards/YouMee/1050,yes,yes,8.5,8.5,Amazon pay: 6.5% | Amex: 6.25% | CC on UPI: 6.15% | Credit Card: 6.6% | Debit Card: 7.25% | Diners Club: 6.25% | Pay With Rewards: 5.2% | UPI: 8.5% | Wallets: 6.15%,1000 / 2000 / 5000 / 10000 / 20000 / 50000,yes,yes,,8.75,same denomination only,,yes,1,no,yes,no,Dine-in and takeaway orders only,date: 31st December,6 months from the date of issue,,,,,Only one Gift Card can be used per bill.,Cannot be clubbed with any other ongoing offer or promotion.,Valid only for dine-in and takeaway orders.,
YouMee In Store,buyhatke,https://buyhatke.com/gift-cards/youmee-(in-store)-gift-card,yes,yes,7.39,7.39,any: 7.39%,500 / 1000 / 2000 / 5000,yes,yes,,,same denomination only,no,yes,unlimited,no,yes,no,,,6 months,,,,,Multiple vouchers can be used at one point in time but vouchers cannot be clubbed with any other offers running at outlets.,Multiple vouchers can be used at one point in time but vouchers cannot be clubbed with any other offers running at outlets.,,
Zambar,buyhatke,https://buyhatke.com/gift-cards/zambar-gift-card,no,no,,,,500 / 1000 / 1500 / 2000,yes,,,,same denomination only,,,,,,,,,,,,,,,,,
Zambar,maximize,https://www.maximize.money/gift-cards/Zambar/1051,yes,yes,8.5,8.5,Amazon pay: 6.5% | Amex: 6.25% | CC on UPI: 6.15% | Credit Card: 6.6% | Debit Card: 7.25% | Diners Club: 6.25% | Pay With Rewards: 5.2% | UPI: 8.5% | Wallets: 6.15%,1000 / 2000 / 5000 / 10000 / 20000 / 50000,yes,yes,,8.75,same denomination only,,yes,1,no,yes,no,Dine-in and takeaway orders only,date: 31st December,6 months from the date of issue,,,,,Only one Gift Card can be used per bill.,Cannot be clubbed with any other ongoing offer or promotion.,Valid only for dine-in and takeaway orders.,
Zambar In Store,buyhatke,https://buyhatke.com/gift-cards/zambar-(in-store)-gift-card,yes,yes,7.13,7.13,any: 7.13%,500 / 1500 / 5000 / 50000,yes,yes,,,same denomination only,no,yes,,no,yes,,,31st December,6 months,,,,,,,,
ZEE5,buyhatke,https://buyhatke.com/gift-cards/zee5-gift-card,yes,yes,18.59,18.59,any: 18.59%,199 / 399 / 699 / 799 / 999 / 1290 / 1490,yes,,,,same denomination only,yes,no,1,,yes,,,,6 months,,,,,Only 1 Gift Voucher can be used in one transaction,,,
Zee5,gyftr,https://www.gyftr.com/zee5,yes,yes,23.0,23.0,Amazon Pay: 20.0% | Credit Card: 20.0% | Debit Card: 20.0% | MobiKwik: 23.0% | Net Banking: 20.0% | PAYTM UPI: 23.0% | UPI: 23.0% | e-Pay: 23.0%,1499 / 1299 / 399,no,,,,yes,yes,no,1,no,yes,no,Zee5 subscription only,,,,,,,Only 1 Gift Voucher can be used in one transaction.,The GV/GC cannot be clubbed with any existing offer on its website.,Only one GV/GC can be used for one subscription.,
ZEE5 Regional,buyhatke,https://buyhatke.com/gift-cards/zee5-regional-gift-card,yes,yes,14.34,14.34,any: 14.34%,699,yes,,,,same denomination only,yes,no,1,,yes,,,,12 months,,,,,Only 1 Gift Voucher can be used in one transaction,,,
Zepto,buyhatke,https://buyhatke.com/gift-cards/zepto-gift-card,yes,yes,0.74,0.74,any: 0.74%,100 / 200 / 250 / 500 / 1000 / 1500 / 2000 / 3000 / 5000 / 7500 / 10000,yes,,,,same denomination only,yes,no,,,,,,,12 months,,,,25000,,,,
Zepto,gyftr,https://www.gyftr.com/zepto,no,no,0.0,0.0,Credit Card: 0.0% | Debit Card: 0.0% | Net Banking: 0.0% | UPI: 0.0% | e-Pay: 0.0%,,no,,,,yes,yes,no,unlimited,yes,,yes,,Jewellery | Coins | Tobacco products,,,,,500000,More than one GV/GC can be used in one bill.,The GV/GC can be used during sale.,,
Zepto,maximize,https://www.maximize.money/gift-cards/Zepto/205,yes,yes,1.1,1.1,Amex: 0.0% | CC on UPI: 0.0% | Credit Card: 0.0% | Debit Card: 0.0% | Diners Club: 0.0% | UPI: 1.1%,100 / 250 / 500 / 1000 / 2000,yes,,,1.1,same denomination only,yes,no,1,yes,no,no,,tobacco | precious metals | other restricted categories as determined by Zepto or its sellers | location: outside India,12 months from the date of activation,generally instant; delivery may take up to 24 hours,,,500000,Can the cards be clubbed? Multiple cards can't be clubbed,"Can be clubbed with other offers? No, can't club with other offers / coupons",,
Zomato,buyhatke,https://buyhatke.com/gift-cards/zomato-gift-card,yes,yes,1.98,1.98,any: 1.98%,100 / 500 / 2000 / 10000,yes,,,,same denomination only,yes,no,unlimited,,,yes,"Food delivery orders only, not dining bills",dining bills | other gift cards,4 years from the date of purchase,normally instant; up to 72 hours if delayed,,,,Multiple Gift Cards can be clubbed in a single order of purchase.,The Gift PPI can be combined with promotional codes and with other digital payment options.,"Effective 1st July 2025, Zomato Money can be used only to pay for food delivery orders and not dining bills on Zomato.",
Zomato,maximize,https://www.maximize.money/gift-cards/Zomato/36,no,no,,,,,no,,,,same denomination only,,,,,,,,,,,,,,,,,
Zomato Gift Card,gyftr,https://www.gyftr.com/zomato-gift-card,yes,yes,2.0,2.0,Credit Card: 0.0% | Debit Card: 0.0% | MobiKwik: 0.0% | Net Banking: 0.0% | PAYTM UPI: 2.0% | UPI: 2.0% | e-Pay: 2.0%,500 / 2000 / 250 / 1000,no,,,,yes,yes,no,,yes,no,yes,,,,,,,,,The GV/Gc can be combined with promotional codes and other payment methods.,,
ZONE HYPERMARKET,buyhatke,https://buyhatke.com/gift-cards/zone-hypermarket-gift-card,no,no,,,,500 / 1000 / 1500 / 2000,yes,,,,same denomination only,yes,no,,,no,yes,,BBdaily | Tata neu coins,1 year,,,,,,All brand funded offers can be clubbed during purchase; but gift card cannot be used on BBdaily,,
Zoom Car,buyhatke,https://buyhatke.com/gift-cards/zoom-car-gift-card,yes,yes,5.84,5.84,any: 5.84%,500 / 1000 / 2500 / 5000,yes,,,,same denomination only,yes,no,unlimited,yes,yes,yes,,,6 months,,,,,"Multiple Gift cards can be added to a customer's account as ZCash, and the balance can be used partially or fully for multiple transactions.",The Gift card can be clubbed with the existing offers.,,
Zoomcar,gyftr,https://www.gyftr.com/zoomcar,yes,yes,10.0,10.0,Amazon Pay: 9.0% | Credit Card: 9.0% | Debit Card: 9.0% | MobiKwik: 9.0% | Net Banking: 9.0% | PAYTM UPI: 9.0% | Paytm Wallet: 9.0% | UPI: 10.0% | e-Pay: 10.0%,500 / 1000 / 5000 / 2500,no,,,,yes,yes,no,unlimited,yes,yes,yes,"Zoomcar Host Services, including self-drive and subscription vehicle bookings",,one (1) year from date of issuance,,,,,"Multiple GV/GC can be added to the Customer's Zoomcar Wallet, and the balance can be used partially or fully for multiple transactions.",The GV/GC can be clubbed with the existing offers.,"The offer is valid for availing Zoomcar Host Services, including self-drive and subscription vehicle bookings, available on the Zoomcar App",
Zoomcar,maximize,https://www.maximize.money/gift-cards/Zoomcar/975,yes,yes,9.75,9.75,Amazon pay: 7.75% | Amex: 7.5% | CC on UPI: 7.4% | Credit Card: 7.85% | Debit Card: 8.5% | Diners Club: 7.5% | Pay With Rewards: 6.45% | UPI: 9.75% | Wallets: 7.4%,500 / 1000 / 2500 / 5000,no,,,10.0,same denomination only,yes,no,unlimited,yes,yes,yes,"ZCash for all self-drive services on Zoomcar, including daily rentals and subscription-based bookings",,6 months from the date of issuance; ZCash balance valid 1 year once redeemed,,,,,"However, multiple GV/GCs can be added to the customer’s account as ZCash, and the balance can be used partially or fully across multiple transactions.",The GV/GC can be clubbed with existing offers.,"The offer is valid for all self-drive services on Zoomcar, including daily rentals and subscription-based bookings available on the app.",
Zouk,buyhatke,https://buyhatke.com/gift-cards/zouk-gift-card,no,no,,,,500 / 1000 / 1500 / 2000,yes,,,,same denomination only,,,,,,,,,,,,,,,,,
Zouk,gyftr,https://www.gyftr.com/zouk,yes,yes,13.0,13.0,Amazon Pay: 11.0% | Credit Card: 11.0% | Debit Card: 11.0% | MobiKwik: 11.0% | Net Banking: 11.0% | PAYTM UPI: 13.0% | UPI: 13.0% | e-Pay: 13.0%,500 / 1000 / 100 / 2000,yes,,,,yes,yes,no,unlimited,yes,no,yes,,,,,,,,Multiple Gift Vouchers CAN be combined & added to e-Pay balance.,The GV/e-Pay can be clubbed with the existing offers.,,
Zouk,maximize,https://www.maximize.money/gift-cards/Zouk/1043,yes,yes,12.0,12.0,Amazon pay: 10.0% | Amex: 9.75% | CC on UPI: 9.65% | Credit Card: 10.1% | Debit Card: 10.75% | Diners Club: 9.75% | Pay With Rewards: 8.7% | UPI: 12.0% | Wallets: 9.65%,200 / 500 / 1000 / 2000 / 5000 / 10000,yes,,,12.25,same denomination only,yes,no,unlimited,yes,no,yes,,,up to 6 months,,,,,Multiple Gift Vouchers can be combined and added to the GyFTR e-Pay balance.,The GV/e-Pay can be clubbed with existing offers available on the website.,,
