"Merchant","Category","Campaign Type","Payout Structure","Campaign Status","Tracking Link"
"1mg","Health & Beauty,Medical &..","CPA","Upto ₹187.5 / Action
                            
                            Visit Store 
                            More Details","INACTIVE","https://inr.deals/track?id=med579083413&src=merchant-backend&campaign=cpa&url=https://www.1mg.com/"
"5paisa App","Banking & Finance","CPR","Flat ₹32 / Register
                            
                            Visit Store 
                            More Details","INACTIVE","https://inr.deals/track?id=med579083413&src=merchant-backend&campaign=cpr&url=https://www.5paisa.com"
"9ShineLabel","Fashion","CPS","Flat 36% / Sale
                            
                            Visit Store 
                            More Details","ACTIVE","https://inr.deals/track?id=med579083413&src=merchant-backend&campaign=cps&url=https://www.9shineslabel.com/"
"ABCD Gold App ","Banking & Finance","CPL_LEAD","Flat ₹42 / Sale
                            
                            Visit Store 
                            More Details","INACTIVE","https://inr.deals/track?id=med579083413&src=merchant-backend&campaign=cpl_lead&url=https://play.google.com/store/apps/details?id=com.adityabirlacapitaldigital.OneApp"
"ABCD Payment App","Banking & Finance","CPR","Flat ₹30 / Register
                            
                            Visit Store 
                            More Details","INACTIVE","https://inr.deals/track?id=med579083413&src=merchant-backend&campaign=cpr&url=https://www.adityabirlacapital.com/"
"Ace Blend","Health & Beauty","CPS","Upto  9.6% / Sale
                            
                            Visit Store 
                            More Details","ACTIVE","https://inr.deals/track?id=med579083413&src=merchant-backend&campaign=cps&url=https://www.aceblend.com/"
"Acer","Electronics","CPS","Flat 2.8% / Sale
                            
                            Visit Store 
                            More Details","ACTIVE","https://inr.deals/track?id=med579083413&src=merchant-backend&campaign=cps&url=https://store.acer.com/en-in/"
"Acko (Bike)","Online Services","CPM","Flat 32% / Sale
                            
                            Visit Store 
                            More Details","ACTIVE","https://inr.deals/track?id=med579083413&src=merchant-backend&campaign=cpm&url=https://www.acko.com/lp/new-bike/"
"Acko (Car) ","Online Services","CPM_CAR","Upto 32% / Sale
                            
                            Visit Store 
                            More Details","ACTIVE","https://inr.deals/track?id=med579083413&src=merchant-backend&campaign=cpm_car&url=https://www.acko.com/lp/new-car-comprehensive"
"Acko Health Insurance","Online Services","CPA","Flat ₹5000 / Action
                            
                            Visit Store 
                            More Details","INACTIVE","https://inr.deals/track?id=med579083413&src=merchant-backend&campaign=cpa&url=https://www.acko.com/p/health/semBuyV3"
"Adani Train","Travel","CPS_TRAIN","Flat ₹32 / Sale
                            
                            Visit Store 
                            More Details","INACTIVE","https://inr.deals/track?id=med579083413&src=merchant-backend&campaign=cps_train&url=https://www.adanione.com/trains"
"Adil Qadri","Health & Beauty","CPS","Flat 13.6% / Sale
                            
                            Visit Store 
                            More Details","INACTIVE","https://inr.deals/track?id=med579083413&src=merchant-backend&campaign=cps&url=https://www.adilqadri.com/"
"Aditya Birla Car Insurance","Automobiles","CPS","Upto  45.6% / Sale
                            
                            Visit Store 
                            More Details","INACTIVE","https://inr.deals/track?id=med579083413&src=merchant-backend&campaign=cps&url=https://www.adityabirlacapital.com/campaign/motor-insurance"
"Adobe","Online Services","CPS","Flat 54.4% / Sale
                            
                            Visit Store 
                            More Details","INACTIVE","https://inr.deals/track?id=med579083413&src=merchant-backend&campaign=cps&url=https://www.adobe.com/"
"AGeasy","Medical & Healthcare","CPS","Flat 8% / Sale
                            
                            Visit Store 
                            More Details","ACTIVE","https://inr.deals/track?id=med579083413&src=merchant-backend&campaign=cps&url=https://ageasy.co.in/collection"
"Agoda","Travel","CPS","Flat 3.2% / Sale
                            
                            Visit Store 
                            More Details","INACTIVE","https://inr.deals/track?id=med579083413&src=merchant-backend&campaign=cps&url=https://www.agoda.com/affiliate"
"Air India","Travel","CPS","Upto ₹83.2 / Sale
                            
                            Visit Store 
                            More Details","ACTIVE","https://inr.deals/track?id=med579083413&src=merchant-backend&campaign=cps&url=https://www.airindia.com/en-in/book-flights/"
"Air India Express","Travel","CPS","Upto ₹96 / Sale
                            
                            Visit Store 
                            More Details","INACTIVE","https://inr.deals/track?id=med579083413&src=merchant-backend&campaign=cps&url=https://www.airindiaexpress.com/home"
"Airtel Broadband","Recharge,Services","CPL_LEAD","Upto  ₹420 / Sale
                            
                            Visit Store 
                            More Details","INACTIVE","https://inr.deals/track?id=med579083413&src=merchant-backend&campaign=cpl_lead&url=https://www.airtel.in/new-connection/broadband/"
"Airtel Payment Bank","Recharge","CPL_LEAD","Upto  ₹180 / Sale
                            
                            Visit Store 
                            More Details","INACTIVE","https://inr.deals/track?id=med579083413&src=merchant-backend&campaign=cpl_lead&url=https://www.airtelpayments.bank.in/"
"Ajio","Fashion","CPS","Upto 8.64% / Sale
                            
                            Visit Store 
                            More Details","ACTIVE","https://inr.deals/track?id=med579083413&src=merchant-backend&campaign=cps&url=https://www.ajio.com/"
"Ajmal Perfumes","Health & Beauty","CPS","Flat 3.4% / Sale
                            
                            Visit Store 
                            More Details","ACTIVE","https://inr.deals/track?id=med579083413&src=merchant-backend&campaign=cps&url=https://in.ajmal.com/"
"Aldo","Fashion","CPS","Flat 2.8% / Sale
                            
                            Visit Store 
                            More Details","ACTIVE","https://inr.deals/track?id=med579083413&src=merchant-backend&campaign=cps&url=https://www.aldoshoes.in/"
"Alibaba","Electronics,Home & Kitche..","CPS","Flat 3.6% / Sale
                            
                            Visit Store 
                            More Details","INACTIVE","https://inr.deals/track?id=med579083413&src=merchant-backend&campaign=cps&url=https://offer.alibaba.com"
"AliExpress","Electronics,Fashion","CPS","Upto 5.76% / Sale
                            
                            Visit Store 
                            More Details","INACTIVE","https://inr.deals/track?id=med579083413&src=merchant-backend&campaign=cps&url=https://m.aliexpress.com"
"Alpino","Food & Grocery","CPS","Flat 5.04% / Sale
                            
                            Visit Store 
                            More Details","ACTIVE","https://inr.deals/track?id=med579083413&src=merchant-backend&campaign=cps&url=https://alpino.store/"
"Amala Earth","Health & Beauty","CPS","Flat 26.74% / Sale
                            
                            Visit Store 
                            More Details","INACTIVE","https://inr.deals/track?id=med579083413&src=merchant-backend&campaign=cps&url=https://amala.earth/"
"Amazon India","Automobiles,Baby & Kids,B..","CPS","Upto 9% / Sale
                            
                            Visit Store 
                            More Details","ACTIVE","https://inr.deals/track?id=med579083413&src=merchant-backend&campaign=cps&url=https://www.amazon.in"
"Amydus","Fashion","CPS","Flat 6.4% / Sale
                            
                            Visit Store 
                            More Details","ACTIVE","https://inr.deals/track?id=med579083413&src=merchant-backend&campaign=cps&url=https://www.amydus.com/"
"Angel One App","Banking & Finance","CPL","Flat ₹288 / Lead
                            
                            Visit Store 
                            More Details","INACTIVE","https://inr.deals/track?id=med579083413&src=merchant-backend&campaign=cpl&url=https://www.angelone.in/register/"
"Apollo Pharmacy","Medical & Healthcare","CPS","Upto ₹168 / Sale
                            
                            Visit Store 
                            More Details","INACTIVE","https://inr.deals/track?id=med579083413&src=merchant-backend&campaign=cps&url=https://www.apollopharmacy.in/"
"AppSumo","Online Services","CPS","Upto 56% / Sale
                            
                            Visit Store 
                            More Details","ACTIVE","https://inr.deals/track?id=med579083413&src=merchant-backend&campaign=cps&url=https://appsumo.com/"
"Aramya","Fashion","CPS","Upto 13.6% / Sale
                            
                            Visit Store 
                            More Details","ACTIVE","https://inr.deals/track?id=med579083413&src=merchant-backend&campaign=cps&url=https://aramya.in/collections/latest-kurti-collection-onsale"
"Asaya","Health & Beauty","CPS","Flat 24% / Sale
                            
                            Visit Store 
                            More Details","ACTIVE","https://inr.deals/track?id=med579083413&src=merchant-backend&campaign=cps&url=https://worldofasaya.com/collections/offers"
"Asian Paints","Others,Home & Kitchen","CPL","Flat ₹120 / Lead
                            
                            Visit Store 
                            More Details","INACTIVE","https://inr.deals/track?id=med579083413&src=merchant-backend&campaign=cpl&url=https://www.asianpaints.com/"
"Asus","Electronics","CPS","Upto 2.05% / Sale
                            
                            Visit Store 
                            More Details","ACTIVE","https://inr.deals/track?id=med579083413&src=merchant-backend&campaign=cps&url=https://www.asus.com/in/store/"
"AU Bank Credit Card","Banking & Finance","CPA","Flat ₹360 / Action
                            
                            Visit Store 
                            More Details","ACTIVE","https://inr.deals/track?id=med579083413&src=merchant-backend&campaign=cpa&url=https://cconboarding.aubank.in/auccself/#/landing"
"Axis Bank CC","Banking & Finance","CPL","Upto ₹1725 / Lead
                            
                            Visit Store 
                            More Details","ACTIVE","https://inr.deals/track?id=med579083413&src=merchant-backend&campaign=cpl&url=https://web.axis.bank.in/DigitalChannel/WebForm/"
"Axis DSA","Banking & Finance,Online..","CPA","Upto ₹520 / Action
                            
                            Visit Store 
                            More Details","INACTIVE","https://inr.deals/track?id=med579083413&src=merchant-backend&campaign=cpa&url=https://leap.axis.bank.in/"
"Axis MF","Banking & Finance","CPA","Upto  ₹360 / Action
                            
                            Visit Store 
                            More Details","ACTIVE","https://inr.deals/track?id=med579083413&src=merchant-backend&campaign=cpa&url=https://www.axismf.com/micro-investing"
"Ayurvedic Source","Health & Beauty","CPS","Flat 24% / Sale
                            
                            Visit Store 
                            More Details","INACTIVE","https://inr.deals/track?id=med579083413&src=merchant-backend&campaign=cps&url=https://ayurvedic-source.com/"
"Aza","Fashion","CPS","Flat 3.2% / Sale
                            
                            Visit Store 
                            More Details","INACTIVE","https://inr.deals/track?id=med579083413&src=merchant-backend&campaign=cps&url=https://www.azafashions.com"
"Baby Forest","Baby & Kids","CPS","Flat 8% / Sale
                            
                            Visit Store 
                            More Details","ACTIVE","https://inr.deals/track?id=med579083413&src=merchant-backend&campaign=cps&url=https://www.babyforest.in/"
"Baby Shop","Baby & Kids","","Flat 7.2% / Sale
                            
                            Visit Store 
                            More Details","ACTIVE","https://inr.deals/track?id=med579083413&src=merchant-backend&campaign=&url=https://www.babyshop.in/in/en/"
"Bacca Bucci","Fashion","CPS","Flat 8.16% / Sale
                            
                            Visit Store 
                            More Details","ACTIVE","https://inr.deals/track?id=med579083413&src=merchant-backend&campaign=cps&url=https://baccabucci.com/"
"Bagline","Fashion","CPS","Flat 6.4% / Sale
                            
                            Visit Store 
                            More Details","ACTIVE","https://inr.deals/track?id=med579083413&src=merchant-backend&campaign=cps&url=https://www.bagline.com/"
"Bajaj Demat ","Banking & Finance","CPL_LEAD","Flat ₹104 / Sale
                            
                            Visit Store 
                            More Details","INACTIVE","https://inr.deals/track?id=med579083413&src=merchant-backend&campaign=cpl_lead&url=https://pwa.bajajfinservsecurities.in/"
"Bajaj FD","Banking & Finance","CPA","Flat 4% / Action
                            
                            Visit Store 
                            More Details","INACTIVE","https://inr.deals/track?id=med579083413&src=merchant-backend&campaign=cpa&url=https://www.bajajfinserv.in/investments/fixed-deposit-application-form"
"Bajaj Finserv Insta EMI Card","Banking & Finance","CPL_LEAD","Flat ₹200 / Sale
                            
                            Visit Store 
                            More Details","INACTIVE","https://inr.deals/track?id=med579083413&src=merchant-backend&campaign=cpl_lead&url=https://www.bajajfinserv.in/insta-emi-network-card-apply-online"
"Bajaj Health Insurance","Banking & Finance","CPL_LEAD","Flat 85% / Sale
                            
                            Visit Store 
                            More Details","ACTIVE","https://inr.deals/track?id=med579083413&src=merchant-backend&campaign=cpl_lead&url=https://www.bajajgeneralinsurance.com/health-insurance-online/product"
"Banggood","Electronics,Fashion","CPS","Upto 10.4% / Sale
                            
                            Visit Store 
                            More Details","ACTIVE","https://inr.deals/track?id=med579083413&src=merchant-backend&campaign=cps&url=https://www.banggood.in"
"Bata","Fashion","CPS","Upto 11.21% / Sale
                            
                            Visit Store 
                            More Details","INACTIVE","https://inr.deals/track?id=med579083413&src=merchant-backend&campaign=cps&url=https://www.bata.in/"
"Bath&Bodyworks","Health & Beauty","CPS","Flat 3.2% / Sale
                            
                            Visit Store 
                            More Details","ACTIVE","https://inr.deals/track?id=med579083413&src=merchant-backend&campaign=cps&url=https://www.bathandbodyworks.in/"
"BearHouse","Fashion","CPS","Flat 10.55% / Sale
                            
                            Visit Store 
                            More Details","ACTIVE","https://inr.deals/track?id=med579083413&src=merchant-backend&campaign=cps&url=https://thebearhouse.com/"
"Beatxp","Electronics,Health & Beau..","CPS","Upto 5.6% / Sale
                            
                            Visit Store 
                            More Details","INACTIVE","https://inr.deals/track?id=med579083413&src=merchant-backend&campaign=cps&url=https://www.beatxp.com/"
"Beco","Home & Kitchen","CPS","Flat 16% / Sale
                            
                            Visit Store 
                            More Details","ACTIVE","https://inr.deals/track?id=med579083413&src=merchant-backend&campaign=cps&url=https://www.letsbeco.com/"
"Beepkart (Sell)","Automobiles","CPA","Flat ₹280 / Action
                            
                            Visit Store 
                            More Details","INACTIVE","https://inr.deals/track?id=med579083413&src=merchant-backend&campaign=cpa&url=https://beepkart.com/sell-used-bikes/bangalore/eng"
"Beyoung","Fashion","CPS","Flat 7.68% / Sale
                            
                            Visit Store 
                            More Details","ACTIVE","https://inr.deals/track?id=med579083413&src=merchant-backend&campaign=cps&url=https://www.beyoung.in"
"Beyours","Fashion","CPS","Flat 10.2% / Sale
                            
                            Visit Store 
                            More Details","INACTIVE","https://inr.deals/track?id=med579083413&src=merchant-backend&campaign=cps&url=https://www.beyours.in/"
"Bharat Loan","Banking & Finance","CPL","Upto  ₹24 / Lead
                            
                            Visit Store 
                            More Details","ACTIVE","https://inr.deals/track?id=med579083413&src=merchant-backend&campaign=cpl&url=https://www.bharatloan.com/apply-now"
"BHIM UPI CPR","Banking & Finance","CPR","Upto  ₹3.5 / Register
                            
                            Visit Store 
                            More Details","INACTIVE","https://inr.deals/track?id=med579083413&src=merchant-backend&campaign=cpr&url=https://www.bhimupi.org.in/"
"BigMuscle Nutrition","Sports & Fitness","CPS","Flat 3.2% / Sale
                            
                            Visit Store 
                            More Details","ACTIVE","https://inr.deals/track?id=med579083413&src=merchant-backend&campaign=cps&url=https://www.bigmusclesnutrition.com//"
"Bigrock","Domain & Hosting","CPS","Upto ₹800 / Sale
                            
                            Visit Store 
                            More Details","ACTIVE","https://inr.deals/track?id=med579083413&src=merchant-backend&campaign=cps&url=https://www.bigrock.in/"
"Biotique","Health & Beauty","CPS","Flat 32% / Sale
                            
                            Visit Store 
                            More Details","INACTIVE","https://inr.deals/track?id=med579083413&src=merchant-backend&campaign=cps&url=https://www.biotique.com"
"Bisleri","Food & Grocery","CPS","Flat 28.8% / Sale
                            
                            Visit Store 
                            More Details","INACTIVE","https://inr.deals/track?id=med579083413&src=merchant-backend&campaign=cps&url=https://www.bisleri.com/product-listing/vedica"
"Blackberrys","Fashion","CPS","Flat 8.64% / Sale
                            
                            Visit Store 
                            More Details","ACTIVE","https://inr.deals/track?id=med579083413&src=merchant-backend&campaign=cps&url=https://blackberrys.com/"
"Bluehost","Domain & Hosting","CPS","Upto ₹57600 / Sale
                            
                            Visit Store 
                            More Details","ACTIVE","https://inr.deals/track?id=med579083413&src=merchant-backend&campaign=cps&url=https://www.bluehost.in/"
"boAt","Electronics","CPS","Flat 5.61% / Sale
                            
                            Visit Store 
                            More Details","ACTIVE","https://inr.deals/track?id=med579083413&src=merchant-backend&campaign=cps&url=https://www.boat-lifestyle.com/"
"BOB Lifetime Free Card","Banking & Finance","CPL","Flat ₹1120 / Lead
                            
                            Visit Store 
                            More Details","INACTIVE","https://inr.deals/track?id=med579083413&src=merchant-backend&campaign=cpl&url=https://mycard.bobcard.tech/splash-screen"
"Bookchor","Books","CPS","Flat 7.2% / Sale
                            
                            Visit Store 
                            More Details","ACTIVE","https://inr.deals/track?id=med579083413&src=merchant-backend&campaign=cps&url=https://www.bookchor.com/"
"BookVip.com","Travel","CPS","Flat 28% / Sale
                            
                            Visit Store 
                            More Details","INACTIVE","https://inr.deals/track?id=med579083413&src=merchant-backend&campaign=cps&url=https://www.bookvip.com"
"Brillare","Health & Beauty","CPS","Flat 24% / Sale
                            
                            Visit Store 
                            More Details","ACTIVE","https://inr.deals/track?id=med579083413&src=merchant-backend&campaign=cps&url=https://www.brillare.co.in/"
"Brooks Brothers","Fashion","CPS","Flat 5.6% / Sale
                            
                            Visit Store 
                            More Details","INACTIVE","https://inr.deals/track?id=med579083413&src=merchant-backend&campaign=cps&url=https://brooksbrothers.in/"
"Buy Indus Valley","Health & Beauty","CPS","Flat 16.8% / Sale
                            
                            Visit Store 
                            More Details","ACTIVE","https://inr.deals/track?id=med579083413&src=merchant-backend&campaign=cps&url=https://www.buyindusvalley.in"
"Bytepe","Electronics,Fashion","CPS","Upto 1.68% / Sale
                            
                            Visit Store 
                            More Details","ACTIVE","https://inr.deals/track?id=med579083413&src=merchant-backend&campaign=cps&url=https://www.bytepe.com/"
"Cahoot","Fashion","CPS","Upto 9.6% / Sale
                            
                            Visit Store 
                            More Details","ACTIVE","https://inr.deals/track?id=med579083413&src=merchant-backend&campaign=cps&url=https://cahoot.in/collections/men-bestsellers"
"Calvin Klein","Fashion","CPS","Flat 5.6% / Sale
                            
                            Visit Store 
                            More Details","INACTIVE","https://inr.deals/track?id=med579083413&src=merchant-backend&campaign=cps&url=https://www.calvinklein.com/"
"Campus Shoes","Fashion","CPS","Flat 12% / Sale
                            
                            Visit Store 
                            More Details","ACTIVE","https://inr.deals/track?id=med579083413&src=merchant-backend&campaign=cps&url=https://www.campusshoes.com/"
"CanvasChamp","Gifting & Toys","CPS","Flat ₹160 / Sale
                            
                            Visit Store 
                            More Details","INACTIVE","https://inr.deals/track?id=med579083413&src=merchant-backend&campaign=cps&url=https://www.canvaschamp.in/"
"CarInfo","Automobiles","CPS","Flat 75 / Sale
                            
                            Visit Store 
                            More Details","ACTIVE","https://inr.deals/track?id=med579083413&src=merchant-backend&campaign=cps&url=https://www.carinfo.app/service-history"
"Carlton London",",Fashion","CPS","Flat 8.16% / Sale
                            
                            Visit Store 
                            More Details","INACTIVE","https://inr.deals/track?id=med579083413&src=merchant-backend&campaign=cps&url=https://carltonlondon.co.in/"
"Cars24 (Buy)","Services","CPL","Flat ₹900 / Lead
                            
                            Visit Store 
                            More Details","INACTIVE","https://inr.deals/track?id=med579083413&src=merchant-backend&campaign=cpl&url=https://www.cars24.com/buy-used-car/"
"Cars24 (Sell)","Online Services","CPL_SELL","Flat ₹800 / Sale
                            
                            Visit Store 
                            More Details","INACTIVE","https://inr.deals/track?id=med579083413&src=merchant-backend&campaign=cpl_sell&url=https://www.cars24.com/"
"Cashify ","Electronics,Services","CPS","Flat ₹504 / Sale
                            
                            Visit Store 
                            More Details","ACTIVE","https://inr.deals/track?id=med579083413&src=merchant-backend&campaign=cps&url=https://www.cashify.in/buy-refurbished-gadgets"
"Charles & Keith","Fashion","CPS","Flat 2.8% / Sale
                            
                            Visit Store 
                            More Details","ACTIVE","https://inr.deals/track?id=med579083413&src=merchant-backend&campaign=cps&url=https://www.charleskeith.in/in"
"Cheapoair","Travel","CPS","Upto ₹1035 / Sale
                            
                            Visit Store 
                            More Details","ACTIVE","https://inr.deals/track?id=med579083413&src=merchant-backend&campaign=cps&url=https://www.cheapoair.com/"
"Chumbak","Fashion,Home & Kitchen","CPS","Flat 9.6% / Sale
                            
                            Visit Store 
                            More Details","ACTIVE","https://inr.deals/track?id=med579083413&src=merchant-backend&campaign=cps&url=https://www.chumbak.com/"
"Cibil Score","Others","CPL","Upto  ₹28 / Lead
                            
                            Visit Store 
                            More Details","INACTIVE","https://inr.deals/track?id=med579083413&src=merchant-backend&campaign=cpl&url=https://www.cibil.com/"
"Citibank Credit Card","Banking & Finance","CPA","Upto ₹2401 / Action
                            
                            Visit Store 
                            More Details","INACTIVE","https://inr.deals/track?id=med579083413&src=merchant-backend&campaign=cpa&url=https://www.online.citibank.co.in/credit-card/apply"
"Clarks","Fashion","CPS","Flat 6.8% / Sale
                            
                            Visit Store 
                            More Details","INACTIVE","https://inr.deals/track?id=med579083413&src=merchant-backend&campaign=cps&url=https://www.clarks.in/"
"Cleartrip","Travel","CPS","Flat ₹288 / Sale
                            
                            Visit Store 
                            More Details","ACTIVE","https://inr.deals/track?id=med579083413&src=merchant-backend&campaign=cps&url=https://www.cleartrip.com/flights"
"Cloudways","Domain & Hosting","CPS","Flat ₹2415 / Sale
                            
                            Visit Store 
                            More Details","ACTIVE","https://inr.deals/track?id=med579083413&src=merchant-backend&campaign=cps&url=https://www.cloudways.com/en/"
"Clovia","Fashion","CPS","Flat 10.8% / Sale
                            
                            Visit Store 
                            More Details","INACTIVE","https://inr.deals/track?id=med579083413&src=merchant-backend&campaign=cps&url=https://www.clovia.com/"
"CodeCanyon","Online Services","CPS","Flat 12% / Sale
                            
                            Visit Store 
                            More Details","INACTIVE","https://inr.deals/track?id=med579083413&src=merchant-backend&campaign=cps&url=https://codecanyon.net"
"CoinSwitch","Banking & Finance,Online..","CPA","Upto  ₹320 / Action
                            
                            Visit Store 
                            More Details","INACTIVE","https://inr.deals/track?id=med579083413&src=merchant-backend&campaign=cpa&url=https://coinswitch.co/"
"Coitonic","Fashion","CPS","Flat 8% / Sale
                            
                            Visit Store 
                            More Details","ACTIVE","https://inr.deals/track?id=med579083413&src=merchant-backend&campaign=cps&url=https://coitonic.com/"
"CosIQ","Health & Beauty","CPS","Flat 9.6% / Sale
                            
                            Visit Store 
                            More Details","ACTIVE","https://inr.deals/track?id=med579083413&src=merchant-backend&campaign=cps&url=https://mycosiq.com//"
"Coursera","Education","CPS","Upto 3.52% / Sale
                            
                            Visit Store 
                            More Details","INACTIVE","https://inr.deals/track?id=med579083413&src=merchant-backend&campaign=cps&url=https://www.coursera.org"
"Cred","Banking & Finance","CPA_ANDROID","Upto ₹280 / Sale
                            
                            Visit Store 
                            More Details","INACTIVE","https://inr.deals/track?id=med579083413&src=merchant-backend&campaign=cpa_android&url=https://www.cred.club/"
"CreditLinks","Banking & Finance","CPA","Flat 1.25% / Action
                            
                            Visit Store 
                            More Details","ACTIVE","https://inr.deals/track?id=med579083413&src=merchant-backend&campaign=cpa&url=https://loans.creditlinks.in/jIQoBOrt"
"CreditMantri","Banking & Finance","CPL","Flat ₹24 / Lead
                            
                            Visit Store 
                            More Details","ACTIVE","https://inr.deals/track?id=med579083413&src=merchant-backend&campaign=cpl&url=https://www.creditmantri.com/campaign/equifax/credit-score/"
"Creditt+","Banking & Finance","CPA","Flat ₹900 / Action
                            
                            Visit Store 
                            More Details","INACTIVE","https://inr.deals/track?id=med579083413&src=merchant-backend&campaign=cpa&url=https://loan.credittnow.com/"
"Croma","Electronics","CPS","Upto 3.2% / Sale
                            
                            Visit Store 
                            More Details","ACTIVE","https://inr.deals/track?id=med579083413&src=merchant-backend&campaign=cps&url=https://www.croma.com/"
"DBS Digibank","Banking & Finance","CPA","Upto  ₹280 / Action
                            
                            Visit Store 
                            More Details","ACTIVE","https://inr.deals/track?id=med579083413&src=merchant-backend&campaign=cpa&url=https://www.dbs.com/"
"DCYPHR","Fashion","CPS","Flat 24% / Sale
                            
                            Visit Store 
                            More Details","ACTIVE","https://inr.deals/track?id=med579083413&src=merchant-backend&campaign=cps&url=https://dcyphr.in/"
"De Novoo","Fashion","CPS","Flat 12.8% / Sale
                            
                            Visit Store 
                            More Details","ACTIVE","https://inr.deals/track?id=med579083413&src=merchant-backend&campaign=cps&url=https://de-novoo.com/"
"Dell","Electronics","CPS","Upto 7.2% / Sale
                            
                            Visit Store 
                            More Details","INACTIVE","https://inr.deals/track?id=med579083413&src=merchant-backend&campaign=cps&url=https://www.dell.com/en-in"
"Denver","Health & Beauty","CPS","Flat 20% / Sale
                            
                            Visit Store 
                            More Details","INACTIVE","https://inr.deals/track?id=med579083413&src=merchant-backend&campaign=cps&url=https://denverformen.com/"
"DHgate","Accessories,Electronics","CPS","Upto 7.2% / Sale
                            
                            Visit Store 
                            More Details","ACTIVE","https://inr.deals/track?id=med579083413&src=merchant-backend&campaign=cps&url=https://www.dhgate.com"
"Dish TV","Entertainment,Online Serv..","CPA","Flat ₹480 / Action
                            
                            Visit Store 
                            More Details","ACTIVE","https://inr.deals/track?id=med579083413&src=merchant-backend&campaign=cpa&url=https://www.dishtv.in/"
"Disney+Hotstar","Entertainment","CPS","Upto ₹56 / Sale
                            
                            Visit Store 
                            More Details","INACTIVE","https://inr.deals/track?id=med579083413&src=merchant-backend&campaign=cps&url=https://www.hotstar.com"
"DocsApp","Online Services","CPS","Upto ₹700 / Sale
                            
                            Visit Store 
                            More Details","INACTIVE","https://inr.deals/track?id=med579083413&src=merchant-backend&campaign=cps&url=https://m.docsapp.in/"
"Domino's App","Food & Grocery","CPFT","Upto ₹28 / Sale
                            
                            Visit Store 
                            More Details","INACTIVE","https://inr.deals/track?id=med579083413&src=merchant-backend&campaign=cpft&url=https://play.google.com/store/apps/details?id=com.Dominos&hl=en_IN&gl=US"
"Dot & Key","Health & Beauty","CPS","Upto 11.52% / Sale
                            
                            Visit Store 
                            More Details","ACTIVE","https://inr.deals/track?id=med579083413&src=merchant-backend&campaign=cps&url=https://www.dotandkey.com/"
"Dressfolk","Fashion","CPS","Flat 20% / Sale
                            
                            Visit Store 
                            More Details","ACTIVE","https://inr.deals/track?id=med579083413&src=merchant-backend&campaign=cps&url=https://dressfolk.com/collections/sarees"
"Dunkin Donuts","Food & Grocery","CPS","Flat ₹300.24 / Sale
                            
                            Visit Store 
                            More Details","INACTIVE","https://inr.deals/track?id=med579083413&src=merchant-backend&campaign=cps&url=http://dunkinindia.com/"
"Durex","Health & Beauty","CPS_DUREX","Flat 17.6% / Sale
                            
                            Visit Store 
                            More Details","ACTIVE","https://inr.deals/track?id=med579083413&src=merchant-backend&campaign=cps_durex&url=https://www.durexindia.com/"
"Dyson India","Electronics","CPS","Flat 2.24% / Sale
                            
                            Visit Store 
                            More Details","ACTIVE","https://inr.deals/track?id=med579083413&src=merchant-backend&campaign=cps&url=https://www.dyson.in/"
"Earth Rhythm","Health & Beauty","CPS","Flat 14.4% / Sale
                            
                            Visit Store 
                            More Details","ACTIVE","https://inr.deals/track?id=med579083413&src=merchant-backend&campaign=cps&url=https://earthrhythm.com/"
"Elementor","Domain & Hosting","CPS","Upto  24.5% / Sale
                            
                            Visit Store 
                            More Details","INACTIVE","https://inr.deals/track?id=med579083413&src=merchant-backend&campaign=cps&url=https://elementor.com/"
"Elver ","Electronics","CPS","Flat 14% / Sale
                            
                            Visit Store 
                            More Details","ACTIVE","https://inr.deals/track?id=med579083413&src=merchant-backend&campaign=cps&url=https://elver.in/"
"Emami Zanducare","Health & Beauty","CPS_EMAMI","Flat 18.49% / Sale
                            
                            Visit Store 
                            More Details","ACTIVE","https://inr.deals/track?id=med579083413&src=merchant-backend&campaign=cps_emami&url=https://zanducare.com/"
"Emergency Paisa","Banking & Finance","CPL","Flat 3.2% / Lead
                            
                            Visit Store 
                            More Details","ACTIVE","https://inr.deals/track?id=med579083413&src=merchant-backend&campaign=cpl&url=https://emergencypaisa.com/"
"Envato Elements","Online Services","CPS","Upto ₹6624 / Sale
                            
                            Visit Store 
                            More Details","ACTIVE","https://inr.deals/track?id=med579083413&src=merchant-backend&campaign=cps&url=https://elements.envato.com/"
"Equitas Bank Saving","Banking & Finance","CPA","Flat ₹260.1 / Action
                            
                            Visit Store 
                            More Details","INACTIVE","https://inr.deals/track?id=med579083413&src=merchant-backend&campaign=cpa&url=https://inet.equitasbank.com/Selfe/"
"Eske","Fashion","CPS","Flat 13.6% / Sale
                            
                            Visit Store 
                            More Details","INACTIVE","https://inr.deals/track?id=med579083413&src=merchant-backend&campaign=cps&url=https://eske.in/"
"Espresso","Banking & Finance","CPA","Flat ₹600 / Action
                            
                            Visit Store 
                            More Details","INACTIVE","https://inr.deals/track?id=med579083413&src=merchant-backend&campaign=cpa&url=https://espresso.dematonline.com/"
"Etihad Airways","Travel","CPS","Flat 0.67% / Sale
                            
                            Visit Store 
                            More Details","ACTIVE","https://inr.deals/track?id=med579083413&src=merchant-backend&campaign=cps&url=https://www.etihad.com/en-ae/"
"ExpressVPN","Others","CPS","Upto ₹2124.85 / Sale
                            
                            Visit Store 
                            More Details","ACTIVE","https://inr.deals/track?id=med579083413&src=merchant-backend&campaign=cps&url=https://www.expressvpn.com/"
"Farmrooter","Online Services","CPS","Flat 15% / Sale
                            
                            Visit Store 
                            More Details","ACTIVE","https://inr.deals/track?id=med579083413&src=merchant-backend&campaign=cps&url=https://farmrooter.com/"
"Federal Bank Credit Card","Banking & Finance","CPA","Flat ₹900 / Action
                            
                            Visit Store 
                            More Details","ACTIVE","https://inr.deals/track?id=med579083413&src=merchant-backend&campaign=cpa&url=https://creditcards.federalbank.co.in"
"Ferns N Petals","Flowers & Gifts","CPS","Upto 7.2% / Sale
                            
                            Visit Store 
                            More Details","INACTIVE","https://inr.deals/track?id=med579083413&src=merchant-backend&campaign=cps&url=https://www.fnp.com"
"Fibe CPR","Banking & Finance","CPR","Upto  ₹24 / Register
                            
                            Visit Store 
                            More Details","ACTIVE","https://inr.deals/track?id=med579083413&src=merchant-backend&campaign=cpr&url=https://portal.fibe.in/new-check-credit-score-free"
"Firstcry","Baby & Kids","CPS","Upto ₹32 / Sale
                            
                            Visit Store 
                            More Details","ACTIVE","https://inr.deals/track?id=med579083413&src=merchant-backend&campaign=cps&url=https://www.firstcry.com/"
"Fiverr","Online Services","CPA","Upto ₹8280 / Action
                            
                            Visit Store 
                            More Details","ACTIVE","https://inr.deals/track?id=med579083413&src=merchant-backend&campaign=cpa&url=https://www.fiverr.com"
"Fiverr Hybrid","Online Services","CPA_HYBRID","Flat 8% / Sale
                            
                            Visit Store 
                            More Details","ACTIVE","https://inr.deals/track?id=med579083413&src=merchant-backend&campaign=cpa_hybrid&url=https://www.fiverr.com"
"Fiverr Learn","Education","CPA","Flat 24% / Action
                            
                            Visit Store 
                            More Details","ACTIVE","https://inr.deals/track?id=med579083413&src=merchant-backend&campaign=cpa&url=https://www.fiverr.com/"
"Flot","Banking & Finance","CPR","Flat ₹20 / Register
                            
                            Visit Store 
                            More Details","ACTIVE","https://inr.deals/track?id=med579083413&src=merchant-backend&campaign=cpr&url=https://myflot.com/"
"Floweraura","Gifting & Toys","CPS","Upto 10.8% / Sale
                            
                            Visit Store 
                            More Details","ACTIVE","https://inr.deals/track?id=med579083413&src=merchant-backend&campaign=cps&url=https://www.floweraura.com"
"Forest Essentials","Health & Beauty","CPS","Flat 16.8% / Sale
                            
                            Visit Store 
                            More Details","ACTIVE","https://inr.deals/track?id=med579083413&src=merchant-backend&campaign=cps&url=https://www.forestessentialsindia.com/"
"Fuel One","Sports & Fitness","CPS","Flat 3.04% / Sale
                            
                            Visit Store 
                            More Details","ACTIVE","https://inr.deals/track?id=med579083413&src=merchant-backend&campaign=cps&url=https://www.fuelone.in/"
"Fully Filmy","Fashion","CPS","Flat 16% / Sale
                            
                            Visit Store 
                            More Details","INACTIVE","https://inr.deals/track?id=med579083413&src=merchant-backend&campaign=cps&url=https://fullyfilmy.in/"
"Furlenco","Home & Kitchen","CPS","Flat ₹440 / Sale
                            
                            Visit Store 
                            More Details","ACTIVE","https://inr.deals/track?id=med579083413&src=merchant-backend&campaign=cps&url=https://www.furlenco.com/rent"
"Geekbuying","Electronics","CPS","Flat 4% / Sale
                            
                            Visit Store 
                            More Details","ACTIVE","https://inr.deals/track?id=med579083413&src=merchant-backend&campaign=cps&url=https://www.geekbuying.com/"
"GetyourGuide","Travel","CPS","Flat 6.4% / Sale
                            
                            Visit Store 
                            More Details","ACTIVE","https://inr.deals/track?id=med579083413&src=merchant-backend&campaign=cps&url=https://www.getyourguide.com/"
"Gharsoaps","Health & Beauty","CPS","Flat 12% / Sale
                            
                            Visit Store 
                            More Details","ACTIVE","https://inr.deals/track?id=med579083413&src=merchant-backend&campaign=cps&url=https://www.gharsoaps.shop/collections/best-seller"
"Go City","Travel","CPS","Flat 4% / Sale
                            
                            Visit Store 
                            More Details","ACTIVE","https://inr.deals/track?id=med579083413&src=merchant-backend&campaign=cps&url=https://gocity.com/en"
"Go24 Bottles","Home & Kitchen","CPS","Flat 5.6% / Sale
                            
                            Visit Store 
                            More Details","ACTIVE","https://inr.deals/track?id=med579083413&src=merchant-backend&campaign=cps&url=https://www.go24bottles.com/"
"Godaddy","Domain & Hosting","CPS","Upto 5.6% / Sale
                            
                            Visit Store 
                            More Details","INACTIVE","https://inr.deals/track?id=med579083413&src=merchant-backend&campaign=cps&url=https://www.godaddy.com/en-in/offers/generic/30off"
"Godrej Interio","Home & Kitchen","CPS","Flat 4% / Sale
                            
                            Visit Store 
                            More Details","ACTIVE","https://inr.deals/track?id=med579083413&src=merchant-backend&campaign=cps&url=https://interio.com/"
"GoEYE","Fashion","CPS","Flat 12% / Sale
                            
                            Visit Store 
                            More Details","ACTIVE","https://inr.deals/track?id=med579083413&src=merchant-backend&campaign=cps&url=https://goeye.in/"
"Goibibo (Flights)","Travel","CPS","Upto ₹160 / Sale
                            
                            Visit Store 
                            More Details","INACTIVE","https://inr.deals/track?id=med579083413&src=merchant-backend&campaign=cps&url=https://www.goibibo.com/flights/"
"Goibibo (Hotels)","Travel","HOTEL","Upto ₹288 / Sale
                            
                            Visit Store 
                            More Details","ACTIVE","https://inr.deals/track?id=med579083413&src=merchant-backend&campaign=hotel&url=https://www.goibibo.com/hotels/"
"GoStops","Travel","CPS","Flat 8.8% / Sale
                            
                            Visit Store 
                            More Details","ACTIVE","https://inr.deals/track?id=med579083413&src=merchant-backend&campaign=cps&url=https://gostops.com/stay/home"
"Gritzo","Food & Grocery","CPS","Flat 7.2% / Sale
                            
                            Visit Store 
                            More Details","ACTIVE","https://inr.deals/track?id=med579083413&src=merchant-backend&campaign=cps&url=https://gritzo.com/"
"Groww App","Banking & Finance,Online..","CPA","Flat ₹160 / Action
                            
                            Visit Store 
                            More Details","INACTIVE","https://inr.deals/track?id=med579083413&src=merchant-backend&campaign=cpa&url=https://groww.in"
"Guvi","Education","CPS","Upto 9.6% / Sale
                            
                            Visit Store 
                            More Details","ACTIVE","https://inr.deals/track?id=med579083413&src=merchant-backend&campaign=cps&url=https://www.guvi.in/"
"H&M","Fashion","CPS","Upto 4.03% / Sale
                            
                            Visit Store 
                            More Details","ACTIVE","https://inr.deals/track?id=med579083413&src=merchant-backend&campaign=cps&url=https://www2.hm.com/en_in/index.html"
"HaldiramsOnline","Food & Grocery","CPS","Flat 5.6% / Sale
                            
                            Visit Store 
                            More Details","ACTIVE","https://inr.deals/track?id=med579083413&src=merchant-backend&campaign=cps&url=https://haldirams.com/"
"Hamercop","Fashion","CPS","Flat 9.6% / Sale
                            
                            Visit Store 
                            More Details","ACTIVE","https://inr.deals/track?id=med579083413&src=merchant-backend&campaign=cps&url=https://hamercop.com/"
"Hamleys","Baby & Kids,Gifting & Toy..","CPS","Flat  5.04%  / Sale
                            
                            Visit Store 
                            More Details","INACTIVE","https://inr.deals/track?id=med579083413&src=merchant-backend&campaign=cps&url=https://www.hamleys.in/"
"Hammer","Electronics","CPS","Flat 5.2% / Sale
                            
                            Visit Store 
                            More Details","ACTIVE","https://inr.deals/track?id=med579083413&src=merchant-backend&campaign=cps&url=https://hammeronline.in/"
"Haus & Kinder","Home & Kitchen","CPS","Flat 8.16% / Sale
                            
                            Visit Store 
                            More Details","INACTIVE","https://inr.deals/track?id=med579083413&src=merchant-backend&campaign=cps&url=https://hausandkinder.com/"
"Havells","Electronics","CPS","Flat 2.04% / Sale
                            
                            Visit Store 
                            More Details","ACTIVE","https://inr.deals/track?id=med579083413&src=merchant-backend&campaign=cps&url=https://havells.com/"
"HDFC Ergo Car Insurance","Automobiles","CPS","Flat 40% / Sale
                            
                            Visit Store 
                            More Details","INACTIVE","https://inr.deals/track?id=med579083413&src=merchant-backend&campaign=cps&url=https://www.hdfcergo.com/"
"HDFC Pixel Card","Banking & Finance","CPA","Flat ₹1960 / Action
                            
                            Visit Store 
                            More Details","INACTIVE","https://inr.deals/track?id=med579083413&src=merchant-backend&campaign=cpa&url=https://applyonline.hdfcbank.com/cards/credit-cards.html"
"HDFC Sky","Banking & Finance","CPA","Upto ₹520 / Action
                            
                            Visit Store 
                            More Details","INACTIVE","https://inr.deals/track?id=med579083413&src=merchant-backend&campaign=cpa&url=https://hdfcsky.com/sem"
"Hdfc Tata Neu CC","Banking & Finance","CPL","Flat ₹1120 / Lead
                            
                            Visit Store 
                            More Details","ACTIVE","https://inr.deals/track?id=med579083413&src=merchant-backend&campaign=cpl&url=https://applyonline.hdfcbank.com/cards/credit-cards.html"
"Healthkart","Sports & Fitness","CPS","Upto 5.04% / Sale
                            
                            Visit Store 
                            More Details","ACTIVE","https://inr.deals/track?id=med579083413&src=merchant-backend&campaign=cps&url=https://www.healthkart.com/"
"Himalaya SkinCare","Health & Beauty","CPS","Flat 22.4% / Sale
                            
                            Visit Store 
                            More Details","INACTIVE","https://inr.deals/track?id=med579083413&src=merchant-backend&campaign=cps&url=https://himalayawellness.in/pages/search-results-page"
"HK Vitals","Health & Beauty","CPS","Flat 15.2% / Sale
                            
                            Visit Store 
                            More Details","ACTIVE","https://inr.deals/track?id=med579083413&src=merchant-backend&campaign=cps&url=https://www.hkvitals.com/"
"HOK Makeup","Health & Beauty","CPS","Flat 9.6% / Sale
                            
                            Visit Store 
                            More Details","ACTIVE","https://inr.deals/track?id=med579083413&src=merchant-backend&campaign=cps&url=https://www.hokmakeup.com/"
"Homestyler","Home & Kitchen","CPS","Upto 20.8% / Sale
                            
                            Visit Store 
                            More Details","INACTIVE","https://inr.deals/track?id=med579083413&src=merchant-backend&campaign=cps&url=https://www.homestyler.com/solution/design_floor-planner"
"Hong's Kitchen","Food & Grocery","CPS","Flat ₹288 / Sale
                            
                            Visit Store 
                            More Details","INACTIVE","https://inr.deals/track?id=med579083413&src=merchant-backend&campaign=cps&url=https://hongskitchen.in"
"HostGator","Domain & Hosting","CPS","Upto ₹2250 / Sale
                            
                            Visit Store 
                            More Details","INACTIVE","https://inr.deals/track?id=med579083413&src=merchant-backend&campaign=cps&url=https://www.hostgator.in"
"Hostinger","Domain & Hosting","CPS","Flat 48.02% / Sale
                            
                            Visit Store 
                            More Details","ACTIVE","https://inr.deals/track?id=med579083413&src=merchant-backend&campaign=cps&url=https://www.hostinger.com/in"
"Hostpapa","Domain & Hosting","CPA","Flat ₹2520 / Action
                            
                            Visit Store 
                            More Details","ACTIVE","https://inr.deals/track?id=med579083413&src=merchant-backend&campaign=cpa&url=https://www.hostpapa.com/"
"HSBC Credit Card","Banking & Finance","CPA","Flat ₹2400 / Action
                            
                            Visit Store 
                            More Details","ACTIVE","https://inr.deals/track?id=med579083413&src=merchant-backend&campaign=cpa&url=https://www.accountopening.hsbc.co.in/credit-cards/"
"HyugaLife","Health & Beauty","CPS","Upto 7.92% / Sale
                            
                            Visit Store 
                            More Details","INACTIVE","https://inr.deals/track?id=med579083413&src=merchant-backend&campaign=cps&url=https://hyugalife.com/"
"Iba Cosmetics","Health & Beauty","CPS","Flat 12.8% / Sale
                            
                            Visit Store 
                            More Details","ACTIVE","https://inr.deals/track?id=med579083413&src=merchant-backend&campaign=cps&url=https://ibacosmetics.com/"
"ICICI Credit Card","Banking & Finance","CPA","Flat ₹1200 / Action
                            
                            Visit Store 
                            More Details","INACTIVE","https://inr.deals/track?id=med579083413&src=merchant-backend&campaign=cpa&url=https://campaigns.icicibank.com/credit-card/platinumCreditCard/index.html"
"ICICI Lombard (Bike)","Automobiles","CPL_SALE","Flat 26% / Sale
                            
                            Visit Store 
                            More Details","ACTIVE","https://inr.deals/track?id=med579083413&src=merchant-backend&campaign=cpl_sale&url=https://www.icicilombard.com/motor-insurance/two-wheeler-insurance"
"ICICI Lombard (Car)","Banking & Finance","CPA","Flat 32% / Action
                            
                            Visit Store 
                            More Details","ACTIVE","https://inr.deals/track?id=med579083413&src=merchant-backend&campaign=cpa&url=https://www.icicilombard.com/motor-insurance/car-insurance"
"IDFC Bank - CC","Banking & Finance","CPA","Upto ₹900 / Action
                            
                            Visit Store 
                            More Details","ACTIVE","https://inr.deals/track?id=med579083413&src=merchant-backend&campaign=cpa&url=https://www.idfcfirstbank.com/credit-card/ntb-diy/apply"
"IDFC SA","Banking & Finance","CPA","Upto ₹1200 / Action
                            
                            Visit Store 
                            More Details","ACTIVE","https://inr.deals/track?id=med579083413&src=merchant-backend&campaign=cpa&url=https://digital.idfcfirst.bank.in/apply/savings"
"iHerb","Health & Beauty","CPS","Upto 4% / Sale
                            
                            Visit Store 
                            More Details","ACTIVE","https://inr.deals/track?id=med579083413&src=merchant-backend&campaign=cps&url=https://in.iherb.com"
"Indian Gifts Portal","Gifting & Toys","CPS","Flat 7.92% / Sale
                            
                            Visit Store 
                            More Details","ACTIVE","https://inr.deals/track?id=med579083413&src=merchant-backend&campaign=cps&url=https://www.igp.com/"
"Indie By Indusind Bank App","Banking & Finance","CPA","Flat ₹510 / Action
                            
                            Visit Store 
                            More Details","INACTIVE","https://inr.deals/track?id=med579083413&src=merchant-backend&campaign=cpa&url=https://www.indusind.com/in/en/personal/accounts/saving-account.html"
"Indusind Credit Card","Banking & Finance","CPA","Flat ₹1520 / Action
                            
                            Visit Store 
                            More Details","ACTIVE","https://inr.deals/track?id=med579083413&src=merchant-backend&campaign=cpa&url=https://induseasycredit.indusind.bank.in/"
"Indusind Saving Account","Banking & Finance","CPL","Flat ₹720 / Lead
                            
                            Visit Store 
                            More Details","ACTIVE","https://inr.deals/track?id=med579083413&src=merchant-backend&campaign=cpl&url=https://myaccount.indusind.bank.in/savingsaccount/index.aspx"
"Industrybuying","Home & Kitchen","CPS","Upto 7.28% / Sale
                            
                            Visit Store 
                            More Details","INACTIVE","https://inr.deals/track?id=med579083413&src=merchant-backend&campaign=cps&url=https://www.industrybuying.com/"
"Inmotion Hosting","Domain & Hosting","CPA","Upto 35.7% / Action
                            
                            Visit Store 
                            More Details","INACTIVE","https://inr.deals/track?id=med579083413&src=merchant-backend&campaign=cpa&url=https://www.inmotionhosting.com/"
"Instamoney","Banking & Finance","CPA","Upto  ₹70 / Action
                            
                            Visit Store 
                            More Details","ACTIVE","https://inr.deals/track?id=med579083413&src=merchant-backend&campaign=cpa&url=https://www.instamoney.app/"
"Instax","Electronics","CPS","Flat 12% / Sale
                            
                            Visit Store 
                            More Details","ACTIVE","https://inr.deals/track?id=med579083413&src=merchant-backend&campaign=cps&url=https://www.instax.in/collections/shop-all"
"IRCTC","Travel","CPS","Upto 4% / Sale
                            
                            Visit Store 
                            More Details","INACTIVE","https://inr.deals/track?id=med579083413&src=merchant-backend&campaign=cps&url=https://www.irctc.co.in/nget/train-search"
"ITA Airways","Travel","CPS","Upto 3.98% / Sale
                            
                            Visit Store 
                            More Details","ACTIVE","https://inr.deals/track?id=med579083413&src=merchant-backend&campaign=cps&url=https://www.ita-airways.com/us/en/homepage"
"iThemes","Domain & Hosting","CPS","Flat 15% / Sale
                            
                            Visit Store 
                            More Details","INACTIVE","https://inr.deals/track?id=med579083413&src=merchant-backend&campaign=cps&url=https://solidwp.com/"
"Jack&Jones Junior","Baby & Kids","CPS","Flat 8.4% / Sale
                            
                            Visit Store 
                            More Details","INACTIVE","https://inr.deals/track?id=med579083413&src=merchant-backend&campaign=cps&url=https://www.jackjonesjunior.in/"
"Jaypore","Fashion","CPS","Flat 8.4% / Sale
                            
                            Visit Store 
                            More Details","ACTIVE","https://inr.deals/track?id=med579083413&src=merchant-backend&campaign=cps&url=https://www.jaypore.com/c/eoss-2025"
"JBL","Electronics","CPS","Flat 9.6% / Sale
                            
                            Visit Store 
                            More Details","ACTIVE","https://inr.deals/track?id=med579083413&src=merchant-backend&campaign=cps&url=https://in.jbl.com/"
"JioMart","Food & Grocery","CPS","Flat ₹120 / Sale
                            
                            Visit Store 
                            More Details","INACTIVE","https://inr.deals/track?id=med579083413&src=merchant-backend&campaign=cps&url=https://www.jiomart.com/"
"Jivisa","Health & Beauty","CPS","Flat 41.44% / Sale
                            
                            Visit Store 
                            More Details","ACTIVE","https://inr.deals/track?id=med579083413&src=merchant-backend&campaign=cps&url=https://jivisa.in/"
"Jockey","Fashion","CPS","Flat 12% / Sale
                            
                            Visit Store 
                            More Details","ACTIVE","https://inr.deals/track?id=med579083413&src=merchant-backend&campaign=cps&url=https://www.jockey.in"
"Jupiter CSB Edge+ RuPay CC","Banking & Finance","CPA","Upto ₹1280 / Action
                            
                            Visit Store 
                            More Details","ACTIVE","https://inr.deals/track?id=med579083413&src=merchant-backend&campaign=cpa&url=https://web.jupiter.money/rupay-csb/web-ob/landing"
"Kama Ayurveda","Health & Beauty","CPS","Flat 17.5% / Sale
                            
                            Visit Store 
                            More Details","ACTIVE","https://inr.deals/track?id=med579083413&src=merchant-backend&campaign=cps&url=https://www.kamaayurveda.in"
"Kapiva","Food & Grocery,Health & B..","CPS","Upto 14.4% / Sale
                            
                            Visit Store 
                            More Details","ACTIVE","https://inr.deals/track?id=med579083413&src=merchant-backend&campaign=cps&url=https://kapiva.in/shop-all/"
"Kent RO","Home & Kitchen","CPL","Flat ₹60 / Lead
                            
                            Visit Store 
                            More Details","INACTIVE","https://inr.deals/track?id=med579083413&src=merchant-backend&campaign=cpl&url=https://www.kentaffiliate.com"
"Kerala Ayurveda","Health & Beauty","CPS","Flat 21.6% / Sale
                            
                            Visit Store 
                            More Details","ACTIVE","https://inr.deals/track?id=med579083413&src=merchant-backend&campaign=cps&url=https://keralaayurveda.com"
"KFC Delivery","Food & Grocery","CPS","Flat ₹36 / Sale
                            
                            Visit Store 
                            More Details","INACTIVE","https://inr.deals/track?id=med579083413&src=merchant-backend&campaign=cps&url=https://online.kfc.co.in/menu"
"Kids Only","Baby & Kids","CPS","Flat 8.4% / Sale
                            
                            Visit Store 
                            More Details","INACTIVE","https://inr.deals/track?id=med579083413&src=merchant-backend&campaign=cps&url=https://www.kidsonly.in/"
"Kiehl's ","Fashion,Health & Beauty","CPS","Flat 40% / Sale
                            
                            Visit Store 
                            More Details","INACTIVE","https://inr.deals/track?id=med579083413&src=merchant-backend&campaign=cps&url=https://kiehls.in/"
"Kindlife","Health & Beauty","CPS","Flat 13.68% / Sale
                            
                            Visit Store 
                            More Details","ACTIVE","https://inr.deals/track?id=med579083413&src=merchant-backend&campaign=cps&url=https://www.kindlife.in/"
"Kiro Beauty","Health & Beauty","CPS","Flat 32% / Sale
                            
                            Visit Store 
                            More Details","INACTIVE","https://inr.deals/track?id=med579083413&src=merchant-backend&campaign=cps&url=https://kirobeauty.com/collections/all"
"Klook","Travel","CPS","Upto 3.4% / Sale
                            
                            Visit Store 
                            More Details","ACTIVE","https://inr.deals/track?id=med579083413&src=merchant-backend&campaign=cps&url=https://www.klook.com/"
"Knowledgehut ","Education","CPS","Flat 10.01% / Sale
                            
                            Visit Store 
                            More Details","INACTIVE","https://inr.deals/track?id=med579083413&src=merchant-backend&campaign=cps&url=https://www.knowledgehut.com/"
"Koskii","Fashion","CPS","Flat 10% / Sale
                            
                            Visit Store 
                            More Details","INACTIVE","https://inr.deals/track?id=med579083413&src=merchant-backend&campaign=cps&url=https://www.koskii.com/"
"Kotak 811","Banking & Finance","CPL","Flat ₹400 / Lead
                            
                            Visit Store 
                            More Details","ACTIVE","https://inr.deals/track?id=med579083413&src=merchant-backend&campaign=cpl&url=https://www.kotak811.com"
"Kotak 811 Super Account","Banking & Finance","CPA","Flat ₹960 / Action
                            
                            Visit Store 
                            More Details","ACTIVE","https://inr.deals/track?id=med579083413&src=merchant-backend&campaign=cpa&url=https://www.kotak811.com"
"Kotak Credit Card","Banking & Finance,Banking..","CPA","Flat ₹1064 / Action
                            
                            Visit Store 
                            More Details","INACTIVE","https://inr.deals/track?id=med579083413&src=merchant-backend&campaign=cpa&url=https://cards.kotak.com/card-details?productLogo=785&channelCode=SF96&feeCode=111"
"Kotak Express","Banking & Finance","CPL","Flat ₹803 / Lead
                            
                            Visit Store 
                            More Details","INACTIVE","https://inr.deals/track?id=med579083413&src=merchant-backend&campaign=cpl&url=https://kapps.kotak.com/kotakXpress/xpress/xpress-home.action"
"KredBharat","Banking & Finance","CPR","Flat ₹16 / Register
                            
                            Visit Store 
                            More Details","ACTIVE","https://inr.deals/track?id=med579083413&src=merchant-backend&campaign=cpr&url=https://lending.kredbharat.com/"
"Kreditbee","","CPA","Upto  5.6% / Action
                            
                            Visit Store 
                            More Details","INACTIVE","https://inr.deals/track?id=med579083413&src=merchant-backend&campaign=cpa&url=https://app.appsflyer.com/com.kreditbee.android"
"Krishna's Herbal & Ayurveda","Health & Beauty","CPS","Flat 11.4% / Sale
                            
                            Visit Store 
                            More Details","ACTIVE","https://inr.deals/track?id=med579083413&src=merchant-backend&campaign=cps&url=https://krishnaayurved.com"
"Kuku FM","Entertainment","CPS","Flat ₹25 / Sale
                            
                            Visit Store 
                            More Details","INACTIVE","https://inr.deals/track?id=med579083413&src=merchant-backend&campaign=cps&url=https://kukufm.com/"
"Kurlon","Home & Kitchen","CPS","Flat 9.6% / Sale
                            
                            Visit Store 
                            More Details","ACTIVE","https://inr.deals/track?id=med579083413&src=merchant-backend&campaign=cps&url=https://kurlon.com"
"Lastpass","Software","CPS","Flat 17% / Sale
                            
                            Visit Store 
                            More Details","ACTIVE","https://inr.deals/track?id=med579083413&src=merchant-backend&campaign=cps&url=https://www.lastpass.com/"
"Lavie World","Fashion","CPS","Flat 24% / Sale
                            
                            Visit Store 
                            More Details","ACTIVE","https://inr.deals/track?id=med579083413&src=merchant-backend&campaign=cps&url=http://www.lavieworld.com"
"Lenovo","Electronics","CPS","Upto 6.4% / Sale
                            
                            Visit Store 
                            More Details","ACTIVE","https://inr.deals/track?id=med579083413&src=merchant-backend&campaign=cps&url=https://www.lenovo.com/in/en/"
"Levis","Fashion","CPS","Flat 10.8% / Sale
                            
                            Visit Store 
                            More Details","ACTIVE","https://inr.deals/track?id=med579083413&src=merchant-backend&campaign=cps&url=https://levi.in/collections/new-arrivals"
"Libas","Fashion","CPS","Flat 6.8% / Sale
                            
                            Visit Store 
                            More Details","ACTIVE","https://inr.deals/track?id=med579083413&src=merchant-backend&campaign=cps&url=https://www.libas.in/"
"Licious App","Food & Grocery","CPS","Flat ₹240 / Sale
                            
                            Visit Store 
                            More Details","ACTIVE","https://inr.deals/track?id=med579083413&src=merchant-backend&campaign=cps&url=https://www.licious.in"
"Lifelong India Online","Baby & Kids,Home & Kitche..","CPS","Flat 14% / Sale
                            
                            Visit Store 
                            More Details","ACTIVE","https://inr.deals/track?id=med579083413&src=merchant-backend&campaign=cps&url=https://www.lifelongindiaonline.com/"
"Linenclub","Fashion","CPS","Flat 8% / Sale
                            
                            Visit Store 
                            More Details","ACTIVE","https://inr.deals/track?id=med579083413&src=merchant-backend&campaign=cps&url=https://www.linenclub.com/"
"Liva","Fashion","CPS","Flat 4.2% / Sale
                            
                            Visit Store 
                            More Details","ACTIVE","https://inr.deals/track?id=med579083413&src=merchant-backend&campaign=cps&url=https://www.livabybirlacellulose.com/consumer/buy-liva"
"Loopearplugs","Electronics","CPS","Flat 14% / Sale
                            
                            Visit Store 
                            More Details","ACTIVE","https://inr.deals/track?id=med579083413&src=merchant-backend&campaign=cps&url=https://loopearplugs.in/"
"Lotto Sport","Fashion","CPS","Flat 6.4% / Sale
                            
                            Visit Store 
                            More Details","ACTIVE","https://inr.deals/track?id=med579083413&src=merchant-backend&campaign=cps&url=https://lottosport.in/"
"Lunaer World","Health & Beauty","CPS","Flat 15.2% / Sale
                            
                            Visit Store 
                            More Details","ACTIVE","https://inr.deals/track?id=med579083413&src=merchant-backend&campaign=cps&url=https://www.lunaerworld.com/apps/qe/gbb/3902"
"Mahindra University OTP Lead","Education","CPL","Flat ₹12 / Lead
                            
                            Visit Store 
                            More Details","INACTIVE","https://inr.deals/track?id=med579083413&src=merchant-backend&campaign=cpl&url=https://admission.mahindrauniversity.edu.in/"
"Makemytrip (Domestic Hotels)","Travel","HOTEL","Flat ₹144 / Sale
                            
                            Visit Store 
                            More Details","ACTIVE","https://inr.deals/track?id=med579083413&src=merchant-backend&campaign=hotel&url=https://www.makemytrip.com/hotels/"
"Makemytrip (Int Hotels)","Travel","INTERNATIONL_HOTEL","Flat ₹200 / Sale
                            
                            Visit Store 
                            More Details","ACTIVE","https://inr.deals/track?id=med579083413&src=merchant-backend&campaign=internationl_hotel&url=https://www.makemytrip.com/hotels-international/"
"Makemytrip(Domestic Flights)","Travel","CPS","Flat ₹104 / Sale
                            
                            Visit Store 
                            More Details","INACTIVE","https://inr.deals/track?id=med579083413&src=merchant-backend&campaign=cps&url=https://www.makemytrip.com/flights"
"Makemytrip(Int Flight)","Travel","INTERNATIONL_FLIGHT","Flat ₹160 / Sale
                            
                            Visit Store 
                            More Details","INACTIVE","https://inr.deals/track?id=med579083413&src=merchant-backend&campaign=internationl_flight&url=https://www.makemytrip.com/international-flights/"
"Malaysia Airlines","Travel","CPS","Upto 1.28% / Sale
                            
                            Visit Store 
                            More Details","ACTIVE","https://inr.deals/track?id=med579083413&src=merchant-backend&campaign=cps&url=https://www.malaysiaairlines.com/my/en/home.html"
"Man Matters","Health & Beauty","CPS","Flat 22.4% / Sale
                            
                            Visit Store 
                            More Details","ACTIVE","https://inr.deals/track?id=med579083413&src=merchant-backend&campaign=cps&url=https://manmatters.com/"
"Marks and Spencer","Fashion","CPS","Flat 18.55% / Sale
                            
                            Visit Store 
                            More Details","ACTIVE","https://inr.deals/track?id=med579083413&src=merchant-backend&campaign=cps&url=https://www.marksandspencer.in/"
"Max Life Insurance","Online Services","CPS","Upto  80% / Sale
                            
                            Visit Store 
                            More Details","INACTIVE","https://inr.deals/track?id=med579083413&src=merchant-backend&campaign=cps&url=https://www.maxlifeinsurance.com/term-insurance-plans/premium-calculator"
"mCaffeine","Health & Beauty","CPS","Flat 14.4% / Sale
                            
                            Visit Store 
                            More Details","INACTIVE","https://inr.deals/track?id=med579083413&src=merchant-backend&campaign=cps&url=https://www.mcaffeine.com/collections/special-offer"
"McDonalds App","Food & Grocery","CPS_APP","Upto ₹48 / Sale
                            
                            Visit Store 
                            More Details","INACTIVE","https://inr.deals/track?id=med579083413&src=merchant-backend&campaign=cps_app&url=https://mcdindia.com/"
"Medibuddy (Lab Test)","Medical & Healthcare","CPS_SALE","Flat ₹90 / Sale
                            
                            Visit Store 
                            More Details","ACTIVE","https://inr.deals/track?id=med579083413&src=merchant-backend&campaign=cps_sale&url=https://www.medibuddy.in"
"MILTON","Home & Kitchen","CPS","Flat 10.8% / Sale
                            
                            Visit Store 
                            More Details","ACTIVE","https://inr.deals/track?id=med579083413&src=merchant-backend&campaign=cps&url=https://www.milton.in/"
"mivi","Electronics","CPS","Flat 7.2% / Sale
                            
                            Visit Store 
                            More Details","ACTIVE","https://inr.deals/track?id=med579083413&src=merchant-backend&campaign=cps&url=https://www.mivi.in/"
"Mobikwik Recharge","Online Services","CPS","Upto 6.38% / Sale
                            
                            Visit Store 
                            More Details","INACTIVE","https://inr.deals/track?id=med579083413&src=merchant-backend&campaign=cps&url=https://www.mobikwik.com/"
"Moglix","Electronics","CPS","Flat 4.32% / Sale
                            
                            Visit Store 
                            More Details","ACTIVE","https://inr.deals/track?id=med579083413&src=merchant-backend&campaign=cps&url=https://www.moglix.com"
"Money Control PL","Banking & Finance","CPL","Upto  ₹150 / Lead
                            
                            Visit Store 
                            More Details","ACTIVE","https://inr.deals/track?id=med579083413&src=merchant-backend&campaign=cpl&url=https://www.moneycontrolpay.com/"
"Moneyview","Banking & Finance","CPA","Upto  ₹512 / Action
                            
                            Visit Store 
                            More Details","INACTIVE","https://inr.deals/track?id=med579083413&src=merchant-backend&campaign=cpa&url=https://moneyview.in"
"Muscle Blaze","Sports & Fitness","CPS","Flat 5.04% / Sale
                            
                            Visit Store 
                            More Details","ACTIVE","https://inr.deals/track?id=med579083413&src=merchant-backend&campaign=cps&url=https://www.muscleblaze.com/"
"Muscletech","Sports & Fitness","CPS","Flat 6.4% / Sale
                            
                            Visit Store 
                            More Details","ACTIVE","https://inr.deals/track?id=med579083413&src=merchant-backend&campaign=cps&url=https://www.muscletech.in/"
"My Muse","Health & Beauty","CPS","Flat 10.8% / Sale
                            
                            Visit Store 
                            More Details","ACTIVE","https://inr.deals/track?id=med579083413&src=merchant-backend&campaign=cps&url=https://mymuse.in/"
"My11Circle","Entertainment,Gaming","CPA","Upto ₹400 / Action
                            
                            Visit Store 
                            More Details","INACTIVE","https://inr.deals/track?id=med579083413&src=merchant-backend&campaign=cpa&url=https://www.my11circle.com"
"MyFlowerApp","Gifting & Toys","CPS","Flat 24.04% / Sale
                            
                            Visit Store 
                            More Details","INACTIVE","https://inr.deals/track?id=med579083413&src=merchant-backend&campaign=cps&url=https://www.myflowerapp.com/"
"MyGlamm","Health & Beauty","CPS","Flat 13.6% / Sale
                            
                            Visit Store 
                            More Details","INACTIVE","https://inr.deals/track?id=med579083413&src=merchant-backend&campaign=cps&url=https://www.myglamm.com"
"Myntra","Fashion & Apparels","CPS","Upto 7.2% / Sale
                            
                            Visit Store 
                            More Details","ACTIVE","https://inr.deals/track?id=med579083413&src=merchant-backend&campaign=cps&url=https://www.myntra.com"
"Myteam11 CPR","Gaming","CPA","Flat ₹32 / Action
                            
                            Visit Store 
                            More Details","INACTIVE","https://inr.deals/track?id=med579083413&src=merchant-backend&campaign=cpa&url=https://www.myteam11.com/"
"Naaptol","Electronics,Fashion & App..","CPS","Flat ₹68 / Sale
                            
                            Visit Store 
                            More Details","INACTIVE","https://inr.deals/track?id=med579083413&src=merchant-backend&campaign=cps&url=https://www.naaptol.com/"
"Navi UPI","Banking & Finance","CPL","Upto ₹6.4 / Lead
                            
                            Visit Store 
                            More Details","INACTIVE","https://inr.deals/track?id=med579083413&src=merchant-backend&campaign=cpl&url=https://navi.com/navi-upi"
"Neeman's","Fashion","CPS","Flat 8.5% / Sale
                            
                            Visit Store 
                            More Details","ACTIVE","https://inr.deals/track?id=med579083413&src=merchant-backend&campaign=cps&url=https://neemans.com/"
"Netflix","Entertainment","CPS","Flat ₹80 / Sale
                            
                            Visit Store 
                            More Details","INACTIVE","https://inr.deals/track?id=med579083413&src=merchant-backend&campaign=cps&url=https://www.netflix.com"
"Neuherbs","Food & Grocery,Health & B..","CPS","Flat 14.4% / Sale
                            
                            Visit Store 
                            More Details","ACTIVE","https://inr.deals/track?id=med579083413&src=merchant-backend&campaign=cps&url=https://neuherbs.com/"
"Newchic","Fashion","CPS","Upto 14.4% / Sale
                            
                            Visit Store 
                            More Details","ACTIVE","https://inr.deals/track?id=med579083413&src=merchant-backend&campaign=cps&url=https://www.newchic.com/"
"Nike","Fashion","CPS","Flat 0.62% / Sale
                            
                            Visit Store 
                            More Details","INACTIVE","https://inr.deals/track?id=med579083413&src=merchant-backend&campaign=cps&url=https://www.nike.com/in/"
"Nilkamal Sleep","Home & Kitchen","CPS","Flat 12% / Sale
                            
                            Visit Store 
                            More Details","ACTIVE","https://inr.deals/track?id=med579083413&src=merchant-backend&campaign=cps&url=https://www.nilkamalsleep.com/"
"Niyox Saving Account","Banking & Finance,Online..","CPA","Upto ₹152 / Action
                            
                            Visit Store 
                            More Details","INACTIVE","https://inr.deals/track?id=med579083413&src=merchant-backend&campaign=cpa&url=https://www.goniyo.com/niyox-equitas/"
"NMIMS MBA","Education","CPL","Upto  ₹280 / Lead
                            
                            Visit Store 
                            More Details","ACTIVE","https://inr.deals/track?id=med579083413&src=merchant-backend&campaign=cpl&url=https://campaign.online.nmims.edu/mba-online-programme-campaign-otp"
"Nnnow","Fashion,Health & Beauty","CPS","Flat ₹160 / Sale
                            
                            Visit Store 
                            More Details","INACTIVE","https://inr.deals/track?id=med579083413&src=merchant-backend&campaign=cps&url=https://www.nnnow.com/"
"Noise","Electronics","CPS","Flat 5.76% / Sale
                            
                            Visit Store 
                            More Details","ACTIVE","https://inr.deals/track?id=med579083413&src=merchant-backend&campaign=cps&url=https://www.gonoise.com/"
"Nord Vpn","Others","CPS","Upto 56% / Sale
                            
                            Visit Store 
                            More Details","ACTIVE","https://inr.deals/track?id=med579083413&src=merchant-backend&campaign=cps&url=https://nordvpn.com/"
"Nua","Health & Beauty","CPS","Flat 19.2% / Sale
                            
                            Visit Store 
                            More Details","ACTIVE","https://inr.deals/track?id=med579083413&src=merchant-backend&campaign=cps&url=https://nuawoman.com/"
"Nykaa Beauty","Health & Beauty","CPS","Upto 5.44% / Sale
                            
                            Visit Store 
                            More Details","ACTIVE","https://inr.deals/track?id=med579083413&src=merchant-backend&campaign=cps&url=https://www.nykaa.com/"
"Nykaa Fashion","Fashion","CPS","Upto 5.44% / Sale
                            
                            Visit Store 
                            More Details","ACTIVE","https://inr.deals/track?id=med579083413&src=merchant-backend&campaign=cps&url=https://www.nykaafashion.com/"
"Ola","Travel","CPS","Flat 4% / Sale
                            
                            Visit Store 
                            More Details","INACTIVE","https://inr.deals/track?id=med579083413&src=merchant-backend&campaign=cps&url=https://www.olacabs.com/"
"Opinion World","Education","CPL","Flat ₹128 / Lead
                            
                            Visit Store 
                            More Details","ACTIVE","https://inr.deals/track?id=med579083413&src=merchant-backend&campaign=cpl&url=https://www.opinionworld.in/"
"Oppo","Electronics","CPS","Upto 3.4% / Sale
                            
                            Visit Store 
                            More Details","ACTIVE","https://inr.deals/track?id=med579083413&src=merchant-backend&campaign=cps&url=https://www.oppo.com/in/store"
"Oziva","Health & Beauty","CPS","Upto 13.6% / Sale
                            
                            Visit Store 
                            More Details","INACTIVE","https://inr.deals/track?id=med579083413&src=merchant-backend&campaign=cps&url=https://www.oziva.in/"
"P N Gadgil Jewellers","Jewelery","CPS","Upto 1.75% / Sale
                            
                            Visit Store 
                            More Details","ACTIVE","https://inr.deals/track?id=med579083413&src=merchant-backend&campaign=cps&url=https://www.pngjewellers.com/"
"P&G","Health & Beauty","CPS","Flat 8.29% / Sale
                            
                            Visit Store 
                            More Details","INACTIVE","https://inr.deals/track?id=med579083413&src=merchant-backend&campaign=cps&url=https://pgshop.in/exciting-offers"
"Paisa Bazaar PL","Banking & Finance","CPL","Flat ₹640 / Lead
                            
                            Visit Store 
                            More Details","INACTIVE","https://inr.deals/track?id=med579083413&src=merchant-backend&campaign=cpl&url=https://www.paisabazaar.com/personal-loans"
"PaisaBazaar Credit Score","Banking & Finance","CPR","Flat ₹14 / Register
                            
                            Visit Store 
                            More Details","INACTIVE","https://inr.deals/track?id=med579083413&src=merchant-backend&campaign=cpr&url=https://creditreport.paisabazaar.com/credit-report/apply"
"Paisabazaar PL {App} CPR","Banking & Finance","CPR_APP","Flat ₹64 / Sale
                            
                            Visit Store 
                            More Details","INACTIVE","https://inr.deals/track?id=med579083413&src=merchant-backend&campaign=cpr_app&url=https://creditreport.paisabazaar.com/"
"PantProject","Fashion","CPS","Flat 9.6% / Sale
                            
                            Visit Store 
                            More Details","ACTIVE","https://inr.deals/track?id=med579083413&src=merchant-backend&campaign=cps&url=https://pantproject.com/"
"Paytm Mall ","Electronics,Fashion & App..","CPS","Upto 16% / Sale
                            
                            Visit Store 
                            More Details","INACTIVE","https://inr.deals/track?id=med579083413&src=merchant-backend&campaign=cps&url=https://paytmmall.com"
"Paytm Money (CPA)","Banking & Finance","CPA","Flat ₹455 / Action
                            
                            Visit Store 
                            More Details","INACTIVE","https://inr.deals/track?id=med579083413&src=merchant-backend&campaign=cpa&url=https://www.paytmmoney.com/"
"Peepul Tree","Home & Kitchen","CPS","Flat 3.6% / Sale
                            
                            Visit Store 
                            More Details","ACTIVE","https://inr.deals/track?id=med579083413&src=merchant-backend&campaign=cps&url=https://www.peepultree.world/"
"Pelago","Travel","CPS","Upto 6.8% / Sale
                            
                            Visit Store 
                            More Details","ACTIVE","https://inr.deals/track?id=med579083413&src=merchant-backend&campaign=cps&url=https://www.pelago.com/en-IN/"
"Pepe Jeans","Fashion","CPS","Flat 12% / Sale
                            
                            Visit Store 
                            More Details","ACTIVE","https://inr.deals/track?id=med579083413&src=merchant-backend&campaign=cps&url=https://www.pepejeans.in/"
"Pepperfry","Home & Kitchen","CPS","Upto 3.92% / Sale
                            
                            Visit Store 
                            More Details","ACTIVE","https://inr.deals/track?id=med579083413&src=merchant-backend&campaign=cps&url=https://www.pepperfry.com"
"Perfora","Health & Beauty","CPS","Upto 12.4% / Sale
                            
                            Visit Store 
                            More Details","ACTIVE","https://inr.deals/track?id=med579083413&src=merchant-backend&campaign=cps&url=https://perforacare.com/"
"PharmEasy","Medical & Healthcare","CPS","Upto ₹306 / Sale
                            
                            Visit Store 
                            More Details","INACTIVE","https://inr.deals/track?id=med579083413&src=merchant-backend&campaign=cps&url=https://pharmeasy.in"
"Pharmeasy CPT","Health & Beauty","CPT","Upto ₹168 / Sale
                            
                            Visit Store 
                            More Details","INACTIVE","https://inr.deals/track?id=med579083413&src=merchant-backend&campaign=cpt&url=https://pharmeasy.in"
"Philips","Electronics","CPS","Flat 4.4% / Sale
                            
                            Visit Store 
                            More Details","ACTIVE","https://inr.deals/track?id=med579083413&src=merchant-backend&campaign=cps&url=https://www.domesticappliances.philips.co.in/"
"Pizza Hut_App","Food & Grocery","CPA","Flat ₹40 / Action
                            
                            Visit Store 
                            More Details","INACTIVE","https://inr.deals/track?id=med579083413&src=merchant-backend&campaign=cpa&url=https://pizzahutuniversal.app.link"
"Plum Goodness","Health & Beauty","CPS","Upto 14.4% / Sale
                            
                            Visit Store 
                            More Details","ACTIVE","https://inr.deals/track?id=med579083413&src=merchant-backend&campaign=cps&url=https://plumgoodness.com/collections/all-in-stock"
"Protouch","Health & Beauty","CPS","Flat 10.4% / Sale
                            
                            Visit Store 
                            More Details","ACTIVE","https://inr.deals/track?id=med579083413&src=merchant-backend&campaign=cps&url=https://protouchskin.com/"
"Pure Nutrition","Health & Beauty","CPS","Upto 16.8% / Sale
                            
                            Visit Store 
                            More Details","ACTIVE","https://inr.deals/track?id=med579083413&src=merchant-backend&campaign=cps&url=https://purenutrition.in/"
"Purplle","Health & Beauty","CPI","Flat ₹11 / Install
                            
                            Visit Store 
                            More Details","INACTIVE","https://inr.deals/track?id=med579083413&src=merchant-backend&campaign=cpi&url=https://www.purplle.com"
"Quillbot","Others","CPS","Upto 14% / Sale
                            
                            Visit Store 
                            More Details","ACTIVE","https://inr.deals/track?id=med579083413&src=merchant-backend&campaign=cps&url=https://quillbot.com/"
"R for Rabbit","Baby & Kids","CPS","Flat 8% / Sale
                            
                            Visit Store 
                            More Details","ACTIVE","https://inr.deals/track?id=med579083413&src=merchant-backend&campaign=cps&url=https://rforrabbit.com/"
"Rage Coffee","Food & Grocery","CPS","Flat 20% / Sale
                            
                            Visit Store 
                            More Details","ACTIVE","https://inr.deals/track?id=med579083413&src=merchant-backend&campaign=cps&url=https://ragecoffee.com"
"Realme","Electronics","CPS","Upto 1.36% / Sale
                            
                            Visit Store 
                            More Details","ACTIVE","https://inr.deals/track?id=med579083413&src=merchant-backend&campaign=cps&url=https://www.realme.com/in/"
"Redrail","Travel","CPS","Flat ₹50.4 / Sale
                            
                            Visit Store 
                            More Details","ACTIVE","https://inr.deals/track?id=med579083413&src=merchant-backend&campaign=cps&url=https://redrails.app.link"
"Reebok","Fashion","CPS","Flat 18.4% / Sale
                            
                            Visit Store 
                            More Details","INACTIVE","https://inr.deals/track?id=med579083413&src=merchant-backend&campaign=cps&url=https://reebok.abfrl.in/"
"Reliance Digital","Electronics,Online Servic..","CPS","Upto 2.88% / Sale
                            
                            Visit Store 
                            More Details","ACTIVE","https://inr.deals/track?id=med579083413&src=merchant-backend&campaign=cps&url=https://www.reliancedigital.in"
"Royal Sundaram Insurance","Online Services","CPS","Flat 44% / Sale
                            
                            Visit Store 
                            More Details","INACTIVE","https://inr.deals/track?id=med579083413&src=merchant-backend&campaign=cps&url=https://www.royalsundaram.in/car-insurance"
"RummyCircle","Gaming","CPA","Upto ₹700 / Action
                            
                            Visit Store 
                            More Details","INACTIVE","https://inr.deals/track?id=med579083413&src=merchant-backend&campaign=cpa&url=https://www.rummycircle.com/play-online-rummy-fs-10000-noreg-log.html"
"Rupee 112","Banking & Finance","CPR","Upto  ₹48 / Register
                            
                            Visit Store 
                            More Details","ACTIVE","https://inr.deals/track?id=med579083413&src=merchant-backend&campaign=cpr&url=https://www.rupee112.com/"
"Rush By Hike","Gaming","CPR","Upto ₹24 / Register
                            
                            Visit Store 
                            More Details","INACTIVE","https://inr.deals/track?id=med579083413&src=merchant-backend&campaign=cpr&url=https://www.getrushapp.com/"
"Saadaa","Fashion","CPS","Flat 6.4% / Sale
                            
                            Visit Store 
                            More Details","ACTIVE","https://inr.deals/track?id=med579083413&src=merchant-backend&campaign=cps&url=https://saadaa.in/"
"Salty","Jewelery","CPS","Flat 10.8% / Sale
                            
                            Visit Store 
                            More Details","ACTIVE","https://inr.deals/track?id=med579083413&src=merchant-backend&campaign=cps&url=https://salty.co.in/"
"Samsonite","Fashion","CPS","Flat 11.52% / Sale
                            
                            Visit Store 
                            More Details","INACTIVE","https://inr.deals/track?id=med579083413&src=merchant-backend&campaign=cps&url=https://www.samsonite.in/offers/"
"SBI Cashback","Banking & Finance","CPA_CB","Flat ₹2160 / Sale
                            
                            Visit Store 
                            More Details","ACTIVE","https://inr.deals/track?id=med579083413&src=merchant-backend&campaign=cpa_cb&url=https://www.sbicard.com"
"SBI Credit Card (Simply Click)","Banking & Finance","CPA_LEAD","Flat ₹2160 / Sale
                            
                            Visit Store 
                            More Details","ACTIVE","https://inr.deals/track?id=med579083413&src=merchant-backend&campaign=cpa_lead&url=https://www.sbicard.com"
"SBM Credit Card","Banking & Finance","CPA","Flat ₹1100 / Action
                            
                            Visit Store 
                            More Details","INACTIVE","https://inr.deals/track?id=med579083413&src=merchant-backend&campaign=cpa&url=https://customer.credilio.in"
"Scapia Credit Card","Banking & Finance","CPA","Flat ₹760 / Action
                            
                            Visit Store 
                            More Details","ACTIVE","https://inr.deals/track?id=med579083413&src=merchant-backend&campaign=cpa&url=https://apply.scapia.cards/"
"Secret Alchemist","Health & Beauty","CPS","Flat 8% / Sale
                            
                            Visit Store 
                            More Details","INACTIVE","https://inr.deals/track?id=med579083413&src=merchant-backend&campaign=cps&url=https://secretalchemist.com/"
"ServerByt","Domain & Hosting","CPS","Flat 20% / Sale
                            
                            Visit Store 
                            More Details","ACTIVE","https://inr.deals/track?id=med579083413&src=merchant-backend&campaign=cps&url=https://serverbyt.in/offers"
"Shoppers Stop","Fashion","CPS","Flat 16% / Sale
                            
                            Visit Store 
                            More Details","INACTIVE","https://inr.deals/track?id=med579083413&src=merchant-backend&campaign=cps&url=https://www.shoppersstop.com/"
"Shopsy","Baby & Kids,Electronics,G..","CPS","Upto 6.8% / Sale
                            
                            Visit Store 
                            More Details","ACTIVE","https://inr.deals/track?id=med579083413&src=merchant-backend&campaign=cps&url=https://www.shopsy.in/"
"Shriram Finance","Banking & Finance","CPA","Flat 2.5% / Action
                            
                            Visit Store 
                            More Details","INACTIVE","https://inr.deals/track?id=med579083413&src=merchant-backend&campaign=cpa&url=https://www.shriramfinance.in/"
"shyaway","Fashion","CPS","Flat 28.8% / Sale
                            
                            Visit Store 
                            More Details","ACTIVE","https://inr.deals/track?id=med579083413&src=merchant-backend&campaign=cps&url=https://www.shyaway.com/"
"Shyft Yoga ","Health & Beauty","CPA","Flat 100% / Action
                            
                            Visit Store 
                            More Details","INACTIVE","https://inr.deals/track?id=med579083413&src=merchant-backend&campaign=cpa&url=https://betheshyft.com/"
"SignNow","Others","CPS","Upto ₹44800 / Sale
                            
                            Visit Store 
                            More Details","ACTIVE","https://inr.deals/track?id=med579083413&src=merchant-backend&campaign=cps&url=https://www.signnow.com/"
"Sirona","Health & Beauty","CPS","Flat 19.2% / Sale
                            
                            Visit Store 
                            More Details","ACTIVE","https://inr.deals/track?id=med579083413&src=merchant-backend&campaign=cps&url=https://www.thesirona.com/"
"Skyscanner","Travel","CPC","Flat ₹3.2 / Click
                            
                            Visit Store 
                            More Details","INACTIVE","https://inr.deals/track?id=med579083413&src=merchant-backend&campaign=cpc&url=https://www.skyscanner.co.in"
"Sleepwell","Home & Kitchen","CPS","Flat 9.6% / Sale
                            
                            Visit Store 
                            More Details","ACTIVE","https://inr.deals/track?id=med579083413&src=merchant-backend&campaign=cps&url=https://mysleepwell.com/"
"Smallcase","Banking & Finance,Online..","CPL","Flat ₹640 / Lead
                            
                            Visit Store 
                            More Details","INACTIVE","https://inr.deals/track?id=med579083413&src=merchant-backend&campaign=cpl&url=https://www.smallcase.com/"
"Smytten","Health & Beauty","CPS","Upto 5.6% / Sale
                            
                            Visit Store 
                            More Details","INACTIVE","https://inr.deals/track?id=med579083413&src=merchant-backend&campaign=cps&url=https://smytten.com/"
"Snapdeal","Baby & Kids,Books,Electro..","CPS","Upto 7.84% / Sale
                            
                            Visit Store 
                            More Details","INACTIVE","https://inr.deals/track?id=med579083413&src=merchant-backend&campaign=cps&url=https://www.snapdeal.com"
"Soch","Fashion","CPS","Flat 8% / Sale
                            
                            Visit Store 
                            More Details","ACTIVE","https://inr.deals/track?id=med579083413&src=merchant-backend&campaign=cps&url=https://www.soch.com/in/"
"Sonyliv","Entertainment","CPL","Upto ₹80 / Lead
                            
                            Visit Store 
                            More Details","INACTIVE","https://inr.deals/track?id=med579083413&src=merchant-backend&campaign=cpl&url=https://www.sonyliv.com/"
"Soulflower","Health & Beauty","CPS","Flat 9.36% / Sale
                            
                            Visit Store 
                            More Details","ACTIVE","https://inr.deals/track?id=med579083413&src=merchant-backend&campaign=cps&url=https://www.soulflower.in/"
"Soulfull","Food & Grocery","CPS","Upto 20.4% / Sale
                            
                            Visit Store 
                            More Details","INACTIVE","https://inr.deals/track?id=med579083413&src=merchant-backend&campaign=cps&url=https://www.soulfull.co.in/"
"Soxytoes","Fashion","CPS","Flat 24% / Sale
                            
                            Visit Store 
                            More Details","ACTIVE","https://inr.deals/track?id=med579083413&src=merchant-backend&campaign=cps&url=https://soxytoes.com/"
"Spankers","Fashion","CPS","Flat 7.2% / Sale
                            
                            Visit Store 
                            More Details","ACTIVE","https://inr.deals/track?id=med579083413&src=merchant-backend&campaign=cps&url=https://spankersindia.com/"
"Spinny Sell Car","Online Services,Automobil..","CPL","Upto ₹10120 / Lead
                            
                            Visit Store 
                            More Details","ACTIVE","https://inr.deals/track?id=med579083413&src=merchant-backend&campaign=cpl&url=https://www.spinny.com/sell-used-caar"
"SSLs","Domain & Hosting","CPS","Flat 28% / Sale
                            
                            Visit Store 
                            More Details","ACTIVE","https://inr.deals/track?id=med579083413&src=merchant-backend&campaign=cps&url=https://www.ssls.com/"
"Stable Money","Banking & Finance","CPL","Flat ₹800 / Lead
                            
                            Visit Store 
                            More Details","ACTIVE","https://inr.deals/track?id=med579083413&src=merchant-backend&campaign=cpl&url=https://stablemoney.in/"
"Star Health","Online Services","CPS","Upto  ₹2800 / Sale
                            
                            Visit Store 
                            More Details","INACTIVE","https://inr.deals/track?id=med579083413&src=merchant-backend&campaign=cps&url=https://www.starhealth.in/lp/health-insurance-v1/"
"Steve Madden","Fashion","CPS","Flat 6.8% / Sale
                            
                            Visit Store 
                            More Details","INACTIVE","https://inr.deals/track?id=med579083413&src=merchant-backend&campaign=cps&url=https://www.stevemadden.in/"
"StockEdge ","Banking & Finance","CPS","Flat 16.8% / Sale
                            
                            Visit Store 
                            More Details","ACTIVE","https://inr.deals/track?id=med579083413&src=merchant-backend&campaign=cps&url=https://stockedge.com"
"Styched","Fashion","CPS","Flat 28% / Sale
                            
                            Visit Store 
                            More Details","INACTIVE","https://inr.deals/track?id=med579083413&src=merchant-backend&campaign=cps&url=https://www.styched.in/"
"Sugarpop","Health & Beauty","CPS","Flat 11.2% / Sale
                            
                            Visit Store 
                            More Details","INACTIVE","https://inr.deals/track?id=med579083413&src=merchant-backend&campaign=cps&url=https://www.sugarpop.com/"
"Super Bottoms","Baby & Kids","CPS","Upto 10.08% / Sale
                            
                            Visit Store 
                            More Details","ACTIVE","https://inr.deals/track?id=med579083413&src=merchant-backend&campaign=cps&url=https://superbottoms.com/"
"Super.com","Travel","CPS","Flat 2.32% / Sale
                            
                            Visit Store 
                            More Details","ACTIVE","https://inr.deals/track?id=med579083413&src=merchant-backend&campaign=cps&url=https://www.super.com/travel"
"Suvasa","Fashion","CPS","Flat 2.8% / Sale
                            
                            Visit Store 
                            More Details","ACTIVE","https://inr.deals/track?id=med579083413&src=merchant-backend&campaign=cps&url=https://suvasa.in/"
"Swiggy","Food & Grocery","CPS","Upto ₹22.4 / Sale
                            
                            Visit Store 
                            More Details","INACTIVE","https://inr.deals/track?id=med579083413&src=merchant-backend&campaign=cps&url=https://www.swiggy.com/"
"Swiggy App","Food & Grocery","CPA","Upto ₹24 / Action
                            
                            Visit Store 
                            More Details","INACTIVE","https://inr.deals/track?id=med579083413&src=merchant-backend&campaign=cpa&url=https://www.swiggy.com/"
"Swiss Beauty","Health & Beauty","CPS","Flat 18.4% / Sale
                            
                            Visit Store 
                            More Details","ACTIVE","https://inr.deals/track?id=med579083413&src=merchant-backend&campaign=cps&url=https://swissbeauty.in/collections/all"
"Swisse","Health & Beauty","CPS","Upto 13.6% / Sale
                            
                            Visit Store 
                            More Details","ACTIVE","https://inr.deals/track?id=med579083413&src=merchant-backend&campaign=cps&url=https://swisse.co.in/"
"Symphony","Electronics","CPS","Flat 13.6% / Sale
                            
                            Visit Store 
                            More Details","INACTIVE","https://inr.deals/track?id=med579083413&src=merchant-backend&campaign=cps&url=https://shop.symphonylimited.com/"
"TATA AIG Car Insurance","Banking & Finance","CPS_SALE","Flat 46.75% / Sale
                            
                            Visit Store 
                            More Details","INACTIVE","https://inr.deals/track?id=med579083413&src=merchant-backend&campaign=cps_sale&url=https://www.tataaig.com/buy-online/motor-insurance/car-insurance"
"Tata Neu App","Electronics,Fashion","CPS","Upto ₹152 / Sale
                            
                            Visit Store 
                            More Details","INACTIVE","https://inr.deals/track?id=med579083413&src=merchant-backend&campaign=cps&url=https://www.tatadigital.com/"
"TataCliq","Fashion","CPS","Flat 3.4% / Sale
                            
                            Visit Store 
                            More Details","ACTIVE","https://inr.deals/track?id=med579083413&src=merchant-backend&campaign=cps&url=https://www.tatacliq.com/"
"TecSox","Electronics","CPS","Flat 8% / Sale
                            
                            Visit Store 
                            More Details","ACTIVE","https://inr.deals/track?id=med579083413&src=merchant-backend&campaign=cps&url=https://tecsox.com/"
"Ten X You","Fashion","CPS","Flat 7.2% / Sale
                            
                            Visit Store 
                            More Details","ACTIVE","https://inr.deals/track?id=med579083413&src=merchant-backend&campaign=cps&url=https://tenxyou.com/festive/most-loved"
"Terabox","Online Services","CPR","Upto  ₹3 / Register
                            
                            Visit Store 
                            More Details","INACTIVE","https://inr.deals/track?id=med579083413&src=merchant-backend&campaign=cpr&url=https://www.1024tera.com/"
"The Artment","Home & Kitchen","CPS","Flat 6.4% / Sale
                            
                            Visit Store 
                            More Details","ACTIVE","https://inr.deals/track?id=med579083413&src=merchant-backend&campaign=cps&url=https://theartment.com/"
"The Hindu","Entertainment","CPS","Flat 40.8% / Sale
                            
                            Visit Store 
                            More Details","ACTIVE","https://inr.deals/track?id=med579083413&src=merchant-backend&campaign=cps&url=https://www.thehindu.com/subscription/"
"The Natural Wash","Health & Beauty","CPS","Flat 10.8% / Sale
                            
                            Visit Store 
                            More Details","ACTIVE","https://inr.deals/track?id=med579083413&src=merchant-backend&campaign=cps&url=https://www.thenaturalwash.com/"
"The Panel Station","Online Services","CPL","Upto ₹70.05 / Lead
                            
                            Visit Store 
                            More Details","INACTIVE","https://inr.deals/track?id=med579083413&src=merchant-backend&campaign=cpl&url=https://join.thepanelstation.com/"
"The Souled Store","Fashion","CPS","Upto ₹108 / Sale
                            
                            Visit Store 
                            More Details","INACTIVE","https://inr.deals/track?id=med579083413&src=merchant-backend&campaign=cps&url=https://www.thesouledstore.com/"
"TheManCompany","Health & Beauty","CPS","Flat 13.89% / Sale
                            
                            Visit Store 
                            More Details","ACTIVE","https://inr.deals/track?id=med579083413&src=merchant-backend&campaign=cps&url=https://www.themancompany.com/"
"Thrillophilia","Travel","CPS","Upto ₹2160 / Sale
                            
                            Visit Store 
                            More Details","ACTIVE","https://inr.deals/track?id=med579083413&src=merchant-backend&campaign=cps&url=https://www.thrillophilia.com"
"Tide App","Online Services","CPA","Flat ₹326.04 / Action
                            
                            Visit Store 
                            More Details","ACTIVE","https://inr.deals/track?id=med579083413&src=merchant-backend&campaign=cpa&url=https://www.tide.co/en-IN/"
"Times Prime","Online Services","CPA","Flat ₹196 / Action
                            
                            Visit Store 
                            More Details","ACTIVE","https://inr.deals/track?id=med579083413&src=merchant-backend&campaign=cpa&url=https://www.timesprime.com/new-campaign/n33new"
"Timex","Fashion","CPS","Flat 8% / Sale
                            
                            Visit Store 
                            More Details","ACTIVE","https://inr.deals/track?id=med579083413&src=merchant-backend&campaign=cps&url=https://shop.timexindia.com/"
"Titan Skinn","Health & Beauty","CPS","Flat 14.4% / Sale
                            
                            Visit Store 
                            More Details","ACTIVE","https://inr.deals/track?id=med579083413&src=merchant-backend&campaign=cps&url=https://www.skinn.in/shop/collections"
"Toluna - Genpop Survey (App) ","Online Services","CPA","Flat ₹50.03 / Action
                            
                            Visit Store 
                            More Details","INACTIVE","https://inr.deals/track?id=med579083413&src=merchant-backend&campaign=cpa&url=https://in.toluna.com/Register/RegisterPanelTeam"
"Traya","Medical & Healthcare","CPS","Flat 20% / Sale
                            
                            Visit Store 
                            More Details","INACTIVE","https://inr.deals/track?id=med579083413&src=merchant-backend&campaign=cps&url=https://traya.health/"
"TrueBasics","Health & Beauty","CPS","Flat 7.2% / Sale
                            
                            Visit Store 
                            More Details","ACTIVE","https://inr.deals/track?id=med579083413&src=merchant-backend&campaign=cps&url=https://www.truebasics.com/"
"Truemeds","Medical & Healthcare","CPS","Upto ₹272 / Sale
                            
                            Visit Store 
                            More Details","ACTIVE","https://inr.deals/track?id=med579083413&src=merchant-backend&campaign=cps&url=https://www.truemeds.in/"
"Truloom","Fashion","CPS","Flat 32% / Sale
                            
                            Visit Store 
                            More Details","ACTIVE","https://inr.deals/track?id=med579083413&src=merchant-backend&campaign=cps&url=https://truloom.in/"
"Tupperware","Home & Kitchen","CPS","Flat 11.2% / Sale
                            
                            Visit Store 
                            More Details","ACTIVE","https://inr.deals/track?id=med579083413&src=merchant-backend&campaign=cps&url=https://shoptupperware.in/"
"Two Brothers","Food & Grocery","CPS","Flat 14.4% / Sale
                            
                            Visit Store 
                            More Details","INACTIVE","https://inr.deals/track?id=med579083413&src=merchant-backend&campaign=cps&url=https://twobrothersindiashop.com/"
"Uber","Travel","CPS","Flat ₹120 / Sale
                            
                            Visit Store 
                            More Details","ACTIVE","https://inr.deals/track?id=med579083413&src=merchant-backend&campaign=cps&url=https://www.uber.com"
"Udemy","Education","CPS","Flat 4.88% / Sale
                            
                            Visit Store 
                            More Details","ACTIVE","https://inr.deals/track?id=med579083413&src=merchant-backend&campaign=cps&url=https://www.udemy.com/"
"UltaHost","Domain & Hosting","CPS","Flat 38.4% / Sale
                            
                            Visit Store 
                            More Details","INACTIVE","https://inr.deals/track?id=med579083413&src=merchant-backend&campaign=cps&url=https://ultahost.com/"
"Unacademy","Education","CPR","Upto ₹20.24 / Register
                            
                            Visit Store 
                            More Details","INACTIVE","https://inr.deals/track?id=med579083413&src=merchant-backend&campaign=cpr&url=https://app.appsflyer.com/com.unacademyapp"
"Uni Card","Banking & Finance","CPA","Upto  ₹288 / Action
                            
                            Visit Store 
                            More Details","ACTIVE","https://inr.deals/track?id=med579083413&src=merchant-backend&campaign=cpa&url=https://www.uni.cards/"
"Uniqlo","Fashion","CPS","Flat 1.36% / Sale
                            
                            Visit Store 
                            More Details","ACTIVE","https://inr.deals/track?id=med579083413&src=merchant-backend&campaign=cps&url=https://www.uniqlo.com/in/en/"
"UpGrad","Education,Online Services","CPS","Flat ₹560 / Sale
                            
                            Visit Store 
                            More Details","ACTIVE","https://inr.deals/track?id=med579083413&src=merchant-backend&campaign=cps&url=https://www.upgrad.com/"
"Uppercase","Fashion","CPS","Flat 17.6% / Sale
                            
                            Visit Store 
                            More Details","ACTIVE","https://inr.deals/track?id=med579083413&src=merchant-backend&campaign=cps&url=https://uppercase.co.in/"
"Upstox Web","Banking & Finance","CPL","Upto  ₹250 / Lead
                            
                            Visit Store 
                            More Details","INACTIVE","https://inr.deals/track?id=med579083413&src=merchant-backend&campaign=cpl&url=https://upstox.com/open-demat-account/"
"Urban Ladder","Home & Kitchen","CPS","Flat 4.4% / Sale
                            
                            Visit Store 
                            More Details","ACTIVE","https://inr.deals/track?id=med579083413&src=merchant-backend&campaign=cps&url=https://www.urbanladder.com"
"Urbanic","Fashion","CPS","Upto 10.84% / Sale
                            
                            Visit Store 
                            More Details","INACTIVE","https://inr.deals/track?id=med579083413&src=merchant-backend&campaign=cps&url=https://in.urbanic.com/"
"Valued Opinions","Services","CPL","Flat ₹128 / Lead
                            
                            Visit Store 
                            More Details","ACTIVE","https://inr.deals/track?id=med579083413&src=merchant-backend&campaign=cpl&url=https://www.valuedopinions.co.in"
"Veda Oil","Health & Beauty","CPS","Flat 5.6% / Sale
                            
                            Visit Store 
                            More Details","ACTIVE","https://inr.deals/track?id=med579083413&src=merchant-backend&campaign=cps&url=https://www.vedaoils.com/"
"Vi Postpaid","Online Services","CPL","Flat ₹800 / Lead
                            
                            Visit Store 
                            More Details","INACTIVE","https://inr.deals/track?id=med579083413&src=merchant-backend&campaign=cpl&url=https://www.myvi.in/new-connection/user-details"
"Viagogo","Entertainment","CPS","Flat 4.76% / Sale
                            
                            Visit Store 
                            More Details","ACTIVE","https://inr.deals/track?id=med579083413&src=merchant-backend&campaign=cps&url=https://www.viagogo.com/"
"Victoria Secret","Fashion,Health & Beauty","CPS","Flat 2.8% / Sale
                            
                            Visit Store 
                            More Details","ACTIVE","https://inr.deals/track?id=med579083413&src=merchant-backend&campaign=cps&url=https://www.victoriassecret.in/"
"Vijay Sales","Electronics","CPS","Upto 3.2% / Sale
                            
                            Visit Store 
                            More Details","ACTIVE","https://inr.deals/track?id=med579083413&src=merchant-backend&campaign=cps&url=https://www.vijaysales.com"
"Vision 11 CPR","Gaming","CPR","Upto  ₹27 / Register
                            
                            Visit Store 
                            More Details","INACTIVE","https://inr.deals/track?id=med579083413&src=merchant-backend&campaign=cpr&url=https://www.vision11.in/"
"Vooglam","Fashion","CPS","Upto 9.04% / Sale
                            
                            Visit Store 
                            More Details","INACTIVE","https://inr.deals/track?id=med579083413&src=merchant-backend&campaign=cps&url=https://www.vooglam.com/"
"Voyage Eyewear","Fashion","CPS","Flat 20% / Sale
                            
                            Visit Store 
                            More Details","ACTIVE","https://inr.deals/track?id=med579083413&src=merchant-backend&campaign=cps&url=https://www.voyageeyewear.com/"
"Watcho","Entertainment","CPS","Upto 54.4% / Sale
                            
                            Visit Store 
                            More Details","INACTIVE","https://inr.deals/track?id=med579083413&src=merchant-backend&campaign=cps&url=https://plans-offers.watcho.com/promo/watcho-max-flexi-monthly-with-bogo"
"Watchout Wearables","Fashion","CPS","Flat 9.6% / Sale
                            
                            Visit Store 
                            More Details","ACTIVE","https://inr.deals/track?id=med579083413&src=merchant-backend&campaign=cps&url=https://www.watchoutwearables.com/"
"Wellbeing Nutrition","Health & Beauty","CPS","Upto 14% / Sale
                            
                            Visit Store 
                            More Details","ACTIVE","https://inr.deals/track?id=med579083413&src=merchant-backend&campaign=cps&url=https://wellbeingnutrition.com/"
"Wellify","Baby & Kids,Health & Beau..","CPS","Flat 9.6% / Sale
                            
                            Visit Store 
                            More Details","INACTIVE","https://inr.deals/track?id=med579083413&src=merchant-backend&campaign=cps&url=https://wellify.in/"
"Whirlpool","Electronics","CPS","Upto 3.2% / Sale
                            
                            Visit Store 
                            More Details","ACTIVE","https://inr.deals/track?id=med579083413&src=merchant-backend&campaign=cps&url=https://india.whirlpool.in/"
"Winzo","Gaming","CPR","Upto ₹48 / Register
                            
                            Visit Store 
                            More Details","INACTIVE","https://inr.deals/track?id=med579083413&src=merchant-backend&campaign=cpr&url=https://www.winzogames.com/"
"Wonderchef","Home & Kitchen","CPS","Flat 11.2% / Sale
                            
                            Visit Store 
                            More Details","ACTIVE","https://inr.deals/track?id=med579083413&src=merchant-backend&campaign=cps&url=https://www.wonderchef.com/"
"Xiaomi","Electronics","CPS","Upto 4.48% / Sale
                            
                            Visit Store 
                            More Details","INACTIVE","https://inr.deals/track?id=med579083413&src=merchant-backend&campaign=cps&url=https://www.mi.com/in/product/xiaomi-14-civi"
"Yatra (Hotel and Flights)","Travel","CPS","Upto ₹70 / Sale
                            
                            Visit Store 
                            More Details","ACTIVE","https://inr.deals/track?id=med579083413&src=merchant-backend&campaign=cps&url=https://www.yatra.com/"
"Yes Bank Credit Card","Banking & Finance","CPL","Flat ₹1440 / Lead
                            
                            Visit Store 
                            More Details","INACTIVE","https://inr.deals/track?id=med579083413&src=merchant-backend&campaign=cpl&url=https://applycc.yesbank.in/YESBankCreditCard/"
"Yes Bank POP CC","Banking & Finance","CPL","Upto  ₹1610 / Lead
                            
                            Visit Store 
                            More Details","ACTIVE","https://inr.deals/track?id=med579083413&src=merchant-backend&campaign=cpl&url=https://applyonline.getpopcard.co/"
"Yes Bank Saving","Banking & Finance","CPL","Flat ₹240 / Lead
                            
                            Visit Store 
                            More Details","INACTIVE","https://inr.deals/track?id=med579083413&src=merchant-backend&campaign=cpl&url=https://yesrapido.yesbank.in/sdcss/d/retail-banking/account-opening/savings"
"Zebronics","Electronics","CPS","Flat 2.4% / Sale
                            
                            Visit Store 
                            More Details","ACTIVE","https://inr.deals/track?id=med579083413&src=merchant-backend&campaign=cps&url=https://shop.zebronics.com/"
"Zivame","Fashion","CPS","Flat 10.4% / Sale
                            
                            Visit Store 
                            More Details","INACTIVE","https://inr.deals/track?id=med579083413&src=merchant-backend&campaign=cps&url=https://www.zivame.com/sales.html"
"Zoff Foods","Food & Grocery","CPS","Flat 28.8% / Sale
                            
                            Visit Store 
                            More Details","ACTIVE","https://inr.deals/track?id=med579083413&src=merchant-backend&campaign=cps&url=https://zofffoods.com"
"Zomato","Food & Grocery","CPA","Flat ₹56 / Action
                            
                            Visit Store 
                            More Details","INACTIVE","https://inr.deals/track?id=med579083413&src=merchant-backend&campaign=cpa&url=https://www.zomato.com/"
"Zop","Electronics,Fashion,Home..","CPS","Upto 9.6% / Sale
                            
                            Visit Store 
                            More Details","ACTIVE","https://inr.deals/track?id=med579083413&src=merchant-backend&campaign=cps&url=https://www.zop.in"
"Zouk","Fashion","CPS","Upto 7.14% / Sale
                            
                            Visit Store 
                            More Details","INACTIVE","https://inr.deals/track?id=med579083413&src=merchant-backend&campaign=cps&url=https://zouk.co.in/"
